ISO-10303-21;
HEADER;
FILE_DESCRIPTION(('FreeCAD Model'),'2;1');
FILE_NAME('Open CASCADE Shape Model','2026-09-23T14:46:31',(
    'kicad StepUp'),('ksu MCAD'),'Open CASCADE STEP processor 7.8',
  'FreeCAD','Unknown');
FILE_SCHEMA(('AUTOMOTIVE_DESIGN { 1 0 10303 214 1 1 1 1 }'));
ENDSEC;
DATA;
#1 = APPLICATION_PROTOCOL_DEFINITION('international standard',
  'automotive_design',2000,#2);
#2 = APPLICATION_CONTEXT(
  'core data for automotive mechanical design processes');
#3 = SHAPE_DEFINITION_REPRESENTATION(#4,#10);
#4 = PRODUCT_DEFINITION_SHAPE('','',#5);
#5 = PRODUCT_DEFINITION('design','',#6,#9);
#6 = PRODUCT_DEFINITION_FORMATION('','',#7);
#7 = PRODUCT('dc022b001','dc022b001','',(#8));
#8 = PRODUCT_CONTEXT('',#2,'mechanical');
#9 = PRODUCT_DEFINITION_CONTEXT('part definition',#2,'design');
#10 = SHAPE_REPRESENTATION('',(#11,#15),#19);
#11 = AXIS2_PLACEMENT_3D('',#12,#13,#14);
#12 = CARTESIAN_POINT('',(0.,0.,0.));
#13 = DIRECTION('',(0.,0.,1.));
#14 = DIRECTION('',(1.,0.,-0.));
#15 = AXIS2_PLACEMENT_3D('',#16,#17,#18);
#16 = CARTESIAN_POINT('',(3.824466094375E-02,-5.245208740234E-06,
    -5.042255878448));
#17 = DIRECTION('',(0.,0.,1.));
#18 = DIRECTION('',(1.,0.,0.));
#19 = ( GEOMETRIC_REPRESENTATION_CONTEXT(3) 
GLOBAL_UNCERTAINTY_ASSIGNED_CONTEXT((#23)) GLOBAL_UNIT_ASSIGNED_CONTEXT(
(#20,#21,#22)) REPRESENTATION_CONTEXT('Context #1',
  '3D Context with UNIT and UNCERTAINTY') );
#20 = ( LENGTH_UNIT() NAMED_UNIT(*) SI_UNIT(.MILLI.,.METRE.) );
#21 = ( NAMED_UNIT(*) PLANE_ANGLE_UNIT() SI_UNIT($,.RADIAN.) );
#22 = ( NAMED_UNIT(*) SI_UNIT($,.STERADIAN.) SOLID_ANGLE_UNIT() );
#23 = UNCERTAINTY_MEASURE_WITH_UNIT(LENGTH_MEASURE(1.E-06),#20,
  'distance_accuracy_value','confusion accuracy');
#24 = PRODUCT_RELATED_PRODUCT_CATEGORY('part',$,(#7));
#25 = SHAPE_DEFINITION_REPRESENTATION(#26,#32);
#26 = PRODUCT_DEFINITION_SHAPE('','',#27);
#27 = PRODUCT_DEFINITION('design','',#28,#31);
#28 = PRODUCT_DEFINITION_FORMATION('','',#29);
#29 = PRODUCT('dc022b','dc022b','',(#30));
#30 = PRODUCT_CONTEXT('',#2,'mechanical');
#31 = PRODUCT_DEFINITION_CONTEXT('part definition',#2,'design');
#32 = ADVANCED_BREP_SHAPE_REPRESENTATION('',(#11,#33),#8781);
#33 = MANIFOLD_SOLID_BREP('',#34);
#34 = CLOSED_SHELL('',(#35,#126,#146,#188,#230,#272,#314,#345,#367,#398,
    #420,#442,#464,#486,#517,#548,#573,#597,#622,#647,#663,#700,#760,
    #784,#808,#826,#859,#872,#892,#922,#946,#967,#991,#1011,#1035,#1059,
    #1079,#1108,#1132,#1268,#1427,#1451,#1522,#1738,#1782,#1989,#2008,
    #2041,#2062,#2102,#2216,#2287,#2349,#2431,#2493,#2575,#2637,#2719,
    #2781,#2863,#2951,#3033,#3130,#3167,#3249,#3311,#3393,#3455,#3537,
    #3599,#3681,#3743,#3825,#3887,#3969,#4072,#4143,#4225,#4307,#4389,
    #4471,#4553,#4635,#4717,#4799,#4881,#4952,#5102,#5168,#5260,#5352,
    #5476,#5568,#5660,#5784,#5876,#5968,#6092,#6184,#6276,#6400,#6463,
    #6488,#6544,#6616,#6649,#6680,#6716,#6740,#6769,#6812,#6836,#6872,
    #6889,#6981,#7131,#7197,#7289,#7439,#7505,#7597,#7747,#7813,#7905,
    #8055,#8121,#8213,#8363,#8429,#8521,#8645,#8679,#8691,#8707,#8719,
    #8735,#8760));
#35 = ADVANCED_FACE('',(#36),#121,.F.);
#36 = FACE_BOUND('',#37,.F.);
#37 = EDGE_LOOP('',(#38,#49,#57,#66,#74,#83,#91,#98,#105,#106,#115));
#38 = ORIENTED_EDGE('',*,*,#39,.F.);
#39 = EDGE_CURVE('',#40,#42,#44,.T.);
#40 = VERTEX_POINT('',#41);
#41 = CARTESIAN_POINT('',(-2.642624759803,-0.927290909091,7.781872727273
    ));
#42 = VERTEX_POINT('',#43);
#43 = CARTESIAN_POINT('',(2.602924759803,-0.927290909091,7.781872727273)
  );
#44 = CIRCLE('',#45,2.781872727273);
#45 = AXIS2_PLACEMENT_3D('',#46,#47,#48);
#46 = CARTESIAN_POINT('',(-1.985E-02,1.313400678722E-15,7.781872727273)
  );
#47 = DIRECTION('',(-2.465190328816E-32,-2.832769448824E-16,1.));
#48 = DIRECTION('',(-0.942809041582,-0.333333333333,-9.442564829406E-17)
  );
#49 = ORIENTED_EDGE('',*,*,#50,.T.);
#50 = EDGE_CURVE('',#40,#51,#53,.T.);
#51 = VERTEX_POINT('',#52);
#52 = CARTESIAN_POINT('',(-2.642624759803,-0.927290909091,
    12.325598181818));
#53 = LINE('',#54,#55);
#54 = CARTESIAN_POINT('',(-2.642624759803,-0.927290909091,7.781872727273
    ));
#55 = VECTOR('',#56,1.);
#56 = DIRECTION('',(0.,-2.900174431674E-16,1.));
#57 = ORIENTED_EDGE('',*,*,#58,.T.);
#58 = EDGE_CURVE('',#51,#59,#61,.T.);
#59 = VERTEX_POINT('',#60);
#60 = CARTESIAN_POINT('',(-2.642624759803,0.927290909091,12.325598181818
    ));
#61 = CIRCLE('',#62,2.781872727273);
#62 = AXIS2_PLACEMENT_3D('',#63,#64,#65);
#63 = CARTESIAN_POINT('',(-1.985E-02,2.626801357445E-17,12.325598181818)
  );
#64 = DIRECTION('',(2.465190328816E-32,2.832769448824E-16,-1.));
#65 = DIRECTION('',(-0.942809041582,-0.333333333333,-9.442564829406E-17)
  );
#66 = ORIENTED_EDGE('',*,*,#67,.F.);
#67 = EDGE_CURVE('',#68,#59,#70,.T.);
#68 = VERTEX_POINT('',#69);
#69 = CARTESIAN_POINT('',(-2.642624759803,0.927290909091,7.781872727273)
  );
#70 = LINE('',#71,#72);
#71 = CARTESIAN_POINT('',(-2.642624759803,0.927290909091,7.781872727273)
  );
#72 = VECTOR('',#73,1.);
#73 = DIRECTION('',(0.,-3.126750559148E-16,1.));
#74 = ORIENTED_EDGE('',*,*,#75,.F.);
#75 = EDGE_CURVE('',#76,#68,#78,.T.);
#76 = VERTEX_POINT('',#77);
#77 = CARTESIAN_POINT('',(2.602924759803,0.927290909091,7.781872727273)
  );
#78 = CIRCLE('',#79,2.781872727273);
#79 = AXIS2_PLACEMENT_3D('',#80,#81,#82);
#80 = CARTESIAN_POINT('',(-1.985E-02,1.313400678722E-15,7.781872727273)
  );
#81 = DIRECTION('',(-1.232595164408E-32,-2.832769448824E-16,1.));
#82 = DIRECTION('',(0.942809041582,0.333333333333,9.442564829406E-17));
#83 = ORIENTED_EDGE('',*,*,#84,.F.);
#84 = EDGE_CURVE('',#85,#76,#87,.T.);
#85 = VERTEX_POINT('',#86);
#86 = CARTESIAN_POINT('',(2.602924759803,0.927290909091,7.318227272727)
  );
#87 = LINE('',#88,#89);
#88 = CARTESIAN_POINT('',(2.602924759803,0.927290909091,7.318227272727)
  );
#89 = VECTOR('',#90,1.);
#90 = DIRECTION('',(0.,-2.22044604925E-16,1.));
#91 = ORIENTED_EDGE('',*,*,#92,.T.);
#92 = EDGE_CURVE('',#85,#93,#95,.T.);
#93 = VERTEX_POINT('',#94);
#94 = CARTESIAN_POINT('',(2.602924759803,0.927290909091,6.854581818182)
  );
#95 = B_SPLINE_CURVE_WITH_KNOTS('',1,(#96,#97),.UNSPECIFIED.,.F.,.F.,(2,
    2),(0.5,1.),.PIECEWISE_BEZIER_KNOTS.);
#96 = CARTESIAN_POINT('',(2.602924759803,0.927290909091,7.318227272727)
  );
#97 = CARTESIAN_POINT('',(2.602924759803,0.927290909091,6.854581818182)
  );
#98 = ORIENTED_EDGE('',*,*,#99,.T.);
#99 = EDGE_CURVE('',#93,#93,#100,.T.);
#100 = CIRCLE('',#101,2.781872727273);
#101 = AXIS2_PLACEMENT_3D('',#102,#103,#104);
#102 = CARTESIAN_POINT('',(-1.985E-02,1.576080814467E-15,6.854581818182)
  );
#103 = DIRECTION('',(0.,-2.832769448824E-16,1.));
#104 = DIRECTION('',(1.,0.,0.));
#105 = ORIENTED_EDGE('',*,*,#92,.F.);
#106 = ORIENTED_EDGE('',*,*,#107,.F.);
#107 = EDGE_CURVE('',#108,#85,#110,.T.);
#108 = VERTEX_POINT('',#109);
#109 = CARTESIAN_POINT('',(2.602924759803,-0.927290909091,7.318227272727
    ));
#110 = CIRCLE('',#111,2.781872727273);
#111 = AXIS2_PLACEMENT_3D('',#112,#113,#114);
#112 = CARTESIAN_POINT('',(-1.985E-02,1.444740746595E-15,7.318227272727)
  );
#113 = DIRECTION('',(1.232595164408E-32,-2.832769448824E-16,1.));
#114 = DIRECTION('',(0.942809041582,-0.333333333333,-9.442564829406E-17)
  );
#115 = ORIENTED_EDGE('',*,*,#116,.T.);
#116 = EDGE_CURVE('',#108,#42,#117,.T.);
#117 = LINE('',#118,#119);
#118 = CARTESIAN_POINT('',(2.602924759803,-0.927290909091,7.318227272727
    ));
#119 = VECTOR('',#120,1.);
#120 = DIRECTION('',(0.,-2.22044604925E-16,1.));
#121 = CYLINDRICAL_SURFACE('',#122,2.781872727273);
#122 = AXIS2_PLACEMENT_3D('',#123,#124,#125);
#123 = CARTESIAN_POINT('',(-1.985E-02,1.313400678722E-15,7.781872727273)
  );
#124 = DIRECTION('',(0.,2.832769448824E-16,-1.));
#125 = DIRECTION('',(-0.942809041582,-0.333333333333,-9.442564829406E-17
    ));
#126 = ADVANCED_FACE('',(#127,#130),#141,.T.);
#127 = FACE_BOUND('',#128,.T.);
#128 = EDGE_LOOP('',(#129));
#129 = ORIENTED_EDGE('',*,*,#99,.T.);
#130 = FACE_BOUND('',#131,.T.);
#131 = EDGE_LOOP('',(#132));
#132 = ORIENTED_EDGE('',*,*,#133,.F.);
#133 = EDGE_CURVE('',#134,#134,#136,.T.);
#134 = VERTEX_POINT('',#135);
#135 = CARTESIAN_POINT('',(-1.985E-02,0.927290909091,6.854581818182));
#136 = CIRCLE('',#137,0.927290909091);
#137 = AXIS2_PLACEMENT_3D('',#138,#139,#140);
#138 = CARTESIAN_POINT('',(-1.985E-02,1.576080814467E-15,6.854581818182)
  );
#139 = DIRECTION('',(0.,-2.832769448824E-16,1.));
#140 = DIRECTION('',(6.123233995737E-17,1.,2.832769448824E-16));
#141 = PLANE('',#142);
#142 = AXIS2_PLACEMENT_3D('',#143,#144,#145);
#143 = CARTESIAN_POINT('',(-1.985E-02,1.576080814467E-15,6.854581818182)
  );
#144 = DIRECTION('',(0.,-2.832769448824E-16,1.));
#145 = DIRECTION('',(1.,0.,0.));
#146 = ADVANCED_FACE('',(#147),#183,.T.);
#147 = FACE_BOUND('',#148,.T.);
#148 = EDGE_LOOP('',(#149,#160,#168,#177));
#149 = ORIENTED_EDGE('',*,*,#150,.T.);
#150 = EDGE_CURVE('',#151,#153,#155,.T.);
#151 = VERTEX_POINT('',#152);
#152 = CARTESIAN_POINT('',(1.139263636364,-1.390936363636,7.318227272727
    ));
#153 = VERTEX_POINT('',#154);
#154 = CARTESIAN_POINT('',(1.371086363636,-1.159113636364,7.318227272727
    ));
#155 = CIRCLE('',#156,0.231822727273);
#156 = AXIS2_PLACEMENT_3D('',#157,#158,#159);
#157 = CARTESIAN_POINT('',(1.139263636364,-1.159113636364,7.318227272727
    ));
#158 = DIRECTION('',(0.,-2.832769448824E-16,1.));
#159 = DIRECTION('',(0.,-1.,-2.832769448824E-16));
#160 = ORIENTED_EDGE('',*,*,#161,.T.);
#161 = EDGE_CURVE('',#153,#162,#164,.T.);
#162 = VERTEX_POINT('',#163);
#163 = CARTESIAN_POINT('',(1.371086363636,-1.159113636364,7.781872727273
    ));
#164 = LINE('',#165,#166);
#165 = CARTESIAN_POINT('',(1.371086363636,-1.159113636364,7.318227272727
    ));
#166 = VECTOR('',#167,1.);
#167 = DIRECTION('',(0.,-2.22044604925E-16,1.));
#168 = ORIENTED_EDGE('',*,*,#169,.F.);
#169 = EDGE_CURVE('',#170,#162,#172,.T.);
#170 = VERTEX_POINT('',#171);
#171 = CARTESIAN_POINT('',(1.139263636364,-1.390936363636,7.781872727273
    ));
#172 = CIRCLE('',#173,0.231822727273);
#173 = AXIS2_PLACEMENT_3D('',#174,#175,#176);
#174 = CARTESIAN_POINT('',(1.139263636364,-1.159113636364,7.781872727273
    ));
#175 = DIRECTION('',(0.,-2.832769448824E-16,1.));
#176 = DIRECTION('',(0.,-1.,-2.832769448824E-16));
#177 = ORIENTED_EDGE('',*,*,#178,.F.);
#178 = EDGE_CURVE('',#151,#170,#179,.T.);
#179 = LINE('',#180,#181);
#180 = CARTESIAN_POINT('',(1.139263636364,-1.390936363636,7.318227272727
    ));
#181 = VECTOR('',#182,1.);
#182 = DIRECTION('',(0.,-2.22044604925E-16,1.));
#183 = CYLINDRICAL_SURFACE('',#184,0.231822727273);
#184 = AXIS2_PLACEMENT_3D('',#185,#186,#187);
#185 = CARTESIAN_POINT('',(1.139263636364,-1.159113636364,5.927290909091
    ));
#186 = DIRECTION('',(0.,-4.440892098501E-16,1.));
#187 = DIRECTION('',(0.,-1.,-4.440892098501E-16));
#188 = ADVANCED_FACE('',(#189),#225,.T.);
#189 = FACE_BOUND('',#190,.T.);
#190 = EDGE_LOOP('',(#191,#202,#210,#219));
#191 = ORIENTED_EDGE('',*,*,#192,.T.);
#192 = EDGE_CURVE('',#193,#195,#197,.T.);
#193 = VERTEX_POINT('',#194);
#194 = CARTESIAN_POINT('',(-1.410786363636,-1.159113636364,
    7.318227272727));
#195 = VERTEX_POINT('',#196);
#196 = CARTESIAN_POINT('',(-1.178963636364,-1.390936363636,
    7.318227272727));
#197 = CIRCLE('',#198,0.231822727273);
#198 = AXIS2_PLACEMENT_3D('',#199,#200,#201);
#199 = CARTESIAN_POINT('',(-1.178963636364,-1.159113636364,
    7.318227272727));
#200 = DIRECTION('',(0.,-2.832769448824E-16,1.));
#201 = DIRECTION('',(-1.,0.,0.));
#202 = ORIENTED_EDGE('',*,*,#203,.T.);
#203 = EDGE_CURVE('',#195,#204,#206,.T.);
#204 = VERTEX_POINT('',#205);
#205 = CARTESIAN_POINT('',(-1.178963636364,-1.390936363636,
    7.781872727273));
#206 = LINE('',#207,#208);
#207 = CARTESIAN_POINT('',(-1.178963636364,-1.390936363636,
    7.318227272727));
#208 = VECTOR('',#209,1.);
#209 = DIRECTION('',(0.,-2.22044604925E-16,1.));
#210 = ORIENTED_EDGE('',*,*,#211,.F.);
#211 = EDGE_CURVE('',#212,#204,#214,.T.);
#212 = VERTEX_POINT('',#213);
#213 = CARTESIAN_POINT('',(-1.410786363636,-1.159113636364,
    7.781872727273));
#214 = CIRCLE('',#215,0.231822727273);
#215 = AXIS2_PLACEMENT_3D('',#216,#217,#218);
#216 = CARTESIAN_POINT('',(-1.178963636364,-1.159113636364,
    7.781872727273));
#217 = DIRECTION('',(4.379057701015E-47,-2.832769448824E-16,1.));
#218 = DIRECTION('',(-1.,-8.881784197001E-16,-2.516004692431E-31));
#219 = ORIENTED_EDGE('',*,*,#220,.F.);
#220 = EDGE_CURVE('',#193,#212,#221,.T.);
#221 = LINE('',#222,#223);
#222 = CARTESIAN_POINT('',(-1.410786363636,-1.159113636364,
    7.318227272727));
#223 = VECTOR('',#224,1.);
#224 = DIRECTION('',(0.,-2.22044604925E-16,1.));
#225 = CYLINDRICAL_SURFACE('',#226,0.231822727273);
#226 = AXIS2_PLACEMENT_3D('',#227,#228,#229);
#227 = CARTESIAN_POINT('',(-1.178963636364,-1.159113636364,
    5.927290909091));
#228 = DIRECTION('',(0.,-4.440892098501E-16,1.));
#229 = DIRECTION('',(-1.,0.,0.));
#230 = ADVANCED_FACE('',(#231),#267,.T.);
#231 = FACE_BOUND('',#232,.T.);
#232 = EDGE_LOOP('',(#233,#244,#252,#261));
#233 = ORIENTED_EDGE('',*,*,#234,.T.);
#234 = EDGE_CURVE('',#235,#237,#239,.T.);
#235 = VERTEX_POINT('',#236);
#236 = CARTESIAN_POINT('',(-1.178963636364,1.390936363636,7.318227272727
    ));
#237 = VERTEX_POINT('',#238);
#238 = CARTESIAN_POINT('',(-1.410786363636,1.159113636364,7.318227272727
    ));
#239 = CIRCLE('',#240,0.231822727273);
#240 = AXIS2_PLACEMENT_3D('',#241,#242,#243);
#241 = CARTESIAN_POINT('',(-1.178963636364,1.159113636364,7.318227272727
    ));
#242 = DIRECTION('',(0.,-2.832769448824E-16,1.));
#243 = DIRECTION('',(0.,1.,2.832769448824E-16));
#244 = ORIENTED_EDGE('',*,*,#245,.T.);
#245 = EDGE_CURVE('',#237,#246,#248,.T.);
#246 = VERTEX_POINT('',#247);
#247 = CARTESIAN_POINT('',(-1.410786363636,1.159113636364,7.781872727273
    ));
#248 = LINE('',#249,#250);
#249 = CARTESIAN_POINT('',(-1.410786363636,1.159113636364,7.318227272727
    ));
#250 = VECTOR('',#251,1.);
#251 = DIRECTION('',(0.,-2.22044604925E-16,1.));
#252 = ORIENTED_EDGE('',*,*,#253,.F.);
#253 = EDGE_CURVE('',#254,#246,#256,.T.);
#254 = VERTEX_POINT('',#255);
#255 = CARTESIAN_POINT('',(-1.178963636364,1.390936363636,7.781872727273
    ));
#256 = CIRCLE('',#257,0.231822727273);
#257 = AXIS2_PLACEMENT_3D('',#258,#259,#260);
#258 = CARTESIAN_POINT('',(-1.178963636364,1.159113636364,7.781872727273
    ));
#259 = DIRECTION('',(0.,-2.832769448824E-16,1.));
#260 = DIRECTION('',(0.,1.,2.832769448824E-16));
#261 = ORIENTED_EDGE('',*,*,#262,.F.);
#262 = EDGE_CURVE('',#235,#254,#263,.T.);
#263 = LINE('',#264,#265);
#264 = CARTESIAN_POINT('',(-1.178963636364,1.390936363636,7.318227272727
    ));
#265 = VECTOR('',#266,1.);
#266 = DIRECTION('',(0.,-6.661338147751E-16,1.));
#267 = CYLINDRICAL_SURFACE('',#268,0.231822727273);
#268 = AXIS2_PLACEMENT_3D('',#269,#270,#271);
#269 = CARTESIAN_POINT('',(-1.178963636364,1.159113636364,5.927290909091
    ));
#270 = DIRECTION('',(0.,-3.700743415417E-16,1.));
#271 = DIRECTION('',(0.,1.,3.700743415417E-16));
#272 = ADVANCED_FACE('',(#273),#309,.T.);
#273 = FACE_BOUND('',#274,.T.);
#274 = EDGE_LOOP('',(#275,#286,#294,#303));
#275 = ORIENTED_EDGE('',*,*,#276,.T.);
#276 = EDGE_CURVE('',#277,#279,#281,.T.);
#277 = VERTEX_POINT('',#278);
#278 = CARTESIAN_POINT('',(1.371086363636,1.159113636364,7.318227272727)
  );
#279 = VERTEX_POINT('',#280);
#280 = CARTESIAN_POINT('',(1.139263636364,1.390936363636,7.318227272727)
  );
#281 = CIRCLE('',#282,0.231822727273);
#282 = AXIS2_PLACEMENT_3D('',#283,#284,#285);
#283 = CARTESIAN_POINT('',(1.139263636364,1.159113636364,7.318227272727)
  );
#284 = DIRECTION('',(0.,-2.832769448824E-16,1.));
#285 = DIRECTION('',(1.,0.,0.));
#286 = ORIENTED_EDGE('',*,*,#287,.T.);
#287 = EDGE_CURVE('',#279,#288,#290,.T.);
#288 = VERTEX_POINT('',#289);
#289 = CARTESIAN_POINT('',(1.139263636364,1.390936363636,7.781872727273)
  );
#290 = LINE('',#291,#292);
#291 = CARTESIAN_POINT('',(1.139263636364,1.390936363636,7.318227272727)
  );
#292 = VECTOR('',#293,1.);
#293 = DIRECTION('',(0.,-2.22044604925E-16,1.));
#294 = ORIENTED_EDGE('',*,*,#295,.F.);
#295 = EDGE_CURVE('',#296,#288,#298,.T.);
#296 = VERTEX_POINT('',#297);
#297 = CARTESIAN_POINT('',(1.371086363636,1.159113636364,7.781872727273)
  );
#298 = CIRCLE('',#299,0.231822727273);
#299 = AXIS2_PLACEMENT_3D('',#300,#301,#302);
#300 = CARTESIAN_POINT('',(1.139263636364,1.159113636364,7.781872727273)
  );
#301 = DIRECTION('',(-8.75811540203E-47,-2.832769448824E-16,1.));
#302 = DIRECTION('',(1.,-1.7763568394E-15,-5.032009384862E-31));
#303 = ORIENTED_EDGE('',*,*,#304,.F.);
#304 = EDGE_CURVE('',#277,#296,#305,.T.);
#305 = LINE('',#306,#307);
#306 = CARTESIAN_POINT('',(1.371086363636,1.159113636364,7.318227272727)
  );
#307 = VECTOR('',#308,1.);
#308 = DIRECTION('',(0.,-2.22044604925E-16,1.));
#309 = CYLINDRICAL_SURFACE('',#310,0.231822727273);
#310 = AXIS2_PLACEMENT_3D('',#311,#312,#313);
#311 = CARTESIAN_POINT('',(1.139263636364,1.159113636364,5.927290909091)
  );
#312 = DIRECTION('',(0.,-4.440892098501E-16,1.));
#313 = DIRECTION('',(1.,0.,0.));
#314 = ADVANCED_FACE('',(#315),#340,.F.);
#315 = FACE_BOUND('',#316,.T.);
#316 = EDGE_LOOP('',(#317,#325,#326,#334));
#317 = ORIENTED_EDGE('',*,*,#318,.T.);
#318 = EDGE_CURVE('',#319,#277,#321,.T.);
#319 = VERTEX_POINT('',#320);
#320 = CARTESIAN_POINT('',(1.371086363636,0.927290909091,7.318227272727)
  );
#321 = LINE('',#322,#323);
#322 = CARTESIAN_POINT('',(1.371086363636,0.927290909091,7.318227272727)
  );
#323 = VECTOR('',#324,1.);
#324 = DIRECTION('',(0.,1.,2.22044604925E-16));
#325 = ORIENTED_EDGE('',*,*,#304,.T.);
#326 = ORIENTED_EDGE('',*,*,#327,.T.);
#327 = EDGE_CURVE('',#296,#328,#330,.T.);
#328 = VERTEX_POINT('',#329);
#329 = CARTESIAN_POINT('',(1.371086363636,0.927290909091,7.781872727273)
  );
#330 = LINE('',#331,#332);
#331 = CARTESIAN_POINT('',(1.371086363636,1.159113636364,7.781872727273)
  );
#332 = VECTOR('',#333,1.);
#333 = DIRECTION('',(0.,-1.,-2.22044604925E-16));
#334 = ORIENTED_EDGE('',*,*,#335,.F.);
#335 = EDGE_CURVE('',#319,#328,#336,.T.);
#336 = LINE('',#337,#338);
#337 = CARTESIAN_POINT('',(1.371086363636,0.927290909091,7.318227272727)
  );
#338 = VECTOR('',#339,1.);
#339 = DIRECTION('',(0.,-2.22044604925E-16,1.));
#340 = PLANE('',#341);
#341 = AXIS2_PLACEMENT_3D('',#342,#343,#344);
#342 = CARTESIAN_POINT('',(1.371086363636,1.390936363636,6.854581818182)
  );
#343 = DIRECTION('',(-1.,-0.,0.));
#344 = DIRECTION('',(0.,-1.,-2.22044604925E-16));
#345 = ADVANCED_FACE('',(#346),#362,.F.);
#346 = FACE_BOUND('',#347,.T.);
#347 = EDGE_LOOP('',(#348,#354,#355,#361));
#348 = ORIENTED_EDGE('',*,*,#349,.T.);
#349 = EDGE_CURVE('',#85,#319,#350,.T.);
#350 = LINE('',#351,#352);
#351 = CARTESIAN_POINT('',(2.602924759803,0.927290909091,7.318227272727)
  );
#352 = VECTOR('',#353,1.);
#353 = DIRECTION('',(-1.,3.342970055169E-16,7.422884651762E-32));
#354 = ORIENTED_EDGE('',*,*,#335,.T.);
#355 = ORIENTED_EDGE('',*,*,#356,.T.);
#356 = EDGE_CURVE('',#328,#76,#357,.T.);
#357 = LINE('',#358,#359);
#358 = CARTESIAN_POINT('',(1.371086363636,0.927290909091,7.781872727273)
  );
#359 = VECTOR('',#360,1.);
#360 = DIRECTION('',(1.,-3.342970055169E-16,-7.422884651762E-32));
#361 = ORIENTED_EDGE('',*,*,#84,.F.);
#362 = PLANE('',#363);
#363 = AXIS2_PLACEMENT_3D('',#364,#365,#366);
#364 = CARTESIAN_POINT('',(1.371086363636,0.927290909091,6.854581818182)
  );
#365 = DIRECTION('',(-3.342970055169E-16,-1.,-2.22044604925E-16));
#366 = DIRECTION('',(1.,-3.342970055169E-16,-7.422884651762E-32));
#367 = ADVANCED_FACE('',(#368),#393,.F.);
#368 = FACE_BOUND('',#369,.T.);
#369 = EDGE_LOOP('',(#370,#378,#379,#387));
#370 = ORIENTED_EDGE('',*,*,#371,.T.);
#371 = EDGE_CURVE('',#372,#108,#374,.T.);
#372 = VERTEX_POINT('',#373);
#373 = CARTESIAN_POINT('',(1.371086363636,-0.927290909091,7.318227272727
    ));
#374 = LINE('',#375,#376);
#375 = CARTESIAN_POINT('',(1.371086363636,-0.927290909091,7.318227272727
    ));
#376 = VECTOR('',#377,1.);
#377 = DIRECTION('',(1.,-8.357425137922E-17,-1.85572116294E-32));
#378 = ORIENTED_EDGE('',*,*,#116,.T.);
#379 = ORIENTED_EDGE('',*,*,#380,.T.);
#380 = EDGE_CURVE('',#42,#381,#383,.T.);
#381 = VERTEX_POINT('',#382);
#382 = CARTESIAN_POINT('',(1.371086363636,-0.927290909091,7.781872727273
    ));
#383 = LINE('',#384,#385);
#384 = CARTESIAN_POINT('',(2.602924759803,-0.927290909091,7.781872727273
    ));
#385 = VECTOR('',#386,1.);
#386 = DIRECTION('',(-1.,8.357425137922E-17,1.85572116294E-32));
#387 = ORIENTED_EDGE('',*,*,#388,.F.);
#388 = EDGE_CURVE('',#372,#381,#389,.T.);
#389 = LINE('',#390,#391);
#390 = CARTESIAN_POINT('',(1.371086363636,-0.927290909091,7.318227272727
    ));
#391 = VECTOR('',#392,1.);
#392 = DIRECTION('',(0.,-2.22044604925E-16,1.));
#393 = PLANE('',#394);
#394 = AXIS2_PLACEMENT_3D('',#395,#396,#397);
#395 = CARTESIAN_POINT('',(2.602924759803,-0.927290909091,6.854581818182
    ));
#396 = DIRECTION('',(8.357425137922E-17,1.,2.22044604925E-16));
#397 = DIRECTION('',(-1.,8.357425137922E-17,1.85572116294E-32));
#398 = ADVANCED_FACE('',(#399),#415,.F.);
#399 = FACE_BOUND('',#400,.T.);
#400 = EDGE_LOOP('',(#401,#407,#408,#414));
#401 = ORIENTED_EDGE('',*,*,#402,.T.);
#402 = EDGE_CURVE('',#153,#372,#403,.T.);
#403 = LINE('',#404,#405);
#404 = CARTESIAN_POINT('',(1.371086363636,-1.159113636364,7.318227272727
    ));
#405 = VECTOR('',#406,1.);
#406 = DIRECTION('',(0.,1.,2.22044604925E-16));
#407 = ORIENTED_EDGE('',*,*,#388,.T.);
#408 = ORIENTED_EDGE('',*,*,#409,.T.);
#409 = EDGE_CURVE('',#381,#162,#410,.T.);
#410 = LINE('',#411,#412);
#411 = CARTESIAN_POINT('',(1.371086363636,-0.927290909091,7.781872727273
    ));
#412 = VECTOR('',#413,1.);
#413 = DIRECTION('',(0.,-1.,-2.22044604925E-16));
#414 = ORIENTED_EDGE('',*,*,#161,.F.);
#415 = PLANE('',#416);
#416 = AXIS2_PLACEMENT_3D('',#417,#418,#419);
#417 = CARTESIAN_POINT('',(1.371086363636,-0.927290909091,6.854581818182
    ));
#418 = DIRECTION('',(-1.,-0.,0.));
#419 = DIRECTION('',(0.,-1.,-2.22044604925E-16));
#420 = ADVANCED_FACE('',(#421),#437,.F.);
#421 = FACE_BOUND('',#422,.T.);
#422 = EDGE_LOOP('',(#423,#429,#430,#436));
#423 = ORIENTED_EDGE('',*,*,#424,.T.);
#424 = EDGE_CURVE('',#195,#151,#425,.T.);
#425 = LINE('',#426,#427);
#426 = CARTESIAN_POINT('',(-1.178963636364,-1.390936363636,
    7.318227272727));
#427 = VECTOR('',#428,1.);
#428 = DIRECTION('',(1.,-1.7763568394E-16,-3.944304526105E-32));
#429 = ORIENTED_EDGE('',*,*,#178,.T.);
#430 = ORIENTED_EDGE('',*,*,#431,.T.);
#431 = EDGE_CURVE('',#170,#204,#432,.T.);
#432 = LINE('',#433,#434);
#433 = CARTESIAN_POINT('',(1.139263636364,-1.390936363636,7.781872727273
    ));
#434 = VECTOR('',#435,1.);
#435 = DIRECTION('',(-1.,1.7763568394E-16,3.944304526105E-32));
#436 = ORIENTED_EDGE('',*,*,#203,.F.);
#437 = PLANE('',#438);
#438 = AXIS2_PLACEMENT_3D('',#439,#440,#441);
#439 = CARTESIAN_POINT('',(1.371086363636,-1.390936363636,6.854581818182
    ));
#440 = DIRECTION('',(1.480297366167E-16,1.,4.440892098501E-16));
#441 = DIRECTION('',(-1.,1.480297366167E-16,3.286920438421E-32));
#442 = ADVANCED_FACE('',(#443),#459,.F.);
#443 = FACE_BOUND('',#444,.T.);
#444 = EDGE_LOOP('',(#445,#451,#452,#458));
#445 = ORIENTED_EDGE('',*,*,#446,.T.);
#446 = EDGE_CURVE('',#237,#193,#447,.T.);
#447 = LINE('',#448,#449);
#448 = CARTESIAN_POINT('',(-1.410786363636,1.159113636364,7.318227272727
    ));
#449 = VECTOR('',#450,1.);
#450 = DIRECTION('',(-1.7763568394E-16,-1.,-2.22044604925E-16));
#451 = ORIENTED_EDGE('',*,*,#220,.T.);
#452 = ORIENTED_EDGE('',*,*,#453,.T.);
#453 = EDGE_CURVE('',#212,#246,#454,.T.);
#454 = LINE('',#455,#456);
#455 = CARTESIAN_POINT('',(-1.410786363636,-1.159113636364,
    7.781872727273));
#456 = VECTOR('',#457,1.);
#457 = DIRECTION('',(8.881784197001E-17,1.,2.22044604925E-16));
#458 = ORIENTED_EDGE('',*,*,#245,.F.);
#459 = PLANE('',#460);
#460 = AXIS2_PLACEMENT_3D('',#461,#462,#463);
#461 = CARTESIAN_POINT('',(-1.410786363636,-1.390936363636,
    6.854581818182));
#462 = DIRECTION('',(1.,-1.480297366167E-16,-6.573840876842E-32));
#463 = DIRECTION('',(1.480297366167E-16,1.,2.22044604925E-16));
#464 = ADVANCED_FACE('',(#465),#481,.F.);
#465 = FACE_BOUND('',#466,.T.);
#466 = EDGE_LOOP('',(#467,#473,#474,#480));
#467 = ORIENTED_EDGE('',*,*,#468,.T.);
#468 = EDGE_CURVE('',#279,#235,#469,.T.);
#469 = LINE('',#470,#471);
#470 = CARTESIAN_POINT('',(1.139263636364,1.390936363636,7.318227272727)
  );
#471 = VECTOR('',#472,1.);
#472 = DIRECTION('',(-1.,1.7763568394E-16,3.944304526105E-32));
#473 = ORIENTED_EDGE('',*,*,#262,.T.);
#474 = ORIENTED_EDGE('',*,*,#475,.T.);
#475 = EDGE_CURVE('',#254,#288,#476,.T.);
#476 = LINE('',#477,#478);
#477 = CARTESIAN_POINT('',(-1.178963636364,1.390936363636,7.781872727273
    ));
#478 = VECTOR('',#479,1.);
#479 = DIRECTION('',(1.,-1.7763568394E-16,-3.944304526105E-32));
#480 = ORIENTED_EDGE('',*,*,#287,.F.);
#481 = PLANE('',#482);
#482 = AXIS2_PLACEMENT_3D('',#483,#484,#485);
#483 = CARTESIAN_POINT('',(-1.410786363636,1.390936363636,6.854581818182
    ));
#484 = DIRECTION('',(-1.480297366167E-16,-1.,-4.440892098501E-16));
#485 = DIRECTION('',(1.,-1.480297366167E-16,-3.286920438421E-32));
#486 = ADVANCED_FACE('',(#487,#501),#512,.F.);
#487 = FACE_BOUND('',#488,.T.);
#488 = EDGE_LOOP('',(#489,#490,#491,#492,#493,#494,#495,#496,#497,#498,
    #499,#500));
#489 = ORIENTED_EDGE('',*,*,#468,.F.);
#490 = ORIENTED_EDGE('',*,*,#276,.F.);
#491 = ORIENTED_EDGE('',*,*,#318,.F.);
#492 = ORIENTED_EDGE('',*,*,#349,.F.);
#493 = ORIENTED_EDGE('',*,*,#107,.F.);
#494 = ORIENTED_EDGE('',*,*,#371,.F.);
#495 = ORIENTED_EDGE('',*,*,#402,.F.);
#496 = ORIENTED_EDGE('',*,*,#150,.F.);
#497 = ORIENTED_EDGE('',*,*,#424,.F.);
#498 = ORIENTED_EDGE('',*,*,#192,.F.);
#499 = ORIENTED_EDGE('',*,*,#446,.F.);
#500 = ORIENTED_EDGE('',*,*,#234,.F.);
#501 = FACE_BOUND('',#502,.T.);
#502 = EDGE_LOOP('',(#503));
#503 = ORIENTED_EDGE('',*,*,#504,.T.);
#504 = EDGE_CURVE('',#505,#505,#507,.T.);
#505 = VERTEX_POINT('',#506);
#506 = CARTESIAN_POINT('',(-1.985E-02,0.927290909091,7.318227272727));
#507 = CIRCLE('',#508,0.927290909091);
#508 = AXIS2_PLACEMENT_3D('',#509,#510,#511);
#509 = CARTESIAN_POINT('',(-1.985E-02,1.444740746595E-15,7.318227272727)
  );
#510 = DIRECTION('',(0.,-2.832769448824E-16,1.));
#511 = DIRECTION('',(6.123233995737E-17,1.,2.832769448824E-16));
#512 = PLANE('',#513);
#513 = AXIS2_PLACEMENT_3D('',#514,#515,#516);
#514 = CARTESIAN_POINT('',(-1.985E-02,1.444740746595E-15,7.318227272727)
  );
#515 = DIRECTION('',(0.,-2.832769448824E-16,1.));
#516 = DIRECTION('',(6.123233995737E-17,1.,2.832769448824E-16));
#517 = ADVANCED_FACE('',(#518),#543,.T.);
#518 = FACE_BOUND('',#519,.T.);
#519 = EDGE_LOOP('',(#520,#528,#536,#542));
#520 = ORIENTED_EDGE('',*,*,#521,.T.);
#521 = EDGE_CURVE('',#68,#522,#524,.T.);
#522 = VERTEX_POINT('',#523);
#523 = CARTESIAN_POINT('',(-2.691751502818,0.927290909091,7.781872727273
    ));
#524 = LINE('',#525,#526);
#525 = CARTESIAN_POINT('',(-2.642624759803,0.927290909091,7.781872727273
    ));
#526 = VECTOR('',#527,1.);
#527 = DIRECTION('',(-1.,-0.,0.));
#528 = ORIENTED_EDGE('',*,*,#529,.T.);
#529 = EDGE_CURVE('',#522,#530,#532,.T.);
#530 = VERTEX_POINT('',#531);
#531 = CARTESIAN_POINT('',(-2.691751502818,0.927290909091,
    12.325598181818));
#532 = LINE('',#533,#534);
#533 = CARTESIAN_POINT('',(-2.691751502818,0.927290909091,7.781872727273
    ));
#534 = VECTOR('',#535,1.);
#535 = DIRECTION('',(0.,-2.673598304199E-16,1.));
#536 = ORIENTED_EDGE('',*,*,#537,.F.);
#537 = EDGE_CURVE('',#59,#530,#538,.T.);
#538 = LINE('',#539,#540);
#539 = CARTESIAN_POINT('',(-2.642624759803,0.927290909091,
    12.325598181818));
#540 = VECTOR('',#541,1.);
#541 = DIRECTION('',(-1.,-0.,0.));
#542 = ORIENTED_EDGE('',*,*,#67,.F.);
#543 = PLANE('',#544);
#544 = AXIS2_PLACEMENT_3D('',#545,#546,#547);
#545 = CARTESIAN_POINT('',(-2.642624759803,0.927290909091,7.781872727273
    ));
#546 = DIRECTION('',(0.,1.,2.673598304199E-16));
#547 = DIRECTION('',(-1.,0.,0.));
#548 = ADVANCED_FACE('',(#549),#568,.T.);
#549 = FACE_BOUND('',#550,.T.);
#550 = EDGE_LOOP('',(#551,#560,#566,#567));
#551 = ORIENTED_EDGE('',*,*,#552,.T.);
#552 = EDGE_CURVE('',#530,#553,#555,.T.);
#553 = VERTEX_POINT('',#554);
#554 = CARTESIAN_POINT('',(-2.691751502818,-0.927290909091,
    12.325598181818));
#555 = CIRCLE('',#556,2.828237272727);
#556 = AXIS2_PLACEMENT_3D('',#557,#558,#559);
#557 = CARTESIAN_POINT('',(-1.985E-02,2.626801357445E-17,12.325598181818
    ));
#558 = DIRECTION('',(0.,-2.832769448824E-16,1.));
#559 = DIRECTION('',(-0.944723248146,0.327868852459,9.287768684667E-17)
  );
#560 = ORIENTED_EDGE('',*,*,#561,.T.);
#561 = EDGE_CURVE('',#553,#51,#562,.T.);
#562 = LINE('',#563,#564);
#563 = CARTESIAN_POINT('',(-2.691751502818,-0.927290909091,
    12.325598181818));
#564 = VECTOR('',#565,1.);
#565 = DIRECTION('',(1.,0.,0.));
#566 = ORIENTED_EDGE('',*,*,#58,.T.);
#567 = ORIENTED_EDGE('',*,*,#537,.T.);
#568 = PLANE('',#569);
#569 = AXIS2_PLACEMENT_3D('',#570,#571,#572);
#570 = CARTESIAN_POINT('',(-1.985E-02,2.626801357445E-17,12.325598181818
    ));
#571 = DIRECTION('',(0.,-2.832769448824E-16,1.));
#572 = DIRECTION('',(1.,0.,0.));
#573 = ADVANCED_FACE('',(#574),#592,.T.);
#574 = FACE_BOUND('',#575,.T.);
#575 = EDGE_LOOP('',(#576,#584,#585,#586));
#576 = ORIENTED_EDGE('',*,*,#577,.T.);
#577 = EDGE_CURVE('',#578,#40,#580,.T.);
#578 = VERTEX_POINT('',#579);
#579 = CARTESIAN_POINT('',(-2.691751502818,-0.927290909091,
    7.781872727273));
#580 = LINE('',#581,#582);
#581 = CARTESIAN_POINT('',(-2.691751502818,-0.927290909091,
    7.781872727273));
#582 = VECTOR('',#583,1.);
#583 = DIRECTION('',(1.,0.,0.));
#584 = ORIENTED_EDGE('',*,*,#50,.T.);
#585 = ORIENTED_EDGE('',*,*,#561,.F.);
#586 = ORIENTED_EDGE('',*,*,#587,.F.);
#587 = EDGE_CURVE('',#578,#553,#588,.T.);
#588 = LINE('',#589,#590);
#589 = CARTESIAN_POINT('',(-2.691751502818,-0.927290909091,
    7.781872727273));
#590 = VECTOR('',#591,1.);
#591 = DIRECTION('',(0.,-2.900174431674E-16,1.));
#592 = PLANE('',#593);
#593 = AXIS2_PLACEMENT_3D('',#594,#595,#596);
#594 = CARTESIAN_POINT('',(-2.691751502818,-0.927290909091,
    7.781872727273));
#595 = DIRECTION('',(0.,-1.,-2.900174431674E-16));
#596 = DIRECTION('',(1.,0.,0.));
#597 = ADVANCED_FACE('',(#598),#617,.T.);
#598 = FACE_BOUND('',#599,.T.);
#599 = EDGE_LOOP('',(#600,#601,#602,#611));
#600 = ORIENTED_EDGE('',*,*,#39,.F.);
#601 = ORIENTED_EDGE('',*,*,#577,.F.);
#602 = ORIENTED_EDGE('',*,*,#603,.T.);
#603 = EDGE_CURVE('',#578,#604,#606,.T.);
#604 = VERTEX_POINT('',#605);
#605 = CARTESIAN_POINT('',(2.652051502818,-0.927290909091,7.781872727273
    ));
#606 = CIRCLE('',#607,2.828237272727);
#607 = AXIS2_PLACEMENT_3D('',#608,#609,#610);
#608 = CARTESIAN_POINT('',(-1.985E-02,1.313400678722E-15,7.781872727273)
  );
#609 = DIRECTION('',(0.,-2.832769448824E-16,1.));
#610 = DIRECTION('',(-0.944723248146,-0.327868852459,-9.287768684667E-17
    ));
#611 = ORIENTED_EDGE('',*,*,#612,.F.);
#612 = EDGE_CURVE('',#42,#604,#613,.T.);
#613 = LINE('',#614,#615);
#614 = CARTESIAN_POINT('',(2.602924759803,-0.927290909091,7.781872727273
    ));
#615 = VECTOR('',#616,1.);
#616 = DIRECTION('',(1.,0.,0.));
#617 = PLANE('',#618);
#618 = AXIS2_PLACEMENT_3D('',#619,#620,#621);
#619 = CARTESIAN_POINT('',(-1.985E-02,1.313400678722E-15,7.781872727273)
  );
#620 = DIRECTION('',(0.,-2.832769448824E-16,1.));
#621 = DIRECTION('',(6.123233995737E-17,1.,2.832769448824E-16));
#622 = ADVANCED_FACE('',(#623),#642,.T.);
#623 = FACE_BOUND('',#624,.T.);
#624 = EDGE_LOOP('',(#625,#626,#634,#641));
#625 = ORIENTED_EDGE('',*,*,#75,.F.);
#626 = ORIENTED_EDGE('',*,*,#627,.F.);
#627 = EDGE_CURVE('',#628,#76,#630,.T.);
#628 = VERTEX_POINT('',#629);
#629 = CARTESIAN_POINT('',(2.652051502818,0.927290909091,7.781872727273)
  );
#630 = LINE('',#631,#632);
#631 = CARTESIAN_POINT('',(2.652051502818,0.927290909091,7.781872727273)
  );
#632 = VECTOR('',#633,1.);
#633 = DIRECTION('',(-1.,-0.,0.));
#634 = ORIENTED_EDGE('',*,*,#635,.T.);
#635 = EDGE_CURVE('',#628,#522,#636,.T.);
#636 = CIRCLE('',#637,2.828237272727);
#637 = AXIS2_PLACEMENT_3D('',#638,#639,#640);
#638 = CARTESIAN_POINT('',(-1.985E-02,1.313400678722E-15,7.781872727273)
  );
#639 = DIRECTION('',(0.,-2.832769448824E-16,1.));
#640 = DIRECTION('',(0.944723248146,0.327868852459,9.287768684667E-17));
#641 = ORIENTED_EDGE('',*,*,#521,.F.);
#642 = PLANE('',#643);
#643 = AXIS2_PLACEMENT_3D('',#644,#645,#646);
#644 = CARTESIAN_POINT('',(-1.985E-02,1.313400678722E-15,7.781872727273)
  );
#645 = DIRECTION('',(0.,-2.832769448824E-16,1.));
#646 = DIRECTION('',(6.123233995737E-17,1.,2.832769448824E-16));
#647 = ADVANCED_FACE('',(#648),#658,.T.);
#648 = FACE_BOUND('',#649,.T.);
#649 = EDGE_LOOP('',(#650,#651,#656,#657));
#650 = ORIENTED_EDGE('',*,*,#504,.F.);
#651 = ORIENTED_EDGE('',*,*,#652,.F.);
#652 = EDGE_CURVE('',#134,#505,#653,.T.);
#653 = B_SPLINE_CURVE_WITH_KNOTS('',1,(#654,#655),.UNSPECIFIED.,.F.,.F.,
  (2,2),(0.,0.5),.PIECEWISE_BEZIER_KNOTS.);
#654 = CARTESIAN_POINT('',(-1.985E-02,0.927290909091,6.854581818182));
#655 = CARTESIAN_POINT('',(-1.985E-02,0.927290909091,7.318227272727));
#656 = ORIENTED_EDGE('',*,*,#133,.T.);
#657 = ORIENTED_EDGE('',*,*,#652,.T.);
#658 = CYLINDRICAL_SURFACE('',#659,0.927290909091);
#659 = AXIS2_PLACEMENT_3D('',#660,#661,#662);
#660 = CARTESIAN_POINT('',(-1.985E-02,1.576080814467E-15,6.854581818182)
  );
#661 = DIRECTION('',(0.,-2.832769448824E-16,1.));
#662 = DIRECTION('',(6.123233995737E-17,1.,2.832769448824E-16));
#663 = ADVANCED_FACE('',(#664,#684),#695,.T.);
#664 = FACE_BOUND('',#665,.T.);
#665 = EDGE_LOOP('',(#666,#667,#668,#669,#676,#677,#678,#679,#680,#681,
    #682,#683));
#666 = ORIENTED_EDGE('',*,*,#169,.T.);
#667 = ORIENTED_EDGE('',*,*,#409,.F.);
#668 = ORIENTED_EDGE('',*,*,#380,.F.);
#669 = ORIENTED_EDGE('',*,*,#670,.F.);
#670 = EDGE_CURVE('',#76,#42,#671,.T.);
#671 = CIRCLE('',#672,2.781872727273);
#672 = AXIS2_PLACEMENT_3D('',#673,#674,#675);
#673 = CARTESIAN_POINT('',(-1.985E-02,1.313400678722E-15,7.781872727273)
  );
#674 = DIRECTION('',(2.465190328816E-32,2.832769448824E-16,-1.));
#675 = DIRECTION('',(0.942809041582,0.333333333333,9.442564829406E-17));
#676 = ORIENTED_EDGE('',*,*,#356,.F.);
#677 = ORIENTED_EDGE('',*,*,#327,.F.);
#678 = ORIENTED_EDGE('',*,*,#295,.T.);
#679 = ORIENTED_EDGE('',*,*,#475,.F.);
#680 = ORIENTED_EDGE('',*,*,#253,.T.);
#681 = ORIENTED_EDGE('',*,*,#453,.F.);
#682 = ORIENTED_EDGE('',*,*,#211,.T.);
#683 = ORIENTED_EDGE('',*,*,#431,.F.);
#684 = FACE_BOUND('',#685,.T.);
#685 = EDGE_LOOP('',(#686));
#686 = ORIENTED_EDGE('',*,*,#687,.F.);
#687 = EDGE_CURVE('',#688,#688,#690,.T.);
#688 = VERTEX_POINT('',#689);
#689 = CARTESIAN_POINT('',(-1.985E-02,0.927290909091,7.781872727273));
#690 = CIRCLE('',#691,0.927290909091);
#691 = AXIS2_PLACEMENT_3D('',#692,#693,#694);
#692 = CARTESIAN_POINT('',(-1.985E-02,1.313400678722E-15,7.781872727273)
  );
#693 = DIRECTION('',(0.,-2.832769448824E-16,1.));
#694 = DIRECTION('',(6.123233995737E-17,1.,2.832769448824E-16));
#695 = PLANE('',#696);
#696 = AXIS2_PLACEMENT_3D('',#697,#698,#699);
#697 = CARTESIAN_POINT('',(-1.985E-02,1.313400678722E-15,7.781872727273)
  );
#698 = DIRECTION('',(0.,-2.832769448824E-16,1.));
#699 = DIRECTION('',(6.123233995737E-17,1.,2.832769448824E-16));
#700 = ADVANCED_FACE('',(#701),#755,.F.);
#701 = FACE_BOUND('',#702,.F.);
#702 = EDGE_LOOP('',(#703,#712,#719,#728,#734,#735,#736,#737,#738,#739,
    #747,#754));
#703 = ORIENTED_EDGE('',*,*,#704,.F.);
#704 = EDGE_CURVE('',#705,#705,#707,.T.);
#705 = VERTEX_POINT('',#706);
#706 = CARTESIAN_POINT('',(2.808387272727,-3.463591723275E-16,
    12.418327272727));
#707 = CIRCLE('',#708,2.828237272727);
#708 = AXIS2_PLACEMENT_3D('',#709,#710,#711);
#709 = CARTESIAN_POINT('',(-1.985E-02,0.,12.418327272727));
#710 = DIRECTION('',(0.,-2.832769448824E-16,1.));
#711 = DIRECTION('',(1.,0.,0.));
#712 = ORIENTED_EDGE('',*,*,#713,.F.);
#713 = EDGE_CURVE('',#714,#705,#716,.T.);
#714 = VERTEX_POINT('',#715);
#715 = CARTESIAN_POINT('',(2.808387272727,-3.20091158753E-16,
    12.325598181818));
#716 = B_SPLINE_CURVE_WITH_KNOTS('',1,(#717,#718),.UNSPECIFIED.,.F.,.F.,
  (2,2),(4.9,5.),.PIECEWISE_BEZIER_KNOTS.);
#717 = CARTESIAN_POINT('',(2.808387272727,-6.664503310805E-16,
    12.325598181818));
#718 = CARTESIAN_POINT('',(2.808387272727,-6.927183446549E-16,
    12.418327272727));
#719 = ORIENTED_EDGE('',*,*,#720,.T.);
#720 = EDGE_CURVE('',#714,#721,#723,.T.);
#721 = VERTEX_POINT('',#722);
#722 = CARTESIAN_POINT('',(2.652051502818,0.927290909091,12.325598181818
    ));
#723 = CIRCLE('',#724,2.828237272727);
#724 = AXIS2_PLACEMENT_3D('',#725,#726,#727);
#725 = CARTESIAN_POINT('',(-1.985E-02,2.626801357445E-17,12.325598181818
    ));
#726 = DIRECTION('',(0.,-2.832769448824E-16,1.));
#727 = DIRECTION('',(1.,0.,0.));
#728 = ORIENTED_EDGE('',*,*,#729,.F.);
#729 = EDGE_CURVE('',#628,#721,#730,.T.);
#730 = LINE('',#731,#732);
#731 = CARTESIAN_POINT('',(2.652051502818,0.927290909091,7.781872727273)
  );
#732 = VECTOR('',#733,1.);
#733 = DIRECTION('',(0.,-2.673598304199E-16,1.));
#734 = ORIENTED_EDGE('',*,*,#635,.T.);
#735 = ORIENTED_EDGE('',*,*,#529,.T.);
#736 = ORIENTED_EDGE('',*,*,#552,.T.);
#737 = ORIENTED_EDGE('',*,*,#587,.F.);
#738 = ORIENTED_EDGE('',*,*,#603,.T.);
#739 = ORIENTED_EDGE('',*,*,#740,.T.);
#740 = EDGE_CURVE('',#604,#741,#743,.T.);
#741 = VERTEX_POINT('',#742);
#742 = CARTESIAN_POINT('',(2.652051502818,-0.927290909091,
    12.325598181818));
#743 = LINE('',#744,#745);
#744 = CARTESIAN_POINT('',(2.652051502818,-0.927290909091,7.781872727273
    ));
#745 = VECTOR('',#746,1.);
#746 = DIRECTION('',(0.,-2.900174431674E-16,1.));
#747 = ORIENTED_EDGE('',*,*,#748,.T.);
#748 = EDGE_CURVE('',#741,#714,#749,.T.);
#749 = CIRCLE('',#750,2.828237272727);
#750 = AXIS2_PLACEMENT_3D('',#751,#752,#753);
#751 = CARTESIAN_POINT('',(-1.985E-02,2.626801357445E-17,12.325598181818
    ));
#752 = DIRECTION('',(0.,-2.832769448824E-16,1.));
#753 = DIRECTION('',(0.944723248146,-0.327868852459,-9.287768684667E-17)
  );
#754 = ORIENTED_EDGE('',*,*,#713,.T.);
#755 = CYLINDRICAL_SURFACE('',#756,2.828237272727);
#756 = AXIS2_PLACEMENT_3D('',#757,#758,#759);
#757 = CARTESIAN_POINT('',(-1.985E-02,1.313400678722E-15,7.781872727273)
  );
#758 = DIRECTION('',(0.,-2.832769448824E-16,1.));
#759 = DIRECTION('',(1.,0.,0.));
#760 = ADVANCED_FACE('',(#761),#779,.T.);
#761 = FACE_BOUND('',#762,.T.);
#762 = EDGE_LOOP('',(#763,#764,#765,#773));
#763 = ORIENTED_EDGE('',*,*,#612,.T.);
#764 = ORIENTED_EDGE('',*,*,#740,.T.);
#765 = ORIENTED_EDGE('',*,*,#766,.F.);
#766 = EDGE_CURVE('',#767,#741,#769,.T.);
#767 = VERTEX_POINT('',#768);
#768 = CARTESIAN_POINT('',(2.602924759803,-0.927290909091,
    12.325598181818));
#769 = LINE('',#770,#771);
#770 = CARTESIAN_POINT('',(2.602924759803,-0.927290909091,
    12.325598181818));
#771 = VECTOR('',#772,1.);
#772 = DIRECTION('',(1.,0.,0.));
#773 = ORIENTED_EDGE('',*,*,#774,.F.);
#774 = EDGE_CURVE('',#42,#767,#775,.T.);
#775 = LINE('',#776,#777);
#776 = CARTESIAN_POINT('',(2.602924759803,-0.927290909091,7.781872727273
    ));
#777 = VECTOR('',#778,1.);
#778 = DIRECTION('',(0.,-2.900174431674E-16,1.));
#779 = PLANE('',#780);
#780 = AXIS2_PLACEMENT_3D('',#781,#782,#783);
#781 = CARTESIAN_POINT('',(2.602924759803,-0.927290909091,7.781872727273
    ));
#782 = DIRECTION('',(0.,-1.,-2.900174431674E-16));
#783 = DIRECTION('',(1.,0.,0.));
#784 = ADVANCED_FACE('',(#785),#803,.T.);
#785 = FACE_BOUND('',#786,.T.);
#786 = EDGE_LOOP('',(#787,#788,#796,#802));
#787 = ORIENTED_EDGE('',*,*,#627,.T.);
#788 = ORIENTED_EDGE('',*,*,#789,.T.);
#789 = EDGE_CURVE('',#76,#790,#792,.T.);
#790 = VERTEX_POINT('',#791);
#791 = CARTESIAN_POINT('',(2.602924759803,0.927290909091,12.325598181818
    ));
#792 = LINE('',#793,#794);
#793 = CARTESIAN_POINT('',(2.602924759803,0.927290909091,7.781872727273)
  );
#794 = VECTOR('',#795,1.);
#795 = DIRECTION('',(0.,-2.673598304199E-16,1.));
#796 = ORIENTED_EDGE('',*,*,#797,.F.);
#797 = EDGE_CURVE('',#721,#790,#798,.T.);
#798 = LINE('',#799,#800);
#799 = CARTESIAN_POINT('',(2.652051502818,0.927290909091,12.325598181818
    ));
#800 = VECTOR('',#801,1.);
#801 = DIRECTION('',(-1.,-0.,0.));
#802 = ORIENTED_EDGE('',*,*,#729,.F.);
#803 = PLANE('',#804);
#804 = AXIS2_PLACEMENT_3D('',#805,#806,#807);
#805 = CARTESIAN_POINT('',(2.652051502818,0.927290909091,7.781872727273)
  );
#806 = DIRECTION('',(0.,1.,2.673598304199E-16));
#807 = DIRECTION('',(-1.,0.,0.));
#808 = ADVANCED_FACE('',(#809),#821,.F.);
#809 = FACE_BOUND('',#810,.F.);
#810 = EDGE_LOOP('',(#811,#812,#819,#820));
#811 = ORIENTED_EDGE('',*,*,#789,.T.);
#812 = ORIENTED_EDGE('',*,*,#813,.T.);
#813 = EDGE_CURVE('',#790,#767,#814,.T.);
#814 = CIRCLE('',#815,2.781872727273);
#815 = AXIS2_PLACEMENT_3D('',#816,#817,#818);
#816 = CARTESIAN_POINT('',(-1.985E-02,2.626801357445E-17,12.325598181818
    ));
#817 = DIRECTION('',(2.465190328816E-32,2.832769448824E-16,-1.));
#818 = DIRECTION('',(0.942809041582,0.333333333333,9.442564829406E-17));
#819 = ORIENTED_EDGE('',*,*,#774,.F.);
#820 = ORIENTED_EDGE('',*,*,#670,.F.);
#821 = CYLINDRICAL_SURFACE('',#822,2.781872727273);
#822 = AXIS2_PLACEMENT_3D('',#823,#824,#825);
#823 = CARTESIAN_POINT('',(-1.985E-02,1.313400678722E-15,7.781872727273)
  );
#824 = DIRECTION('',(0.,2.832769448824E-16,-1.));
#825 = DIRECTION('',(0.942809041582,0.333333333333,9.442564829406E-17));
#826 = ADVANCED_FACE('',(#827),#854,.T.);
#827 = FACE_BOUND('',#828,.T.);
#828 = EDGE_LOOP('',(#829,#840,#845,#846,#847));
#829 = ORIENTED_EDGE('',*,*,#830,.F.);
#830 = EDGE_CURVE('',#831,#833,#835,.T.);
#831 = VERTEX_POINT('',#832);
#832 = CARTESIAN_POINT('',(-1.985E-02,0.927290909091,13.818119928795));
#833 = VERTEX_POINT('',#834);
#834 = CARTESIAN_POINT('',(0.907440909091,-4.243767916631E-16,
    13.818119928795));
#835 = CIRCLE('',#836,0.927290909091);
#836 = AXIS2_PLACEMENT_3D('',#837,#838,#839);
#837 = CARTESIAN_POINT('',(-1.985E-02,-3.965289870796E-16,
    13.818119928795));
#838 = DIRECTION('',(0.,-2.832769448824E-16,1.));
#839 = DIRECTION('',(6.123233995737E-17,1.,2.832769448824E-16));
#840 = ORIENTED_EDGE('',*,*,#841,.F.);
#841 = EDGE_CURVE('',#688,#831,#842,.T.);
#842 = B_SPLINE_CURVE_WITH_KNOTS('',1,(#843,#844),.UNSPECIFIED.,.F.,.F.,
  (2,2),(0.,6.509550716333),.PIECEWISE_BEZIER_KNOTS.);
#843 = CARTESIAN_POINT('',(-1.985E-02,0.927290909091,7.781872727273));
#844 = CARTESIAN_POINT('',(-1.985E-02,0.927290909091,13.818119928795));
#845 = ORIENTED_EDGE('',*,*,#687,.T.);
#846 = ORIENTED_EDGE('',*,*,#841,.T.);
#847 = ORIENTED_EDGE('',*,*,#848,.F.);
#848 = EDGE_CURVE('',#833,#831,#849,.T.);
#849 = CIRCLE('',#850,0.927290909091);
#850 = AXIS2_PLACEMENT_3D('',#851,#852,#853);
#851 = CARTESIAN_POINT('',(-1.985E-02,-3.965289870796E-16,
    13.818119928795));
#852 = DIRECTION('',(0.,-2.832769448824E-16,1.));
#853 = DIRECTION('',(1.,-2.449293598295E-16,-6.93828407645E-32));
#854 = CYLINDRICAL_SURFACE('',#855,0.927290909091);
#855 = AXIS2_PLACEMENT_3D('',#856,#857,#858);
#856 = CARTESIAN_POINT('',(-1.985E-02,1.313400678722E-15,7.781872727273)
  );
#857 = DIRECTION('',(0.,-2.832769448824E-16,1.));
#858 = DIRECTION('',(6.123233995737E-17,1.,2.832769448824E-16));
#859 = ADVANCED_FACE('',(#860),#867,.T.);
#860 = FACE_BOUND('',#861,.T.);
#861 = EDGE_LOOP('',(#862,#863,#864,#865,#866));
#862 = ORIENTED_EDGE('',*,*,#720,.T.);
#863 = ORIENTED_EDGE('',*,*,#797,.T.);
#864 = ORIENTED_EDGE('',*,*,#813,.T.);
#865 = ORIENTED_EDGE('',*,*,#766,.T.);
#866 = ORIENTED_EDGE('',*,*,#748,.T.);
#867 = PLANE('',#868);
#868 = AXIS2_PLACEMENT_3D('',#869,#870,#871);
#869 = CARTESIAN_POINT('',(-1.985E-02,2.626801357445E-17,12.325598181818
    ));
#870 = DIRECTION('',(0.,-2.832769448824E-16,1.));
#871 = DIRECTION('',(1.,0.,0.));
#872 = ADVANCED_FACE('',(#873,#876),#887,.F.);
#873 = FACE_BOUND('',#874,.T.);
#874 = EDGE_LOOP('',(#875));
#875 = ORIENTED_EDGE('',*,*,#704,.F.);
#876 = FACE_BOUND('',#877,.T.);
#877 = EDGE_LOOP('',(#878));
#878 = ORIENTED_EDGE('',*,*,#879,.T.);
#879 = EDGE_CURVE('',#880,#880,#882,.T.);
#880 = VERTEX_POINT('',#881);
#881 = CARTESIAN_POINT('',(2.762022727273,-3.40681153109E-16,
    12.418327272727));
#882 = CIRCLE('',#883,2.781872727273);
#883 = AXIS2_PLACEMENT_3D('',#884,#885,#886);
#884 = CARTESIAN_POINT('',(-1.985E-02,0.,12.418327272727));
#885 = DIRECTION('',(0.,-2.832769448824E-16,1.));
#886 = DIRECTION('',(1.,0.,0.));
#887 = PLANE('',#888);
#888 = AXIS2_PLACEMENT_3D('',#889,#890,#891);
#889 = CARTESIAN_POINT('',(-1.985E-02,0.,12.418327272727));
#890 = DIRECTION('',(0.,-2.832769448824E-16,1.));
#891 = DIRECTION('',(1.,0.,0.));
#892 = ADVANCED_FACE('',(#893),#917,.T.);
#893 = FACE_BOUND('',#894,.T.);
#894 = EDGE_LOOP('',(#895,#896,#897,#909,#916));
#895 = ORIENTED_EDGE('',*,*,#848,.T.);
#896 = ORIENTED_EDGE('',*,*,#830,.T.);
#897 = ORIENTED_EDGE('',*,*,#898,.T.);
#898 = EDGE_CURVE('',#833,#899,#901,.T.);
#899 = VERTEX_POINT('',#900);
#900 = CARTESIAN_POINT('',(0.721982727273,-4.222547091451E-16,
    13.910849019704));
#901 = ( BOUNDED_CURVE() B_SPLINE_CURVE(6,(#902,#903,#904,#905,#906,#907
,#908),.UNSPECIFIED.,.F.,.F.) B_SPLINE_CURVE_WITH_KNOTS((7,7),(0.,
2.214297435588),.PIECEWISE_BEZIER_KNOTS.) CURVE() 
GEOMETRIC_REPRESENTATION_ITEM() RATIONAL_B_SPLINE_CURVE((1.063493971358,
    1.019366037263,0.995905928873,0.988172087197,0.995905928873,
1.019366037263,1.063493971358)) REPRESENTATION_ITEM('') );
#902 = CARTESIAN_POINT('',(0.907440909091,-4.243767916631E-16,
    13.818119928795));
#903 = CARTESIAN_POINT('',(0.907440909091,-4.342860347162E-16,
    13.862747192116));
#904 = CARTESIAN_POINT('',(0.887212454201,-4.411763620394E-16,
    13.904935105575));
#905 = CARTESIAN_POINT('',(0.850075543028,-4.433512062725E-16,
    13.935211923942));
#906 = CARTESIAN_POINT('',(0.803571941631,-4.402193157243E-16,
    13.94675536186));
#907 = CARTESIAN_POINT('',(0.75768453793,-4.325724657915E-16,
    13.937625377696));
#908 = CARTESIAN_POINT('',(0.721982727273,-4.222547091451E-16,
    13.910849019704));
#909 = ORIENTED_EDGE('',*,*,#910,.F.);
#910 = EDGE_CURVE('',#899,#899,#911,.T.);
#911 = CIRCLE('',#912,0.741832727273);
#912 = AXIS2_PLACEMENT_3D('',#913,#914,#915);
#913 = CARTESIAN_POINT('',(-1.985E-02,-3.314064016494E-16,
    13.910849019704));
#914 = DIRECTION('',(0.,-2.22044604925E-16,1.));
#915 = DIRECTION('',(1.,-1.224646799147E-16,-2.719262146893E-32));
#916 = ORIENTED_EDGE('',*,*,#898,.F.);
#917 = TOROIDAL_SURFACE('',#918,0.811379545455,0.115911363636);
#918 = AXIS2_PLACEMENT_3D('',#919,#920,#921);
#919 = CARTESIAN_POINT('',(-1.985E-02,-3.108164072934E-16,
    13.818119928795));
#920 = DIRECTION('',(0.,-2.22044604925E-16,1.));
#921 = DIRECTION('',(1.,-1.224646799147E-16,-2.719262146893E-32));
#922 = ADVANCED_FACE('',(#923),#941,.F.);
#923 = FACE_BOUND('',#924,.F.);
#924 = EDGE_LOOP('',(#925,#934,#939,#940));
#925 = ORIENTED_EDGE('',*,*,#926,.F.);
#926 = EDGE_CURVE('',#927,#927,#929,.T.);
#927 = VERTEX_POINT('',#928);
#928 = CARTESIAN_POINT('',(2.762022727273,-1.325731662151E-15,
    15.895668181818));
#929 = CIRCLE('',#930,2.781872727273);
#930 = AXIS2_PLACEMENT_3D('',#931,#932,#933);
#931 = CARTESIAN_POINT('',(-1.985E-02,-9.850505090419E-16,
    15.895668181818));
#932 = DIRECTION('',(0.,-2.832769448824E-16,1.));
#933 = DIRECTION('',(1.,0.,0.));
#934 = ORIENTED_EDGE('',*,*,#935,.F.);
#935 = EDGE_CURVE('',#880,#927,#936,.T.);
#936 = B_SPLINE_CURVE_WITH_KNOTS('',1,(#937,#938),.UNSPECIFIED.,.F.,.F.,
  (2,2),(0.,3.75),.PIECEWISE_BEZIER_KNOTS.);
#937 = CARTESIAN_POINT('',(2.762022727273,-6.81362306218E-16,
    12.418327272727));
#938 = CARTESIAN_POINT('',(2.762022727273,-1.66641281526E-15,
    15.895668181818));
#939 = ORIENTED_EDGE('',*,*,#879,.T.);
#940 = ORIENTED_EDGE('',*,*,#935,.T.);
#941 = CYLINDRICAL_SURFACE('',#942,2.781872727273);
#942 = AXIS2_PLACEMENT_3D('',#943,#944,#945);
#943 = CARTESIAN_POINT('',(-1.985E-02,0.,12.418327272727));
#944 = DIRECTION('',(0.,-2.832769448824E-16,1.));
#945 = DIRECTION('',(1.,0.,0.));
#946 = ADVANCED_FACE('',(#947),#962,.T.);
#947 = FACE_BOUND('',#948,.T.);
#948 = EDGE_LOOP('',(#949,#950,#961));
#949 = ORIENTED_EDGE('',*,*,#910,.T.);
#950 = ORIENTED_EDGE('',*,*,#951,.T.);
#951 = EDGE_CURVE('',#899,#952,#954,.T.);
#952 = VERTEX_POINT('',#953);
#953 = CARTESIAN_POINT('',(-1.985E-02,-4.137663790732E-16,14.28176538334
    ));
#954 = B_SPLINE_CURVE_WITH_KNOTS('',5,(#955,#956,#957,#958,#959,#960),
  .UNSPECIFIED.,.F.,.F.,(6,6),(0.643501108793,1.570796326795),
  .PIECEWISE_BEZIER_KNOTS.);
#955 = CARTESIAN_POINT('',(0.721982727273,-4.222547091451E-16,
    13.910849019704));
#956 = CARTESIAN_POINT('',(0.618798036189,-4.401670342674E-16,
    14.048428607815));
#957 = CARTESIAN_POINT('',(0.483728270243,-4.488666586099E-16,
    14.162103515628));
#958 = CARTESIAN_POINT('',(0.324106270958,-4.470402034444E-16,
    14.241914515271));
#959 = CARTESIAN_POINT('',(0.152124485139,-4.348271793493E-16,
    14.28176538334));
#960 = CARTESIAN_POINT('',(-1.985E-02,-4.137663790732E-16,14.28176538334
    ));
#961 = ORIENTED_EDGE('',*,*,#951,.F.);
#962 = SPHERICAL_SURFACE('',#963,0.927290909091);
#963 = AXIS2_PLACEMENT_3D('',#964,#965,#966);
#964 = CARTESIAN_POINT('',(-1.985E-02,-2.078664355136E-16,
    13.354474474249));
#965 = DIRECTION('',(0.,-2.22044604925E-16,1.));
#966 = DIRECTION('',(1.,-1.224646799147E-16,-2.719262146893E-32));
#967 = ADVANCED_FACE('',(#968),#986,.F.);
#968 = FACE_BOUND('',#969,.F.);
#969 = EDGE_LOOP('',(#970,#979,#984,#985));
#970 = ORIENTED_EDGE('',*,*,#971,.F.);
#971 = EDGE_CURVE('',#972,#972,#974,.T.);
#972 = VERTEX_POINT('',#973);
#973 = CARTESIAN_POINT('',(2.993845454545,-1.419791792179E-15,
    16.127490909091));
#974 = CIRCLE('',#975,3.013695454545);
#975 = AXIS2_PLACEMENT_3D('',#976,#977,#978);
#976 = CARTESIAN_POINT('',(-1.985E-02,-1.050720542978E-15,
    16.127490909091));
#977 = DIRECTION('',(0.,-2.832769448824E-16,1.));
#978 = DIRECTION('',(1.,0.,0.));
#979 = ORIENTED_EDGE('',*,*,#980,.F.);
#980 = EDGE_CURVE('',#927,#972,#981,.T.);
#981 = B_SPLINE_CURVE_WITH_KNOTS('',1,(#982,#983),.UNSPECIFIED.,.F.,.F.,
  (2,2),(-0.176776695297,0.176776695297),.PIECEWISE_BEZIER_KNOTS.);
#982 = CARTESIAN_POINT('',(2.762022727273,-1.66641281526E-15,
    15.895668181818));
#983 = CARTESIAN_POINT('',(2.993845454545,-1.788863041381E-15,
    16.127490909091));
#984 = ORIENTED_EDGE('',*,*,#926,.T.);
#985 = ORIENTED_EDGE('',*,*,#980,.T.);
#986 = CONICAL_SURFACE('',#987,2.897784090909,0.785398163397);
#987 = AXIS2_PLACEMENT_3D('',#988,#989,#990);
#988 = CARTESIAN_POINT('',(-1.985E-02,-1.01788552601E-15,16.011579545455
    ));
#989 = DIRECTION('',(0.,-2.832769448824E-16,1.));
#990 = DIRECTION('',(1.,0.,0.));
#991 = ADVANCED_FACE('',(#992,#1003),#1006,.T.);
#992 = FACE_BOUND('',#993,.T.);
#993 = EDGE_LOOP('',(#994));
#994 = ORIENTED_EDGE('',*,*,#995,.T.);
#995 = EDGE_CURVE('',#996,#996,#998,.T.);
#996 = VERTEX_POINT('',#997);
#997 = CARTESIAN_POINT('',(3.457490909091,-1.476571984364E-15,
    16.127490909091));
#998 = CIRCLE('',#999,3.477340909091);
#999 = AXIS2_PLACEMENT_3D('',#1000,#1001,#1002);
#1000 = CARTESIAN_POINT('',(-1.985E-02,-1.050720542978E-15,
    16.127490909091));
#1001 = DIRECTION('',(0.,-2.832769448824E-16,1.));
#1002 = DIRECTION('',(1.,0.,0.));
#1003 = FACE_BOUND('',#1004,.T.);
#1004 = EDGE_LOOP('',(#1005));
#1005 = ORIENTED_EDGE('',*,*,#971,.F.);
#1006 = PLANE('',#1007);
#1007 = AXIS2_PLACEMENT_3D('',#1008,#1009,#1010);
#1008 = CARTESIAN_POINT('',(-1.985E-02,-1.050720542978E-15,
    16.127490909091));
#1009 = DIRECTION('',(0.,-2.832769448824E-16,1.));
#1010 = DIRECTION('',(1.,0.,0.));
#1011 = ADVANCED_FACE('',(#1012),#1030,.T.);
#1012 = FACE_BOUND('',#1013,.T.);
#1013 = EDGE_LOOP('',(#1014,#1023,#1028,#1029));
#1014 = ORIENTED_EDGE('',*,*,#1015,.T.);
#1015 = EDGE_CURVE('',#1016,#1016,#1018,.T.);
#1016 = VERTEX_POINT('',#1017);
#1017 = CARTESIAN_POINT('',(4.152959090909,-1.364732170833E-15,
    15.432022727273));
#1018 = CIRCLE('',#1019,4.172809090909);
#1019 = AXIS2_PLACEMENT_3D('',#1020,#1021,#1022);
#1020 = CARTESIAN_POINT('',(-1.985E-02,-8.537104411696E-16,
    15.432022727273));
#1021 = DIRECTION('',(0.,-2.832769448824E-16,1.));
#1022 = DIRECTION('',(1.,0.,0.));
#1023 = ORIENTED_EDGE('',*,*,#1024,.F.);
#1024 = EDGE_CURVE('',#996,#1016,#1025,.T.);
#1025 = B_SPLINE_CURVE_WITH_KNOTS('',1,(#1026,#1027),.UNSPECIFIED.,.F.,
  .F.,(2,2),(-0.53033008589,0.53033008589),.PIECEWISE_BEZIER_KNOTS.);
#1026 = CARTESIAN_POINT('',(3.457490909091,2.268337811807E-16,
    16.127490909091));
#1027 = CARTESIAN_POINT('',(4.152959090909,6.793547478208E-16,
    15.432022727273));
#1028 = ORIENTED_EDGE('',*,*,#995,.F.);
#1029 = ORIENTED_EDGE('',*,*,#1024,.T.);
#1030 = CONICAL_SURFACE('',#1031,3.825075,0.785398163397);
#1031 = AXIS2_PLACEMENT_3D('',#1032,#1033,#1034);
#1032 = CARTESIAN_POINT('',(-1.985E-02,-9.522154920738E-16,
    15.779756818182));
#1033 = DIRECTION('',(0.,2.832769448824E-16,-1.));
#1034 = DIRECTION('',(-1.,0.,-0.));
#1035 = ADVANCED_FACE('',(#1036),#1054,.T.);
#1036 = FACE_BOUND('',#1037,.T.);
#1037 = EDGE_LOOP('',(#1038,#1039,#1046,#1053));
#1038 = ORIENTED_EDGE('',*,*,#1015,.F.);
#1039 = ORIENTED_EDGE('',*,*,#1040,.F.);
#1040 = EDGE_CURVE('',#1041,#1016,#1043,.T.);
#1041 = VERTEX_POINT('',#1042);
#1042 = CARTESIAN_POINT('',(4.152959090909,-1.325330150471E-15,
    15.292929090909));
#1043 = B_SPLINE_CURVE_WITH_KNOTS('',1,(#1044,#1045),.UNSPECIFIED.,.F.,
  .F.,(2,2),(0.,0.15),.PIECEWISE_BEZIER_KNOTS.);
#1044 = CARTESIAN_POINT('',(4.152959090909,-1.836351880135E-15,
    15.292929090909));
#1045 = CARTESIAN_POINT('',(4.152959090909,-1.875753900497E-15,
    15.432022727273));
#1046 = ORIENTED_EDGE('',*,*,#1047,.T.);
#1047 = EDGE_CURVE('',#1041,#1041,#1048,.T.);
#1048 = CIRCLE('',#1049,4.172809090909);
#1049 = AXIS2_PLACEMENT_3D('',#1050,#1051,#1052);
#1050 = CARTESIAN_POINT('',(-1.985E-02,-8.143084208079E-16,
    15.292929090909));
#1051 = DIRECTION('',(0.,-2.832769448824E-16,1.));
#1052 = DIRECTION('',(1.,0.,0.));
#1053 = ORIENTED_EDGE('',*,*,#1040,.T.);
#1054 = CYLINDRICAL_SURFACE('',#1055,4.172809090909);
#1055 = AXIS2_PLACEMENT_3D('',#1056,#1057,#1058);
#1056 = CARTESIAN_POINT('',(-1.985E-02,-8.143084208079E-16,
    15.292929090909));
#1057 = DIRECTION('',(0.,-2.832769448824E-16,1.));
#1058 = DIRECTION('',(1.,0.,0.));
#1059 = ADVANCED_FACE('',(#1060,#1071),#1074,.T.);
#1060 = FACE_BOUND('',#1061,.T.);
#1061 = EDGE_LOOP('',(#1062));
#1062 = ORIENTED_EDGE('',*,*,#1063,.T.);
#1063 = EDGE_CURVE('',#1064,#1064,#1066,.T.);
#1064 = VERTEX_POINT('',#1065);
#1065 = CARTESIAN_POINT('',(4.523875454545,-1.370754304219E-15,
    15.292929090909));
#1066 = CIRCLE('',#1067,4.543725454545);
#1067 = AXIS2_PLACEMENT_3D('',#1068,#1069,#1070);
#1068 = CARTESIAN_POINT('',(-1.985E-02,-8.143084208079E-16,
    15.292929090909));
#1069 = DIRECTION('',(0.,-2.832769448824E-16,1.));
#1070 = DIRECTION('',(1.,0.,0.));
#1071 = FACE_BOUND('',#1072,.T.);
#1072 = EDGE_LOOP('',(#1073));
#1073 = ORIENTED_EDGE('',*,*,#1047,.F.);
#1074 = PLANE('',#1075);
#1075 = AXIS2_PLACEMENT_3D('',#1076,#1077,#1078);
#1076 = CARTESIAN_POINT('',(-1.985E-02,-8.143084208079E-16,
    15.292929090909));
#1077 = DIRECTION('',(0.,-2.832769448824E-16,1.));
#1078 = DIRECTION('',(1.,0.,0.));
#1079 = ADVANCED_FACE('',(#1080),#1103,.T.);
#1080 = FACE_BOUND('',#1081,.T.);
#1081 = EDGE_LOOP('',(#1082,#1091,#1101,#1102));
#1082 = ORIENTED_EDGE('',*,*,#1083,.T.);
#1083 = EDGE_CURVE('',#1084,#1084,#1086,.T.);
#1084 = VERTEX_POINT('',#1085);
#1085 = CARTESIAN_POINT('',(4.616604545455,-1.355842329082E-15,15.2002)
  );
#1086 = CIRCLE('',#1087,4.636454545455);
#1087 = AXIS2_PLACEMENT_3D('',#1088,#1089,#1090);
#1088 = CARTESIAN_POINT('',(-1.985E-02,-7.880404072335E-16,15.2002));
#1089 = DIRECTION('',(0.,-2.832769448824E-16,1.));
#1090 = DIRECTION('',(1.,0.,0.));
#1091 = ORIENTED_EDGE('',*,*,#1092,.T.);
#1092 = EDGE_CURVE('',#1084,#1064,#1093,.T.);
#1093 = ( BOUNDED_CURVE() B_SPLINE_CURVE(6,(#1094,#1095,#1096,#1097,
#1098,#1099,#1100),.UNSPECIFIED.,.F.,.F.) B_SPLINE_CURVE_WITH_KNOTS((7,7
),(0.,1.570796326795),.PIECEWISE_BEZIER_KNOTS.) CURVE() 
GEOMETRIC_REPRESENTATION_ITEM() RATIONAL_B_SPLINE_CURVE((1.031393471788,
    1.010025407661,0.997924642725,0.993958444137,0.997924642725,
1.010025407661,1.031393471788)) REPRESENTATION_ITEM('') );
#1094 = CARTESIAN_POINT('',(4.616604545455,-7.880404072335E-16,15.2002)
  );
#1095 = CARTESIAN_POINT('',(4.616604545455,-7.950628134823E-16,
    15.224989896868));
#1096 = CARTESIAN_POINT('',(4.608722169297,-8.019022631814E-16,
    15.2491339362));
#1097 = CARTESIAN_POINT('',(4.593600267442,-8.077918392132E-16,
    15.269924812896));
#1098 = CARTESIAN_POINT('',(4.572809390746,-8.120755253716E-16,
    15.285046714752));
#1099 = CARTESIAN_POINT('',(4.548665351414,-8.143084208079E-16,
    15.292929090909));
#1100 = CARTESIAN_POINT('',(4.523875454545,-8.143084208079E-16,
    15.292929090909));
#1101 = ORIENTED_EDGE('',*,*,#1063,.F.);
#1102 = ORIENTED_EDGE('',*,*,#1092,.F.);
#1103 = TOROIDAL_SURFACE('',#1104,4.543725454545,9.272909090909E-02);
#1104 = AXIS2_PLACEMENT_3D('',#1105,#1106,#1107);
#1105 = CARTESIAN_POINT('',(-1.985E-02,-7.880404072335E-16,15.2002));
#1106 = DIRECTION('',(0.,-2.832769448824E-16,1.));
#1107 = DIRECTION('',(1.,-1.078520768857E-33,-3.05520068394E-49));
#1108 = ADVANCED_FACE('',(#1109),#1127,.T.);
#1109 = FACE_BOUND('',#1110,.T.);
#1110 = EDGE_LOOP('',(#1111,#1112,#1119,#1126));
#1111 = ORIENTED_EDGE('',*,*,#1083,.F.);
#1112 = ORIENTED_EDGE('',*,*,#1113,.F.);
#1113 = EDGE_CURVE('',#1114,#1084,#1116,.T.);
#1114 = VERTEX_POINT('',#1115);
#1115 = CARTESIAN_POINT('',(4.616604545455,-5.678019218483E-16,
    12.418327272727));
#1116 = B_SPLINE_CURVE_WITH_KNOTS('',1,(#1117,#1118),.UNSPECIFIED.,.F.,
  .F.,(2,2),(0.,3.),.PIECEWISE_BEZIER_KNOTS.);
#1117 = CARTESIAN_POINT('',(4.616604545455,-1.135603843697E-15,
    12.418327272727));
#1118 = CARTESIAN_POINT('',(4.616604545455,-1.92364425093E-15,15.2002));
#1119 = ORIENTED_EDGE('',*,*,#1120,.T.);
#1120 = EDGE_CURVE('',#1114,#1114,#1121,.T.);
#1121 = CIRCLE('',#1122,4.636454545455);
#1122 = AXIS2_PLACEMENT_3D('',#1123,#1124,#1125);
#1123 = CARTESIAN_POINT('',(-1.985E-02,0.,12.418327272727));
#1124 = DIRECTION('',(0.,-2.832769448824E-16,1.));
#1125 = DIRECTION('',(1.,0.,0.));
#1126 = ORIENTED_EDGE('',*,*,#1113,.T.);
#1127 = CYLINDRICAL_SURFACE('',#1128,4.636454545455);
#1128 = AXIS2_PLACEMENT_3D('',#1129,#1130,#1131);
#1129 = CARTESIAN_POINT('',(-1.985E-02,0.,12.418327272727));
#1130 = DIRECTION('',(0.,-2.832769448824E-16,1.));
#1131 = DIRECTION('',(1.,0.,0.));
#1132 = ADVANCED_FACE('',(#1133,#1136),#1263,.F.);
#1133 = FACE_BOUND('',#1134,.T.);
#1134 = EDGE_LOOP('',(#1135));
#1135 = ORIENTED_EDGE('',*,*,#1120,.F.);
#1136 = FACE_BOUND('',#1137,.T.);
#1137 = EDGE_LOOP('',(#1138,#1196,#1204,#1213,#1221,#1230,#1238,#1247));
#1138 = ORIENTED_EDGE('',*,*,#1139,.F.);
#1139 = EDGE_CURVE('',#1140,#1142,#1144,.T.);
#1140 = VERTEX_POINT('',#1141);
#1141 = CARTESIAN_POINT('',(3.457490909091,-4.258514419673E-16,
    12.418327275344));
#1142 = VERTEX_POINT('',#1143);
#1143 = CARTESIAN_POINT('',(2.547716689215,-2.234065041316,
    12.418327272727));
#1144 = B_SPLINE_CURVE_WITH_KNOTS('',3,(#1145,#1146,#1147,#1148,#1149,
    #1150,#1151,#1152,#1153,#1154,#1155,#1156,#1157,#1158,#1159,#1160,
    #1161,#1162,#1163,#1164,#1165,#1166,#1167,#1168,#1169,#1170,#1171,
    #1172,#1173,#1174,#1175,#1176,#1177,#1178,#1179,#1180,#1181,#1182,
    #1183,#1184,#1185,#1186,#1187,#1188,#1189,#1190,#1191,#1192,#1193,
    #1194,#1195),.UNSPECIFIED.,.F.,.F.,(4,1,1,1,1,1,1,1,1,1,1,1,1,1,1,1,
    1,1,1,1,1,1,1,1,1,1,1,1,1,1,1,1,1,1,1,1,1,1,1,1,1,1,1,1,1,1,1,1,4),(
    0.,3.917013781943E-02,7.815949114721E-02,8.354725555521E-02,
    0.116970730396,0.155443926681,0.193747285065,0.231569756588,
    0.250419596847,0.269075920093,0.30611380063,0.342998260172,
    0.37917253963,0.414422633229,0.414792127088,0.449454848304,
    0.483720547159,0.516927808154,0.549479195624,0.571866842516,
    0.581118764104,0.612505894988,0.642681518619,0.671898087159,
    0.699449894807,0.718978860676,0.726292009202,0.751277891204,
    0.775110246447,0.797343084531,0.819121893807,0.839239613328,
    0.850208495261,0.858148253245,0.875079279942,0.89124927021,
    0.905531105175,0.91869346385,0.93038801637,0.941736549486,
    0.947556640248,0.952050070109,0.961673921187,0.970257349544,
    0.978488819822,0.986017621476,0.991930489422,0.993189348549,1.),
  .UNSPECIFIED.);
#1145 = CARTESIAN_POINT('',(3.457490909091,-4.258514415966E-16,
    12.418327274036));
#1146 = CARTESIAN_POINT('',(3.457491054154,-3.233435664723E-02,
    12.418327272999));
#1147 = CARTESIAN_POINT('',(3.456547087276,-9.686823999937E-02,
    12.418327272437));
#1148 = CARTESIAN_POINT('',(3.453523571931,-0.165817867015,12.4183272729
    ));
#1149 = CARTESIAN_POINT('',(3.44964267138,-0.229974165586,
    12.418327272657));
#1150 = CARTESIAN_POINT('',(3.444862110268,-0.293656736186,
    12.418327272635));
#1151 = CARTESIAN_POINT('',(3.435602835183,-0.384268984769,
    12.418327272812));
#1152 = CARTESIAN_POINT('',(3.423265703914,-0.478200467281,
    12.418327272668));
#1153 = CARTESIAN_POINT('',(3.410820998734,-0.555733975826,
    12.418327272796));
#1154 = CARTESIAN_POINT('',(3.39964389978,-0.61700338642,12.418327272593
    ));
#1155 = CARTESIAN_POINT('',(3.387728977154,-0.677474263413,
    12.418327272875));
#1156 = CARTESIAN_POINT('',(3.371359058465,-0.752255750695,
    12.418327272594));
#1157 = CARTESIAN_POINT('',(3.349420210065,-0.840610311732,
    12.418327272879));
#1158 = CARTESIAN_POINT('',(3.325447126994,-0.92689526317,
    12.418327272716));
#1159 = CARTESIAN_POINT('',(3.308015875597,-0.983632328696,
    12.418327272366));
#1160 = CARTESIAN_POINT('',(3.290204117996,-1.038929068708,
    12.418327273252));
#1161 = CARTESIAN_POINT('',(3.27191700157,-1.093212750876,
    12.418327272299));
#1162 = CARTESIAN_POINT('',(3.242875577969,-1.172466537484,
    12.418327273013));
#1163 = CARTESIAN_POINT('',(3.212443442336,-1.249306489292,
    12.418327272583));
#1164 = CARTESIAN_POINT('',(3.183924209138,-1.316310731377,
    12.418327272829));
#1165 = CARTESIAN_POINT('',(3.162125766703,-1.364645958324,
    12.41832727242));
#1166 = CARTESIAN_POINT('',(3.14014212809,-1.411834164355,
    12.418327273117));
#1167 = CARTESIAN_POINT('',(3.114605232248,-1.464456775942,
    12.418327272275));
#1168 = CARTESIAN_POINT('',(3.080248865585,-1.531103741938,
    12.418327273123));
#1169 = CARTESIAN_POINT('',(3.045850043157,-1.594147387192,
    12.418327272372));
#1170 = CARTESIAN_POINT('',(3.014410544083,-1.648779032629,
    12.418327272809));
#1171 = CARTESIAN_POINT('',(2.991254435978,-1.687299511075,
    12.418327272317));
#1172 = CARTESIAN_POINT('',(2.96878663049,-1.723762504386,
    12.418327273291));
#1173 = CARTESIAN_POINT('',(2.943926233013,-1.762935846481,
    12.418327272753));
#1174 = CARTESIAN_POINT('',(2.911444037781,-1.811886712489,
    12.418327273092));
#1175 = CARTESIAN_POINT('',(2.879506044977,-1.858030505981,
    12.41832727241));
#1176 = CARTESIAN_POINT('',(2.848472945456,-1.901084337106,
    12.418327272315));
#1177 = CARTESIAN_POINT('',(2.822231042303,-1.936093286982,
    12.418327272964));
#1178 = CARTESIAN_POINT('',(2.802496957812,-1.961651166541,
    12.418327272761));
#1179 = CARTESIAN_POINT('',(2.784171502726,-1.984954605562,
    12.418327272472));
#1180 = CARTESIAN_POINT('',(2.762880200472,-2.011379162766,
    12.418327273154));
#1181 = CARTESIAN_POINT('',(2.737821530128,-2.041455720568,
    12.418327272623));
#1182 = CARTESIAN_POINT('',(2.714332782965,-2.068755942389,
    12.41832727277));
#1183 = CARTESIAN_POINT('',(2.692892703474,-2.092926385308,
    12.418327272722));
#1184 = CARTESIAN_POINT('',(2.672735495478,-2.114991759018,
    12.418327272716));
#1185 = CARTESIAN_POINT('',(2.656407557544,-2.132348811386,
    12.418327272768));
#1186 = CARTESIAN_POINT('',(2.643998818895,-2.145227096852,
    12.418327272661));
#1187 = CARTESIAN_POINT('',(2.632488414944,-2.156991566372,
    12.418327272766));
#1188 = CARTESIAN_POINT('',(2.619237435758,-2.170240439448,12.4183272727
    ));
#1189 = CARTESIAN_POINT('',(2.603553760179,-2.185421496574,
    12.418327272781));
#1190 = CARTESIAN_POINT('',(2.588862624558,-2.199151689676,
    12.418327272714));
#1191 = CARTESIAN_POINT('',(2.57553481498,-2.211117241023,12.41832727273
    ));
#1192 = CARTESIAN_POINT('',(2.566311384406,-2.219040746263,
    12.418327272727));
#1193 = CARTESIAN_POINT('',(2.557419497479,-2.226447840407,
    12.418327272727));
#1194 = CARTESIAN_POINT('',(2.552202169011,-2.230628680282,
    12.418327272727));
#1195 = CARTESIAN_POINT('',(2.547716689215,-2.234065041316,
    12.418327272727));
#1196 = ORIENTED_EDGE('',*,*,#1197,.F.);
#1197 = EDGE_CURVE('',#1198,#1140,#1200,.T.);
#1198 = VERTEX_POINT('',#1199);
#1199 = CARTESIAN_POINT('',(3.225668181818,3.974613452938E-16,
    12.418327272727));
#1200 = LINE('',#1201,#1202);
#1201 = CARTESIAN_POINT('',(3.225668181818,-3.974613452938E-16,
    12.418327272727));
#1202 = VECTOR('',#1203,1.);
#1203 = DIRECTION('',(1.,-1.224646799147E-16,-3.469142038225E-32));
#1204 = ORIENTED_EDGE('',*,*,#1205,.F.);
#1205 = EDGE_CURVE('',#1206,#1198,#1208,.T.);
#1206 = VERTEX_POINT('',#1207);
#1207 = CARTESIAN_POINT('',(1.184736225957,3.013695454545,
    12.418327272727));
#1208 = CIRCLE('',#1209,3.245518181818);
#1209 = AXIS2_PLACEMENT_3D('',#1210,#1211,#1212);
#1210 = CARTESIAN_POINT('',(-1.985E-02,0.,12.418327272727));
#1211 = DIRECTION('',(-1.232595164408E-32,2.832769448824E-16,-1.));
#1212 = DIRECTION('',(0.371153744479,0.928571428571,2.630428773908E-16)
  );
#1213 = ORIENTED_EDGE('',*,*,#1214,.T.);
#1214 = EDGE_CURVE('',#1206,#1215,#1217,.T.);
#1215 = VERTEX_POINT('',#1216);
#1216 = CARTESIAN_POINT('',(-1.224436225957,3.013695454545,
    12.418327272727));
#1217 = LINE('',#1218,#1219);
#1218 = CARTESIAN_POINT('',(1.184736225957,3.013695454545,
    12.418327272727));
#1219 = VECTOR('',#1220,1.);
#1220 = DIRECTION('',(-1.,-0.,0.));
#1221 = ORIENTED_EDGE('',*,*,#1222,.F.);
#1222 = EDGE_CURVE('',#1223,#1215,#1225,.T.);
#1223 = VERTEX_POINT('',#1224);
#1224 = CARTESIAN_POINT('',(-1.224436225957,-3.013695454545,
    12.418327272727));
#1225 = CIRCLE('',#1226,3.245518181818);
#1226 = AXIS2_PLACEMENT_3D('',#1227,#1228,#1229);
#1227 = CARTESIAN_POINT('',(-1.985E-02,0.,12.418327272727));
#1228 = DIRECTION('',(-1.232595164408E-32,2.832769448824E-16,-1.));
#1229 = DIRECTION('',(-0.371153744479,-0.928571428571,
    -2.630428773908E-16));
#1230 = ORIENTED_EDGE('',*,*,#1231,.T.);
#1231 = EDGE_CURVE('',#1223,#1232,#1234,.T.);
#1232 = VERTEX_POINT('',#1233);
#1233 = CARTESIAN_POINT('',(1.184736225957,-3.013695454545,
    12.418327272727));
#1234 = LINE('',#1235,#1236);
#1235 = CARTESIAN_POINT('',(-1.224436225957,-3.013695454545,
    12.418327272727));
#1236 = VECTOR('',#1237,1.);
#1237 = DIRECTION('',(1.,0.,0.));
#1238 = ORIENTED_EDGE('',*,*,#1239,.F.);
#1239 = EDGE_CURVE('',#1240,#1232,#1242,.T.);
#1240 = VERTEX_POINT('',#1241);
#1241 = CARTESIAN_POINT('',(1.88781772332,-2.625679364644,
    12.418327272727));
#1242 = CIRCLE('',#1243,3.245518181818);
#1243 = AXIS2_PLACEMENT_3D('',#1244,#1245,#1246);
#1244 = CARTESIAN_POINT('',(-1.985E-02,0.,12.418327272727));
#1245 = DIRECTION('',(2.465190328816E-32,2.832769448824E-16,-1.));
#1246 = DIRECTION('',(0.587785252292,-0.809016994375,-2.291758625245E-16
    ));
#1247 = ORIENTED_EDGE('',*,*,#1248,.F.);
#1248 = EDGE_CURVE('',#1142,#1240,#1249,.T.);
#1249 = B_SPLINE_CURVE_WITH_KNOTS('',3,(#1250,#1251,#1252,#1253,#1254,
    #1255,#1256,#1257,#1258,#1259,#1260,#1261,#1262),.UNSPECIFIED.,.F.,
  .F.,(4,1,1,1,1,1,1,1,1,1,4),(0.,0.104013691932,0.208026388375,
    0.312039388512,0.416053490369,0.520067082655,0.624085638953,
    0.728101877385,0.818735132469,0.916062456386,1.),.UNSPECIFIED.);
#1250 = CARTESIAN_POINT('',(2.547716689215,-2.234065041316,
    12.418327272727));
#1251 = CARTESIAN_POINT('',(2.526530170426,-2.25025852909,
    12.418327272727));
#1252 = CARTESIAN_POINT('',(2.483768588642,-2.282138045814,
    12.418327272727));
#1253 = CARTESIAN_POINT('',(2.418493333148,-2.328400118767,
    12.418327272727));
#1254 = CARTESIAN_POINT('',(2.352118253681,-2.373069465546,
    12.418327272727));
#1255 = CARTESIAN_POINT('',(2.28467693475,-2.416111916167,
    12.418327272727));
#1256 = CARTESIAN_POINT('',(2.216202500262,-2.457494569825,
    12.418327272727));
#1257 = CARTESIAN_POINT('',(2.146731882812,-2.497183323314,
    12.418327272727));
#1258 = CARTESIAN_POINT('',(2.079322250282,-2.533517395892,
    12.418327272727));
#1259 = CARTESIAN_POINT('',(2.012617430136,-2.567496966492,
    12.418327272727));
#1260 = CARTESIAN_POINT('',(1.949802537194,-2.597732761903,
    12.418327272727));
#1261 = CARTESIAN_POINT('',(1.907496695464,-2.616970730609,
    12.418327272727));
#1262 = CARTESIAN_POINT('',(1.88781772332,-2.625679364644,
    12.418327272727));
#1263 = PLANE('',#1264);
#1264 = AXIS2_PLACEMENT_3D('',#1265,#1266,#1267);
#1265 = CARTESIAN_POINT('',(-1.985E-02,0.,12.418327272727));
#1266 = DIRECTION('',(0.,-2.832769448824E-16,1.));
#1267 = DIRECTION('',(1.,0.,0.));
#1268 = ADVANCED_FACE('',(#1269),#1362,.T.);
#1269 = FACE_BOUND('',#1270,.T.);
#1270 = EDGE_LOOP('',(#1271,#1324,#1343,#1350,#1351));
#1271 = ORIENTED_EDGE('',*,*,#1272,.F.);
#1272 = EDGE_CURVE('',#1273,#1275,#1277,.T.);
#1273 = VERTEX_POINT('',#1274);
#1274 = CARTESIAN_POINT('',(1.184736224499,-3.183145824518,
    12.181569966357));
#1275 = VERTEX_POINT('',#1276);
#1276 = CARTESIAN_POINT('',(1.184736224499,-3.183145824518,
    12.357698789903));
#1277 = B_SPLINE_CURVE_WITH_KNOTS('',3,(#1278,#1279,#1280,#1281,#1282,
    #1283,#1284,#1285,#1286,#1287,#1288,#1289,#1290,#1291,#1292,#1293,
    #1294,#1295,#1296,#1297,#1298,#1299,#1300,#1301,#1302,#1303,#1304,
    #1305,#1306,#1307,#1308,#1309,#1310,#1311,#1312,#1313,#1314,#1315,
    #1316,#1317,#1318,#1319,#1320,#1321,#1322,#1323),.UNSPECIFIED.,.F.,
  .F.,(4,1,1,1,1,1,1,1,1,1,1,1,1,1,1,1,1,1,1,1,1,1,1,1,1,1,1,1,1,1,1,1,1
    ,1,1,1,1,1,1,1,1,1,1,4),(0.,2.171735746286E-02,6.497689415924E-02,
    8.619592670532E-02,0.107994126237,0.150737280348,0.171616814457,
    0.193170943749,0.235284127777,0.255872448469,0.277091114186,
    0.318618953737,0.339042524497,0.359912572934,0.401025648383,
    0.4077951974,0.442016218383,0.47618180229,0.482958456206,
    0.497822250205,0.523895484201,0.544505594507,0.564809635036,
    0.605630181619,0.626503973478,0.646163671518,0.668407637481,
    0.672583275294,0.677655585991,0.686588524535,0.701615200362,
    0.708311561637,0.731651280355,0.773597981519,0.789202160231,
    0.815385806453,0.856539440311,0.861353018665,0.896113132787,
    0.920161383304,0.931373874444,0.946657970677,0.984171632277,1.),
  .UNSPECIFIED.);
#1278 = CARTESIAN_POINT('',(1.184736225228,-3.183145824242,
    12.181569966385));
#1279 = CARTESIAN_POINT('',(1.184736225615,-3.184984828465,
    12.181849555013));
#1280 = CARTESIAN_POINT('',(1.184736226286,-3.190466430906,
    12.182839409334));
#1281 = CARTESIAN_POINT('',(1.184736225905,-3.197618298662,
    12.184756676925));
#1282 = CARTESIAN_POINT('',(1.184736225966,-3.204581952675,
    12.187268086792));
#1283 = CARTESIAN_POINT('',(1.184736225951,-3.211350950501,
    12.190152265761));
#1284 = CARTESIAN_POINT('',(1.184736225958,-3.217827797442,
    12.193596358413));
#1285 = CARTESIAN_POINT('',(1.184736225956,-3.22395688487,
    12.197570891851));
#1286 = CARTESIAN_POINT('',(1.184736225957,-3.229801586047,
    12.201865541236));
#1287 = CARTESIAN_POINT('',(1.184736225957,-3.235231156771,
    12.206651029603));
#1288 = CARTESIAN_POINT('',(1.184736225957,-3.2401848381,12.211873931162
    ));
#1289 = CARTESIAN_POINT('',(1.184736225957,-3.244783603823,
    12.217348252163));
#1290 = CARTESIAN_POINT('',(1.184736225957,-3.248860397394,
    12.223216196429));
#1291 = CARTESIAN_POINT('',(1.184736225957,-3.252360371396,
    12.229398741746));
#1292 = CARTESIAN_POINT('',(1.184736225957,-3.255456453944,
    12.235754745438));
#1293 = CARTESIAN_POINT('',(1.184736225957,-3.257535611071,
    12.241283810902));
#1294 = CARTESIAN_POINT('',(1.184736225956,-3.259525833554,
    12.248037323086));
#1295 = CARTESIAN_POINT('',(1.184736225961,-3.260959013859,
    12.254329892712));
#1296 = CARTESIAN_POINT('',(1.184736225946,-3.261724677005,
    12.260738434763));
#1297 = CARTESIAN_POINT('',(1.184736225967,-3.261992610452,
    12.265516571297));
#1298 = CARTESIAN_POINT('',(1.184736225829,-3.262085906579,
    12.269608063809));
#1299 = CARTESIAN_POINT('',(1.184736226739,-3.261874755149,
    12.274885888879));
#1300 = CARTESIAN_POINT('',(1.18473622376,-3.261236447623,12.28059731774
    ));
#1301 = CARTESIAN_POINT('',(1.184736227241,-3.260026233793,
    12.287503633274));
#1302 = CARTESIAN_POINT('',(1.184736225745,-3.258175280084,
    12.294300837645));
#1303 = CARTESIAN_POINT('',(1.184736225994,-3.255731242073,
    12.300838608689));
#1304 = CARTESIAN_POINT('',(1.184736225945,-3.25354769007,
    12.305760889208));
#1305 = CARTESIAN_POINT('',(1.184736225957,-3.251726571425,
    12.309269512647));
#1306 = CARTESIAN_POINT('',(1.184736225957,-3.250391945552,
    12.311617076473));
#1307 = CARTESIAN_POINT('',(1.184736225957,-3.249603418744,
    12.31296200504));
#1308 = CARTESIAN_POINT('',(1.184736225957,-3.248301174525,
    12.315083992882));
#1309 = CARTESIAN_POINT('',(1.184736225957,-3.246849831862,
    12.317276544516));
#1310 = CARTESIAN_POINT('',(1.184736225957,-3.244618587209,
    12.320431395896));
#1311 = CARTESIAN_POINT('',(1.184736225957,-3.240842173495,
    12.325316878061));
#1312 = CARTESIAN_POINT('',(1.184736225957,-3.236110322412,
    12.330404043292));
#1313 = CARTESIAN_POINT('',(1.184736225957,-3.23082141082,
    12.335262484955));
#1314 = CARTESIAN_POINT('',(1.184736225957,-3.225317367071,
    12.339772416452));
#1315 = CARTESIAN_POINT('',(1.184736225957,-3.220191764016,12.3432529339
    ));
#1316 = CARTESIAN_POINT('',(1.184736225957,-3.214242025348,
    12.346789662486));
#1317 = CARTESIAN_POINT('',(1.184736225958,-3.209410647552,
    12.349333233656));
#1318 = CARTESIAN_POINT('',(1.184736225953,-3.203899001894,
    12.351720837224));
#1319 = CARTESIAN_POINT('',(1.184736225963,-3.199848105674,
    12.353262730977));
#1320 = CARTESIAN_POINT('',(1.1847362259,-3.194654549948,12.355041250442
    ));
#1321 = CARTESIAN_POINT('',(1.184736226369,-3.18896640319,
    12.356572095887));
#1322 = CARTESIAN_POINT('',(1.184736225601,-3.184481223159,
    12.357461527598));
#1323 = CARTESIAN_POINT('',(1.184736225228,-3.183145824242,
    12.357698789931));
#1324 = ORIENTED_EDGE('',*,*,#1325,.F.);
#1325 = EDGE_CURVE('',#1326,#1273,#1328,.T.);
#1326 = VERTEX_POINT('',#1327);
#1327 = CARTESIAN_POINT('',(3.383596093652,-3.972477089461E-16,
    12.330262860954));
#1328 = B_SPLINE_CURVE_WITH_KNOTS('',3,(#1329,#1330,#1331,#1332,#1333,
    #1334,#1335,#1336,#1337,#1338,#1339,#1340,#1341,#1342),
  .UNSPECIFIED.,.F.,.F.,(4,1,1,1,1,1,1,1,1,1,1,4),(0.,9.090909090909E-02
    ,0.181818181818,0.272727272727,0.363636363636,0.454545454545,
    0.545454545455,0.636363636364,0.727272727273,0.818181818182,
    0.909090909091,1.),.UNSPECIFIED.);
#1329 = CARTESIAN_POINT('',(3.383596093652,-3.972477089461E-16,
    12.330262860954));
#1330 = CARTESIAN_POINT('',(3.383596093652,-0.124692480572,
    12.325757015663));
#1331 = CARTESIAN_POINT('',(3.369877168972,-0.374077091001,
    12.316745325082));
#1332 = CARTESIAN_POINT('',(3.308390355165,-0.743639793313,
    12.303227789209));
#1333 = CARTESIAN_POINT('',(3.206737159204,-1.104227912104,
    12.289710253337));
#1334 = CARTESIAN_POINT('',(3.066144367788,-1.451489837977,
    12.276192717464));
#1335 = CARTESIAN_POINT('',(2.888308704593,-1.781234665489,
    12.262675181592));
#1336 = CARTESIAN_POINT('',(2.675376352859,-2.089482924432,
    12.249157645719));
#1337 = CARTESIAN_POINT('',(2.429917057265,-2.372514563266,
    12.235640109847));
#1338 = CARTESIAN_POINT('',(2.154893101016,-2.626913858958,
    12.222122573974));
#1339 = CARTESIAN_POINT('',(1.853623594477,-2.849610621602,
    12.208605038102));
#1340 = CARTESIAN_POINT('',(1.529744275243,-3.037917301741,
    12.195087502229));
#1341 = CARTESIAN_POINT('',(1.301357536534,-3.139013248222,
    12.186075811648));
#1342 = CARTESIAN_POINT('',(1.184736224499,-3.183145824518,
    12.181569966357));
#1343 = ORIENTED_EDGE('',*,*,#1344,.T.);
#1344 = EDGE_CURVE('',#1326,#1140,#1345,.T.);
#1345 = CIRCLE('',#1346,8.942294727443E-02);
#1346 = AXIS2_PLACEMENT_3D('',#1347,#1348,#1349);
#1347 = CARTESIAN_POINT('',(3.368067961816,-4.149002887712E-16,
    12.418327272727));
#1348 = DIRECTION('',(-1.224646799147E-16,-1.,-2.22044604925E-16));
#1349 = DIRECTION('',(0.173648177667,1.974054799489E-16,-0.984807753012)
  );
#1350 = ORIENTED_EDGE('',*,*,#1139,.T.);
#1351 = ORIENTED_EDGE('',*,*,#1352,.T.);
#1352 = EDGE_CURVE('',#1142,#1275,#1353,.T.);
#1353 = B_SPLINE_CURVE_WITH_KNOTS('',3,(#1354,#1355,#1356,#1357,#1358,
    #1359,#1360,#1361),.UNSPECIFIED.,.F.,.F.,(4,1,1,1,1,4),(0.,0.2,0.4,
    0.6,0.8,1.),.QUASI_UNIFORM_KNOTS.);
#1354 = CARTESIAN_POINT('',(2.547716689215,-2.234065041316,
    12.418327272727));
#1355 = CARTESIAN_POINT('',(2.474294662821,-2.318447521565,
    12.414285373872));
#1356 = CARTESIAN_POINT('',(2.319124370988,-2.479967468941,
    12.406201576162));
#1357 = CARTESIAN_POINT('',(2.063650448908,-2.698159679714,
    12.394075879598));
#1358 = CARTESIAN_POINT('',(1.787939601733,-2.890144725391,
    12.381950183033));
#1359 = CARTESIAN_POINT('',(1.494669710495,-3.054057923757,
    12.369824486468));
#1360 = CARTESIAN_POINT('',(1.289349569421,-3.143557379269,
    12.361740688758));
#1361 = CARTESIAN_POINT('',(1.184736224499,-3.183145824518,
    12.357698789903));
#1362 = ( BOUNDED_SURFACE() B_SPLINE_SURFACE(3,3,(
    (#1363,#1364,#1365,#1366,#1367,#1368,#1369,#1370,#1371,#1372,#1373
      ,#1374,#1375,#1376,#1377,#1378)
    ,(#1379,#1380,#1381,#1382,#1383,#1384,#1385,#1386,#1387,#1388,#1389
      ,#1390,#1391,#1392,#1393,#1394)
    ,(#1395,#1396,#1397,#1398,#1399,#1400,#1401,#1402,#1403,#1404,#1405
      ,#1406,#1407,#1408,#1409,#1410)
    ,(#1411,#1412,#1413,#1414,#1415,#1416,#1417,#1418,#1419,#1420,#1421
      ,#1422,#1423,#1424,#1425,#1426
)),.UNSPECIFIED.,.F.,.F.,.F.) B_SPLINE_SURFACE_WITH_KNOTS((4,4),(4,1,1,1
    ,1,1,1,1,1,1,1,1,1,4),(0.,2.792526803191),(0.,9.361959526878E-02,
    0.187239190538,0.280858785806,0.374478381075,0.468097976344,
    0.561717571613,0.655337166881,0.74895676215,0.842576357419,
    0.936195952688,1.029815547957,1.123435143225,1.217054738494),
.UNSPECIFIED.) GEOMETRIC_REPRESENTATION_ITEM() RATIONAL_B_SPLINE_SURFACE
((
    (1.,1.,1.,1.,1.,1.,1.,1.,1.,1.,1.,1.,1.,1.,1.,1.)
    ,(0.449098785111,0.449098785111,0.449098785111,0.449098785111
      ,0.449098785111,0.449098785111,0.449098785111,0.449098785111
      ,0.449098785111,0.449098785111,0.449098785111,0.449098785111
      ,0.449098785111,0.449098785111,0.449098785111,0.449098785111)
    ,(0.449098785111,0.449098785111,0.449098785111,0.449098785111
      ,0.449098785111,0.449098785111,0.449098785111,0.449098785111
      ,0.449098785111,0.449098785111,0.449098785111,0.449098785111
      ,0.449098785111,0.449098785111,0.449098785111,0.449098785111)
    ,(1.,1.,1.,1.,1.,1.,1.,1.,1.,1.,1.,1.,1.,1.,1.,1.
))) REPRESENTATION_ITEM('') SURFACE() );
#1363 = CARTESIAN_POINT('',(3.383596093652,-3.972477089461E-16,
    12.330262860954));
#1364 = CARTESIAN_POINT('',(3.383596093652,-0.106209748602,
    12.326424901413));
#1365 = CARTESIAN_POINT('',(3.3736455154,-0.318629088625,12.318748982329
    ));
#1366 = CARTESIAN_POINT('',(3.32899863743,-0.634467598323,
    12.307235103704));
#1367 = CARTESIAN_POINT('',(3.255021776446,-0.944749261741,
    12.29572122508));
#1368 = CARTESIAN_POINT('',(3.152362838731,-1.246756603904,
    12.284207346455));
#1369 = CARTESIAN_POINT('',(3.021920934767,-1.537844563882,
    12.27269346783));
#1370 = CARTESIAN_POINT('',(2.864838504596,-1.815463729769,
    12.261179589205));
#1371 = CARTESIAN_POINT('',(2.682491312158,-2.077182648507,
    12.24966571058));
#1372 = CARTESIAN_POINT('',(2.4764763957,-2.320709126191,12.238151831955
    ));
#1373 = CARTESIAN_POINT('',(2.248598081799,-2.543910301833,
    12.22663795333));
#1374 = CARTESIAN_POINT('',(2.000852178008,-2.744831329521,
    12.215124074705));
#1375 = CARTESIAN_POINT('',(1.735408510442,-2.921712492916,
    12.20361019608));
#1376 = CARTESIAN_POINT('',(1.4545918553,-3.073004641145,12.192096317455
    ));
#1377 = CARTESIAN_POINT('',(1.258771831234,-3.155923325397,
    12.184420398372));
#1378 = CARTESIAN_POINT('',(1.159138254849,-3.192715459812,
    12.180582438831));
#1379 = CARTESIAN_POINT('',(3.512337650972,-4.180545505549E-16,
    12.352963471048));
#1380 = CARTESIAN_POINT('',(3.512337650972,-0.110227326099,
    12.349125511507));
#1381 = CARTESIAN_POINT('',(3.502010673945,-0.33068181517,
    12.341449592423));
#1382 = CARTESIAN_POINT('',(3.455674946368,-0.658467492674,
    12.329935713798));
#1383 = CARTESIAN_POINT('',(3.378899775663,-0.980486126051,
    12.318421835173));
#1384 = CARTESIAN_POINT('',(3.27235757635,-1.293917446876,
    12.306907956549));
#1385 = CARTESIAN_POINT('',(3.136981469406,-1.596016339965,
    12.295394077924));
#1386 = CARTESIAN_POINT('',(2.973957109752,-1.884136957255,
    12.283880199299));
#1387 = CARTESIAN_POINT('',(2.784712302108,-2.155755871543,
    12.272366320674));
#1388 = CARTESIAN_POINT('',(2.570904495608,-2.408494182505,
    12.260852442049));
#1389 = CARTESIAN_POINT('',(2.33440626877,-2.640138349796,
    12.249338563424));
#1390 = CARTESIAN_POINT('',(2.077288924211,-2.848659581892,
    12.237824684799));
#1391 = CARTESIAN_POINT('',(1.801804365677,-3.032231597973,
    12.226310806174));
#1392 = CARTESIAN_POINT('',(1.510365308267,-3.189246647707,
    12.214796927549));
#1393 = CARTESIAN_POINT('',(1.307138034561,-3.275301882458,
    12.207121008466));
#1394 = CARTESIAN_POINT('',(1.20373563639,-3.313485746476,
    12.203283048924));
#1395 = CARTESIAN_POINT('',(3.512337650972,-4.470819095953E-16,
    12.483691074406));
#1396 = CARTESIAN_POINT('',(3.512337650972,-0.110227326099,
    12.479853114865));
#1397 = CARTESIAN_POINT('',(3.502010673945,-0.33068181517,
    12.472177195782));
#1398 = CARTESIAN_POINT('',(3.455674946368,-0.658467492674,
    12.460663317157));
#1399 = CARTESIAN_POINT('',(3.378899775663,-0.980486126051,
    12.449149438532));
#1400 = CARTESIAN_POINT('',(3.27235757635,-1.293917446876,
    12.437635559907));
#1401 = CARTESIAN_POINT('',(3.136981469406,-1.596016339965,
    12.426121681282));
#1402 = CARTESIAN_POINT('',(2.973957109752,-1.884136957255,
    12.414607802657));
#1403 = CARTESIAN_POINT('',(2.784712302108,-2.155755871543,
    12.403093924032));
#1404 = CARTESIAN_POINT('',(2.570904495608,-2.408494182505,
    12.391580045407));
#1405 = CARTESIAN_POINT('',(2.33440626877,-2.640138349796,
    12.380066166782));
#1406 = CARTESIAN_POINT('',(2.077288924211,-2.848659581892,
    12.368552288157));
#1407 = CARTESIAN_POINT('',(1.801804365677,-3.032231597973,
    12.357038409533));
#1408 = CARTESIAN_POINT('',(1.510365308267,-3.189246647707,
    12.345524530908));
#1409 = CARTESIAN_POINT('',(1.307138034561,-3.275301882458,
    12.337848611824));
#1410 = CARTESIAN_POINT('',(1.20373563639,-3.313485746476,
    12.334010652283));
#1411 = CARTESIAN_POINT('',(3.383596093652,-4.363561639863E-16,
    12.5063916845));
#1412 = CARTESIAN_POINT('',(3.383596093652,-0.106209748602,
    12.502553724959));
#1413 = CARTESIAN_POINT('',(3.3736455154,-0.318629088625,12.494877805875
    ));
#1414 = CARTESIAN_POINT('',(3.32899863743,-0.634467598323,
    12.483363927251));
#1415 = CARTESIAN_POINT('',(3.255021776446,-0.944749261741,
    12.471850048626));
#1416 = CARTESIAN_POINT('',(3.152362838731,-1.246756603904,
    12.460336170001));
#1417 = CARTESIAN_POINT('',(3.021920934767,-1.537844563882,
    12.448822291376));
#1418 = CARTESIAN_POINT('',(2.864838504596,-1.815463729769,
    12.437308412751));
#1419 = CARTESIAN_POINT('',(2.682491312158,-2.077182648507,
    12.425794534126));
#1420 = CARTESIAN_POINT('',(2.4764763957,-2.320709126191,12.414280655501
    ));
#1421 = CARTESIAN_POINT('',(2.248598081799,-2.543910301833,
    12.402766776876));
#1422 = CARTESIAN_POINT('',(2.000852178008,-2.744831329521,
    12.391252898251));
#1423 = CARTESIAN_POINT('',(1.735408510442,-2.921712492916,
    12.379739019626));
#1424 = CARTESIAN_POINT('',(1.4545918553,-3.073004641145,12.368225141002
    ));
#1425 = CARTESIAN_POINT('',(1.258771831234,-3.155923325397,
    12.360549221918));
#1426 = CARTESIAN_POINT('',(1.159138254849,-3.192715459812,
    12.356711262377));
#1427 = ADVANCED_FACE('',(#1428),#1446,.F.);
#1428 = FACE_BOUND('',#1429,.T.);
#1429 = EDGE_LOOP('',(#1430,#1438,#1439,#1440));
#1430 = ORIENTED_EDGE('',*,*,#1431,.F.);
#1431 = EDGE_CURVE('',#1198,#1432,#1434,.T.);
#1432 = VERTEX_POINT('',#1433);
#1433 = CARTESIAN_POINT('',(3.225668181818,2.810333428599E-17,
    12.302415909091));
#1434 = LINE('',#1435,#1436);
#1435 = CARTESIAN_POINT('',(3.225668181818,1.987306726469E-16,
    12.418327272727));
#1436 = VECTOR('',#1437,1.);
#1437 = DIRECTION('',(0.,2.526607749037E-16,-1.));
#1438 = ORIENTED_EDGE('',*,*,#1197,.T.);
#1439 = ORIENTED_EDGE('',*,*,#1344,.F.);
#1440 = ORIENTED_EDGE('',*,*,#1441,.F.);
#1441 = EDGE_CURVE('',#1432,#1326,#1442,.T.);
#1442 = LINE('',#1443,#1444);
#1443 = CARTESIAN_POINT('',(3.225668181818,-3.717238523489E-16,
    12.302415909091));
#1444 = VECTOR('',#1445,1.);
#1445 = DIRECTION('',(0.984807753012,-1.591618072562E-16,0.173648177667)
  );
#1446 = PLANE('',#1447);
#1447 = AXIS2_PLACEMENT_3D('',#1448,#1449,#1450);
#1448 = CARTESIAN_POINT('',(-1.985E-02,0.,12.418327272727));
#1449 = DIRECTION('',(-1.224646799147E-16,-1.,-2.22044604925E-16));
#1450 = DIRECTION('',(-1.,1.224646799147E-16,2.719262146894E-32));
#1451 = ADVANCED_FACE('',(#1452),#1517,.T.);
#1452 = FACE_BOUND('',#1453,.T.);
#1453 = EDGE_LOOP('',(#1454,#1464,#1492,#1498,#1499,#1500));
#1454 = ORIENTED_EDGE('',*,*,#1455,.T.);
#1455 = EDGE_CURVE('',#1456,#1458,#1460,.T.);
#1456 = VERTEX_POINT('',#1457);
#1457 = CARTESIAN_POINT('',(1.184736225957,-3.013695454545,
    12.155995792971));
#1458 = VERTEX_POINT('',#1459);
#1459 = CARTESIAN_POINT('',(1.184736225957,-3.013695454545,
    11.615076096002));
#1460 = LINE('',#1461,#1462);
#1461 = CARTESIAN_POINT('',(1.184736225957,-3.013695454545,
    12.155995792971));
#1462 = VECTOR('',#1463,1.);
#1463 = DIRECTION('',(-3.806478941572E-16,2.22044604925E-16,-1.));
#1464 = ORIENTED_EDGE('',*,*,#1465,.F.);
#1465 = EDGE_CURVE('',#1466,#1458,#1468,.T.);
#1466 = VERTEX_POINT('',#1467);
#1467 = CARTESIAN_POINT('',(1.184736225957,3.013695454545,
    11.907916328241));
#1468 = B_SPLINE_CURVE_WITH_KNOTS('',3,(#1469,#1470,#1471,#1472,#1473,
    #1474,#1475,#1476,#1477,#1478,#1479,#1480,#1481,#1482,#1483,#1484,
    #1485,#1486,#1487,#1488,#1489,#1490,#1491),.UNSPECIFIED.,.F.,.F.,(4,
    1,1,1,1,1,1,1,1,1,1,1,1,1,1,1,1,1,1,1,4),(0.,5.E-02,0.1,0.15,0.2,
    0.25,0.3,0.35,0.4,0.45,0.5,0.55,0.6,0.65,0.7,0.75,0.8,0.85,0.9,0.95,
    1.),.QUASI_UNIFORM_KNOTS.);
#1469 = CARTESIAN_POINT('',(1.184736225957,3.013695454545,
    11.907916328241));
#1470 = CARTESIAN_POINT('',(1.304334239853,2.96589164611,11.903035657703
    ));
#1471 = CARTESIAN_POINT('',(1.537831819884,2.856028705032,
    11.893274316629));
#1472 = CARTESIAN_POINT('',(1.866026081445,2.650800652731,
    11.878632305017));
#1473 = CARTESIAN_POINT('',(2.167521437642,2.408044611398,
    11.863990293405));
#1474 = CARTESIAN_POINT('',(2.438049671673,2.131197286839,
    11.849348281793));
#1475 = CARTESIAN_POINT('',(2.673780815794,1.824178087402,
    11.834706270181));
#1476 = CARTESIAN_POINT('',(2.871377575989,1.491333554857,
    11.820064258569));
#1477 = CARTESIAN_POINT('',(3.028042524494,1.137375851082,
    11.805422246957));
#1478 = CARTESIAN_POINT('',(3.141557718223,0.767316041018,
    11.790780235345));
#1479 = CARTESIAN_POINT('',(3.210316094827,0.386393151367,
    11.776138223733));
#1480 = CARTESIAN_POINT('',(3.233344225314,9.823143140659E-16,
    11.761496212121));
#1481 = CARTESIAN_POINT('',(3.210316094827,-0.386393151367,
    11.746854200509));
#1482 = CARTESIAN_POINT('',(3.141557718223,-0.767316041018,
    11.732212188897));
#1483 = CARTESIAN_POINT('',(3.028042524494,-1.137375851082,
    11.717570177285));
#1484 = CARTESIAN_POINT('',(2.871377575989,-1.491333554857,
    11.702928165673));
#1485 = CARTESIAN_POINT('',(2.673780815794,-1.824178087402,
    11.688286154061));
#1486 = CARTESIAN_POINT('',(2.438049671673,-2.131197286839,
    11.67364414245));
#1487 = CARTESIAN_POINT('',(2.167521437642,-2.408044611398,
    11.659002130838));
#1488 = CARTESIAN_POINT('',(1.866026081445,-2.650800652731,
    11.644360119226));
#1489 = CARTESIAN_POINT('',(1.537831819884,-2.856028705032,
    11.629718107614));
#1490 = CARTESIAN_POINT('',(1.304334239853,-2.96589164611,
    11.619956766539));
#1491 = CARTESIAN_POINT('',(1.184736225957,-3.013695454545,
    11.615076096002));
#1492 = ORIENTED_EDGE('',*,*,#1493,.F.);
#1493 = EDGE_CURVE('',#1206,#1466,#1494,.T.);
#1494 = LINE('',#1495,#1496);
#1495 = CARTESIAN_POINT('',(1.184736225957,3.013695454545,
    12.418327272727));
#1496 = VECTOR('',#1497,1.);
#1497 = DIRECTION('',(0.,2.22044604925E-16,-1.));
#1498 = ORIENTED_EDGE('',*,*,#1205,.T.);
#1499 = ORIENTED_EDGE('',*,*,#1431,.T.);
#1500 = ORIENTED_EDGE('',*,*,#1501,.T.);
#1501 = EDGE_CURVE('',#1432,#1456,#1502,.T.);
#1502 = B_SPLINE_CURVE_WITH_KNOTS('',3,(#1503,#1504,#1505,#1506,#1507,
    #1508,#1509,#1510,#1511,#1512,#1513,#1514,#1515,#1516),
  .UNSPECIFIED.,.F.,.F.,(4,1,1,1,1,1,1,1,1,1,1,4),(0.,9.090909090909E-02
    ,0.181818181818,0.272727272727,0.363636363636,0.454545454545,
    0.545454545455,0.636363636364,0.727272727273,0.818181818182,
    0.909090909091,1.),.UNSPECIFIED.);
#1503 = CARTESIAN_POINT('',(3.225668181818,8.277577075557E-16,
    12.302415909091));
#1504 = CARTESIAN_POINT('',(3.225668181818,-0.117088964654,
    12.297978935875));
#1505 = CARTESIAN_POINT('',(3.212983106705,-0.351266584324,
    12.289104989444));
#1506 = CARTESIAN_POINT('',(3.156122941234,-0.698422529906,
    12.275794069796));
#1507 = CARTESIAN_POINT('',(3.062095634744,-1.037405049406,
    12.262483150149));
#1508 = CARTESIAN_POINT('',(2.932001551165,-1.364247250393,
    12.249172230502));
#1509 = CARTESIAN_POINT('',(2.767363129631,-1.675124206658,
    12.235861310855));
#1510 = CARTESIAN_POINT('',(2.570107067335,-1.966397855746,
    12.222550391208));
#1511 = CARTESIAN_POINT('',(2.342541774583,-2.234659536418,
    12.20923947156));
#1512 = CARTESIAN_POINT('',(2.087330351351,-2.476769892205,
    12.195928551913));
#1513 = CARTESIAN_POINT('',(1.807459455845,-2.689895593943,
    12.182617632266));
#1514 = CARTESIAN_POINT('',(1.506204226844,-2.871542548144,
    12.169306712619));
#1515 = CARTESIAN_POINT('',(1.293461693135,-2.970237446877,
    12.160432766187));
#1516 = CARTESIAN_POINT('',(1.184736225957,-3.013695454545,
    12.155995792971));
#1517 = CYLINDRICAL_SURFACE('',#1518,3.245518181818);
#1518 = AXIS2_PLACEMENT_3D('',#1519,#1520,#1521);
#1519 = CARTESIAN_POINT('',(-1.985E-02,0.,12.418327272727));
#1520 = DIRECTION('',(0.,2.832769448824E-16,-1.));
#1521 = DIRECTION('',(1.,0.,0.));
#1522 = ADVANCED_FACE('',(#1523),#1733,.F.);
#1523 = FACE_BOUND('',#1524,.T.);
#1524 = EDGE_LOOP('',(#1525,#1526,#1534,#1542,#1550,#1558,#1566,#1574,
    #1582,#1590,#1598,#1606,#1614,#1622,#1630,#1638,#1646,#1654,#1662,
    #1670,#1678,#1686,#1694,#1702,#1710,#1718,#1726,#1732));
#1525 = ORIENTED_EDGE('',*,*,#1493,.T.);
#1526 = ORIENTED_EDGE('',*,*,#1527,.T.);
#1527 = EDGE_CURVE('',#1466,#1528,#1530,.T.);
#1528 = VERTEX_POINT('',#1529);
#1529 = CARTESIAN_POINT('',(1.184736225957,3.013695454545,
    11.676093600968));
#1530 = LINE('',#1531,#1532);
#1531 = CARTESIAN_POINT('',(1.184736225957,3.013695454545,
    11.907916328241));
#1532 = VECTOR('',#1533,1.);
#1533 = DIRECTION('',(0.,2.22044604925E-16,-1.));
#1534 = ORIENTED_EDGE('',*,*,#1535,.T.);
#1535 = EDGE_CURVE('',#1528,#1536,#1538,.T.);
#1536 = VERTEX_POINT('',#1537);
#1537 = CARTESIAN_POINT('',(1.184736225957,3.013695454545,
    11.135173903998));
#1538 = LINE('',#1539,#1540);
#1539 = CARTESIAN_POINT('',(1.184736225957,3.013695454545,
    11.676093600968));
#1540 = VECTOR('',#1541,1.);
#1541 = DIRECTION('',(0.,2.22044604925E-16,-1.));
#1542 = ORIENTED_EDGE('',*,*,#1543,.T.);
#1543 = EDGE_CURVE('',#1536,#1544,#1546,.T.);
#1544 = VERTEX_POINT('',#1545);
#1545 = CARTESIAN_POINT('',(1.184736225957,3.013695454545,
    10.903351176726));
#1546 = LINE('',#1547,#1548);
#1547 = CARTESIAN_POINT('',(1.184736225957,3.013695454545,
    11.135173903998));
#1548 = VECTOR('',#1549,1.);
#1549 = DIRECTION('',(0.,2.22044604925E-16,-1.));
#1550 = ORIENTED_EDGE('',*,*,#1551,.T.);
#1551 = EDGE_CURVE('',#1544,#1552,#1554,.T.);
#1552 = VERTEX_POINT('',#1553);
#1553 = CARTESIAN_POINT('',(1.184736225957,3.013695454545,
    10.362431479756));
#1554 = LINE('',#1555,#1556);
#1555 = CARTESIAN_POINT('',(1.184736225957,3.013695454545,
    10.903351176726));
#1556 = VECTOR('',#1557,1.);
#1557 = DIRECTION('',(0.,2.22044604925E-16,-1.));
#1558 = ORIENTED_EDGE('',*,*,#1559,.T.);
#1559 = EDGE_CURVE('',#1552,#1560,#1562,.T.);
#1560 = VERTEX_POINT('',#1561);
#1561 = CARTESIAN_POINT('',(1.184736225957,3.013695454545,
    10.130608752483));
#1562 = LINE('',#1563,#1564);
#1563 = CARTESIAN_POINT('',(1.184736225957,3.013695454545,
    10.362431479756));
#1564 = VECTOR('',#1565,1.);
#1565 = DIRECTION('',(0.,2.22044604925E-16,-1.));
#1566 = ORIENTED_EDGE('',*,*,#1567,.T.);
#1567 = EDGE_CURVE('',#1560,#1568,#1570,.T.);
#1568 = VERTEX_POINT('',#1569);
#1569 = CARTESIAN_POINT('',(1.184736225957,3.013695454545,9.589689055513
    ));
#1570 = LINE('',#1571,#1572);
#1571 = CARTESIAN_POINT('',(1.184736225957,3.013695454545,
    10.130608752483));
#1572 = VECTOR('',#1573,1.);
#1573 = DIRECTION('',(0.,2.22044604925E-16,-1.));
#1574 = ORIENTED_EDGE('',*,*,#1575,.T.);
#1575 = EDGE_CURVE('',#1568,#1576,#1578,.T.);
#1576 = VERTEX_POINT('',#1577);
#1577 = CARTESIAN_POINT('',(1.184736225957,3.013695454545,9.357866328241
    ));
#1578 = LINE('',#1579,#1580);
#1579 = CARTESIAN_POINT('',(1.184736225957,3.013695454545,9.589689055514
    ));
#1580 = VECTOR('',#1581,1.);
#1581 = DIRECTION('',(0.,2.22044604925E-16,-1.));
#1582 = ORIENTED_EDGE('',*,*,#1583,.T.);
#1583 = EDGE_CURVE('',#1576,#1584,#1586,.T.);
#1584 = VERTEX_POINT('',#1585);
#1585 = CARTESIAN_POINT('',(1.184736225957,3.013695454545,8.816946631271
    ));
#1586 = LINE('',#1587,#1588);
#1587 = CARTESIAN_POINT('',(1.184736225957,3.013695454545,9.357866328241
    ));
#1588 = VECTOR('',#1589,1.);
#1589 = DIRECTION('',(0.,2.22044604925E-16,-1.));
#1590 = ORIENTED_EDGE('',*,*,#1591,.T.);
#1591 = EDGE_CURVE('',#1584,#1592,#1594,.T.);
#1592 = VERTEX_POINT('',#1593);
#1593 = CARTESIAN_POINT('',(1.184736225957,3.013695454545,8.585123903998
    ));
#1594 = LINE('',#1595,#1596);
#1595 = CARTESIAN_POINT('',(1.184736225957,3.013695454545,8.816946631271
    ));
#1596 = VECTOR('',#1597,1.);
#1597 = DIRECTION('',(0.,1.998401444325E-15,-1.));
#1598 = ORIENTED_EDGE('',*,*,#1599,.T.);
#1599 = EDGE_CURVE('',#1592,#1600,#1602,.T.);
#1600 = VERTEX_POINT('',#1601);
#1601 = CARTESIAN_POINT('',(1.184736225957,3.013695454545,8.044204207029
    ));
#1602 = LINE('',#1603,#1604);
#1603 = CARTESIAN_POINT('',(1.184736225957,3.013695454545,8.585123903998
    ));
#1604 = VECTOR('',#1605,1.);
#1605 = DIRECTION('',(0.,2.22044604925E-16,-1.));
#1606 = ORIENTED_EDGE('',*,*,#1607,.T.);
#1607 = EDGE_CURVE('',#1600,#1608,#1610,.T.);
#1608 = VERTEX_POINT('',#1609);
#1609 = CARTESIAN_POINT('',(1.184736225957,3.013695454545,7.812381479756
    ));
#1610 = LINE('',#1611,#1612);
#1611 = CARTESIAN_POINT('',(1.184736225957,3.013695454545,8.044204207029
    ));
#1612 = VECTOR('',#1613,1.);
#1613 = DIRECTION('',(0.,2.22044604925E-16,-1.));
#1614 = ORIENTED_EDGE('',*,*,#1615,.T.);
#1615 = EDGE_CURVE('',#1608,#1616,#1618,.T.);
#1616 = VERTEX_POINT('',#1617);
#1617 = CARTESIAN_POINT('',(1.184736225957,3.013695454545,5.));
#1618 = LINE('',#1619,#1620);
#1619 = CARTESIAN_POINT('',(1.184736225957,3.013695454545,7.812381479756
    ));
#1620 = VECTOR('',#1621,1.);
#1621 = DIRECTION('',(0.,2.22044604925E-16,-1.));
#1622 = ORIENTED_EDGE('',*,*,#1623,.T.);
#1623 = EDGE_CURVE('',#1616,#1624,#1626,.T.);
#1624 = VERTEX_POINT('',#1625);
#1625 = CARTESIAN_POINT('',(-1.224436225957,3.013695454545,5.));
#1626 = LINE('',#1627,#1628);
#1627 = CARTESIAN_POINT('',(1.184736225957,3.013695454545,5.));
#1628 = VECTOR('',#1629,1.);
#1629 = DIRECTION('',(-1.,-0.,0.));
#1630 = ORIENTED_EDGE('',*,*,#1631,.F.);
#1631 = EDGE_CURVE('',#1632,#1624,#1634,.T.);
#1632 = VERTEX_POINT('',#1633);
#1633 = CARTESIAN_POINT('',(-1.224436225957,3.013695454545,
    7.905912459638));
#1634 = LINE('',#1635,#1636);
#1635 = CARTESIAN_POINT('',(-1.224436225957,3.013695454545,
    7.905912459638));
#1636 = VECTOR('',#1637,1.);
#1637 = DIRECTION('',(0.,2.22044604925E-16,-1.));
#1638 = ORIENTED_EDGE('',*,*,#1639,.F.);
#1639 = EDGE_CURVE('',#1640,#1632,#1642,.T.);
#1640 = VERTEX_POINT('',#1641);
#1641 = CARTESIAN_POINT('',(-1.224436225957,3.013695454545,
    8.137735186911));
#1642 = LINE('',#1643,#1644);
#1643 = CARTESIAN_POINT('',(-1.224436225957,3.013695454545,
    8.137735186911));
#1644 = VECTOR('',#1645,1.);
#1645 = DIRECTION('',(0.,2.22044604925E-16,-1.));
#1646 = ORIENTED_EDGE('',*,*,#1647,.F.);
#1647 = EDGE_CURVE('',#1648,#1640,#1650,.T.);
#1648 = VERTEX_POINT('',#1649);
#1649 = CARTESIAN_POINT('',(-1.224436225957,3.013695454545,8.67865488388
    ));
#1650 = LINE('',#1651,#1652);
#1651 = CARTESIAN_POINT('',(-1.224436225957,3.013695454545,8.67865488388
    ));
#1652 = VECTOR('',#1653,1.);
#1653 = DIRECTION('',(0.,2.22044604925E-16,-1.));
#1654 = ORIENTED_EDGE('',*,*,#1655,.F.);
#1655 = EDGE_CURVE('',#1656,#1648,#1658,.T.);
#1656 = VERTEX_POINT('',#1657);
#1657 = CARTESIAN_POINT('',(-1.224436225957,3.013695454545,
    8.910477611153));
#1658 = LINE('',#1659,#1660);
#1659 = CARTESIAN_POINT('',(-1.224436225957,3.013695454545,
    8.910477611153));
#1660 = VECTOR('',#1661,1.);
#1661 = DIRECTION('',(0.,1.998401444325E-15,-1.));
#1662 = ORIENTED_EDGE('',*,*,#1663,.F.);
#1663 = EDGE_CURVE('',#1664,#1656,#1666,.T.);
#1664 = VERTEX_POINT('',#1665);
#1665 = CARTESIAN_POINT('',(-1.224436225957,3.013695454545,
    9.451397308123));
#1666 = LINE('',#1667,#1668);
#1667 = CARTESIAN_POINT('',(-1.224436225957,3.013695454545,
    9.451397308123));
#1668 = VECTOR('',#1669,1.);
#1669 = DIRECTION('',(-9.896845248087E-15,-3.584434336647E-15,-1.));
#1670 = ORIENTED_EDGE('',*,*,#1671,.F.);
#1671 = EDGE_CURVE('',#1672,#1664,#1674,.T.);
#1672 = VERTEX_POINT('',#1673);
#1673 = CARTESIAN_POINT('',(-1.224436225957,3.013695454545,
    9.683220035396));
#1674 = LINE('',#1675,#1676);
#1675 = CARTESIAN_POINT('',(-1.224436225957,3.013695454545,
    9.683220035396));
#1676 = VECTOR('',#1677,1.);
#1677 = DIRECTION('',(0.,2.22044604925E-16,-1.));
#1678 = ORIENTED_EDGE('',*,*,#1679,.F.);
#1679 = EDGE_CURVE('',#1680,#1672,#1682,.T.);
#1680 = VERTEX_POINT('',#1681);
#1681 = CARTESIAN_POINT('',(-1.224436225957,3.013695454545,
    10.224139732365));
#1682 = LINE('',#1683,#1684);
#1683 = CARTESIAN_POINT('',(-1.224436225957,3.013695454545,
    10.224139732365));
#1684 = VECTOR('',#1685,1.);
#1685 = DIRECTION('',(-9.896845248087E-15,-4.345730124961E-15,-1.));
#1686 = ORIENTED_EDGE('',*,*,#1687,.F.);
#1687 = EDGE_CURVE('',#1688,#1680,#1690,.T.);
#1688 = VERTEX_POINT('',#1689);
#1689 = CARTESIAN_POINT('',(-1.224436225957,3.013695454545,
    10.455962459638));
#1690 = LINE('',#1691,#1692);
#1691 = CARTESIAN_POINT('',(-1.224436225957,3.013695454545,
    10.455962459638));
#1692 = VECTOR('',#1693,1.);
#1693 = DIRECTION('',(0.,2.22044604925E-16,-1.));
#1694 = ORIENTED_EDGE('',*,*,#1695,.F.);
#1695 = EDGE_CURVE('',#1696,#1688,#1698,.T.);
#1696 = VERTEX_POINT('',#1697);
#1697 = CARTESIAN_POINT('',(-1.224436225957,3.013695454545,
    10.996882156608));
#1698 = LINE('',#1699,#1700);
#1699 = CARTESIAN_POINT('',(-1.224436225957,3.013695454545,
    10.996882156608));
#1700 = VECTOR('',#1701,1.);
#1701 = DIRECTION('',(0.,2.22044604925E-16,-1.));
#1702 = ORIENTED_EDGE('',*,*,#1703,.F.);
#1703 = EDGE_CURVE('',#1704,#1696,#1706,.T.);
#1704 = VERTEX_POINT('',#1705);
#1705 = CARTESIAN_POINT('',(-1.224436225957,3.013695454545,
    11.228704883881));
#1706 = LINE('',#1707,#1708);
#1707 = CARTESIAN_POINT('',(-1.224436225957,3.013695454545,
    11.228704883882));
#1708 = VECTOR('',#1709,1.);
#1709 = DIRECTION('',(0.,2.22044604925E-16,-1.));
#1710 = ORIENTED_EDGE('',*,*,#1711,.F.);
#1711 = EDGE_CURVE('',#1712,#1704,#1714,.T.);
#1712 = VERTEX_POINT('',#1713);
#1713 = CARTESIAN_POINT('',(-1.224436225957,3.013695454545,
    11.76962458085));
#1714 = LINE('',#1715,#1716);
#1715 = CARTESIAN_POINT('',(-1.224436225957,3.013695454545,
    11.76962458085));
#1716 = VECTOR('',#1717,1.);
#1717 = DIRECTION('',(0.,2.22044604925E-16,-1.));
#1718 = ORIENTED_EDGE('',*,*,#1719,.F.);
#1719 = EDGE_CURVE('',#1720,#1712,#1722,.T.);
#1720 = VERTEX_POINT('',#1721);
#1721 = CARTESIAN_POINT('',(-1.224436225957,3.013695454545,
    12.001447308123));
#1722 = LINE('',#1723,#1724);
#1723 = CARTESIAN_POINT('',(-1.224436225957,3.013695454545,
    12.001447308124));
#1724 = VECTOR('',#1725,1.);
#1725 = DIRECTION('',(0.,2.22044604925E-16,-1.));
#1726 = ORIENTED_EDGE('',*,*,#1727,.F.);
#1727 = EDGE_CURVE('',#1215,#1720,#1728,.T.);
#1728 = LINE('',#1729,#1730);
#1729 = CARTESIAN_POINT('',(-1.224436225957,3.013695454545,
    12.418327272727));
#1730 = VECTOR('',#1731,1.);
#1731 = DIRECTION('',(0.,2.22044604925E-16,-1.));
#1732 = ORIENTED_EDGE('',*,*,#1214,.F.);
#1733 = PLANE('',#1734);
#1734 = AXIS2_PLACEMENT_3D('',#1735,#1736,#1737);
#1735 = CARTESIAN_POINT('',(1.184736225957,3.013695454545,
    12.418327272727));
#1736 = DIRECTION('',(0.,-1.,-2.775557561563E-16));
#1737 = DIRECTION('',(-1.,-0.,0.));
#1738 = ADVANCED_FACE('',(#1739),#1777,.T.);
#1739 = FACE_BOUND('',#1740,.T.);
#1740 = EDGE_LOOP('',(#1741,#1749,#1750,#1751));
#1741 = ORIENTED_EDGE('',*,*,#1742,.F.);
#1742 = EDGE_CURVE('',#1223,#1743,#1745,.T.);
#1743 = VERTEX_POINT('',#1744);
#1744 = CARTESIAN_POINT('',(-1.224436225957,-3.013695454545,
    12.294287540362));
#1745 = LINE('',#1746,#1747);
#1746 = CARTESIAN_POINT('',(-1.224436225957,-3.013695454545,
    12.418327272727));
#1747 = VECTOR('',#1748,1.);
#1748 = DIRECTION('',(1.659951530315E-15,2.22044604925E-16,-1.));
#1749 = ORIENTED_EDGE('',*,*,#1222,.T.);
#1750 = ORIENTED_EDGE('',*,*,#1727,.T.);
#1751 = ORIENTED_EDGE('',*,*,#1752,.F.);
#1752 = EDGE_CURVE('',#1743,#1720,#1753,.T.);
#1753 = B_SPLINE_CURVE_WITH_KNOTS('',3,(#1754,#1755,#1756,#1757,#1758,
    #1759,#1760,#1761,#1762,#1763,#1764,#1765,#1766,#1767,#1768,#1769,
    #1770,#1771,#1772,#1773,#1774,#1775,#1776),.UNSPECIFIED.,.F.,.F.,(4,
    1,1,1,1,1,1,1,1,1,1,1,1,1,1,1,1,1,1,1,4),(0.,5.E-02,0.1,0.15,0.2,
    0.25,0.3,0.35,0.4,0.45,0.5,0.55,0.6,0.65,0.7,0.75,0.8,0.85,0.9,0.95,
    1.),.QUASI_UNIFORM_KNOTS.);
#1754 = CARTESIAN_POINT('',(-1.224436225957,-3.013695454545,
    12.294287540362));
#1755 = CARTESIAN_POINT('',(-1.344034239853,-2.96589164611,
    12.289406869825));
#1756 = CARTESIAN_POINT('',(-1.577531819884,-2.856028705032,
    12.27964552875));
#1757 = CARTESIAN_POINT('',(-1.905726081445,-2.650800652731,
    12.265003517138));
#1758 = CARTESIAN_POINT('',(-2.207221437642,-2.408044611398,
    12.250361505526));
#1759 = CARTESIAN_POINT('',(-2.477749671673,-2.131197286839,
    12.235719493914));
#1760 = CARTESIAN_POINT('',(-2.713480815794,-1.824178087402,
    12.221077482302));
#1761 = CARTESIAN_POINT('',(-2.911077575989,-1.491333554857,
    12.20643547069));
#1762 = CARTESIAN_POINT('',(-3.067742524494,-1.137375851082,
    12.191793459078));
#1763 = CARTESIAN_POINT('',(-3.181257718223,-0.767316041018,
    12.177151447466));
#1764 = CARTESIAN_POINT('',(-3.250016094827,-0.386393151367,
    12.162509435854));
#1765 = CARTESIAN_POINT('',(-3.273044225314,-1.767307848887E-15,
    12.147867424242));
#1766 = CARTESIAN_POINT('',(-3.250016094827,0.386393151367,
    12.13322541263));
#1767 = CARTESIAN_POINT('',(-3.181257718223,0.767316041018,
    12.118583401019));
#1768 = CARTESIAN_POINT('',(-3.067742524494,1.137375851082,
    12.103941389407));
#1769 = CARTESIAN_POINT('',(-2.911077575989,1.491333554857,
    12.089299377795));
#1770 = CARTESIAN_POINT('',(-2.713480815794,1.824178087402,
    12.074657366183));
#1771 = CARTESIAN_POINT('',(-2.477749671673,2.131197286839,
    12.060015354571));
#1772 = CARTESIAN_POINT('',(-2.207221437642,2.408044611398,
    12.045373342959));
#1773 = CARTESIAN_POINT('',(-1.905726081445,2.650800652731,
    12.030731331347));
#1774 = CARTESIAN_POINT('',(-1.577531819884,2.856028705032,
    12.016089319735));
#1775 = CARTESIAN_POINT('',(-1.344034239853,2.96589164611,12.00632797866
    ));
#1776 = CARTESIAN_POINT('',(-1.224436225957,3.013695454545,
    12.001447308123));
#1777 = CYLINDRICAL_SURFACE('',#1778,3.245518181818);
#1778 = AXIS2_PLACEMENT_3D('',#1779,#1780,#1781);
#1779 = CARTESIAN_POINT('',(-1.985E-02,0.,12.418327272727));
#1780 = DIRECTION('',(0.,2.832769448824E-16,-1.));
#1781 = DIRECTION('',(1.,0.,0.));
#1782 = ADVANCED_FACE('',(#1783),#1984,.F.);
#1783 = FACE_BOUND('',#1784,.T.);
#1784 = EDGE_LOOP('',(#1785,#1786,#1794,#1802,#1810,#1818,#1826,#1834,
    #1842,#1850,#1858,#1866,#1874,#1882,#1890,#1898,#1906,#1914,#1922,
    #1930,#1938,#1946,#1954,#1962,#1968,#1969,#1977,#1983));
#1785 = ORIENTED_EDGE('',*,*,#1742,.T.);
#1786 = ORIENTED_EDGE('',*,*,#1787,.T.);
#1787 = EDGE_CURVE('',#1743,#1788,#1790,.T.);
#1788 = VERTEX_POINT('',#1789);
#1789 = CARTESIAN_POINT('',(-1.224436225957,-3.013695454545,
    12.062464813089));
#1790 = LINE('',#1791,#1792);
#1791 = CARTESIAN_POINT('',(-1.224436225957,-3.013695454545,
    12.294287540362));
#1792 = VECTOR('',#1793,1.);
#1793 = DIRECTION('',(0.,2.22044604925E-16,-1.));
#1794 = ORIENTED_EDGE('',*,*,#1795,.T.);
#1795 = EDGE_CURVE('',#1788,#1796,#1798,.T.);
#1796 = VERTEX_POINT('',#1797);
#1797 = CARTESIAN_POINT('',(-1.224436225957,-3.013695454545,
    11.521545116119));
#1798 = LINE('',#1799,#1800);
#1799 = CARTESIAN_POINT('',(-1.224436225957,-3.013695454545,
    12.062464813089));
#1800 = VECTOR('',#1801,1.);
#1801 = DIRECTION('',(0.,2.22044604925E-16,-1.));
#1802 = ORIENTED_EDGE('',*,*,#1803,.T.);
#1803 = EDGE_CURVE('',#1796,#1804,#1806,.T.);
#1804 = VERTEX_POINT('',#1805);
#1805 = CARTESIAN_POINT('',(-1.224436225957,-3.013695454545,
    11.289722388847));
#1806 = LINE('',#1807,#1808);
#1807 = CARTESIAN_POINT('',(-1.224436225957,-3.013695454545,
    11.521545116119));
#1808 = VECTOR('',#1809,1.);
#1809 = DIRECTION('',(0.,2.22044604925E-16,-1.));
#1810 = ORIENTED_EDGE('',*,*,#1811,.T.);
#1811 = EDGE_CURVE('',#1804,#1812,#1814,.T.);
#1812 = VERTEX_POINT('',#1813);
#1813 = CARTESIAN_POINT('',(-1.224436225957,-3.013695454545,
    10.748802691877));
#1814 = LINE('',#1815,#1816);
#1815 = CARTESIAN_POINT('',(-1.224436225957,-3.013695454545,
    11.289722388847));
#1816 = VECTOR('',#1817,1.);
#1817 = DIRECTION('',(0.,2.22044604925E-16,-1.));
#1818 = ORIENTED_EDGE('',*,*,#1819,.T.);
#1819 = EDGE_CURVE('',#1812,#1820,#1822,.T.);
#1820 = VERTEX_POINT('',#1821);
#1821 = CARTESIAN_POINT('',(-1.224436225957,-3.013695454545,
    10.516979964604));
#1822 = LINE('',#1823,#1824);
#1823 = CARTESIAN_POINT('',(-1.224436225957,-3.013695454545,
    10.748802691877));
#1824 = VECTOR('',#1825,1.);
#1825 = DIRECTION('',(0.,2.22044604925E-16,-1.));
#1826 = ORIENTED_EDGE('',*,*,#1827,.T.);
#1827 = EDGE_CURVE('',#1820,#1828,#1830,.T.);
#1828 = VERTEX_POINT('',#1829);
#1829 = CARTESIAN_POINT('',(-1.224436225957,-3.013695454545,
    9.976060267635));
#1830 = LINE('',#1831,#1832);
#1831 = CARTESIAN_POINT('',(-1.224436225957,-3.013695454545,
    10.516979964604));
#1832 = VECTOR('',#1833,1.);
#1833 = DIRECTION('',(0.,2.22044604925E-16,-1.));
#1834 = ORIENTED_EDGE('',*,*,#1835,.T.);
#1835 = EDGE_CURVE('',#1828,#1836,#1838,.T.);
#1836 = VERTEX_POINT('',#1837);
#1837 = CARTESIAN_POINT('',(-1.224436225957,-3.013695454545,
    9.744237540362));
#1838 = LINE('',#1839,#1840);
#1839 = CARTESIAN_POINT('',(-1.224436225957,-3.013695454545,
    9.976060267635));
#1840 = VECTOR('',#1841,1.);
#1841 = DIRECTION('',(0.,2.22044604925E-16,-1.));
#1842 = ORIENTED_EDGE('',*,*,#1843,.T.);
#1843 = EDGE_CURVE('',#1836,#1844,#1846,.T.);
#1844 = VERTEX_POINT('',#1845);
#1845 = CARTESIAN_POINT('',(-1.224436225957,-3.013695454545,
    9.203317843392));
#1846 = LINE('',#1847,#1848);
#1847 = CARTESIAN_POINT('',(-1.224436225957,-3.013695454545,
    9.744237540362));
#1848 = VECTOR('',#1849,1.);
#1849 = DIRECTION('',(0.,2.22044604925E-16,-1.));
#1850 = ORIENTED_EDGE('',*,*,#1851,.T.);
#1851 = EDGE_CURVE('',#1844,#1852,#1854,.T.);
#1852 = VERTEX_POINT('',#1853);
#1853 = CARTESIAN_POINT('',(-1.224436225957,-3.013695454545,
    8.97149511612));
#1854 = LINE('',#1855,#1856);
#1855 = CARTESIAN_POINT('',(-1.224436225957,-3.013695454545,
    9.203317843392));
#1856 = VECTOR('',#1857,1.);
#1857 = DIRECTION('',(0.,2.22044604925E-16,-1.));
#1858 = ORIENTED_EDGE('',*,*,#1859,.T.);
#1859 = EDGE_CURVE('',#1852,#1860,#1862,.T.);
#1860 = VERTEX_POINT('',#1861);
#1861 = CARTESIAN_POINT('',(-1.224436225957,-3.013695454545,
    8.43057541915));
#1862 = LINE('',#1863,#1864);
#1863 = CARTESIAN_POINT('',(-1.224436225957,-3.013695454545,
    8.97149511612));
#1864 = VECTOR('',#1865,1.);
#1865 = DIRECTION('',(0.,2.22044604925E-16,-1.));
#1866 = ORIENTED_EDGE('',*,*,#1867,.T.);
#1867 = EDGE_CURVE('',#1860,#1868,#1870,.T.);
#1868 = VERTEX_POINT('',#1869);
#1869 = CARTESIAN_POINT('',(-1.224436225957,-3.013695454545,
    8.198752691877));
#1870 = LINE('',#1871,#1872);
#1871 = CARTESIAN_POINT('',(-1.224436225957,-3.013695454545,
    8.43057541915));
#1872 = VECTOR('',#1873,1.);
#1873 = DIRECTION('',(0.,2.22044604925E-16,-1.));
#1874 = ORIENTED_EDGE('',*,*,#1875,.T.);
#1875 = EDGE_CURVE('',#1868,#1876,#1878,.T.);
#1876 = VERTEX_POINT('',#1877);
#1877 = CARTESIAN_POINT('',(-1.224436225957,-3.013695454545,5.));
#1878 = LINE('',#1879,#1880);
#1879 = CARTESIAN_POINT('',(-1.224436225957,-3.013695454545,
    8.198752691877));
#1880 = VECTOR('',#1881,1.);
#1881 = DIRECTION('',(0.,2.22044604925E-16,-1.));
#1882 = ORIENTED_EDGE('',*,*,#1883,.T.);
#1883 = EDGE_CURVE('',#1876,#1884,#1886,.T.);
#1884 = VERTEX_POINT('',#1885);
#1885 = CARTESIAN_POINT('',(1.184736225957,-3.013695454545,5.));
#1886 = LINE('',#1887,#1888);
#1887 = CARTESIAN_POINT('',(-1.224436225957,-3.013695454545,5.));
#1888 = VECTOR('',#1889,1.);
#1889 = DIRECTION('',(1.,0.,0.));
#1890 = ORIENTED_EDGE('',*,*,#1891,.F.);
#1891 = EDGE_CURVE('',#1892,#1884,#1894,.T.);
#1892 = VERTEX_POINT('',#1893);
#1893 = CARTESIAN_POINT('',(1.184736225957,-3.013695454545,
    8.292283671759));
#1894 = LINE('',#1895,#1896);
#1895 = CARTESIAN_POINT('',(1.184736225957,-3.013695454545,
    8.292283671759));
#1896 = VECTOR('',#1897,1.);
#1897 = DIRECTION('',(0.,2.22044604925E-16,-1.));
#1898 = ORIENTED_EDGE('',*,*,#1899,.F.);
#1899 = EDGE_CURVE('',#1900,#1892,#1902,.T.);
#1900 = VERTEX_POINT('',#1901);
#1901 = CARTESIAN_POINT('',(1.184736225957,-3.013695454545,
    8.524106399032));
#1902 = LINE('',#1903,#1904);
#1903 = CARTESIAN_POINT('',(1.184736225957,-3.013695454545,
    8.524106399032));
#1904 = VECTOR('',#1905,1.);
#1905 = DIRECTION('',(0.,2.22044604925E-16,-1.));
#1906 = ORIENTED_EDGE('',*,*,#1907,.F.);
#1907 = EDGE_CURVE('',#1908,#1900,#1910,.T.);
#1908 = VERTEX_POINT('',#1909);
#1909 = CARTESIAN_POINT('',(1.184736225957,-3.013695454545,
    9.065026096002));
#1910 = LINE('',#1911,#1912);
#1911 = CARTESIAN_POINT('',(1.184736225957,-3.013695454545,
    9.065026096002));
#1912 = VECTOR('',#1913,1.);
#1913 = DIRECTION('',(0.,2.22044604925E-16,-1.));
#1914 = ORIENTED_EDGE('',*,*,#1915,.F.);
#1915 = EDGE_CURVE('',#1916,#1908,#1918,.T.);
#1916 = VERTEX_POINT('',#1917);
#1917 = CARTESIAN_POINT('',(1.184736225957,-3.013695454545,
    9.296848823274));
#1918 = LINE('',#1919,#1920);
#1919 = CARTESIAN_POINT('',(1.184736225957,-3.013695454545,
    9.296848823274));
#1920 = VECTOR('',#1921,1.);
#1921 = DIRECTION('',(0.,2.22044604925E-16,-1.));
#1922 = ORIENTED_EDGE('',*,*,#1923,.F.);
#1923 = EDGE_CURVE('',#1924,#1916,#1926,.T.);
#1924 = VERTEX_POINT('',#1925);
#1925 = CARTESIAN_POINT('',(1.184736225957,-3.013695454545,
    9.837768520244));
#1926 = LINE('',#1927,#1928);
#1927 = CARTESIAN_POINT('',(1.184736225957,-3.013695454545,
    9.837768520244));
#1928 = VECTOR('',#1929,1.);
#1929 = DIRECTION('',(9.896845248087E-15,4.028523546497E-15,-1.));
#1930 = ORIENTED_EDGE('',*,*,#1931,.F.);
#1931 = EDGE_CURVE('',#1932,#1924,#1934,.T.);
#1932 = VERTEX_POINT('',#1933);
#1933 = CARTESIAN_POINT('',(1.184736225957,-3.013695454545,
    10.069591247517));
#1934 = LINE('',#1935,#1936);
#1935 = CARTESIAN_POINT('',(1.184736225957,-3.013695454545,
    10.069591247517));
#1936 = VECTOR('',#1937,1.);
#1937 = DIRECTION('',(0.,2.22044604925E-16,-1.));
#1938 = ORIENTED_EDGE('',*,*,#1939,.F.);
#1939 = EDGE_CURVE('',#1940,#1932,#1942,.T.);
#1940 = VERTEX_POINT('',#1941);
#1941 = CARTESIAN_POINT('',(1.184736225957,-3.013695454545,
    10.610510944487));
#1942 = LINE('',#1943,#1944);
#1943 = CARTESIAN_POINT('',(1.184736225957,-3.013695454545,
    10.610510944487));
#1944 = VECTOR('',#1945,1.);
#1945 = DIRECTION('',(0.,2.22044604925E-16,-1.));
#1946 = ORIENTED_EDGE('',*,*,#1947,.F.);
#1947 = EDGE_CURVE('',#1948,#1940,#1950,.T.);
#1948 = VERTEX_POINT('',#1949);
#1949 = CARTESIAN_POINT('',(1.184736225957,-3.013695454545,
    10.842333671759));
#1950 = LINE('',#1951,#1952);
#1951 = CARTESIAN_POINT('',(1.184736225957,-3.013695454545,
    10.84233367176));
#1952 = VECTOR('',#1953,1.);
#1953 = DIRECTION('',(0.,2.22044604925E-16,-1.));
#1954 = ORIENTED_EDGE('',*,*,#1955,.F.);
#1955 = EDGE_CURVE('',#1956,#1948,#1958,.T.);
#1956 = VERTEX_POINT('',#1957);
#1957 = CARTESIAN_POINT('',(1.184736225957,-3.013695454545,
    11.383253368729));
#1958 = LINE('',#1959,#1960);
#1959 = CARTESIAN_POINT('',(1.184736225957,-3.013695454545,
    11.383253368729));
#1960 = VECTOR('',#1961,1.);
#1961 = DIRECTION('',(0.,2.22044604925E-16,-1.));
#1962 = ORIENTED_EDGE('',*,*,#1963,.F.);
#1963 = EDGE_CURVE('',#1458,#1956,#1964,.T.);
#1964 = LINE('',#1965,#1966);
#1965 = CARTESIAN_POINT('',(1.184736225957,-3.013695454545,
    11.615076096002));
#1966 = VECTOR('',#1967,1.);
#1967 = DIRECTION('',(0.,2.22044604925E-16,-1.));
#1968 = ORIENTED_EDGE('',*,*,#1455,.F.);
#1969 = ORIENTED_EDGE('',*,*,#1970,.F.);
#1970 = EDGE_CURVE('',#1971,#1456,#1973,.T.);
#1971 = VERTEX_POINT('',#1972);
#1972 = CARTESIAN_POINT('',(1.184736225957,-3.013695454545,
    12.387818520244));
#1973 = LINE('',#1974,#1975);
#1974 = CARTESIAN_POINT('',(1.184736225957,-3.013695454545,
    12.387818520244));
#1975 = VECTOR('',#1976,1.);
#1976 = DIRECTION('',(0.,2.22044604925E-16,-1.));
#1977 = ORIENTED_EDGE('',*,*,#1978,.F.);
#1978 = EDGE_CURVE('',#1232,#1971,#1979,.T.);
#1979 = LINE('',#1980,#1981);
#1980 = CARTESIAN_POINT('',(1.184736225957,-3.013695454545,
    12.418327272727));
#1981 = VECTOR('',#1982,1.);
#1982 = DIRECTION('',(0.,2.22044604925E-16,-1.));
#1983 = ORIENTED_EDGE('',*,*,#1231,.F.);
#1984 = PLANE('',#1985);
#1985 = AXIS2_PLACEMENT_3D('',#1986,#1987,#1988);
#1986 = CARTESIAN_POINT('',(-1.224436225957,-3.013695454545,
    12.418327272727));
#1987 = DIRECTION('',(0.,1.,2.775557561563E-16));
#1988 = DIRECTION('',(1.,0.,-0.));
#1989 = ADVANCED_FACE('',(#1990),#2003,.T.);
#1990 = FACE_BOUND('',#1991,.T.);
#1991 = EDGE_LOOP('',(#1992,#1993,#2002));
#1992 = ORIENTED_EDGE('',*,*,#1978,.T.);
#1993 = ORIENTED_EDGE('',*,*,#1994,.F.);
#1994 = EDGE_CURVE('',#1240,#1971,#1995,.T.);
#1995 = B_SPLINE_CURVE_WITH_KNOTS('',3,(#1996,#1997,#1998,#1999,#2000,
    #2001),.UNSPECIFIED.,.F.,.F.,(4,1,1,4),(0.,0.333333333333,
    0.666666666667,1.),.UNSPECIFIED.);
#1996 = CARTESIAN_POINT('',(1.88781772332,-2.625679364644,
    12.418327272727));
#1997 = CARTESIAN_POINT('',(1.81544602846,-2.678260478783,12.41493741134
    ));
#1998 = CARTESIAN_POINT('',(1.666352343461,-2.777434897031,
    12.408157688566));
#1999 = CARTESIAN_POINT('',(1.431188924664,-2.907216708375,
    12.397988104405));
#2000 = CARTESIAN_POINT('',(1.267802822272,-2.980493401031,
    12.391208381631));
#2001 = CARTESIAN_POINT('',(1.184736225957,-3.013695454545,
    12.387818520244));
#2002 = ORIENTED_EDGE('',*,*,#1239,.T.);
#2003 = CYLINDRICAL_SURFACE('',#2004,3.245518181818);
#2004 = AXIS2_PLACEMENT_3D('',#2005,#2006,#2007);
#2005 = CARTESIAN_POINT('',(-1.985E-02,0.,12.418327272727));
#2006 = DIRECTION('',(0.,2.832769448824E-16,-1.));
#2007 = DIRECTION('',(1.,0.,0.));
#2008 = ADVANCED_FACE('',(#2009),#2024,.T.);
#2009 = FACE_BOUND('',#2010,.T.);
#2010 = EDGE_LOOP('',(#2011,#2021,#2022,#2023));
#2011 = ORIENTED_EDGE('',*,*,#2012,.F.);
#2012 = EDGE_CURVE('',#1275,#1971,#2013,.T.);
#2013 = B_SPLINE_CURVE_WITH_KNOTS('',3,(#2014,#2015,#2016,#2017,#2018,
    #2019,#2020),.UNSPECIFIED.,.F.,.F.,(4,1,1,1,4),(0.,0.466445224888,
    0.499912895394,0.966535094384,1.),.UNSPECIFIED.);
#2014 = CARTESIAN_POINT('',(1.184736225228,-3.183145824518,
    12.357698789903));
#2015 = CARTESIAN_POINT('',(1.184736225816,-3.156799174161,
    12.362380671683));
#2016 = CARTESIAN_POINT('',(1.18473622596,-3.128562244034,
    12.367399064727));
#2017 = CARTESIAN_POINT('',(1.184736225954,-3.073968985344,
    12.377102897451));
#2018 = CARTESIAN_POINT('',(1.184736225957,-3.043832058651,
    12.382460376369));
#2019 = CARTESIAN_POINT('',(1.184736225957,-3.015585651258,
    12.387482449488));
#2020 = CARTESIAN_POINT('',(1.184736225957,-3.013695454545,
    12.387818520244));
#2021 = ORIENTED_EDGE('',*,*,#1352,.F.);
#2022 = ORIENTED_EDGE('',*,*,#1248,.T.);
#2023 = ORIENTED_EDGE('',*,*,#1994,.T.);
#2024 = B_SPLINE_SURFACE_WITH_KNOTS('',1,3,(
    (#2025,#2026,#2027,#2028,#2029,#2030,#2031,#2032)
    ,(#2033,#2034,#2035,#2036,#2037,#2038,#2039,#2040
  )),.UNSPECIFIED.,.F.,.F.,.F.,(2,2),(4,1,1,1,1,4),(0.,1.),(
    0.716053630264,0.81464793039,0.913242230516,1.011836530642,
    1.110430830768,1.209025130893),.UNSPECIFIED.);
#2025 = CARTESIAN_POINT('',(2.547716689215,-2.234065041316,
    12.418327272727));
#2026 = CARTESIAN_POINT('',(2.474294662821,-2.318447521565,
    12.414285373872));
#2027 = CARTESIAN_POINT('',(2.319124370988,-2.479967468941,
    12.406201576162));
#2028 = CARTESIAN_POINT('',(2.063650448908,-2.698159679714,
    12.394075879598));
#2029 = CARTESIAN_POINT('',(1.787939601733,-2.890144725391,
    12.381950183033));
#2030 = CARTESIAN_POINT('',(1.494669710495,-3.054057923757,
    12.369824486468));
#2031 = CARTESIAN_POINT('',(1.289349569421,-3.143557379269,
    12.361740688758));
#2032 = CARTESIAN_POINT('',(1.184736224499,-3.183145824518,
    12.357698789903));
#2033 = CARTESIAN_POINT('',(2.428575549745,-2.130399163506,
    12.446174224591));
#2034 = CARTESIAN_POINT('',(2.358560478241,-2.210866098002,
    12.442132325736));
#2035 = CARTESIAN_POINT('',(2.210590453283,-2.364891139535,
    12.434048528026));
#2036 = CARTESIAN_POINT('',(1.966971122676,-2.572958718016,
    12.421922831461));
#2037 = CARTESIAN_POINT('',(1.704053907944,-2.756035205563,
    12.409797134896));
#2038 = CARTESIAN_POINT('',(1.424392430136,-2.912342445607,
    12.397671438331));
#2039 = CARTESIAN_POINT('',(1.228599627015,-2.997688915665,
    12.389587640621));
#2040 = CARTESIAN_POINT('',(1.128840587599,-3.035440363847,
    12.385545741766));
#2041 = ADVANCED_FACE('',(#2042),#2057,.F.);
#2042 = FACE_BOUND('',#2043,.T.);
#2043 = EDGE_LOOP('',(#2044,#2054,#2055,#2056));
#2044 = ORIENTED_EDGE('',*,*,#2045,.T.);
#2045 = EDGE_CURVE('',#1456,#1273,#2046,.T.);
#2046 = B_SPLINE_CURVE_WITH_KNOTS('',3,(#2047,#2048,#2049,#2050,#2051,
    #2052,#2053),.UNSPECIFIED.,.F.,.F.,(4,1,1,1,4),(0.,0.464172964921,
    0.500094683239,0.96407401788,1.),.UNSPECIFIED.);
#2047 = CARTESIAN_POINT('',(1.184736225957,-3.013695454545,
    12.155995792971));
#2048 = CARTESIAN_POINT('',(1.184736225976,-3.039918408196,
    12.159920536898));
#2049 = CARTESIAN_POINT('',(1.184736226012,-3.068168179301,
    12.164165851545));
#2050 = CARTESIAN_POINT('',(1.184736225886,-3.122622649546,
    12.172382745424));
#2051 = CARTESIAN_POINT('',(1.18473622887,-3.152885406523,
    12.176967791456));
#2052 = CARTESIAN_POINT('',(1.184736225505,-3.181116960049,
    12.181261327395));
#2053 = CARTESIAN_POINT('',(1.184736225228,-3.183145824518,
    12.181569966357));
#2054 = ORIENTED_EDGE('',*,*,#1272,.T.);
#2055 = ORIENTED_EDGE('',*,*,#2012,.T.);
#2056 = ORIENTED_EDGE('',*,*,#1970,.T.);
#2057 = PLANE('',#2058);
#2058 = AXIS2_PLACEMENT_3D('',#2059,#2060,#2061);
#2059 = CARTESIAN_POINT('',(1.184736225957,-3.013695454545,
    12.418327272727));
#2060 = DIRECTION('',(1.,0.,0.));
#2061 = DIRECTION('',(0.,-1.,-2.832769448824E-16));
#2062 = ADVANCED_FACE('',(#2063),#2069,.T.);
#2063 = FACE_BOUND('',#2064,.T.);
#2064 = EDGE_LOOP('',(#2065,#2066,#2067,#2068));
#2065 = ORIENTED_EDGE('',*,*,#2045,.F.);
#2066 = ORIENTED_EDGE('',*,*,#1501,.F.);
#2067 = ORIENTED_EDGE('',*,*,#1441,.T.);
#2068 = ORIENTED_EDGE('',*,*,#1325,.T.);
#2069 = B_SPLINE_SURFACE_WITH_KNOTS('',1,3,(
    (#2070,#2071,#2072,#2073,#2074,#2075,#2076,#2077,#2078,#2079,#2080
      ,#2081,#2082,#2083,#2084,#2085)
    ,(#2086,#2087,#2088,#2089,#2090,#2091,#2092,#2093,#2094,#2095,#2096
      ,#2097,#2098,#2099,#2100,#2101
    )),.UNSPECIFIED.,.F.,.F.,.F.,(2,2),(4,1,1,1,1,1,1,1,1,1,1,1,1,4),(0.
    ,1.),(0.,9.300193314564E-02,0.186003866291,0.279005799437,
    0.372007732583,0.465009665728,0.558011598874,0.65101353202,
    0.744015465165,0.837017398311,0.930019331456,1.023021264602,
    1.116023197748,1.209025130893),.UNSPECIFIED.);
#2070 = CARTESIAN_POINT('',(3.225668181818,-3.717238523489E-16,
    12.302415909091));
#2071 = CARTESIAN_POINT('',(3.225668181818,-0.100613154989,
    12.298603270768));
#2072 = CARTESIAN_POINT('',(3.216304217466,-0.301839319962,
    12.290977994122));
#2073 = CARTESIAN_POINT('',(3.174287778783,-0.601069848215,
    12.279540079153));
#2074 = CARTESIAN_POINT('',(3.104664001365,-0.895105222198,
    12.268102164184));
#2075 = CARTESIAN_POINT('',(3.008034652366,-1.181404096351,
    12.256664249215));
#2076 = CARTESIAN_POINT('',(2.885234911533,-1.457491942526,
    12.245226334246));
#2077 = CARTESIAN_POINT('',(2.737326152618,-1.720982501226,
    12.233788419277));
#2078 = CARTESIAN_POINT('',(2.565586769872,-1.969598389288,
    12.222350504308));
#2079 = CARTESIAN_POINT('',(2.371501128414,-2.201190788273,
    12.210912589339));
#2080 = CARTESIAN_POINT('',(2.156746735819,-2.413758015321,
    12.19947467437));
#2081 = CARTESIAN_POINT('',(1.923179738939,-2.605462825897,
    12.188036759401));
#2082 = CARTESIAN_POINT('',(1.672818896919,-2.774648287205,
    12.176598844432));
#2083 = CARTESIAN_POINT('',(1.407828073347,-2.919852121801,
    12.165160929463));
#2084 = CARTESIAN_POINT('',(1.222941194861,-2.999830215436,
    12.157535652816));
#2085 = CARTESIAN_POINT('',(1.128840587599,-3.035440363847,
    12.153723014493));
#2086 = CARTESIAN_POINT('',(3.383596093652,-3.972477089461E-16,
    12.330262860954));
#2087 = CARTESIAN_POINT('',(3.383596093652,-0.105509022022,
    12.326450222631));
#2088 = CARTESIAN_POINT('',(3.373776475918,-0.316526914004,
    12.318824945985));
#2089 = CARTESIAN_POINT('',(3.329715504421,-0.630318091693,
    12.307387031016));
#2090 = CARTESIAN_POINT('',(3.256703812603,-0.938661317309,
    12.295949116047));
#2091 = CARTESIAN_POINT('',(3.155372449794,-1.238891582637,
    12.284511201078));
#2092 = CARTESIAN_POINT('',(3.026597235845,-1.528413948228,
    12.273073286109));
#2093 = CARTESIAN_POINT('',(2.87149119128,-1.804726038466,12.26163537114
    ));
#2094 = CARTESIAN_POINT('',(2.691394917407,-2.065439652022,
    12.250197456171));
#2095 = CARTESIAN_POINT('',(2.487865009007,-2.308301408293,
    12.238759541202));
#2096 = CARTESIAN_POINT('',(2.262660601691,-2.531212221916,
    12.227321626233));
#2097 = CARTESIAN_POINT('',(2.017728162984,-2.73224544747,
    12.215883711264));
#2098 = CARTESIAN_POINT('',(1.755184685474,-2.909663525304,
    12.204445796295));
#2099 = CARTESIAN_POINT('',(1.477299327016,-3.061933023101,
    12.193007881326));
#2100 = CARTESIAN_POINT('',(1.283415796221,-3.145802875345,
    12.18538260468));
#2101 = CARTESIAN_POINT('',(1.184736224499,-3.183145824518,
    12.181569966357));
#2102 = ADVANCED_FACE('',(#2103),#2157,.T.);
#2103 = FACE_BOUND('',#2104,.T.);
#2104 = EDGE_LOOP('',(#2105,#2117,#2146,#2156));
#2105 = ORIENTED_EDGE('',*,*,#2106,.F.);
#2106 = EDGE_CURVE('',#2107,#1458,#2109,.T.);
#2107 = VERTEX_POINT('',#2108);
#2108 = CARTESIAN_POINT('',(1.184736224499,-3.183145824518,
    11.58495636566));
#2109 = B_SPLINE_CURVE_WITH_KNOTS('',3,(#2110,#2111,#2112,#2113,#2114,
    #2115,#2116),.UNSPECIFIED.,.F.,.F.,(4,1,1,1,4),(0.,0.466445224888,
    0.499912895394,0.966535094384,1.),.UNSPECIFIED.);
#2110 = CARTESIAN_POINT('',(1.184736225228,-3.183145824518,
    11.58495636566));
#2111 = CARTESIAN_POINT('',(1.184736225816,-3.156799174161,
    11.589638247441));
#2112 = CARTESIAN_POINT('',(1.18473622596,-3.128562244034,
    11.594656640484));
#2113 = CARTESIAN_POINT('',(1.184736225954,-3.073968985344,
    11.604360473208));
#2114 = CARTESIAN_POINT('',(1.184736225957,-3.043832058651,
    11.609717952126));
#2115 = CARTESIAN_POINT('',(1.184736225957,-3.015585651258,
    11.614740025246));
#2116 = CARTESIAN_POINT('',(1.184736225957,-3.013695454545,
    11.615076096002));
#2117 = ORIENTED_EDGE('',*,*,#2118,.F.);
#2118 = EDGE_CURVE('',#2119,#2107,#2121,.T.);
#2119 = VERTEX_POINT('',#2120);
#2120 = CARTESIAN_POINT('',(1.184736224499,3.183145824518,
    11.882342154855));
#2121 = B_SPLINE_CURVE_WITH_KNOTS('',3,(#2122,#2123,#2124,#2125,#2126,
    #2127,#2128,#2129,#2130,#2131,#2132,#2133,#2134,#2135,#2136,#2137,
    #2138,#2139,#2140,#2141,#2142,#2143,#2144,#2145),.UNSPECIFIED.,.F.,
  .F.,(4,1,1,1,1,1,1,1,1,1,1,1,1,1,1,1,1,1,1,1,1,4),(0.,
    4.761904761905E-02,9.523809523809E-02,0.142857142857,0.190476190476,
    0.238095238095,0.285714285714,0.333333333333,0.380952380952,
    0.428571428571,0.47619047619,0.52380952381,0.571428571429,
    0.619047619048,0.666666666667,0.714285714286,0.761904761905,
    0.809523809524,0.857142857143,0.904761904762,0.952380952381,1.),
  .UNSPECIFIED.);
#2122 = CARTESIAN_POINT('',(1.184736224499,3.183145824518,
    11.882342154855));
#2123 = CARTESIAN_POINT('',(1.306910932345,3.13691169697,11.877621745503
    ));
#2124 = CARTESIAN_POINT('',(1.545930409344,3.030360211207,
    11.868180926798));
#2125 = CARTESIAN_POINT('',(1.883723095631,2.830399413645,
    11.854019698742));
#2126 = CARTESIAN_POINT('',(2.196305177528,2.592953444571,
    11.839858470685));
#2127 = CARTESIAN_POINT('',(2.479536997526,2.321166944984,
    11.825697242628));
#2128 = CARTESIAN_POINT('',(2.729667463682,2.018639408662,
    11.811536014571));
#2129 = CARTESIAN_POINT('',(2.943383909635,1.689377442602,
    11.797374786514));
#2130 = CARTESIAN_POINT('',(3.117855918261,1.337741722766,
    11.783213558457));
#2131 = CARTESIAN_POINT('',(3.250772820132,0.968389237286,11.7690523304)
  );
#2132 = CARTESIAN_POINT('',(3.340374292038,0.586211611635,
    11.754891102343));
#2133 = CARTESIAN_POINT('',(3.385473671268,0.196270324628,
    11.740729874286));
#2134 = CARTESIAN_POINT('',(3.385473671268,-0.196270324628,
    11.726568646229));
#2135 = CARTESIAN_POINT('',(3.340374292038,-0.586211611635,
    11.712407418173));
#2136 = CARTESIAN_POINT('',(3.250772820132,-0.968389237286,
    11.698246190116));
#2137 = CARTESIAN_POINT('',(3.117855918261,-1.337741722766,
    11.684084962059));
#2138 = CARTESIAN_POINT('',(2.943383909635,-1.689377442602,
    11.669923734002));
#2139 = CARTESIAN_POINT('',(2.729667463682,-2.018639408662,
    11.655762505945));
#2140 = CARTESIAN_POINT('',(2.479536997526,-2.321166944984,
    11.641601277888));
#2141 = CARTESIAN_POINT('',(2.196305177528,-2.592953444571,
    11.627440049831));
#2142 = CARTESIAN_POINT('',(1.883723095631,-2.830399413645,
    11.613278821774));
#2143 = CARTESIAN_POINT('',(1.545930409344,-3.030360211207,
    11.599117593717));
#2144 = CARTESIAN_POINT('',(1.306910932345,-3.13691169697,
    11.589676775013));
#2145 = CARTESIAN_POINT('',(1.184736224499,-3.183145824518,
    11.58495636566));
#2146 = ORIENTED_EDGE('',*,*,#2147,.T.);
#2147 = EDGE_CURVE('',#2119,#1466,#2148,.T.);
#2148 = B_SPLINE_CURVE_WITH_KNOTS('',3,(#2149,#2150,#2151,#2152,#2153,
    #2154,#2155),.UNSPECIFIED.,.F.,.F.,(4,1,1,1,4),(0.,0.466492242527,
    0.499917673675,0.966577181431,1.),.UNSPECIFIED.);
#2149 = CARTESIAN_POINT('',(1.184736225228,3.183145824518,
    11.882342154855));
#2150 = CARTESIAN_POINT('',(1.184736225816,3.156801390505,
    11.886349761837));
#2151 = CARTESIAN_POINT('',(1.18473622596,3.128567089386,11.890629817758
    ));
#2152 = CARTESIAN_POINT('',(1.184736225954,3.073971917896,
    11.898872584631));
#2153 = CARTESIAN_POINT('',(1.184736225957,3.043835036886,
    11.903404163995));
#2154 = CARTESIAN_POINT('',(1.184736225957,3.015583638296,
    11.907633728107));
#2155 = CARTESIAN_POINT('',(1.184736225957,3.013695454545,
    11.907916328241));
#2156 = ORIENTED_EDGE('',*,*,#1465,.T.);
#2157 = B_SPLINE_SURFACE_WITH_KNOTS('',1,3,(
    (#2158,#2159,#2160,#2161,#2162,#2163,#2164,#2165,#2166,#2167,#2168
      ,#2169,#2170,#2171,#2172,#2173,#2174,#2175,#2176,#2177,#2178,#2179
      ,#2180,#2181,#2182,#2183,#2184,#2185,#2186)
    ,(#2187,#2188,#2189,#2190,#2191,#2192,#2193,#2194,#2195,#2196,#2197
      ,#2198,#2199,#2200,#2201,#2202,#2203,#2204,#2205,#2206,#2207,#2208
      ,#2209,#2210,#2211,#2212,#2213,#2214,#2215
  )),.UNSPECIFIED.,.F.,.F.,.F.,(2,2),(4,1,1,1,1,1,1,1,1,1,1,1,1,1,1,1,1,
    1,1,1,1,1,1,1,1,1,4),(0.,1.),(5.074160176286,5.167162109432,
    5.260164042577,5.353165975723,5.446167908869,5.539169842014,
    5.63217177516,5.725173708306,5.818175641451,5.911177574597,
    6.004179507743,6.097181440888,6.190183374034,6.28318530718,
    6.376187240325,6.469189173471,6.562191106617,6.655193039762,
    6.748194972908,6.841196906053,6.934198839199,7.027200772345,
    7.12020270549,7.213204638636,7.306206571782,7.399208504927,
    7.492210438073),.UNSPECIFIED.);
#2158 = CARTESIAN_POINT('',(1.184736224499,3.183145824518,
    11.882342154855));
#2159 = CARTESIAN_POINT('',(1.283415796221,3.145802875345,
    11.878529516532));
#2160 = CARTESIAN_POINT('',(1.477299327016,3.061933023101,
    11.870904239886));
#2161 = CARTESIAN_POINT('',(1.755184685474,2.909663525304,
    11.859466324917));
#2162 = CARTESIAN_POINT('',(2.017728162984,2.73224544747,11.848028409948
    ));
#2163 = CARTESIAN_POINT('',(2.262660601691,2.531212221916,
    11.836590494979));
#2164 = CARTESIAN_POINT('',(2.487865009007,2.308301408291,11.82515258001
    ));
#2165 = CARTESIAN_POINT('',(2.691394917407,2.065439652029,
    11.813714665041));
#2166 = CARTESIAN_POINT('',(2.87149119128,1.804726038437,11.802276750072
    ));
#2167 = CARTESIAN_POINT('',(3.026597235845,1.528413948333,
    11.790838835103));
#2168 = CARTESIAN_POINT('',(3.155372449794,1.238891582246,
    11.779400920134));
#2169 = CARTESIAN_POINT('',(3.256703812603,0.938661318772,
    11.767963005165));
#2170 = CARTESIAN_POINT('',(3.329715504421,0.630318086235,
    11.756525090196));
#2171 = CARTESIAN_POINT('',(3.373776475918,0.316526934376,
    11.745087175227));
#2172 = CARTESIAN_POINT('',(3.388505902519,1.263471313708E-14,
    11.733649260258));
#2173 = CARTESIAN_POINT('',(3.373776475918,-0.316526934376,
    11.722211345289));
#2174 = CARTESIAN_POINT('',(3.329715504421,-0.630318086235,
    11.71077343032));
#2175 = CARTESIAN_POINT('',(3.256703812603,-0.938661318772,
    11.699335515351));
#2176 = CARTESIAN_POINT('',(3.155372449794,-1.238891582246,
    11.687897600382));
#2177 = CARTESIAN_POINT('',(3.026597235845,-1.528413948333,
    11.676459685413));
#2178 = CARTESIAN_POINT('',(2.87149119128,-1.804726038437,
    11.665021770444));
#2179 = CARTESIAN_POINT('',(2.691394917407,-2.065439652029,
    11.653583855475));
#2180 = CARTESIAN_POINT('',(2.487865009007,-2.308301408291,
    11.642145940506));
#2181 = CARTESIAN_POINT('',(2.262660601691,-2.531212221916,
    11.630708025537));
#2182 = CARTESIAN_POINT('',(2.017728162984,-2.73224544747,
    11.619270110568));
#2183 = CARTESIAN_POINT('',(1.755184685474,-2.909663525304,
    11.607832195599));
#2184 = CARTESIAN_POINT('',(1.477299327016,-3.061933023101,
    11.59639428063));
#2185 = CARTESIAN_POINT('',(1.283415796221,-3.145802875345,
    11.588769003983));
#2186 = CARTESIAN_POINT('',(1.184736224499,-3.183145824518,
    11.58495636566));
#2187 = CARTESIAN_POINT('',(1.128840587599,3.035440363847,
    11.910189106719));
#2188 = CARTESIAN_POINT('',(1.222941194861,2.999830215436,
    11.906376468396));
#2189 = CARTESIAN_POINT('',(1.407828073347,2.919852121801,11.89875119175
    ));
#2190 = CARTESIAN_POINT('',(1.672818896919,2.774648287205,
    11.887313276781));
#2191 = CARTESIAN_POINT('',(1.923179738939,2.605462825897,
    11.875875361812));
#2192 = CARTESIAN_POINT('',(2.156746735819,2.413758015322,
    11.864437446843));
#2193 = CARTESIAN_POINT('',(2.371501128414,2.201190788271,
    11.852999531873));
#2194 = CARTESIAN_POINT('',(2.565586769872,1.969598389295,
    11.841561616904));
#2195 = CARTESIAN_POINT('',(2.737326152618,1.720982501199,
    11.830123701935));
#2196 = CARTESIAN_POINT('',(2.885234911533,1.457491942626,
    11.818685786966));
#2197 = CARTESIAN_POINT('',(3.008034652366,1.181404095977,
    11.807247871997));
#2198 = CARTESIAN_POINT('',(3.104664001365,0.895105223593,
    11.795809957028));
#2199 = CARTESIAN_POINT('',(3.174287778783,0.60106984301,11.784372042059
    ));
#2200 = CARTESIAN_POINT('',(3.216304217466,0.301839339389,11.77293412709
    ));
#2201 = CARTESIAN_POINT('',(3.230350163994,1.202369878745E-14,
    11.761496212121));
#2202 = CARTESIAN_POINT('',(3.216304217466,-0.301839339389,
    11.750058297152));
#2203 = CARTESIAN_POINT('',(3.174287778783,-0.60106984301,
    11.738620382183));
#2204 = CARTESIAN_POINT('',(3.104664001365,-0.895105223593,
    11.727182467214));
#2205 = CARTESIAN_POINT('',(3.008034652366,-1.181404095977,
    11.715744552245));
#2206 = CARTESIAN_POINT('',(2.885234911533,-1.457491942626,
    11.704306637276));
#2207 = CARTESIAN_POINT('',(2.737326152618,-1.720982501199,
    11.692868722307));
#2208 = CARTESIAN_POINT('',(2.565586769872,-1.969598389295,
    11.681430807338));
#2209 = CARTESIAN_POINT('',(2.371501128414,-2.201190788271,
    11.669992892369));
#2210 = CARTESIAN_POINT('',(2.156746735819,-2.413758015322,11.6585549774
    ));
#2211 = CARTESIAN_POINT('',(1.923179738939,-2.605462825897,
    11.647117062431));
#2212 = CARTESIAN_POINT('',(1.672818896919,-2.774648287205,
    11.635679147462));
#2213 = CARTESIAN_POINT('',(1.407828073347,-2.919852121801,
    11.624241232493));
#2214 = CARTESIAN_POINT('',(1.222941194861,-2.999830215436,
    11.616615955847));
#2215 = CARTESIAN_POINT('',(1.128840587599,-3.035440363847,
    11.612803317524));
#2216 = ADVANCED_FACE('',(#2217),#2282,.F.);
#2217 = FACE_BOUND('',#2218,.T.);
#2218 = EDGE_LOOP('',(#2219,#2231,#2232,#2233));
#2219 = ORIENTED_EDGE('',*,*,#2220,.F.);
#2220 = EDGE_CURVE('',#1528,#2221,#2223,.T.);
#2221 = VERTEX_POINT('',#2222);
#2222 = CARTESIAN_POINT('',(1.184736224499,3.183145824518,
    11.706213331309));
#2223 = B_SPLINE_CURVE_WITH_KNOTS('',3,(#2224,#2225,#2226,#2227,#2228,
    #2229,#2230),.UNSPECIFIED.,.F.,.F.,(4,1,1,1,4),(0.,0.464184510513,
    0.500099797772,0.964080195562,1.),.UNSPECIFIED.);
#2224 = CARTESIAN_POINT('',(1.184736225957,3.013695454545,
    11.676093600968));
#2225 = CARTESIAN_POINT('',(1.184736225974,3.039913987203,
    11.680755170176));
#2226 = CARTESIAN_POINT('',(1.184736226011,3.068161231048,
    11.685776810212));
#2227 = CARTESIAN_POINT('',(1.184736225887,3.122615798929,
    11.695456167813));
#2228 = CARTESIAN_POINT('',(1.184736228871,3.152880624151,
    11.700835064439));
#2229 = CARTESIAN_POINT('',(1.184736225505,3.181116933562,
    11.705852791059));
#2230 = CARTESIAN_POINT('',(1.184736225228,3.183145824518,
    11.706213331309));
#2231 = ORIENTED_EDGE('',*,*,#1527,.F.);
#2232 = ORIENTED_EDGE('',*,*,#2147,.F.);
#2233 = ORIENTED_EDGE('',*,*,#2234,.F.);
#2234 = EDGE_CURVE('',#2221,#2119,#2235,.T.);
#2235 = B_SPLINE_CURVE_WITH_KNOTS('',3,(#2236,#2237,#2238,#2239,#2240,
    #2241,#2242,#2243,#2244,#2245,#2246,#2247,#2248,#2249,#2250,#2251,
    #2252,#2253,#2254,#2255,#2256,#2257,#2258,#2259,#2260,#2261,#2262,
    #2263,#2264,#2265,#2266,#2267,#2268,#2269,#2270,#2271,#2272,#2273,
    #2274,#2275,#2276,#2277,#2278,#2279,#2280,#2281),.UNSPECIFIED.,.F.,
  .F.,(4,1,1,1,1,1,1,1,1,1,1,1,1,1,1,1,1,1,1,1,1,1,1,1,1,1,1,1,1,1,1,1,1
    ,1,1,1,1,1,1,1,1,1,1,4),(0.,2.182861931033E-02,6.537817402531E-02,
    8.687745306085E-02,0.10877700595,0.151970614161,0.173136648849,
    0.194902567546,0.237536798336,0.258359087376,0.279857242325,
    0.321863795278,0.342415645197,0.363573272078,0.405016379465,
    0.425428602225,0.446243684172,0.48731276182,0.494093358192,
    0.502170379781,0.528272689197,0.56243686377,0.569185049874,
    0.610075210935,0.630735564652,0.650889434199,0.691484137118,
    0.712667011518,0.713775484098,0.717933139962,0.72325243318,
    0.732955430202,0.747373069629,0.776187484922,0.794279774029,
    0.81793881414,0.859536741759,0.874637459756,0.900516401699,
    0.939936492846,0.943108415191,0.975938066939,0.996387480832,1.),
  .UNSPECIFIED.);
#2236 = CARTESIAN_POINT('',(1.184736225228,3.183145824242,
    11.706213331281));
#2237 = CARTESIAN_POINT('',(1.184736225615,3.184987245978,
    11.706540424592));
#2238 = CARTESIAN_POINT('',(1.184736226287,3.190477214963,
    11.707672270871));
#2239 = CARTESIAN_POINT('',(1.184736225905,3.197636529635,
    11.709774909158));
#2240 = CARTESIAN_POINT('',(1.184736225966,3.204595065078,
    11.712462109847));
#2241 = CARTESIAN_POINT('',(1.184736225951,3.211365303318,11.71551923944
    ));
#2242 = CARTESIAN_POINT('',(1.184736225958,3.217836223871,
    11.719123702657));
#2243 = CARTESIAN_POINT('',(1.184736225956,3.223962253998,
    11.723250483517));
#2244 = CARTESIAN_POINT('',(1.184736225957,3.229806316949,
    11.727691477853));
#2245 = CARTESIAN_POINT('',(1.184736225957,3.235229864912,
    11.732606858517));
#2246 = CARTESIAN_POINT('',(1.184736225957,3.240182881926,
    11.737951575515));
#2247 = CARTESIAN_POINT('',(1.184736225957,3.244780161574,
    11.743537493033));
#2248 = CARTESIAN_POINT('',(1.184736225957,3.248853115802,11.74949947995
    ));
#2249 = CARTESIAN_POINT('',(1.184736225957,3.252354728821,
    11.755768651531));
#2250 = CARTESIAN_POINT('',(1.184736225957,3.255449990596,
    11.762196107595));
#2251 = CARTESIAN_POINT('',(1.184736225957,3.25794122077,11.768878726642
    ));
#2252 = CARTESIAN_POINT('',(1.184736225957,3.259794060184,
    11.775724093732));
#2253 = CARTESIAN_POINT('',(1.184736225957,3.261212435477,
    11.782640702065));
#2254 = CARTESIAN_POINT('',(1.184736225957,3.261850661552,
    11.788505690522));
#2255 = CARTESIAN_POINT('',(1.184736225957,3.262019136968,11.79329863173
    ));
#2256 = CARTESIAN_POINT('',(1.184736225957,3.262062651963,
    11.796810921385));
#2257 = CARTESIAN_POINT('',(1.184736225957,3.261827976724,
    11.802671510611));
#2258 = CARTESIAN_POINT('',(1.184736225957,3.261066949503,
    11.808375474058));
#2259 = CARTESIAN_POINT('',(1.184736225957,3.259704757111,
    11.815256883304));
#2260 = CARTESIAN_POINT('',(1.184736225957,3.258147957987,11.82091486157
    ));
#2261 = CARTESIAN_POINT('',(1.184736225957,3.255663887332,
    11.827469522559));
#2262 = CARTESIAN_POINT('',(1.184736225957,3.252790759819,
    11.833834586619));
#2263 = CARTESIAN_POINT('',(1.184736225957,3.249321609086,
    11.839958908946));
#2264 = CARTESIAN_POINT('',(1.184736225957,3.246244878294,
    11.844390927222));
#2265 = CARTESIAN_POINT('',(1.184736225957,3.244891476699,
    11.846210711059));
#2266 = CARTESIAN_POINT('',(1.184736225957,3.244344220218,
    11.846934825637));
#2267 = CARTESIAN_POINT('',(1.184736225957,3.243334575619,
    11.848232993533));
#2268 = CARTESIAN_POINT('',(1.184736225957,3.241741509668,
    11.850191297702));
#2269 = CARTESIAN_POINT('',(1.184736225957,3.238755294071,
    11.853610619056));
#2270 = CARTESIAN_POINT('',(1.184736225957,3.23505348043,11.857351760779
    ));
#2271 = CARTESIAN_POINT('',(1.184736225957,3.230519545399,
    11.861362104145));
#2272 = CARTESIAN_POINT('',(1.184736225957,3.224895745833,11.86577770087
    ));
#2273 = CARTESIAN_POINT('',(1.184736225957,3.219105084792,
    11.869532523531));
#2274 = CARTESIAN_POINT('',(1.184736225956,3.212884962311,11.87291855302
    ));
#2275 = CARTESIAN_POINT('',(1.184736225962,3.206655021954,
    11.875878072932));
#2276 = CARTESIAN_POINT('',(1.184736225939,3.201146698495,
    11.877932159405));
#2277 = CARTESIAN_POINT('',(1.184736225975,3.194971207142,
    11.879852428387));
#2278 = CARTESIAN_POINT('',(1.184736225114,3.190282678631,
    11.881072862544));
#2279 = CARTESIAN_POINT('',(1.184736227147,3.185488851363,
    11.881976126438));
#2280 = CARTESIAN_POINT('',(1.184736225526,3.183451847636,
    11.882295602128));
#2281 = CARTESIAN_POINT('',(1.184736225228,3.183145824242,
    11.882342154827));
#2282 = PLANE('',#2283);
#2283 = AXIS2_PLACEMENT_3D('',#2284,#2285,#2286);
#2284 = CARTESIAN_POINT('',(1.184736225957,3.940986363636,
    12.418327272727));
#2285 = DIRECTION('',(1.,0.,0.));
#2286 = DIRECTION('',(0.,-1.,-2.832769448824E-16));
#2287 = ADVANCED_FACE('',(#2288),#2344,.T.);
#2288 = FACE_BOUND('',#2289,.T.);
#2289 = EDGE_LOOP('',(#2290,#2291,#2317,#2318));
#2290 = ORIENTED_EDGE('',*,*,#1955,.T.);
#2291 = ORIENTED_EDGE('',*,*,#2292,.F.);
#2292 = EDGE_CURVE('',#1536,#1948,#2293,.T.);
#2293 = B_SPLINE_CURVE_WITH_KNOTS('',3,(#2294,#2295,#2296,#2297,#2298,
    #2299,#2300,#2301,#2302,#2303,#2304,#2305,#2306,#2307,#2308,#2309,
    #2310,#2311,#2312,#2313,#2314,#2315,#2316),.UNSPECIFIED.,.F.,.F.,(4,
    1,1,1,1,1,1,1,1,1,1,1,1,1,1,1,1,1,1,1,4),(0.,5.E-02,0.1,0.15,0.2,
    0.25,0.3,0.35,0.4,0.45,0.5,0.55,0.6,0.65,0.7,0.75,0.8,0.85,0.9,0.95,
    1.),.QUASI_UNIFORM_KNOTS.);
#2294 = CARTESIAN_POINT('',(1.184736225957,3.013695454545,
    11.135173903998));
#2295 = CARTESIAN_POINT('',(1.304334239853,2.96589164611,11.130293233461
    ));
#2296 = CARTESIAN_POINT('',(1.537831819884,2.856028705032,
    11.120531892386));
#2297 = CARTESIAN_POINT('',(1.866026081445,2.650800652731,
    11.105889880774));
#2298 = CARTESIAN_POINT('',(2.167521437642,2.408044611398,
    11.091247869162));
#2299 = CARTESIAN_POINT('',(2.438049671673,2.131197286839,11.07660585755
    ));
#2300 = CARTESIAN_POINT('',(2.673780815794,1.824178087402,
    11.061963845939));
#2301 = CARTESIAN_POINT('',(2.871377575989,1.491333554857,
    11.047321834327));
#2302 = CARTESIAN_POINT('',(3.028042524494,1.137375851082,
    11.032679822715));
#2303 = CARTESIAN_POINT('',(3.141557718223,0.767316041018,
    11.018037811103));
#2304 = CARTESIAN_POINT('',(3.210316094827,0.386393151367,
    11.003395799491));
#2305 = CARTESIAN_POINT('',(3.233344225314,2.028972360494E-15,
    10.988753787879));
#2306 = CARTESIAN_POINT('',(3.210316094827,-0.386393151367,
    10.974111776267));
#2307 = CARTESIAN_POINT('',(3.141557718223,-0.767316041018,
    10.959469764655));
#2308 = CARTESIAN_POINT('',(3.028042524494,-1.137375851082,
    10.944827753043));
#2309 = CARTESIAN_POINT('',(2.871377575989,-1.491333554857,
    10.930185741431));
#2310 = CARTESIAN_POINT('',(2.673780815794,-1.824178087402,
    10.915543729819));
#2311 = CARTESIAN_POINT('',(2.438049671673,-2.131197286839,
    10.900901718207));
#2312 = CARTESIAN_POINT('',(2.167521437642,-2.408044611398,
    10.886259706595));
#2313 = CARTESIAN_POINT('',(1.866026081445,-2.650800652731,
    10.871617694983));
#2314 = CARTESIAN_POINT('',(1.537831819884,-2.856028705032,
    10.856975683371));
#2315 = CARTESIAN_POINT('',(1.304334239853,-2.96589164611,
    10.847214342297));
#2316 = CARTESIAN_POINT('',(1.184736225957,-3.013695454545,
    10.842333671759));
#2317 = ORIENTED_EDGE('',*,*,#1535,.F.);
#2318 = ORIENTED_EDGE('',*,*,#2319,.T.);
#2319 = EDGE_CURVE('',#1528,#1956,#2320,.T.);
#2320 = B_SPLINE_CURVE_WITH_KNOTS('',3,(#2321,#2322,#2323,#2324,#2325,
    #2326,#2327,#2328,#2329,#2330,#2331,#2332,#2333,#2334,#2335,#2336,
    #2337,#2338,#2339,#2340,#2341,#2342,#2343),.UNSPECIFIED.,.F.,.F.,(4,
    1,1,1,1,1,1,1,1,1,1,1,1,1,1,1,1,1,1,1,4),(0.,5.E-02,0.1,0.15,0.2,
    0.25,0.3,0.35,0.4,0.45,0.5,0.55,0.6,0.65,0.7,0.75,0.8,0.85,0.9,0.95,
    1.),.QUASI_UNIFORM_KNOTS.);
#2321 = CARTESIAN_POINT('',(1.184736225957,3.013695454545,
    11.676093600968));
#2322 = CARTESIAN_POINT('',(1.304334239853,2.96589164611,11.671212930431
    ));
#2323 = CARTESIAN_POINT('',(1.537831819884,2.856028705032,
    11.661451589356));
#2324 = CARTESIAN_POINT('',(1.866026081445,2.650800652731,
    11.646809577744));
#2325 = CARTESIAN_POINT('',(2.167521437642,2.408044611398,
    11.632167566132));
#2326 = CARTESIAN_POINT('',(2.438049671673,2.131197286839,11.61752555452
    ));
#2327 = CARTESIAN_POINT('',(2.673780815794,1.824178087402,
    11.602883542908));
#2328 = CARTESIAN_POINT('',(2.871377575989,1.491333554857,
    11.588241531296));
#2329 = CARTESIAN_POINT('',(3.028042524494,1.137375851082,
    11.573599519684));
#2330 = CARTESIAN_POINT('',(3.141557718223,0.767316041018,
    11.558957508072));
#2331 = CARTESIAN_POINT('',(3.210316094827,0.386393151367,11.54431549646
    ));
#2332 = CARTESIAN_POINT('',(3.233344225314,1.908864060084E-15,
    11.529673484848));
#2333 = CARTESIAN_POINT('',(3.210316094827,-0.386393151367,
    11.515031473237));
#2334 = CARTESIAN_POINT('',(3.141557718223,-0.767316041018,
    11.500389461625));
#2335 = CARTESIAN_POINT('',(3.028042524494,-1.137375851082,
    11.485747450013));
#2336 = CARTESIAN_POINT('',(2.871377575989,-1.491333554857,
    11.471105438401));
#2337 = CARTESIAN_POINT('',(2.673780815794,-1.824178087402,
    11.456463426789));
#2338 = CARTESIAN_POINT('',(2.438049671673,-2.131197286839,
    11.441821415177));
#2339 = CARTESIAN_POINT('',(2.167521437642,-2.408044611398,
    11.427179403565));
#2340 = CARTESIAN_POINT('',(1.866026081445,-2.650800652731,
    11.412537391953));
#2341 = CARTESIAN_POINT('',(1.537831819884,-2.856028705032,
    11.397895380341));
#2342 = CARTESIAN_POINT('',(1.304334239853,-2.96589164611,
    11.388134039266));
#2343 = CARTESIAN_POINT('',(1.184736225957,-3.013695454545,
    11.383253368729));
#2344 = CYLINDRICAL_SURFACE('',#2345,3.245518181818);
#2345 = AXIS2_PLACEMENT_3D('',#2346,#2347,#2348);
#2346 = CARTESIAN_POINT('',(-1.985E-02,0.,12.418327272727));
#2347 = DIRECTION('',(0.,2.832769448824E-16,-1.));
#2348 = DIRECTION('',(1.,0.,0.));
#2349 = ADVANCED_FACE('',(#2350),#2426,.F.);
#2350 = FACE_BOUND('',#2351,.T.);
#2351 = EDGE_LOOP('',(#2352,#2364,#2365,#2377));
#2352 = ORIENTED_EDGE('',*,*,#2353,.F.);
#2353 = EDGE_CURVE('',#1544,#2354,#2356,.T.);
#2354 = VERTEX_POINT('',#2355);
#2355 = CARTESIAN_POINT('',(1.184736224499,3.183145824518,
    10.933470907067));
#2356 = B_SPLINE_CURVE_WITH_KNOTS('',3,(#2357,#2358,#2359,#2360,#2361,
    #2362,#2363),.UNSPECIFIED.,.F.,.F.,(4,1,1,1,4),(0.,0.464184510513,
    0.500099797772,0.964080195562,1.),.UNSPECIFIED.);
#2357 = CARTESIAN_POINT('',(1.184736225957,3.013695454545,
    10.903351176726));
#2358 = CARTESIAN_POINT('',(1.184736225974,3.039913987203,
    10.908012745934));
#2359 = CARTESIAN_POINT('',(1.184736226011,3.068161231048,10.91303438597
    ));
#2360 = CARTESIAN_POINT('',(1.184736225887,3.122615798929,
    10.922713743571));
#2361 = CARTESIAN_POINT('',(1.184736228871,3.152880624151,
    10.928092640196));
#2362 = CARTESIAN_POINT('',(1.184736225505,3.181116933562,
    10.933110366817));
#2363 = CARTESIAN_POINT('',(1.184736225228,3.183145824518,
    10.933470907067));
#2364 = ORIENTED_EDGE('',*,*,#1543,.F.);
#2365 = ORIENTED_EDGE('',*,*,#2366,.F.);
#2366 = EDGE_CURVE('',#2367,#1536,#2369,.T.);
#2367 = VERTEX_POINT('',#2368);
#2368 = CARTESIAN_POINT('',(1.184736224499,3.183145824518,
    11.109599730613));
#2369 = B_SPLINE_CURVE_WITH_KNOTS('',3,(#2370,#2371,#2372,#2373,#2374,
    #2375,#2376),.UNSPECIFIED.,.F.,.F.,(4,1,1,1,4),(0.,0.466492242527,
    0.499917673675,0.966577181431,1.),.UNSPECIFIED.);
#2370 = CARTESIAN_POINT('',(1.184736225228,3.183145824518,
    11.109599730613));
#2371 = CARTESIAN_POINT('',(1.184736225816,3.156801390505,
    11.113607337595));
#2372 = CARTESIAN_POINT('',(1.18473622596,3.128567089386,11.117887393515
    ));
#2373 = CARTESIAN_POINT('',(1.184736225954,3.073971917896,
    11.126130160389));
#2374 = CARTESIAN_POINT('',(1.184736225957,3.043835036886,
    11.130661739752));
#2375 = CARTESIAN_POINT('',(1.184736225957,3.015583638296,
    11.134891303865));
#2376 = CARTESIAN_POINT('',(1.184736225957,3.013695454545,
    11.135173903998));
#2377 = ORIENTED_EDGE('',*,*,#2378,.F.);
#2378 = EDGE_CURVE('',#2354,#2367,#2379,.T.);
#2379 = B_SPLINE_CURVE_WITH_KNOTS('',3,(#2380,#2381,#2382,#2383,#2384,
    #2385,#2386,#2387,#2388,#2389,#2390,#2391,#2392,#2393,#2394,#2395,
    #2396,#2397,#2398,#2399,#2400,#2401,#2402,#2403,#2404,#2405,#2406,
    #2407,#2408,#2409,#2410,#2411,#2412,#2413,#2414,#2415,#2416,#2417,
    #2418,#2419,#2420,#2421,#2422,#2423,#2424,#2425),.UNSPECIFIED.,.F.,
  .F.,(4,1,1,1,1,1,1,1,1,1,1,1,1,1,1,1,1,1,1,1,1,1,1,1,1,1,1,1,1,1,1,1,1
    ,1,1,1,1,1,1,1,1,1,1,4),(0.,2.182861931033E-02,6.53781740253E-02,
    8.687745306084E-02,0.10877700595,0.151970614161,0.173136648849,
    0.194902567546,0.237536798336,0.258359087376,0.279857242325,
    0.321863795278,0.342415645197,0.363573272078,0.405016379465,
    0.425428602225,0.446243684172,0.48731276182,0.494093358192,
    0.502170379781,0.528272689197,0.56243686377,0.569185049874,
    0.610075210935,0.630735564652,0.650889434199,0.691484137118,
    0.712667011518,0.713775484098,0.717933139962,0.72325243318,
    0.732955430202,0.747373069629,0.776187484922,0.794279774029,
    0.81793881414,0.859536741759,0.874637459756,0.900516401699,
    0.939936492846,0.943108415191,0.975938066939,0.996387480832,1.),
  .UNSPECIFIED.);
#2380 = CARTESIAN_POINT('',(1.184736225228,3.183145824242,
    10.933470907039));
#2381 = CARTESIAN_POINT('',(1.184736225615,3.184987245978,10.93379800035
    ));
#2382 = CARTESIAN_POINT('',(1.184736226287,3.190477214963,
    10.934929846628));
#2383 = CARTESIAN_POINT('',(1.184736225905,3.197636529635,
    10.937032484916));
#2384 = CARTESIAN_POINT('',(1.184736225966,3.204595065078,
    10.939719685604));
#2385 = CARTESIAN_POINT('',(1.184736225951,3.211365303318,
    10.942776815198));
#2386 = CARTESIAN_POINT('',(1.184736225958,3.217836223871,
    10.946381278414));
#2387 = CARTESIAN_POINT('',(1.184736225956,3.223962253998,
    10.950508059274));
#2388 = CARTESIAN_POINT('',(1.184736225957,3.229806316949,
    10.954949053611));
#2389 = CARTESIAN_POINT('',(1.184736225957,3.235229864912,
    10.959864434275));
#2390 = CARTESIAN_POINT('',(1.184736225957,3.240182881926,
    10.965209151273));
#2391 = CARTESIAN_POINT('',(1.184736225957,3.244780161574,10.97079506879
    ));
#2392 = CARTESIAN_POINT('',(1.184736225957,3.248853115802,
    10.976757055708));
#2393 = CARTESIAN_POINT('',(1.184736225957,3.252354728821,
    10.983026227289));
#2394 = CARTESIAN_POINT('',(1.184736225957,3.255449990596,
    10.989453683352));
#2395 = CARTESIAN_POINT('',(1.184736225957,3.25794122077,10.9961363024)
  );
#2396 = CARTESIAN_POINT('',(1.184736225957,3.259794060184,11.00298166949
    ));
#2397 = CARTESIAN_POINT('',(1.184736225957,3.261212435477,
    11.009898277823));
#2398 = CARTESIAN_POINT('',(1.184736225957,3.261850661552,
    11.015763266279));
#2399 = CARTESIAN_POINT('',(1.184736225957,3.262019136968,
    11.020556207487));
#2400 = CARTESIAN_POINT('',(1.184736225957,3.262062651963,
    11.024068497142));
#2401 = CARTESIAN_POINT('',(1.184736225957,3.261827976724,
    11.029929086369));
#2402 = CARTESIAN_POINT('',(1.184736225957,3.261066949503,
    11.035633049815));
#2403 = CARTESIAN_POINT('',(1.184736225957,3.259704757111,
    11.042514459062));
#2404 = CARTESIAN_POINT('',(1.184736225957,3.258147957987,
    11.048172437327));
#2405 = CARTESIAN_POINT('',(1.184736225957,3.255663887332,
    11.054727098317));
#2406 = CARTESIAN_POINT('',(1.184736225957,3.252790759819,
    11.061092162376));
#2407 = CARTESIAN_POINT('',(1.184736225957,3.249321609086,
    11.067216484704));
#2408 = CARTESIAN_POINT('',(1.184736225957,3.246244878294,
    11.071648502979));
#2409 = CARTESIAN_POINT('',(1.184736225957,3.244891476699,
    11.073468286816));
#2410 = CARTESIAN_POINT('',(1.184736225957,3.244344220218,
    11.074192401395));
#2411 = CARTESIAN_POINT('',(1.184736225957,3.243334575619,11.07549056929
    ));
#2412 = CARTESIAN_POINT('',(1.184736225957,3.241741509668,
    11.077448873459));
#2413 = CARTESIAN_POINT('',(1.184736225957,3.238755294071,
    11.080868194813));
#2414 = CARTESIAN_POINT('',(1.184736225957,3.23505348043,11.084609336537
    ));
#2415 = CARTESIAN_POINT('',(1.184736225957,3.230519545399,
    11.088619679903));
#2416 = CARTESIAN_POINT('',(1.184736225957,3.224895745833,
    11.093035276628));
#2417 = CARTESIAN_POINT('',(1.184736225957,3.219105084792,
    11.096790099289));
#2418 = CARTESIAN_POINT('',(1.184736225956,3.212884962311,
    11.100176128777));
#2419 = CARTESIAN_POINT('',(1.184736225962,3.206655021954,11.10313564869
    ));
#2420 = CARTESIAN_POINT('',(1.184736225939,3.201146698495,
    11.105189735162));
#2421 = CARTESIAN_POINT('',(1.184736225975,3.194971207142,
    11.107110004144));
#2422 = CARTESIAN_POINT('',(1.184736225114,3.190282678631,
    11.108330438301));
#2423 = CARTESIAN_POINT('',(1.184736227147,3.185488851363,
    11.109233702196));
#2424 = CARTESIAN_POINT('',(1.184736225526,3.183451847636,
    11.109553177886));
#2425 = CARTESIAN_POINT('',(1.184736225228,3.183145824242,
    11.109599730585));
#2426 = PLANE('',#2427);
#2427 = AXIS2_PLACEMENT_3D('',#2428,#2429,#2430);
#2428 = CARTESIAN_POINT('',(1.184736225957,3.940986363636,
    12.418327272727));
#2429 = DIRECTION('',(1.,0.,0.));
#2430 = DIRECTION('',(0.,-1.,-2.832769448824E-16));
#2431 = ADVANCED_FACE('',(#2432),#2488,.T.);
#2432 = FACE_BOUND('',#2433,.T.);
#2433 = EDGE_LOOP('',(#2434,#2435,#2461,#2462));
#2434 = ORIENTED_EDGE('',*,*,#1939,.T.);
#2435 = ORIENTED_EDGE('',*,*,#2436,.F.);
#2436 = EDGE_CURVE('',#1552,#1932,#2437,.T.);
#2437 = B_SPLINE_CURVE_WITH_KNOTS('',3,(#2438,#2439,#2440,#2441,#2442,
    #2443,#2444,#2445,#2446,#2447,#2448,#2449,#2450,#2451,#2452,#2453,
    #2454,#2455,#2456,#2457,#2458,#2459,#2460),.UNSPECIFIED.,.F.,.F.,(4,
    1,1,1,1,1,1,1,1,1,1,1,1,1,1,1,1,1,1,1,4),(0.,5.E-02,0.1,0.15,0.2,
    0.25,0.3,0.35,0.4,0.45,0.5,0.55,0.6,0.65,0.7,0.75,0.8,0.85,0.9,0.95,
    1.),.QUASI_UNIFORM_KNOTS.);
#2438 = CARTESIAN_POINT('',(1.184736225957,3.013695454545,
    10.362431479756));
#2439 = CARTESIAN_POINT('',(1.304334239853,2.96589164611,10.357550809219
    ));
#2440 = CARTESIAN_POINT('',(1.537831819884,2.856028705032,
    10.347789468144));
#2441 = CARTESIAN_POINT('',(1.866026081445,2.650800652732,
    10.333147456532));
#2442 = CARTESIAN_POINT('',(2.167521437642,2.408044611398,10.31850544492
    ));
#2443 = CARTESIAN_POINT('',(2.438049671673,2.131197286839,
    10.303863433308));
#2444 = CARTESIAN_POINT('',(2.673780815794,1.824178087402,
    10.289221421696));
#2445 = CARTESIAN_POINT('',(2.871377575989,1.491333554857,
    10.274579410084));
#2446 = CARTESIAN_POINT('',(3.028042524494,1.137375851082,
    10.259937398472));
#2447 = CARTESIAN_POINT('',(3.141557718223,0.767316041018,10.24529538686
    ));
#2448 = CARTESIAN_POINT('',(3.210316094827,0.386393151367,
    10.230653375248));
#2449 = CARTESIAN_POINT('',(3.233344225314,6.077908958952E-14,
    10.216011363636));
#2450 = CARTESIAN_POINT('',(3.210316094828,-0.386393151367,
    10.201369352024));
#2451 = CARTESIAN_POINT('',(3.141557718223,-0.767316041018,
    10.186727340412));
#2452 = CARTESIAN_POINT('',(3.028042524494,-1.137375851082,
    10.172085328801));
#2453 = CARTESIAN_POINT('',(2.871377575989,-1.491333554857,
    10.157443317189));
#2454 = CARTESIAN_POINT('',(2.673780815794,-1.824178087402,
    10.142801305577));
#2455 = CARTESIAN_POINT('',(2.438049671673,-2.131197286839,
    10.128159293965));
#2456 = CARTESIAN_POINT('',(2.167521437642,-2.408044611398,
    10.113517282353));
#2457 = CARTESIAN_POINT('',(1.866026081445,-2.650800652731,
    10.098875270741));
#2458 = CARTESIAN_POINT('',(1.537831819884,-2.856028705032,
    10.084233259129));
#2459 = CARTESIAN_POINT('',(1.304334239853,-2.96589164611,
    10.074471918054));
#2460 = CARTESIAN_POINT('',(1.184736225957,-3.013695454545,
    10.069591247517));
#2461 = ORIENTED_EDGE('',*,*,#1551,.F.);
#2462 = ORIENTED_EDGE('',*,*,#2463,.T.);
#2463 = EDGE_CURVE('',#1544,#1940,#2464,.T.);
#2464 = B_SPLINE_CURVE_WITH_KNOTS('',3,(#2465,#2466,#2467,#2468,#2469,
    #2470,#2471,#2472,#2473,#2474,#2475,#2476,#2477,#2478,#2479,#2480,
    #2481,#2482,#2483,#2484,#2485,#2486,#2487),.UNSPECIFIED.,.F.,.F.,(4,
    1,1,1,1,1,1,1,1,1,1,1,1,1,1,1,1,1,1,1,4),(0.,5.E-02,0.1,0.15,0.2,
    0.25,0.3,0.35,0.4,0.45,0.5,0.55,0.6,0.65,0.7,0.75,0.8,0.85,0.9,0.95,
    1.),.QUASI_UNIFORM_KNOTS.);
#2465 = CARTESIAN_POINT('',(1.184736225957,3.013695454545,
    10.903351176726));
#2466 = CARTESIAN_POINT('',(1.304334239853,2.96589164611,10.898470506188
    ));
#2467 = CARTESIAN_POINT('',(1.537831819884,2.856028705032,
    10.888709165114));
#2468 = CARTESIAN_POINT('',(1.866026081445,2.650800652731,
    10.874067153502));
#2469 = CARTESIAN_POINT('',(2.167521437642,2.408044611398,10.85942514189
    ));
#2470 = CARTESIAN_POINT('',(2.438049671673,2.131197286839,
    10.844783130278));
#2471 = CARTESIAN_POINT('',(2.673780815794,1.824178087402,
    10.830141118666));
#2472 = CARTESIAN_POINT('',(2.871377575989,1.491333554857,
    10.815499107054));
#2473 = CARTESIAN_POINT('',(3.028042524494,1.137375851082,
    10.800857095442));
#2474 = CARTESIAN_POINT('',(3.141557718223,0.767316041018,10.78621508383
    ));
#2475 = CARTESIAN_POINT('',(3.210316094827,0.386393151367,
    10.771573072218));
#2476 = CARTESIAN_POINT('',(3.233344225314,4.90642407174E-14,
    10.756931060606));
#2477 = CARTESIAN_POINT('',(3.210316094828,-0.386393151367,
    10.742289048994));
#2478 = CARTESIAN_POINT('',(3.141557718223,-0.767316041018,
    10.727647037382));
#2479 = CARTESIAN_POINT('',(3.028042524494,-1.137375851082,
    10.71300502577));
#2480 = CARTESIAN_POINT('',(2.871377575989,-1.491333554857,
    10.698363014158));
#2481 = CARTESIAN_POINT('',(2.673780815794,-1.824178087402,
    10.683721002546));
#2482 = CARTESIAN_POINT('',(2.438049671673,-2.131197286839,
    10.669078990934));
#2483 = CARTESIAN_POINT('',(2.167521437642,-2.408044611398,
    10.654436979322));
#2484 = CARTESIAN_POINT('',(1.866026081445,-2.650800652731,
    10.63979496771));
#2485 = CARTESIAN_POINT('',(1.537831819884,-2.856028705032,
    10.625152956099));
#2486 = CARTESIAN_POINT('',(1.304334239853,-2.96589164611,
    10.615391615024));
#2487 = CARTESIAN_POINT('',(1.184736225957,-3.013695454545,
    10.610510944487));
#2488 = CYLINDRICAL_SURFACE('',#2489,3.245518181818);
#2489 = AXIS2_PLACEMENT_3D('',#2490,#2491,#2492);
#2490 = CARTESIAN_POINT('',(-1.985E-02,0.,12.418327272727));
#2491 = DIRECTION('',(0.,2.832769448824E-16,-1.));
#2492 = DIRECTION('',(1.,0.,0.));
#2493 = ADVANCED_FACE('',(#2494),#2570,.F.);
#2494 = FACE_BOUND('',#2495,.T.);
#2495 = EDGE_LOOP('',(#2496,#2508,#2509,#2521));
#2496 = ORIENTED_EDGE('',*,*,#2497,.T.);
#2497 = EDGE_CURVE('',#2498,#1560,#2500,.T.);
#2498 = VERTEX_POINT('',#2499);
#2499 = CARTESIAN_POINT('',(1.184736224499,3.183145824518,
    10.160728482824));
#2500 = B_SPLINE_CURVE_WITH_KNOTS('',3,(#2501,#2502,#2503,#2504,#2505,
    #2506,#2507),.UNSPECIFIED.,.F.,.F.,(4,1,1,1,4),(0.,0.466445224888,
    0.499912895394,0.966535094384,1.),.UNSPECIFIED.);
#2501 = CARTESIAN_POINT('',(1.184736225228,3.183145824518,
    10.160728482824));
#2502 = CARTESIAN_POINT('',(1.184736225816,3.156799174161,
    10.156046601044));
#2503 = CARTESIAN_POINT('',(1.18473622596,3.128562244034,10.151028208));
#2504 = CARTESIAN_POINT('',(1.184736225954,3.073968985344,
    10.141324375277));
#2505 = CARTESIAN_POINT('',(1.184736225957,3.043832058651,
    10.135966896358));
#2506 = CARTESIAN_POINT('',(1.184736225957,3.015585651258,
    10.130944823239));
#2507 = CARTESIAN_POINT('',(1.184736225957,3.013695454545,
    10.130608752483));
#2508 = ORIENTED_EDGE('',*,*,#1559,.F.);
#2509 = ORIENTED_EDGE('',*,*,#2510,.F.);
#2510 = EDGE_CURVE('',#2511,#1552,#2513,.T.);
#2511 = VERTEX_POINT('',#2512);
#2512 = CARTESIAN_POINT('',(1.184736224499,3.183145824518,10.33685730637
    ));
#2513 = B_SPLINE_CURVE_WITH_KNOTS('',3,(#2514,#2515,#2516,#2517,#2518,
    #2519,#2520),.UNSPECIFIED.,.F.,.F.,(4,1,1,1,4),(0.,0.466492242527,
    0.499917673675,0.966577181431,1.),.UNSPECIFIED.);
#2514 = CARTESIAN_POINT('',(1.184736225228,3.183145824518,10.33685730637
    ));
#2515 = CARTESIAN_POINT('',(1.184736225816,3.156801390505,
    10.340864913352));
#2516 = CARTESIAN_POINT('',(1.18473622596,3.128567089386,10.345144969273
    ));
#2517 = CARTESIAN_POINT('',(1.184736225954,3.073971917896,
    10.353387736146));
#2518 = CARTESIAN_POINT('',(1.184736225957,3.043835036886,10.35791931551
    ));
#2519 = CARTESIAN_POINT('',(1.184736225957,3.015583638296,
    10.362148879623));
#2520 = CARTESIAN_POINT('',(1.184736225957,3.013695454545,
    10.362431479756));
#2521 = ORIENTED_EDGE('',*,*,#2522,.F.);
#2522 = EDGE_CURVE('',#2498,#2511,#2523,.T.);
#2523 = B_SPLINE_CURVE_WITH_KNOTS('',3,(#2524,#2525,#2526,#2527,#2528,
    #2529,#2530,#2531,#2532,#2533,#2534,#2535,#2536,#2537,#2538,#2539,
    #2540,#2541,#2542,#2543,#2544,#2545,#2546,#2547,#2548,#2549,#2550,
    #2551,#2552,#2553,#2554,#2555,#2556,#2557,#2558,#2559,#2560,#2561,
    #2562,#2563,#2564,#2565,#2566,#2567,#2568,#2569),.UNSPECIFIED.,.F.,
  .F.,(4,1,1,1,1,1,1,1,1,1,1,1,1,1,1,1,1,1,1,1,1,1,1,1,1,1,1,1,1,1,1,1,1
    ,1,1,1,1,1,1,1,1,1,1,4),(0.,2.182861931032E-02,6.53781740253E-02,
    8.687745306084E-02,0.10877700595,0.151970614161,0.173136648849,
    0.194902567546,0.237536798336,0.258359087376,0.279857242325,
    0.321863795278,0.342415645197,0.363573272078,0.405016379465,
    0.425428602225,0.446243684172,0.48731276182,0.494093358192,
    0.502170379781,0.528272689197,0.56243686377,0.569185049874,
    0.610075210935,0.630735564652,0.650889434199,0.691484137118,
    0.712667011518,0.713775484098,0.717933139962,0.72325243318,
    0.732955430202,0.747373069629,0.776187484922,0.794279774029,
    0.81793881414,0.859536741759,0.874637459756,0.900516401699,
    0.939936492846,0.943108415191,0.975938066939,0.996387480832,1.),
  .UNSPECIFIED.);
#2524 = CARTESIAN_POINT('',(1.184736225228,3.183145824242,
    10.160728482796));
#2525 = CARTESIAN_POINT('',(1.184736225615,3.184987245978,
    10.161055576107));
#2526 = CARTESIAN_POINT('',(1.184736226287,3.190477214963,
    10.162187422386));
#2527 = CARTESIAN_POINT('',(1.184736225905,3.197636529635,
    10.164290060674));
#2528 = CARTESIAN_POINT('',(1.184736225966,3.204595065078,
    10.166977261362));
#2529 = CARTESIAN_POINT('',(1.184736225951,3.211365303318,
    10.170034390955));
#2530 = CARTESIAN_POINT('',(1.184736225958,3.217836223871,
    10.173638854172));
#2531 = CARTESIAN_POINT('',(1.184736225956,3.223962253998,
    10.177765635032));
#2532 = CARTESIAN_POINT('',(1.184736225957,3.229806316949,
    10.182206629368));
#2533 = CARTESIAN_POINT('',(1.184736225957,3.235229864912,
    10.187122010032));
#2534 = CARTESIAN_POINT('',(1.184736225957,3.240182881926,10.19246672703
    ));
#2535 = CARTESIAN_POINT('',(1.184736225957,3.244780161574,
    10.198052644548));
#2536 = CARTESIAN_POINT('',(1.184736225957,3.248853115802,
    10.204014631465));
#2537 = CARTESIAN_POINT('',(1.184736225957,3.252354728821,
    10.210283803046));
#2538 = CARTESIAN_POINT('',(1.184736225957,3.255449990596,10.21671125911
    ));
#2539 = CARTESIAN_POINT('',(1.184736225957,3.25794122077,10.223393878157
    ));
#2540 = CARTESIAN_POINT('',(1.184736225957,3.259794060184,
    10.230239245248));
#2541 = CARTESIAN_POINT('',(1.184736225957,3.261212435477,
    10.237155853581));
#2542 = CARTESIAN_POINT('',(1.184736225957,3.261850661552,
    10.243020842037));
#2543 = CARTESIAN_POINT('',(1.184736225957,3.262019136968,
    10.247813783245));
#2544 = CARTESIAN_POINT('',(1.184736225957,3.262062651963,10.2513260729)
  );
#2545 = CARTESIAN_POINT('',(1.184736225957,3.261827976724,
    10.257186662127));
#2546 = CARTESIAN_POINT('',(1.184736225957,3.261066949503,
    10.262890625573));
#2547 = CARTESIAN_POINT('',(1.184736225957,3.259704757111,10.26977203482
    ));
#2548 = CARTESIAN_POINT('',(1.184736225957,3.258147957987,
    10.275430013085));
#2549 = CARTESIAN_POINT('',(1.184736225957,3.255663887332,
    10.281984674074));
#2550 = CARTESIAN_POINT('',(1.184736225957,3.252790759819,
    10.288349738134));
#2551 = CARTESIAN_POINT('',(1.184736225957,3.249321609086,
    10.294474060461));
#2552 = CARTESIAN_POINT('',(1.184736225957,3.246244878294,
    10.298906078737));
#2553 = CARTESIAN_POINT('',(1.184736225957,3.244891476699,
    10.300725862574));
#2554 = CARTESIAN_POINT('',(1.184736225957,3.244344220218,
    10.301449977152));
#2555 = CARTESIAN_POINT('',(1.184736225957,3.243334575619,
    10.302748145048));
#2556 = CARTESIAN_POINT('',(1.184736225957,3.241741509668,
    10.304706449217));
#2557 = CARTESIAN_POINT('',(1.184736225957,3.238755294071,
    10.308125770571));
#2558 = CARTESIAN_POINT('',(1.184736225957,3.23505348043,10.311866912294
    ));
#2559 = CARTESIAN_POINT('',(1.184736225957,3.230519545399,
    10.315877255661));
#2560 = CARTESIAN_POINT('',(1.184736225957,3.224895745833,
    10.320292852385));
#2561 = CARTESIAN_POINT('',(1.184736225957,3.219105084792,
    10.324047675046));
#2562 = CARTESIAN_POINT('',(1.184736225956,3.212884962311,
    10.327433704535));
#2563 = CARTESIAN_POINT('',(1.184736225962,3.206655021953,
    10.330393224448));
#2564 = CARTESIAN_POINT('',(1.184736225939,3.201146698495,10.33244731092
    ));
#2565 = CARTESIAN_POINT('',(1.184736225975,3.194971207142,
    10.334367579902));
#2566 = CARTESIAN_POINT('',(1.184736225114,3.190282678631,
    10.335588014059));
#2567 = CARTESIAN_POINT('',(1.184736227147,3.185488851363,
    10.336491277953));
#2568 = CARTESIAN_POINT('',(1.184736225526,3.183451847636,
    10.336810753643));
#2569 = CARTESIAN_POINT('',(1.184736225228,3.183145824242,
    10.336857306342));
#2570 = PLANE('',#2571);
#2571 = AXIS2_PLACEMENT_3D('',#2572,#2573,#2574);
#2572 = CARTESIAN_POINT('',(1.184736225957,3.940986363636,
    12.418327272727));
#2573 = DIRECTION('',(1.,0.,0.));
#2574 = DIRECTION('',(0.,-1.,-2.832769448824E-16));
#2575 = ADVANCED_FACE('',(#2576),#2632,.T.);
#2576 = FACE_BOUND('',#2577,.T.);
#2577 = EDGE_LOOP('',(#2578,#2579,#2605,#2606));
#2578 = ORIENTED_EDGE('',*,*,#1923,.T.);
#2579 = ORIENTED_EDGE('',*,*,#2580,.F.);
#2580 = EDGE_CURVE('',#1568,#1916,#2581,.T.);
#2581 = B_SPLINE_CURVE_WITH_KNOTS('',3,(#2582,#2583,#2584,#2585,#2586,
    #2587,#2588,#2589,#2590,#2591,#2592,#2593,#2594,#2595,#2596,#2597,
    #2598,#2599,#2600,#2601,#2602,#2603,#2604),.UNSPECIFIED.,.F.,.F.,(4,
    1,1,1,1,1,1,1,1,1,1,1,1,1,1,1,1,1,1,1,4),(0.,5.E-02,0.1,0.15,0.2,
    0.25,0.3,0.35,0.4,0.45,0.5,0.55,0.6,0.65,0.7,0.75,0.8,0.85,0.9,0.95,
    1.),.QUASI_UNIFORM_KNOTS.);
#2582 = CARTESIAN_POINT('',(1.184736225957,3.013695454545,9.589689055513
    ));
#2583 = CARTESIAN_POINT('',(1.304334239853,2.96589164611,9.584808384976)
  );
#2584 = CARTESIAN_POINT('',(1.537831819884,2.856028705032,9.575047043901
    ));
#2585 = CARTESIAN_POINT('',(1.866026081445,2.650800652731,9.56040503229)
  );
#2586 = CARTESIAN_POINT('',(2.167521437642,2.408044611398,9.545763020678
    ));
#2587 = CARTESIAN_POINT('',(2.438049671673,2.131197286839,9.531121009066
    ));
#2588 = CARTESIAN_POINT('',(2.673780815794,1.824178087402,9.516478997454
    ));
#2589 = CARTESIAN_POINT('',(2.871377575989,1.491333554857,9.501836985842
    ));
#2590 = CARTESIAN_POINT('',(3.028042524494,1.137375851082,9.48719497423)
  );
#2591 = CARTESIAN_POINT('',(3.141557718223,0.767316041018,9.472552962618
    ));
#2592 = CARTESIAN_POINT('',(3.210316094828,0.386393151367,9.457910951006
    ));
#2593 = CARTESIAN_POINT('',(3.233344225314,-5.379993941928E-14,
    9.443268939394));
#2594 = CARTESIAN_POINT('',(3.210316094827,-0.386393151367,
    9.428626927782));
#2595 = CARTESIAN_POINT('',(3.141557718223,-0.767316041018,9.41398491617
    ));
#2596 = CARTESIAN_POINT('',(3.028042524494,-1.137375851082,
    9.399342904558));
#2597 = CARTESIAN_POINT('',(2.871377575989,-1.491333554857,
    9.384700892946));
#2598 = CARTESIAN_POINT('',(2.673780815794,-1.824178087402,
    9.370058881334));
#2599 = CARTESIAN_POINT('',(2.438049671673,-2.131197286839,
    9.355416869722));
#2600 = CARTESIAN_POINT('',(2.167521437642,-2.408044611398,9.34077485811
    ));
#2601 = CARTESIAN_POINT('',(1.866026081445,-2.650800652732,
    9.326132846498));
#2602 = CARTESIAN_POINT('',(1.537831819884,-2.856028705032,
    9.311490834886));
#2603 = CARTESIAN_POINT('',(1.304334239853,-2.96589164611,9.301729493812
    ));
#2604 = CARTESIAN_POINT('',(1.184736225957,-3.013695454545,
    9.296848823274));
#2605 = ORIENTED_EDGE('',*,*,#1567,.F.);
#2606 = ORIENTED_EDGE('',*,*,#2607,.T.);
#2607 = EDGE_CURVE('',#1560,#1924,#2608,.T.);
#2608 = B_SPLINE_CURVE_WITH_KNOTS('',3,(#2609,#2610,#2611,#2612,#2613,
    #2614,#2615,#2616,#2617,#2618,#2619,#2620,#2621,#2622,#2623,#2624,
    #2625,#2626,#2627,#2628,#2629,#2630,#2631),.UNSPECIFIED.,.F.,.F.,(4,
    1,1,1,1,1,1,1,1,1,1,1,1,1,1,1,1,1,1,1,4),(0.,5.E-02,0.1,0.15,0.2,
    0.25,0.3,0.35,0.4,0.45,0.5,0.55,0.6,0.65,0.7,0.75,0.8,0.85,0.9,0.95,
    1.),.QUASI_UNIFORM_KNOTS.);
#2609 = CARTESIAN_POINT('',(1.184736225957,3.013695454545,
    10.130608752483));
#2610 = CARTESIAN_POINT('',(1.304334239853,2.96589164611,10.125728081946
    ));
#2611 = CARTESIAN_POINT('',(1.537831819884,2.856028705032,
    10.115966740871));
#2612 = CARTESIAN_POINT('',(1.866026081445,2.650800652732,
    10.101324729259));
#2613 = CARTESIAN_POINT('',(2.167521437642,2.408044611398,
    10.086682717647));
#2614 = CARTESIAN_POINT('',(2.438049671673,2.131197286839,
    10.072040706035));
#2615 = CARTESIAN_POINT('',(2.673780815794,1.824178087402,
    10.057398694423));
#2616 = CARTESIAN_POINT('',(2.871377575989,1.491333554857,
    10.042756682811));
#2617 = CARTESIAN_POINT('',(3.028042524494,1.137375851082,
    10.028114671199));
#2618 = CARTESIAN_POINT('',(3.141557718223,0.767316041018,
    10.013472659588));
#2619 = CARTESIAN_POINT('',(3.210316094827,0.386393151367,9.998830647976
    ));
#2620 = CARTESIAN_POINT('',(3.233344225314,6.165416434965E-14,
    9.984188636364));
#2621 = CARTESIAN_POINT('',(3.210316094828,-0.386393151367,
    9.969546624752));
#2622 = CARTESIAN_POINT('',(3.141557718223,-0.767316041018,9.95490461314
    ));
#2623 = CARTESIAN_POINT('',(3.028042524494,-1.137375851082,
    9.940262601528));
#2624 = CARTESIAN_POINT('',(2.871377575989,-1.491333554857,
    9.925620589916));
#2625 = CARTESIAN_POINT('',(2.673780815794,-1.824178087402,
    9.910978578304));
#2626 = CARTESIAN_POINT('',(2.438049671673,-2.131197286839,
    9.896336566692));
#2627 = CARTESIAN_POINT('',(2.167521437642,-2.408044611398,9.88169455508
    ));
#2628 = CARTESIAN_POINT('',(1.866026081445,-2.650800652731,
    9.867052543468));
#2629 = CARTESIAN_POINT('',(1.537831819884,-2.856028705032,
    9.852410531856));
#2630 = CARTESIAN_POINT('',(1.304334239853,-2.96589164611,9.842649190781
    ));
#2631 = CARTESIAN_POINT('',(1.184736225957,-3.013695454545,
    9.837768520244));
#2632 = CYLINDRICAL_SURFACE('',#2633,3.245518181818);
#2633 = AXIS2_PLACEMENT_3D('',#2634,#2635,#2636);
#2634 = CARTESIAN_POINT('',(-1.985E-02,0.,12.418327272727));
#2635 = DIRECTION('',(0.,2.832769448824E-16,-1.));
#2636 = DIRECTION('',(1.,0.,0.));
#2637 = ADVANCED_FACE('',(#2638),#2714,.F.);
#2638 = FACE_BOUND('',#2639,.T.);
#2639 = EDGE_LOOP('',(#2640,#2652,#2653,#2665));
#2640 = ORIENTED_EDGE('',*,*,#2641,.F.);
#2641 = EDGE_CURVE('',#1576,#2642,#2644,.T.);
#2642 = VERTEX_POINT('',#2643);
#2643 = CARTESIAN_POINT('',(1.184736224499,3.183145824518,9.387986058582
    ));
#2644 = B_SPLINE_CURVE_WITH_KNOTS('',3,(#2645,#2646,#2647,#2648,#2649,
    #2650,#2651),.UNSPECIFIED.,.F.,.F.,(4,1,1,1,4),(0.,0.464184510513,
    0.500099797772,0.964080195562,1.),.UNSPECIFIED.);
#2645 = CARTESIAN_POINT('',(1.184736225957,3.013695454545,9.357866328241
    ));
#2646 = CARTESIAN_POINT('',(1.184736225974,3.039913987203,9.362527897449
    ));
#2647 = CARTESIAN_POINT('',(1.184736226011,3.068161231048,9.367549537485
    ));
#2648 = CARTESIAN_POINT('',(1.184736225887,3.122615798929,9.377228895086
    ));
#2649 = CARTESIAN_POINT('',(1.184736228871,3.152880624151,9.382607791711
    ));
#2650 = CARTESIAN_POINT('',(1.184736225505,3.181116933562,9.387625518332
    ));
#2651 = CARTESIAN_POINT('',(1.184736225228,3.183145824518,9.387986058582
    ));
#2652 = ORIENTED_EDGE('',*,*,#1575,.F.);
#2653 = ORIENTED_EDGE('',*,*,#2654,.F.);
#2654 = EDGE_CURVE('',#2655,#1568,#2657,.T.);
#2655 = VERTEX_POINT('',#2656);
#2656 = CARTESIAN_POINT('',(1.184736224499,3.183145824518,9.564114882128
    ));
#2657 = B_SPLINE_CURVE_WITH_KNOTS('',3,(#2658,#2659,#2660,#2661,#2662,
    #2663,#2664),.UNSPECIFIED.,.F.,.F.,(4,1,1,1,4),(0.,0.466492242527,
    0.499917673675,0.966577181431,1.),.UNSPECIFIED.);
#2658 = CARTESIAN_POINT('',(1.184736225228,3.183145824518,9.564114882128
    ));
#2659 = CARTESIAN_POINT('',(1.184736225816,3.156801390505,9.56812248911)
  );
#2660 = CARTESIAN_POINT('',(1.18473622596,3.128567089386,9.57240254503)
  );
#2661 = CARTESIAN_POINT('',(1.184736225954,3.073971917896,9.580645311904
    ));
#2662 = CARTESIAN_POINT('',(1.184736225957,3.043835036886,9.585176891267
    ));
#2663 = CARTESIAN_POINT('',(1.184736225957,3.015583638296,9.58940645538)
  );
#2664 = CARTESIAN_POINT('',(1.184736225957,3.013695454545,9.589689055513
    ));
#2665 = ORIENTED_EDGE('',*,*,#2666,.F.);
#2666 = EDGE_CURVE('',#2642,#2655,#2667,.T.);
#2667 = B_SPLINE_CURVE_WITH_KNOTS('',3,(#2668,#2669,#2670,#2671,#2672,
    #2673,#2674,#2675,#2676,#2677,#2678,#2679,#2680,#2681,#2682,#2683,
    #2684,#2685,#2686,#2687,#2688,#2689,#2690,#2691,#2692,#2693,#2694,
    #2695,#2696,#2697,#2698,#2699,#2700,#2701,#2702,#2703,#2704,#2705,
    #2706,#2707,#2708,#2709,#2710,#2711,#2712,#2713),.UNSPECIFIED.,.F.,
  .F.,(4,1,1,1,1,1,1,1,1,1,1,1,1,1,1,1,1,1,1,1,1,1,1,1,1,1,1,1,1,1,1,1,1
    ,1,1,1,1,1,1,1,1,1,1,4),(0.,2.182861931033E-02,6.537817402531E-02,
    8.687745306085E-02,0.10877700595,0.151970614161,0.173136648849,
    0.194902567546,0.237536798336,0.258359087376,0.279857242325,
    0.321863795278,0.342415645197,0.363573272078,0.405016379465,
    0.425428602225,0.446243684172,0.48731276182,0.494093358192,
    0.502170379781,0.528272689197,0.56243686377,0.569185049874,
    0.610075210935,0.630735564652,0.650889434199,0.691484137118,
    0.712667011518,0.713775484098,0.717933139962,0.72325243318,
    0.732955430202,0.747373069629,0.776187484922,0.794279774029,
    0.81793881414,0.859536741759,0.874637459756,0.900516401699,
    0.939936492846,0.943108415191,0.975938066939,0.996387480832,1.),
  .UNSPECIFIED.);
#2668 = CARTESIAN_POINT('',(1.184736225228,3.183145824242,9.387986058554
    ));
#2669 = CARTESIAN_POINT('',(1.184736225615,3.184987245978,9.388313151865
    ));
#2670 = CARTESIAN_POINT('',(1.184736226287,3.190477214963,9.389444998144
    ));
#2671 = CARTESIAN_POINT('',(1.184736225905,3.197636529635,9.391547636431
    ));
#2672 = CARTESIAN_POINT('',(1.184736225966,3.204595065078,9.394234837119
    ));
#2673 = CARTESIAN_POINT('',(1.184736225951,3.211365303318,9.397291966713
    ));
#2674 = CARTESIAN_POINT('',(1.184736225958,3.217836223871,9.400896429929
    ));
#2675 = CARTESIAN_POINT('',(1.184736225956,3.223962253998,9.405023210789
    ));
#2676 = CARTESIAN_POINT('',(1.184736225957,3.229806316949,9.409464205126
    ));
#2677 = CARTESIAN_POINT('',(1.184736225957,3.235229864912,9.41437958579)
  );
#2678 = CARTESIAN_POINT('',(1.184736225957,3.240182881926,9.419724302788
    ));
#2679 = CARTESIAN_POINT('',(1.184736225957,3.244780161574,9.425310220305
    ));
#2680 = CARTESIAN_POINT('',(1.184736225957,3.248853115802,9.431272207223
    ));
#2681 = CARTESIAN_POINT('',(1.184736225957,3.252354728821,9.437541378804
    ));
#2682 = CARTESIAN_POINT('',(1.184736225957,3.255449990596,9.443968834867
    ));
#2683 = CARTESIAN_POINT('',(1.184736225957,3.25794122077,9.450651453915)
  );
#2684 = CARTESIAN_POINT('',(1.184736225957,3.259794060184,9.457496821005
    ));
#2685 = CARTESIAN_POINT('',(1.184736225957,3.261212435477,9.464413429338
    ));
#2686 = CARTESIAN_POINT('',(1.184736225957,3.261850661552,9.470278417794
    ));
#2687 = CARTESIAN_POINT('',(1.184736225957,3.262019136968,9.475071359002
    ));
#2688 = CARTESIAN_POINT('',(1.184736225957,3.262062651963,9.478583648658
    ));
#2689 = CARTESIAN_POINT('',(1.184736225957,3.261827976724,9.484444237884
    ));
#2690 = CARTESIAN_POINT('',(1.184736225957,3.261066949503,9.49014820133)
  );
#2691 = CARTESIAN_POINT('',(1.184736225957,3.259704757111,9.497029610577
    ));
#2692 = CARTESIAN_POINT('',(1.184736225957,3.258147957987,9.502687588842
    ));
#2693 = CARTESIAN_POINT('',(1.184736225957,3.255663887332,9.509242249832
    ));
#2694 = CARTESIAN_POINT('',(1.184736225957,3.252790759819,9.515607313891
    ));
#2695 = CARTESIAN_POINT('',(1.184736225957,3.249321609086,9.521731636219
    ));
#2696 = CARTESIAN_POINT('',(1.184736225957,3.246244878294,9.526163654494
    ));
#2697 = CARTESIAN_POINT('',(1.184736225957,3.244891476699,9.527983438332
    ));
#2698 = CARTESIAN_POINT('',(1.184736225957,3.244344220218,9.52870755291)
  );
#2699 = CARTESIAN_POINT('',(1.184736225957,3.243334575619,9.530005720806
    ));
#2700 = CARTESIAN_POINT('',(1.184736225957,3.241741509668,9.531964024974
    ));
#2701 = CARTESIAN_POINT('',(1.184736225957,3.238755294071,9.535383346328
    ));
#2702 = CARTESIAN_POINT('',(1.184736225957,3.23505348043,9.539124488052)
  );
#2703 = CARTESIAN_POINT('',(1.184736225957,3.230519545399,9.543134831418
    ));
#2704 = CARTESIAN_POINT('',(1.184736225957,3.224895745833,9.547550428143
    ));
#2705 = CARTESIAN_POINT('',(1.184736225957,3.219105084792,9.551305250804
    ));
#2706 = CARTESIAN_POINT('',(1.184736225956,3.212884962311,9.554691280292
    ));
#2707 = CARTESIAN_POINT('',(1.184736225962,3.206655021953,9.557650800205
    ));
#2708 = CARTESIAN_POINT('',(1.184736225939,3.201146698495,9.559704886677
    ));
#2709 = CARTESIAN_POINT('',(1.184736225975,3.194971207142,9.56162515566)
  );
#2710 = CARTESIAN_POINT('',(1.184736225114,3.190282678631,9.562845589816
    ));
#2711 = CARTESIAN_POINT('',(1.184736227147,3.185488851363,9.563748853711
    ));
#2712 = CARTESIAN_POINT('',(1.184736225526,3.183451847636,9.564068329401
    ));
#2713 = CARTESIAN_POINT('',(1.184736225228,3.183145824242,9.5641148821)
  );
#2714 = PLANE('',#2715);
#2715 = AXIS2_PLACEMENT_3D('',#2716,#2717,#2718);
#2716 = CARTESIAN_POINT('',(1.184736225957,3.940986363636,
    12.418327272727));
#2717 = DIRECTION('',(1.,0.,0.));
#2718 = DIRECTION('',(0.,-1.,-2.832769448824E-16));
#2719 = ADVANCED_FACE('',(#2720),#2776,.T.);
#2720 = FACE_BOUND('',#2721,.T.);
#2721 = EDGE_LOOP('',(#2722,#2723,#2749,#2750));
#2722 = ORIENTED_EDGE('',*,*,#1907,.T.);
#2723 = ORIENTED_EDGE('',*,*,#2724,.F.);
#2724 = EDGE_CURVE('',#1584,#1900,#2725,.T.);
#2725 = B_SPLINE_CURVE_WITH_KNOTS('',3,(#2726,#2727,#2728,#2729,#2730,
    #2731,#2732,#2733,#2734,#2735,#2736,#2737,#2738,#2739,#2740,#2741,
    #2742,#2743,#2744,#2745,#2746,#2747,#2748),.UNSPECIFIED.,.F.,.F.,(4,
    1,1,1,1,1,1,1,1,1,1,1,1,1,1,1,1,1,1,1,4),(0.,5.E-02,0.1,0.15,0.2,
    0.25,0.3,0.35,0.4,0.45,0.5,0.55,0.6,0.65,0.7,0.75,0.8,0.85,0.9,0.95,
    1.),.QUASI_UNIFORM_KNOTS.);
#2726 = CARTESIAN_POINT('',(1.184736225957,3.013695454545,8.816946631271
    ));
#2727 = CARTESIAN_POINT('',(1.304334239853,2.96589164611,8.812065960734)
  );
#2728 = CARTESIAN_POINT('',(1.537831819884,2.856028705032,8.802304619659
    ));
#2729 = CARTESIAN_POINT('',(1.866026081445,2.650800652731,8.787662608047
    ));
#2730 = CARTESIAN_POINT('',(2.167521437642,2.408044611398,8.773020596435
    ));
#2731 = CARTESIAN_POINT('',(2.438049671673,2.131197286839,8.758378584823
    ));
#2732 = CARTESIAN_POINT('',(2.673780815794,1.824178087402,8.743736573211
    ));
#2733 = CARTESIAN_POINT('',(2.871377575989,1.491333554857,8.729094561599
    ));
#2734 = CARTESIAN_POINT('',(3.028042524494,1.137375851082,8.714452549987
    ));
#2735 = CARTESIAN_POINT('',(3.141557718223,0.767316041018,8.699810538375
    ));
#2736 = CARTESIAN_POINT('',(3.210316094828,0.386393151367,8.685168526763
    ));
#2737 = CARTESIAN_POINT('',(3.233344225314,-5.275328137285E-14,
    8.670526515152));
#2738 = CARTESIAN_POINT('',(3.210316094827,-0.386393151367,8.65588450354
    ));
#2739 = CARTESIAN_POINT('',(3.141557718223,-0.767316041018,
    8.641242491928));
#2740 = CARTESIAN_POINT('',(3.028042524494,-1.137375851082,
    8.626600480316));
#2741 = CARTESIAN_POINT('',(2.871377575989,-1.491333554857,
    8.611958468704));
#2742 = CARTESIAN_POINT('',(2.673780815794,-1.824178087402,
    8.597316457092));
#2743 = CARTESIAN_POINT('',(2.438049671673,-2.131197286839,8.58267444548
    ));
#2744 = CARTESIAN_POINT('',(2.167521437642,-2.408044611398,
    8.568032433868));
#2745 = CARTESIAN_POINT('',(1.866026081445,-2.650800652732,
    8.553390422256));
#2746 = CARTESIAN_POINT('',(1.537831819884,-2.856028705032,
    8.538748410644));
#2747 = CARTESIAN_POINT('',(1.304334239853,-2.96589164611,8.528987069569
    ));
#2748 = CARTESIAN_POINT('',(1.184736225957,-3.013695454545,
    8.524106399032));
#2749 = ORIENTED_EDGE('',*,*,#1583,.F.);
#2750 = ORIENTED_EDGE('',*,*,#2751,.T.);
#2751 = EDGE_CURVE('',#1576,#1908,#2752,.T.);
#2752 = B_SPLINE_CURVE_WITH_KNOTS('',3,(#2753,#2754,#2755,#2756,#2757,
    #2758,#2759,#2760,#2761,#2762,#2763,#2764,#2765,#2766,#2767,#2768,
    #2769,#2770,#2771,#2772,#2773,#2774,#2775),.UNSPECIFIED.,.F.,.F.,(4,
    1,1,1,1,1,1,1,1,1,1,1,1,1,1,1,1,1,1,1,4),(0.,5.E-02,0.1,0.15,0.2,
    0.25,0.3,0.35,0.4,0.45,0.5,0.55,0.6,0.65,0.7,0.75,0.8,0.85,0.9,0.95,
    1.),.QUASI_UNIFORM_KNOTS.);
#2753 = CARTESIAN_POINT('',(1.184736225957,3.013695454545,9.357866328241
    ));
#2754 = CARTESIAN_POINT('',(1.304334239853,2.96589164611,9.352985657703)
  );
#2755 = CARTESIAN_POINT('',(1.537831819884,2.856028705032,9.343224316629
    ));
#2756 = CARTESIAN_POINT('',(1.866026081445,2.650800652731,9.328582305017
    ));
#2757 = CARTESIAN_POINT('',(2.167521437642,2.408044611398,9.313940293405
    ));
#2758 = CARTESIAN_POINT('',(2.438049671673,2.131197286839,9.299298281793
    ));
#2759 = CARTESIAN_POINT('',(2.673780815794,1.824178087402,9.284656270181
    ));
#2760 = CARTESIAN_POINT('',(2.871377575989,1.491333554857,9.270014258569
    ));
#2761 = CARTESIAN_POINT('',(3.028042524494,1.137375851082,9.255372246957
    ));
#2762 = CARTESIAN_POINT('',(3.141557718223,0.767316041018,9.240730235345
    ));
#2763 = CARTESIAN_POINT('',(3.210316094828,0.386393151367,9.226088223733
    ));
#2764 = CARTESIAN_POINT('',(3.233344225314,-5.28991271662E-14,
    9.211446212121));
#2765 = CARTESIAN_POINT('',(3.210316094827,-0.386393151367,
    9.196804200509));
#2766 = CARTESIAN_POINT('',(3.141557718223,-0.767316041018,
    9.182162188897));
#2767 = CARTESIAN_POINT('',(3.028042524494,-1.137375851082,
    9.167520177285));
#2768 = CARTESIAN_POINT('',(2.871377575989,-1.491333554857,
    9.152878165673));
#2769 = CARTESIAN_POINT('',(2.673780815794,-1.824178087402,
    9.138236154061));
#2770 = CARTESIAN_POINT('',(2.438049671673,-2.131197286839,9.12359414245
    ));
#2771 = CARTESIAN_POINT('',(2.167521437642,-2.408044611398,
    9.108952130838));
#2772 = CARTESIAN_POINT('',(1.866026081445,-2.650800652732,
    9.094310119226));
#2773 = CARTESIAN_POINT('',(1.537831819884,-2.856028705032,
    9.079668107614));
#2774 = CARTESIAN_POINT('',(1.304334239853,-2.96589164611,9.069906766539
    ));
#2775 = CARTESIAN_POINT('',(1.184736225957,-3.013695454545,
    9.065026096002));
#2776 = CYLINDRICAL_SURFACE('',#2777,3.245518181818);
#2777 = AXIS2_PLACEMENT_3D('',#2778,#2779,#2780);
#2778 = CARTESIAN_POINT('',(-1.985E-02,0.,12.418327272727));
#2779 = DIRECTION('',(0.,2.832769448824E-16,-1.));
#2780 = DIRECTION('',(1.,0.,0.));
#2781 = ADVANCED_FACE('',(#2782),#2858,.F.);
#2782 = FACE_BOUND('',#2783,.T.);
#2783 = EDGE_LOOP('',(#2784,#2796,#2797,#2809));
#2784 = ORIENTED_EDGE('',*,*,#2785,.F.);
#2785 = EDGE_CURVE('',#1592,#2786,#2788,.T.);
#2786 = VERTEX_POINT('',#2787);
#2787 = CARTESIAN_POINT('',(1.184736224499,3.183145824518,8.61524363434)
  );
#2788 = B_SPLINE_CURVE_WITH_KNOTS('',3,(#2789,#2790,#2791,#2792,#2793,
    #2794,#2795),.UNSPECIFIED.,.F.,.F.,(4,1,1,1,4),(0.,0.464184510513,
    0.500099797772,0.964080195562,1.),.UNSPECIFIED.);
#2789 = CARTESIAN_POINT('',(1.184736225957,3.013695454545,8.585123903998
    ));
#2790 = CARTESIAN_POINT('',(1.184736225974,3.039913987203,8.589785473206
    ));
#2791 = CARTESIAN_POINT('',(1.184736226011,3.068161231048,8.594807113242
    ));
#2792 = CARTESIAN_POINT('',(1.184736225887,3.122615798929,8.604486470844
    ));
#2793 = CARTESIAN_POINT('',(1.184736228871,3.152880624151,8.609865367469
    ));
#2794 = CARTESIAN_POINT('',(1.184736225505,3.181116933562,8.61488309409)
  );
#2795 = CARTESIAN_POINT('',(1.184736225228,3.183145824518,8.61524363434)
  );
#2796 = ORIENTED_EDGE('',*,*,#1591,.F.);
#2797 = ORIENTED_EDGE('',*,*,#2798,.F.);
#2798 = EDGE_CURVE('',#2799,#1584,#2801,.T.);
#2799 = VERTEX_POINT('',#2800);
#2800 = CARTESIAN_POINT('',(1.184736224499,3.183145824518,8.791372457886
    ));
#2801 = B_SPLINE_CURVE_WITH_KNOTS('',3,(#2802,#2803,#2804,#2805,#2806,
    #2807,#2808),.UNSPECIFIED.,.F.,.F.,(4,1,1,1,4),(0.,0.466492242527,
    0.499917673675,0.966577181431,1.),.UNSPECIFIED.);
#2802 = CARTESIAN_POINT('',(1.184736225228,3.183145824518,8.791372457886
    ));
#2803 = CARTESIAN_POINT('',(1.184736225816,3.156801390505,8.795380064868
    ));
#2804 = CARTESIAN_POINT('',(1.18473622596,3.128567089386,8.799660120788)
  );
#2805 = CARTESIAN_POINT('',(1.184736225954,3.073971917896,8.807902887661
    ));
#2806 = CARTESIAN_POINT('',(1.184736225957,3.043835036886,8.812434467025
    ));
#2807 = CARTESIAN_POINT('',(1.184736225957,3.015583638296,8.816664031138
    ));
#2808 = CARTESIAN_POINT('',(1.184736225957,3.013695454545,8.816946631271
    ));
#2809 = ORIENTED_EDGE('',*,*,#2810,.F.);
#2810 = EDGE_CURVE('',#2786,#2799,#2811,.T.);
#2811 = B_SPLINE_CURVE_WITH_KNOTS('',3,(#2812,#2813,#2814,#2815,#2816,
    #2817,#2818,#2819,#2820,#2821,#2822,#2823,#2824,#2825,#2826,#2827,
    #2828,#2829,#2830,#2831,#2832,#2833,#2834,#2835,#2836,#2837,#2838,
    #2839,#2840,#2841,#2842,#2843,#2844,#2845,#2846,#2847,#2848,#2849,
    #2850,#2851,#2852,#2853,#2854,#2855,#2856,#2857),.UNSPECIFIED.,.F.,
  .F.,(4,1,1,1,1,1,1,1,1,1,1,1,1,1,1,1,1,1,1,1,1,1,1,1,1,1,1,1,1,1,1,1,1
    ,1,1,1,1,1,1,1,1,1,1,4),(0.,2.182861931033E-02,6.537817402531E-02,
    8.687745306083E-02,0.10877700595,0.151970614161,0.173136648849,
    0.194902567546,0.237536798336,0.258359087376,0.279857242325,
    0.321863795278,0.342415645197,0.363573272078,0.405016379465,
    0.425428602225,0.446243684172,0.48731276182,0.494093358192,
    0.502170379781,0.528272689197,0.56243686377,0.569185049874,
    0.610075210935,0.630735564652,0.650889434199,0.691484137118,
    0.712667011518,0.713775484098,0.717933139962,0.72325243318,
    0.732955430202,0.747373069629,0.776187484922,0.794279774029,
    0.81793881414,0.859536741759,0.874637459756,0.900516401699,
    0.939936492846,0.943108415191,0.975938066939,0.996387480832,1.),
  .UNSPECIFIED.);
#2812 = CARTESIAN_POINT('',(1.184736225228,3.183145824242,8.615243634311
    ));
#2813 = CARTESIAN_POINT('',(1.184736225615,3.184987245978,8.615570727622
    ));
#2814 = CARTESIAN_POINT('',(1.184736226287,3.190477214963,8.616702573901
    ));
#2815 = CARTESIAN_POINT('',(1.184736225905,3.197636529635,8.618805212189
    ));
#2816 = CARTESIAN_POINT('',(1.184736225966,3.204595065078,8.621492412877
    ));
#2817 = CARTESIAN_POINT('',(1.184736225951,3.211365303318,8.62454954247)
  );
#2818 = CARTESIAN_POINT('',(1.184736225958,3.217836223871,8.628154005687
    ));
#2819 = CARTESIAN_POINT('',(1.184736225956,3.223962253998,8.632280786547
    ));
#2820 = CARTESIAN_POINT('',(1.184736225957,3.229806316949,8.636721780883
    ));
#2821 = CARTESIAN_POINT('',(1.184736225957,3.235229864912,8.641637161547
    ));
#2822 = CARTESIAN_POINT('',(1.184736225957,3.240182881926,8.646981878545
    ));
#2823 = CARTESIAN_POINT('',(1.184736225957,3.244780161574,8.652567796063
    ));
#2824 = CARTESIAN_POINT('',(1.184736225957,3.248853115802,8.65852978298)
  );
#2825 = CARTESIAN_POINT('',(1.184736225957,3.252354728821,8.664798954561
    ));
#2826 = CARTESIAN_POINT('',(1.184736225957,3.255449990596,8.671226410625
    ));
#2827 = CARTESIAN_POINT('',(1.184736225957,3.25794122077,8.677909029672)
  );
#2828 = CARTESIAN_POINT('',(1.184736225957,3.259794060184,8.684754396763
    ));
#2829 = CARTESIAN_POINT('',(1.184736225957,3.261212435477,8.691671005096
    ));
#2830 = CARTESIAN_POINT('',(1.184736225957,3.261850661552,8.697535993552
    ));
#2831 = CARTESIAN_POINT('',(1.184736225957,3.262019136968,8.70232893476)
  );
#2832 = CARTESIAN_POINT('',(1.184736225957,3.262062651963,8.705841224415
    ));
#2833 = CARTESIAN_POINT('',(1.184736225957,3.261827976724,8.711701813642
    ));
#2834 = CARTESIAN_POINT('',(1.184736225957,3.261066949503,8.717405777088
    ));
#2835 = CARTESIAN_POINT('',(1.184736225957,3.259704757111,8.724287186335
    ));
#2836 = CARTESIAN_POINT('',(1.184736225957,3.258147957987,8.7299451646)
  );
#2837 = CARTESIAN_POINT('',(1.184736225957,3.255663887332,8.736499825589
    ));
#2838 = CARTESIAN_POINT('',(1.184736225957,3.252790759819,8.742864889649
    ));
#2839 = CARTESIAN_POINT('',(1.184736225957,3.249321609086,8.748989211977
    ));
#2840 = CARTESIAN_POINT('',(1.184736225957,3.246244878294,8.753421230252
    ));
#2841 = CARTESIAN_POINT('',(1.184736225957,3.244891476699,8.755241014089
    ));
#2842 = CARTESIAN_POINT('',(1.184736225957,3.244344220218,8.755965128668
    ));
#2843 = CARTESIAN_POINT('',(1.184736225957,3.243334575619,8.757263296563
    ));
#2844 = CARTESIAN_POINT('',(1.184736225957,3.241741509668,8.759221600732
    ));
#2845 = CARTESIAN_POINT('',(1.184736225957,3.238755294071,8.762640922086
    ));
#2846 = CARTESIAN_POINT('',(1.184736225957,3.23505348043,8.766382063809)
  );
#2847 = CARTESIAN_POINT('',(1.184736225957,3.230519545399,8.770392407176
    ));
#2848 = CARTESIAN_POINT('',(1.184736225957,3.224895745833,8.7748080039)
  );
#2849 = CARTESIAN_POINT('',(1.184736225957,3.219105084792,8.778562826562
    ));
#2850 = CARTESIAN_POINT('',(1.184736225956,3.212884962311,8.78194885605)
  );
#2851 = CARTESIAN_POINT('',(1.184736225962,3.206655021954,8.784908375963
    ));
#2852 = CARTESIAN_POINT('',(1.184736225939,3.201146698495,8.786962462435
    ));
#2853 = CARTESIAN_POINT('',(1.184736225975,3.194971207142,8.788882731417
    ));
#2854 = CARTESIAN_POINT('',(1.184736225114,3.190282678631,8.790103165574
    ));
#2855 = CARTESIAN_POINT('',(1.184736227147,3.185488851363,8.791006429468
    ));
#2856 = CARTESIAN_POINT('',(1.184736225526,3.183451847636,8.791325905158
    ));
#2857 = CARTESIAN_POINT('',(1.184736225228,3.183145824242,8.791372457857
    ));
#2858 = PLANE('',#2859);
#2859 = AXIS2_PLACEMENT_3D('',#2860,#2861,#2862);
#2860 = CARTESIAN_POINT('',(1.184736225957,3.940986363636,
    12.418327272727));
#2861 = DIRECTION('',(1.,0.,0.));
#2862 = DIRECTION('',(0.,-1.,-2.832769448824E-16));
#2863 = ADVANCED_FACE('',(#2864),#2946,.T.);
#2864 = FACE_BOUND('',#2865,.T.);
#2865 = EDGE_LOOP('',(#2866,#2867,#2874,#2875,#2894,#2902,#2919,#2920));
#2866 = ORIENTED_EDGE('',*,*,#1891,.T.);
#2867 = ORIENTED_EDGE('',*,*,#2868,.F.);
#2868 = EDGE_CURVE('',#1616,#1884,#2869,.T.);
#2869 = CIRCLE('',#2870,3.245518181818);
#2870 = AXIS2_PLACEMENT_3D('',#2871,#2872,#2873);
#2871 = CARTESIAN_POINT('',(-1.985E-02,2.101441085956E-15,5.));
#2872 = DIRECTION('',(-1.232595164408E-32,2.832769448824E-16,-1.));
#2873 = DIRECTION('',(0.371153744479,0.928571428571,2.630428773908E-16)
  );
#2874 = ORIENTED_EDGE('',*,*,#1615,.F.);
#2875 = ORIENTED_EDGE('',*,*,#2876,.T.);
#2876 = EDGE_CURVE('',#1608,#2877,#2879,.T.);
#2877 = VERTEX_POINT('',#2878);
#2878 = CARTESIAN_POINT('',(3.225668181818,2.724500311203E-15,
    7.665961363636));
#2879 = B_SPLINE_CURVE_WITH_KNOTS('',3,(#2880,#2881,#2882,#2883,#2884,
    #2885,#2886,#2887,#2888,#2889,#2890,#2891,#2892,#2893),
  .UNSPECIFIED.,.F.,.F.,(4,1,1,1,1,1,1,1,1,1,1,4),(0.,9.090909090909E-02
    ,0.181818181818,0.272727272727,0.363636363636,0.454545454545,
    0.545454545455,0.636363636364,0.727272727273,0.818181818182,
    0.909090909091,1.),.UNSPECIFIED.);
#2880 = CARTESIAN_POINT('',(1.184736225957,3.013695454545,7.812381479756
    ));
#2881 = CARTESIAN_POINT('',(1.293461693135,2.970237446877,7.80794450654)
  );
#2882 = CARTESIAN_POINT('',(1.506204226844,2.871542548144,7.799070560109
    ));
#2883 = CARTESIAN_POINT('',(1.807459455845,2.689895593943,7.785759640461
    ));
#2884 = CARTESIAN_POINT('',(2.087330351351,2.476769892205,7.772448720814
    ));
#2885 = CARTESIAN_POINT('',(2.342541774583,2.234659536418,7.759137801167
    ));
#2886 = CARTESIAN_POINT('',(2.570107067335,1.966397855746,7.74582688152)
  );
#2887 = CARTESIAN_POINT('',(2.767363129631,1.675124206658,7.732515961872
    ));
#2888 = CARTESIAN_POINT('',(2.932001551165,1.364247250393,7.719205042225
    ));
#2889 = CARTESIAN_POINT('',(3.062095634744,1.037405049406,7.705894122578
    ));
#2890 = CARTESIAN_POINT('',(3.156122941234,0.698422529906,7.692583202931
    ));
#2891 = CARTESIAN_POINT('',(3.212983106705,0.351266584324,7.679272283284
    ));
#2892 = CARTESIAN_POINT('',(3.225668181818,0.117088964653,7.670398336852
    ));
#2893 = CARTESIAN_POINT('',(3.225668181818,6.115771839216E-15,
    7.665961363636));
#2894 = ORIENTED_EDGE('',*,*,#2895,.F.);
#2895 = EDGE_CURVE('',#2896,#2877,#2898,.T.);
#2896 = VERTEX_POINT('',#2897);
#2897 = CARTESIAN_POINT('',(3.225668181818,5.091936062161E-15,
    7.897784090909));
#2898 = LINE('',#2899,#2900);
#2899 = CARTESIAN_POINT('',(3.225668181818,3.189443000246E-15,
    7.897784090909));
#2900 = VECTOR('',#2901,1.);
#2901 = DIRECTION('',(0.,2.526607749037E-16,-1.));
#2902 = ORIENTED_EDGE('',*,*,#2903,.F.);
#2903 = EDGE_CURVE('',#1600,#2896,#2904,.T.);
#2904 = B_SPLINE_CURVE_WITH_KNOTS('',3,(#2905,#2906,#2907,#2908,#2909,
    #2910,#2911,#2912,#2913,#2914,#2915,#2916,#2917,#2918),
  .UNSPECIFIED.,.F.,.F.,(4,1,1,1,1,1,1,1,1,1,1,4),(0.,9.090909090909E-02
    ,0.181818181818,0.272727272727,0.363636363636,0.454545454545,
    0.545454545455,0.636363636364,0.727272727273,0.818181818182,
    0.909090909091,1.),.UNSPECIFIED.);
#2905 = CARTESIAN_POINT('',(1.184736225957,3.013695454545,8.044204207029
    ));
#2906 = CARTESIAN_POINT('',(1.293461693135,2.970237446877,8.039767233813
    ));
#2907 = CARTESIAN_POINT('',(1.506204226844,2.871542548144,8.030893287381
    ));
#2908 = CARTESIAN_POINT('',(1.807459455845,2.689895593943,8.017582367734
    ));
#2909 = CARTESIAN_POINT('',(2.087330351351,2.476769892205,8.004271448087
    ));
#2910 = CARTESIAN_POINT('',(2.342541774583,2.234659536418,7.99096052844)
  );
#2911 = CARTESIAN_POINT('',(2.570107067335,1.966397855746,7.977649608792
    ));
#2912 = CARTESIAN_POINT('',(2.767363129631,1.675124206658,7.964338689145
    ));
#2913 = CARTESIAN_POINT('',(2.932001551165,1.364247250393,7.951027769498
    ));
#2914 = CARTESIAN_POINT('',(3.062095634744,1.037405049406,7.937716849851
    ));
#2915 = CARTESIAN_POINT('',(3.156122941234,0.698422529906,7.924405930204
    ));
#2916 = CARTESIAN_POINT('',(3.212983106705,0.351266584324,7.911095010556
    ));
#2917 = CARTESIAN_POINT('',(3.225668181818,0.117088964653,7.902221064125
    ));
#2918 = CARTESIAN_POINT('',(3.225668181818,6.05010180528E-15,
    7.897784090909));
#2919 = ORIENTED_EDGE('',*,*,#1599,.F.);
#2920 = ORIENTED_EDGE('',*,*,#2921,.T.);
#2921 = EDGE_CURVE('',#1592,#1892,#2922,.T.);
#2922 = B_SPLINE_CURVE_WITH_KNOTS('',3,(#2923,#2924,#2925,#2926,#2927,
    #2928,#2929,#2930,#2931,#2932,#2933,#2934,#2935,#2936,#2937,#2938,
    #2939,#2940,#2941,#2942,#2943,#2944,#2945),.UNSPECIFIED.,.F.,.F.,(4,
    1,1,1,1,1,1,1,1,1,1,1,1,1,1,1,1,1,1,1,4),(0.,5.E-02,0.1,0.15,0.2,
    0.25,0.3,0.35,0.4,0.45,0.5,0.55,0.6,0.65,0.7,0.75,0.8,0.85,0.9,0.95,
    1.),.QUASI_UNIFORM_KNOTS.);
#2923 = CARTESIAN_POINT('',(1.184736225957,3.013695454545,8.585123903998
    ));
#2924 = CARTESIAN_POINT('',(1.304334239853,2.96589164611,8.580243233461)
  );
#2925 = CARTESIAN_POINT('',(1.537831819884,2.856028705032,8.570481892386
    ));
#2926 = CARTESIAN_POINT('',(1.866026081445,2.650800652731,8.555839880774
    ));
#2927 = CARTESIAN_POINT('',(2.167521437642,2.408044611398,8.541197869162
    ));
#2928 = CARTESIAN_POINT('',(2.438049671673,2.131197286839,8.52655585755)
  );
#2929 = CARTESIAN_POINT('',(2.673780815794,1.824178087402,8.511913845939
    ));
#2930 = CARTESIAN_POINT('',(2.871377575989,1.491333554857,8.497271834327
    ));
#2931 = CARTESIAN_POINT('',(3.028042524494,1.137375851082,8.482629822715
    ));
#2932 = CARTESIAN_POINT('',(3.141557718223,0.767316041018,8.467987811103
    ));
#2933 = CARTESIAN_POINT('',(3.210316094827,0.386393151367,8.453345799491
    ));
#2934 = CARTESIAN_POINT('',(3.233344225314,5.222995234963E-14,
    8.438703787879));
#2935 = CARTESIAN_POINT('',(3.210316094828,-0.386393151367,
    8.424061776267));
#2936 = CARTESIAN_POINT('',(3.141557718223,-0.767316041018,
    8.409419764655));
#2937 = CARTESIAN_POINT('',(3.028042524494,-1.137375851082,
    8.394777753043));
#2938 = CARTESIAN_POINT('',(2.871377575989,-1.491333554857,
    8.380135741431));
#2939 = CARTESIAN_POINT('',(2.673780815794,-1.824178087402,
    8.365493729819));
#2940 = CARTESIAN_POINT('',(2.438049671673,-2.131197286839,
    8.350851718207));
#2941 = CARTESIAN_POINT('',(2.167521437642,-2.408044611398,
    8.336209706595));
#2942 = CARTESIAN_POINT('',(1.866026081445,-2.650800652731,
    8.321567694983));
#2943 = CARTESIAN_POINT('',(1.537831819884,-2.856028705032,
    8.306925683371));
#2944 = CARTESIAN_POINT('',(1.304334239853,-2.96589164611,8.297164342297
    ));
#2945 = CARTESIAN_POINT('',(1.184736225957,-3.013695454545,
    8.292283671759));
#2946 = CYLINDRICAL_SURFACE('',#2947,3.245518181818);
#2947 = AXIS2_PLACEMENT_3D('',#2948,#2949,#2950);
#2948 = CARTESIAN_POINT('',(-1.985E-02,0.,12.418327272727));
#2949 = DIRECTION('',(0.,2.832769448824E-16,-1.));
#2950 = DIRECTION('',(1.,0.,0.));
#2951 = ADVANCED_FACE('',(#2952),#3028,.F.);
#2952 = FACE_BOUND('',#2953,.T.);
#2953 = EDGE_LOOP('',(#2954,#2966,#2967,#2979));
#2954 = ORIENTED_EDGE('',*,*,#2955,.F.);
#2955 = EDGE_CURVE('',#1608,#2956,#2958,.T.);
#2956 = VERTEX_POINT('',#2957);
#2957 = CARTESIAN_POINT('',(1.184736224499,3.183145824518,7.842501210097
    ));
#2958 = B_SPLINE_CURVE_WITH_KNOTS('',3,(#2959,#2960,#2961,#2962,#2963,
    #2964,#2965),.UNSPECIFIED.,.F.,.F.,(4,1,1,1,4),(0.,0.464184510514,
    0.500099797772,0.964080195562,1.),.UNSPECIFIED.);
#2959 = CARTESIAN_POINT('',(1.184736225957,3.013695454545,7.812381479756
    ));
#2960 = CARTESIAN_POINT('',(1.184736225974,3.039913987203,7.817043048964
    ));
#2961 = CARTESIAN_POINT('',(1.184736226011,3.068161231048,7.822064689));
#2962 = CARTESIAN_POINT('',(1.184736225887,3.122615798929,7.831744046601
    ));
#2963 = CARTESIAN_POINT('',(1.184736228871,3.152880624151,7.837122943226
    ));
#2964 = CARTESIAN_POINT('',(1.184736225505,3.181116933562,7.842140669847
    ));
#2965 = CARTESIAN_POINT('',(1.184736225228,3.183145824518,7.842501210097
    ));
#2966 = ORIENTED_EDGE('',*,*,#1607,.F.);
#2967 = ORIENTED_EDGE('',*,*,#2968,.F.);
#2968 = EDGE_CURVE('',#2969,#1600,#2971,.T.);
#2969 = VERTEX_POINT('',#2970);
#2970 = CARTESIAN_POINT('',(1.184736224499,3.183145824518,8.018630033643
    ));
#2971 = B_SPLINE_CURVE_WITH_KNOTS('',3,(#2972,#2973,#2974,#2975,#2976,
    #2977,#2978),.UNSPECIFIED.,.F.,.F.,(4,1,1,1,4),(0.,0.466492242527,
    0.499917673675,0.966577181431,1.),.UNSPECIFIED.);
#2972 = CARTESIAN_POINT('',(1.184736225228,3.183145824518,8.018630033643
    ));
#2973 = CARTESIAN_POINT('',(1.184736225816,3.156801390505,8.022637640625
    ));
#2974 = CARTESIAN_POINT('',(1.18473622596,3.128567089386,8.026917696545)
  );
#2975 = CARTESIAN_POINT('',(1.184736225954,3.073971917896,8.035160463419
    ));
#2976 = CARTESIAN_POINT('',(1.184736225957,3.043835036886,8.039692042783
    ));
#2977 = CARTESIAN_POINT('',(1.184736225957,3.015583638296,8.043921606895
    ));
#2978 = CARTESIAN_POINT('',(1.184736225957,3.013695454545,8.044204207029
    ));
#2979 = ORIENTED_EDGE('',*,*,#2980,.F.);
#2980 = EDGE_CURVE('',#2956,#2969,#2981,.T.);
#2981 = B_SPLINE_CURVE_WITH_KNOTS('',3,(#2982,#2983,#2984,#2985,#2986,
    #2987,#2988,#2989,#2990,#2991,#2992,#2993,#2994,#2995,#2996,#2997,
    #2998,#2999,#3000,#3001,#3002,#3003,#3004,#3005,#3006,#3007,#3008,
    #3009,#3010,#3011,#3012,#3013,#3014,#3015,#3016,#3017,#3018,#3019,
    #3020,#3021,#3022,#3023,#3024,#3025,#3026,#3027),.UNSPECIFIED.,.F.,
  .F.,(4,1,1,1,1,1,1,1,1,1,1,1,1,1,1,1,1,1,1,1,1,1,1,1,1,1,1,1,1,1,1,1,1
    ,1,1,1,1,1,1,1,1,1,1,4),(0.,2.182861931032E-02,6.537817402529E-02,
    8.687745306085E-02,0.10877700595,0.151970614161,0.173136648849,
    0.194902567546,0.237536798336,0.258359087376,0.279857242325,
    0.321863795278,0.342415645197,0.363573272078,0.405016379465,
    0.425428602225,0.446243684172,0.48731276182,0.494093358192,
    0.502170379781,0.528272689197,0.56243686377,0.569185049874,
    0.610075210935,0.630735564652,0.650889434199,0.691484137118,
    0.712667011518,0.713775484098,0.717933139962,0.72325243318,
    0.732955430202,0.747373069629,0.776187484922,0.794279774029,
    0.81793881414,0.859536741759,0.874637459756,0.900516401699,
    0.939936492846,0.943108415191,0.97593806694,0.996387480832,1.),
  .UNSPECIFIED.);
#2982 = CARTESIAN_POINT('',(1.184736225228,3.183145824242,7.842501210069
    ));
#2983 = CARTESIAN_POINT('',(1.184736225615,3.184987245978,7.84282830338)
  );
#2984 = CARTESIAN_POINT('',(1.184736226287,3.190477214963,7.843960149659
    ));
#2985 = CARTESIAN_POINT('',(1.184736225905,3.197636529635,7.846062787946
    ));
#2986 = CARTESIAN_POINT('',(1.184736225966,3.204595065078,7.848749988635
    ));
#2987 = CARTESIAN_POINT('',(1.184736225951,3.211365303318,7.851807118228
    ));
#2988 = CARTESIAN_POINT('',(1.184736225958,3.217836223871,7.855411581444
    ));
#2989 = CARTESIAN_POINT('',(1.184736225956,3.223962253998,7.859538362305
    ));
#2990 = CARTESIAN_POINT('',(1.184736225957,3.229806316949,7.863979356641
    ));
#2991 = CARTESIAN_POINT('',(1.184736225957,3.235229864912,7.868894737305
    ));
#2992 = CARTESIAN_POINT('',(1.184736225957,3.240182881926,7.874239454303
    ));
#2993 = CARTESIAN_POINT('',(1.184736225957,3.244780161574,7.87982537182)
  );
#2994 = CARTESIAN_POINT('',(1.184736225957,3.248853115802,7.885787358738
    ));
#2995 = CARTESIAN_POINT('',(1.184736225957,3.252354728821,7.892056530319
    ));
#2996 = CARTESIAN_POINT('',(1.184736225957,3.255449990596,7.898483986382
    ));
#2997 = CARTESIAN_POINT('',(1.184736225957,3.25794122077,7.90516660543)
  );
#2998 = CARTESIAN_POINT('',(1.184736225957,3.259794060184,7.91201197252)
  );
#2999 = CARTESIAN_POINT('',(1.184736225957,3.261212435477,7.918928580853
    ));
#3000 = CARTESIAN_POINT('',(1.184736225957,3.261850661552,7.92479356931)
  );
#3001 = CARTESIAN_POINT('',(1.184736225957,3.262019136968,7.929586510517
    ));
#3002 = CARTESIAN_POINT('',(1.184736225957,3.262062651963,7.933098800173
    ));
#3003 = CARTESIAN_POINT('',(1.184736225957,3.261827976724,7.938959389399
    ));
#3004 = CARTESIAN_POINT('',(1.184736225957,3.261066949503,7.944663352845
    ));
#3005 = CARTESIAN_POINT('',(1.184736225957,3.259704757111,7.951544762092
    ));
#3006 = CARTESIAN_POINT('',(1.184736225957,3.258147957987,7.957202740358
    ));
#3007 = CARTESIAN_POINT('',(1.184736225957,3.255663887332,7.963757401347
    ));
#3008 = CARTESIAN_POINT('',(1.184736225957,3.252790759819,7.970122465406
    ));
#3009 = CARTESIAN_POINT('',(1.184736225957,3.249321609086,7.976246787734
    ));
#3010 = CARTESIAN_POINT('',(1.184736225957,3.246244878294,7.98067880601)
  );
#3011 = CARTESIAN_POINT('',(1.184736225957,3.244891476699,7.982498589847
    ));
#3012 = CARTESIAN_POINT('',(1.184736225957,3.244344220218,7.983222704425
    ));
#3013 = CARTESIAN_POINT('',(1.184736225957,3.243334575619,7.984520872321
    ));
#3014 = CARTESIAN_POINT('',(1.184736225957,3.241741509668,7.98647917649)
  );
#3015 = CARTESIAN_POINT('',(1.184736225957,3.238755294071,7.989898497844
    ));
#3016 = CARTESIAN_POINT('',(1.184736225957,3.23505348043,7.993639639567)
  );
#3017 = CARTESIAN_POINT('',(1.184736225957,3.230519545399,7.997649982933
    ));
#3018 = CARTESIAN_POINT('',(1.184736225957,3.224895745833,8.002065579658
    ));
#3019 = CARTESIAN_POINT('',(1.184736225957,3.219105084792,8.005820402319
    ));
#3020 = CARTESIAN_POINT('',(1.184736225956,3.212884962311,8.009206431807
    ));
#3021 = CARTESIAN_POINT('',(1.184736225962,3.206655021953,8.01216595172)
  );
#3022 = CARTESIAN_POINT('',(1.184736225939,3.201146698495,8.014220038192
    ));
#3023 = CARTESIAN_POINT('',(1.184736225975,3.194971207142,8.016140307175
    ));
#3024 = CARTESIAN_POINT('',(1.184736225114,3.190282678631,8.017360741331
    ));
#3025 = CARTESIAN_POINT('',(1.184736227147,3.185488851363,8.018264005226
    ));
#3026 = CARTESIAN_POINT('',(1.184736225526,3.183451847636,8.018583480916
    ));
#3027 = CARTESIAN_POINT('',(1.184736225228,3.183145824242,8.018630033615
    ));
#3028 = PLANE('',#3029);
#3029 = AXIS2_PLACEMENT_3D('',#3030,#3031,#3032);
#3030 = CARTESIAN_POINT('',(1.184736225957,3.940986363636,
    12.418327272727));
#3031 = DIRECTION('',(1.,0.,0.));
#3032 = DIRECTION('',(0.,-1.,-2.832769448824E-16));
#3033 = ADVANCED_FACE('',(#3034,#3046,#3057,#3091),#3125,.T.);
#3034 = FACE_BOUND('',#3035,.T.);
#3035 = EDGE_LOOP('',(#3036,#3037,#3044,#3045));
#3036 = ORIENTED_EDGE('',*,*,#1883,.F.);
#3037 = ORIENTED_EDGE('',*,*,#3038,.T.);
#3038 = EDGE_CURVE('',#1876,#1624,#3039,.T.);
#3039 = CIRCLE('',#3040,3.245518181818);
#3040 = AXIS2_PLACEMENT_3D('',#3041,#3042,#3043);
#3041 = CARTESIAN_POINT('',(-1.985E-02,2.101441085956E-15,5.));
#3042 = DIRECTION('',(-2.465190328816E-32,2.832769448824E-16,-1.));
#3043 = DIRECTION('',(-0.371153744479,-0.928571428571,
    -2.630428773908E-16));
#3044 = ORIENTED_EDGE('',*,*,#1623,.F.);
#3045 = ORIENTED_EDGE('',*,*,#2868,.T.);
#3046 = FACE_BOUND('',#3047,.T.);
#3047 = EDGE_LOOP('',(#3048));
#3048 = ORIENTED_EDGE('',*,*,#3049,.F.);
#3049 = EDGE_CURVE('',#3050,#3050,#3052,.T.);
#3050 = VERTEX_POINT('',#3051);
#3051 = CARTESIAN_POINT('',(-1.985E-02,1.854581818182,5.));
#3052 = CIRCLE('',#3053,1.854581818182);
#3053 = AXIS2_PLACEMENT_3D('',#3054,#3055,#3056);
#3054 = CARTESIAN_POINT('',(-1.985E-02,2.101441085956E-15,5.));
#3055 = DIRECTION('',(0.,2.832769448824E-16,-1.));
#3056 = DIRECTION('',(6.123233995737E-17,1.,2.832769448824E-16));
#3057 = FACE_BOUND('',#3058,.T.);
#3058 = EDGE_LOOP('',(#3059,#3069,#3077,#3085));
#3059 = ORIENTED_EDGE('',*,*,#3060,.F.);
#3060 = EDGE_CURVE('',#3061,#3063,#3065,.T.);
#3061 = VERTEX_POINT('',#3062);
#3062 = CARTESIAN_POINT('',(2.298377272727,0.927290909091,5.));
#3063 = VERTEX_POINT('',#3064);
#3064 = CARTESIAN_POINT('',(2.762022727273,0.927290909091,5.));
#3065 = LINE('',#3066,#3067);
#3066 = CARTESIAN_POINT('',(2.298377272727,0.927290909091,5.));
#3067 = VECTOR('',#3068,1.);
#3068 = DIRECTION('',(1.,0.,0.));
#3069 = ORIENTED_EDGE('',*,*,#3070,.F.);
#3070 = EDGE_CURVE('',#3071,#3061,#3073,.T.);
#3071 = VERTEX_POINT('',#3072);
#3072 = CARTESIAN_POINT('',(2.298377272727,-0.927290909091,5.));
#3073 = LINE('',#3074,#3075);
#3074 = CARTESIAN_POINT('',(2.298377272727,-0.927290909091,5.));
#3075 = VECTOR('',#3076,1.);
#3076 = DIRECTION('',(0.,1.,2.22044604925E-16));
#3077 = ORIENTED_EDGE('',*,*,#3078,.F.);
#3078 = EDGE_CURVE('',#3079,#3071,#3081,.T.);
#3079 = VERTEX_POINT('',#3080);
#3080 = CARTESIAN_POINT('',(2.762022727273,-0.927290909091,5.));
#3081 = LINE('',#3082,#3083);
#3082 = CARTESIAN_POINT('',(2.762022727273,-0.927290909091,5.));
#3083 = VECTOR('',#3084,1.);
#3084 = DIRECTION('',(-1.,-4.440892098501E-16,-9.860761315263E-32));
#3085 = ORIENTED_EDGE('',*,*,#3086,.F.);
#3086 = EDGE_CURVE('',#3063,#3079,#3087,.T.);
#3087 = LINE('',#3088,#3089);
#3088 = CARTESIAN_POINT('',(2.762022727273,0.927290909091,5.));
#3089 = VECTOR('',#3090,1.);
#3090 = DIRECTION('',(0.,-1.,-2.22044604925E-16));
#3091 = FACE_BOUND('',#3092,.T.);
#3092 = EDGE_LOOP('',(#3093,#3103,#3111,#3119));
#3093 = ORIENTED_EDGE('',*,*,#3094,.F.);
#3094 = EDGE_CURVE('',#3095,#3097,#3099,.T.);
#3095 = VERTEX_POINT('',#3096);
#3096 = CARTESIAN_POINT('',(-2.338077272727,0.927290909091,5.));
#3097 = VERTEX_POINT('',#3098);
#3098 = CARTESIAN_POINT('',(-2.338077272727,-0.927290909091,5.));
#3099 = LINE('',#3100,#3101);
#3100 = CARTESIAN_POINT('',(-2.338077272727,0.927290909091,5.));
#3101 = VECTOR('',#3102,1.);
#3102 = DIRECTION('',(0.,-1.,-2.22044604925E-16));
#3103 = ORIENTED_EDGE('',*,*,#3104,.F.);
#3104 = EDGE_CURVE('',#3105,#3095,#3107,.T.);
#3105 = VERTEX_POINT('',#3106);
#3106 = CARTESIAN_POINT('',(-2.801722727273,0.927290909091,5.));
#3107 = LINE('',#3108,#3109);
#3108 = CARTESIAN_POINT('',(-2.801722727273,0.927290909091,5.));
#3109 = VECTOR('',#3110,1.);
#3110 = DIRECTION('',(1.,0.,0.));
#3111 = ORIENTED_EDGE('',*,*,#3112,.F.);
#3112 = EDGE_CURVE('',#3113,#3105,#3115,.T.);
#3113 = VERTEX_POINT('',#3114);
#3114 = CARTESIAN_POINT('',(-2.801722727273,-0.927290909091,5.));
#3115 = LINE('',#3116,#3117);
#3116 = CARTESIAN_POINT('',(-2.801722727273,-0.927290909091,5.));
#3117 = VECTOR('',#3118,1.);
#3118 = DIRECTION('',(0.,1.,2.22044604925E-16));
#3119 = ORIENTED_EDGE('',*,*,#3120,.F.);
#3120 = EDGE_CURVE('',#3097,#3113,#3121,.T.);
#3121 = LINE('',#3122,#3123);
#3122 = CARTESIAN_POINT('',(-2.338077272727,-0.927290909091,5.));
#3123 = VECTOR('',#3124,1.);
#3124 = DIRECTION('',(-1.,-0.,0.));
#3125 = PLANE('',#3126);
#3126 = AXIS2_PLACEMENT_3D('',#3127,#3128,#3129);
#3127 = CARTESIAN_POINT('',(-1.985E-02,2.101441085956E-15,5.));
#3128 = DIRECTION('',(0.,2.832769448824E-16,-1.));
#3129 = DIRECTION('',(1.,0.,0.));
#3130 = ADVANCED_FACE('',(#3131),#3162,.T.);
#3131 = FACE_BOUND('',#3132,.T.);
#3132 = EDGE_LOOP('',(#3133,#3134,#3160,#3161));
#3133 = ORIENTED_EDGE('',*,*,#1875,.F.);
#3134 = ORIENTED_EDGE('',*,*,#3135,.T.);
#3135 = EDGE_CURVE('',#1868,#1632,#3136,.T.);
#3136 = B_SPLINE_CURVE_WITH_KNOTS('',3,(#3137,#3138,#3139,#3140,#3141,
    #3142,#3143,#3144,#3145,#3146,#3147,#3148,#3149,#3150,#3151,#3152,
    #3153,#3154,#3155,#3156,#3157,#3158,#3159),.UNSPECIFIED.,.F.,.F.,(4,
    1,1,1,1,1,1,1,1,1,1,1,1,1,1,1,1,1,1,1,4),(0.,5.E-02,0.1,0.15,0.2,
    0.25,0.3,0.35,0.4,0.45,0.5,0.55,0.6,0.65,0.7,0.75,0.8,0.85,0.9,0.95,
    1.),.QUASI_UNIFORM_KNOTS.);
#3137 = CARTESIAN_POINT('',(-1.224436225957,-3.013695454545,
    8.198752691877));
#3138 = CARTESIAN_POINT('',(-1.344034239853,-2.96589164611,8.19387202134
    ));
#3139 = CARTESIAN_POINT('',(-1.577531819884,-2.856028705032,
    8.184110680265));
#3140 = CARTESIAN_POINT('',(-1.905726081445,-2.650800652732,
    8.169468668653));
#3141 = CARTESIAN_POINT('',(-2.207221437642,-2.408044611398,
    8.154826657041));
#3142 = CARTESIAN_POINT('',(-2.477749671673,-2.131197286839,
    8.140184645429));
#3143 = CARTESIAN_POINT('',(-2.713480815794,-1.824178087402,
    8.125542633817));
#3144 = CARTESIAN_POINT('',(-2.911077575989,-1.491333554857,
    8.110900622205));
#3145 = CARTESIAN_POINT('',(-3.067742524494,-1.137375851082,
    8.096258610593));
#3146 = CARTESIAN_POINT('',(-3.181257718223,-0.767316041018,
    8.081616598981));
#3147 = CARTESIAN_POINT('',(-3.250016094827,-0.386393151367,
    8.06697458737));
#3148 = CARTESIAN_POINT('',(-3.273044225314,-6.171421849985E-14,
    8.052332575758));
#3149 = CARTESIAN_POINT('',(-3.250016094828,0.386393151367,
    8.037690564146));
#3150 = CARTESIAN_POINT('',(-3.181257718223,0.767316041018,
    8.023048552534));
#3151 = CARTESIAN_POINT('',(-3.067742524494,1.137375851082,
    8.008406540922));
#3152 = CARTESIAN_POINT('',(-2.911077575989,1.491333554857,7.99376452931
    ));
#3153 = CARTESIAN_POINT('',(-2.713480815794,1.824178087402,
    7.979122517698));
#3154 = CARTESIAN_POINT('',(-2.477749671673,2.131197286839,
    7.964480506086));
#3155 = CARTESIAN_POINT('',(-2.207221437642,2.408044611398,
    7.949838494474));
#3156 = CARTESIAN_POINT('',(-1.905726081445,2.650800652731,
    7.935196482862));
#3157 = CARTESIAN_POINT('',(-1.577531819884,2.856028705032,7.92055447125
    ));
#3158 = CARTESIAN_POINT('',(-1.344034239853,2.96589164611,7.910793130175
    ));
#3159 = CARTESIAN_POINT('',(-1.224436225957,3.013695454545,
    7.905912459638));
#3160 = ORIENTED_EDGE('',*,*,#1631,.T.);
#3161 = ORIENTED_EDGE('',*,*,#3038,.F.);
#3162 = CYLINDRICAL_SURFACE('',#3163,3.245518181818);
#3163 = AXIS2_PLACEMENT_3D('',#3164,#3165,#3166);
#3164 = CARTESIAN_POINT('',(-1.985E-02,0.,12.418327272727));
#3165 = DIRECTION('',(0.,2.832769448824E-16,-1.));
#3166 = DIRECTION('',(1.,0.,0.));
#3167 = ADVANCED_FACE('',(#3168),#3244,.F.);
#3168 = FACE_BOUND('',#3169,.T.);
#3169 = EDGE_LOOP('',(#3170,#3182,#3233,#3243));
#3170 = ORIENTED_EDGE('',*,*,#3171,.T.);
#3171 = EDGE_CURVE('',#1632,#3172,#3174,.T.);
#3172 = VERTEX_POINT('',#3173);
#3173 = CARTESIAN_POINT('',(-1.224436224499,3.183145824518,
    7.931486633023));
#3174 = B_SPLINE_CURVE_WITH_KNOTS('',3,(#3175,#3176,#3177,#3178,#3179,
    #3180,#3181),.UNSPECIFIED.,.F.,.F.,(4,1,1,1,4),(0.,0.464172964921,
    0.500094683239,0.96407401788,1.),.UNSPECIFIED.);
#3175 = CARTESIAN_POINT('',(-1.224436225957,3.013695454545,
    7.905912459638));
#3176 = CARTESIAN_POINT('',(-1.224436225976,3.039918408196,
    7.909837203565));
#3177 = CARTESIAN_POINT('',(-1.224436226012,3.068168179301,
    7.914082518212));
#3178 = CARTESIAN_POINT('',(-1.224436225886,3.122622649546,
    7.922299412091));
#3179 = CARTESIAN_POINT('',(-1.22443622887,3.152885406523,7.926884458123
    ));
#3180 = CARTESIAN_POINT('',(-1.224436225505,3.181116960049,
    7.931177994062));
#3181 = CARTESIAN_POINT('',(-1.224436225228,3.183145824518,
    7.931486633023));
#3182 = ORIENTED_EDGE('',*,*,#3183,.T.);
#3183 = EDGE_CURVE('',#3172,#3184,#3186,.T.);
#3184 = VERTEX_POINT('',#3185);
#3185 = CARTESIAN_POINT('',(-1.224436224499,3.183145824518,8.10761545657
    ));
#3186 = B_SPLINE_CURVE_WITH_KNOTS('',3,(#3187,#3188,#3189,#3190,#3191,
    #3192,#3193,#3194,#3195,#3196,#3197,#3198,#3199,#3200,#3201,#3202,
    #3203,#3204,#3205,#3206,#3207,#3208,#3209,#3210,#3211,#3212,#3213,
    #3214,#3215,#3216,#3217,#3218,#3219,#3220,#3221,#3222,#3223,#3224,
    #3225,#3226,#3227,#3228,#3229,#3230,#3231,#3232),.UNSPECIFIED.,.F.,
  .F.,(4,1,1,1,1,1,1,1,1,1,1,1,1,1,1,1,1,1,1,1,1,1,1,1,1,1,1,1,1,1,1,1,1
    ,1,1,1,1,1,1,1,1,1,1,4),(0.,2.171735746285E-02,6.497689415923E-02,
    8.619592670533E-02,0.107994126237,0.150737280348,0.171616814457,
    0.193170943749,0.235284127777,0.255872448469,0.277091114186,
    0.318618953737,0.339042524497,0.359912572934,0.401025648383,
    0.4077951974,0.442016218383,0.47618180229,0.482958456206,
    0.497822250205,0.523895484201,0.544505594507,0.564809635036,
    0.605630181619,0.626503973478,0.646163671518,0.668407637481,
    0.672583275294,0.677655585991,0.686588524535,0.701615200362,
    0.708311561637,0.731651280355,0.773597981519,0.789202160231,
    0.815385806453,0.856539440311,0.861353018665,0.896113132787,
    0.920161383304,0.931373874444,0.946657970677,0.984171632277,1.),
  .UNSPECIFIED.);
#3187 = CARTESIAN_POINT('',(-1.224436225228,3.183145824242,
    7.931486633052));
#3188 = CARTESIAN_POINT('',(-1.224436225615,3.184984828465,7.93176622168
    ));
#3189 = CARTESIAN_POINT('',(-1.224436226286,3.190466430906,
    7.932756076001));
#3190 = CARTESIAN_POINT('',(-1.224436225905,3.197618298662,
    7.934673343592));
#3191 = CARTESIAN_POINT('',(-1.224436225966,3.204581952675,
    7.937184753458));
#3192 = CARTESIAN_POINT('',(-1.224436225951,3.211350950501,
    7.940068932428));
#3193 = CARTESIAN_POINT('',(-1.224436225958,3.217827797442,7.94351302508
    ));
#3194 = CARTESIAN_POINT('',(-1.224436225956,3.22395688487,7.947487558518
    ));
#3195 = CARTESIAN_POINT('',(-1.224436225957,3.229801586047,
    7.951782207902));
#3196 = CARTESIAN_POINT('',(-1.224436225957,3.235231156771,7.95656769627
    ));
#3197 = CARTESIAN_POINT('',(-1.224436225957,3.2401848381,7.961790597829)
  );
#3198 = CARTESIAN_POINT('',(-1.224436225957,3.244783603823,7.96726491883
    ));
#3199 = CARTESIAN_POINT('',(-1.224436225957,3.248860397394,
    7.973132863095));
#3200 = CARTESIAN_POINT('',(-1.224436225957,3.252360371396,
    7.979315408412));
#3201 = CARTESIAN_POINT('',(-1.224436225957,3.255456453944,
    7.985671412104));
#3202 = CARTESIAN_POINT('',(-1.224436225957,3.257535611071,
    7.991200477568));
#3203 = CARTESIAN_POINT('',(-1.224436225956,3.259525833554,
    7.997953989753));
#3204 = CARTESIAN_POINT('',(-1.224436225961,3.260959013859,
    8.004246559379));
#3205 = CARTESIAN_POINT('',(-1.224436225946,3.261724677005,8.01065510143
    ));
#3206 = CARTESIAN_POINT('',(-1.224436225967,3.261992610452,
    8.015433237964));
#3207 = CARTESIAN_POINT('',(-1.224436225829,3.262085906579,
    8.019524730476));
#3208 = CARTESIAN_POINT('',(-1.224436226739,3.261874755149,
    8.024802555546));
#3209 = CARTESIAN_POINT('',(-1.22443622376,3.261236447623,8.030513984407
    ));
#3210 = CARTESIAN_POINT('',(-1.224436227241,3.260026233793,
    8.037420299941));
#3211 = CARTESIAN_POINT('',(-1.224436225745,3.258175280085,
    8.044217504312));
#3212 = CARTESIAN_POINT('',(-1.224436225994,3.255731242073,
    8.050755275355));
#3213 = CARTESIAN_POINT('',(-1.224436225945,3.253547690071,
    8.055677555875));
#3214 = CARTESIAN_POINT('',(-1.224436225957,3.251726571425,
    8.059186179314));
#3215 = CARTESIAN_POINT('',(-1.224436225957,3.250391945552,8.06153374314
    ));
#3216 = CARTESIAN_POINT('',(-1.224436225957,3.249603418744,
    8.062878671706));
#3217 = CARTESIAN_POINT('',(-1.224436225957,3.248301174525,
    8.065000659549));
#3218 = CARTESIAN_POINT('',(-1.224436225957,3.246849831862,
    8.067193211183));
#3219 = CARTESIAN_POINT('',(-1.224436225957,3.244618587209,
    8.070348062563));
#3220 = CARTESIAN_POINT('',(-1.224436225957,3.240842173495,
    8.075233544727));
#3221 = CARTESIAN_POINT('',(-1.224436225957,3.236110322412,
    8.080320709959));
#3222 = CARTESIAN_POINT('',(-1.224436225957,3.23082141082,8.085179151622
    ));
#3223 = CARTESIAN_POINT('',(-1.224436225957,3.225317367071,
    8.089689083118));
#3224 = CARTESIAN_POINT('',(-1.224436225957,3.220191764016,
    8.093169600566));
#3225 = CARTESIAN_POINT('',(-1.224436225957,3.214242025348,
    8.096706329152));
#3226 = CARTESIAN_POINT('',(-1.224436225958,3.209410647552,
    8.099249900323));
#3227 = CARTESIAN_POINT('',(-1.224436225953,3.203899001894,
    8.101637503891));
#3228 = CARTESIAN_POINT('',(-1.224436225963,3.199848105674,
    8.103179397643));
#3229 = CARTESIAN_POINT('',(-1.2244362259,3.194654549948,8.104957917109)
  );
#3230 = CARTESIAN_POINT('',(-1.224436226369,3.18896640319,8.106488762553
    ));
#3231 = CARTESIAN_POINT('',(-1.224436225601,3.184481223159,
    8.107378194265));
#3232 = CARTESIAN_POINT('',(-1.224436225228,3.183145824242,
    8.107615456598));
#3233 = ORIENTED_EDGE('',*,*,#3234,.T.);
#3234 = EDGE_CURVE('',#3184,#1640,#3235,.T.);
#3235 = B_SPLINE_CURVE_WITH_KNOTS('',3,(#3236,#3237,#3238,#3239,#3240,
    #3241,#3242),.UNSPECIFIED.,.F.,.F.,(4,1,1,1,4),(0.,0.466445224888,
    0.499912895394,0.966535094384,1.),.UNSPECIFIED.);
#3236 = CARTESIAN_POINT('',(-1.224436225228,3.183145824518,8.10761545657
    ));
#3237 = CARTESIAN_POINT('',(-1.224436225816,3.156799174161,8.11229733835
    ));
#3238 = CARTESIAN_POINT('',(-1.22443622596,3.128562244034,8.117315731394
    ));
#3239 = CARTESIAN_POINT('',(-1.224436225954,3.073968985344,
    8.127019564117));
#3240 = CARTESIAN_POINT('',(-1.224436225957,3.043832058651,
    8.132377043036));
#3241 = CARTESIAN_POINT('',(-1.224436225957,3.015585651258,
    8.137399116155));
#3242 = CARTESIAN_POINT('',(-1.224436225957,3.013695454545,
    8.137735186911));
#3243 = ORIENTED_EDGE('',*,*,#1639,.T.);
#3244 = PLANE('',#3245);
#3245 = AXIS2_PLACEMENT_3D('',#3246,#3247,#3248);
#3246 = CARTESIAN_POINT('',(-1.224436225957,3.013695454545,
    12.418327272727));
#3247 = DIRECTION('',(-1.,-0.,0.));
#3248 = DIRECTION('',(0.,1.,2.832769448824E-16));
#3249 = ADVANCED_FACE('',(#3250),#3306,.T.);
#3250 = FACE_BOUND('',#3251,.T.);
#3251 = EDGE_LOOP('',(#3252,#3253,#3279,#3280));
#3252 = ORIENTED_EDGE('',*,*,#1859,.F.);
#3253 = ORIENTED_EDGE('',*,*,#3254,.T.);
#3254 = EDGE_CURVE('',#1852,#1648,#3255,.T.);
#3255 = B_SPLINE_CURVE_WITH_KNOTS('',3,(#3256,#3257,#3258,#3259,#3260,
    #3261,#3262,#3263,#3264,#3265,#3266,#3267,#3268,#3269,#3270,#3271,
    #3272,#3273,#3274,#3275,#3276,#3277,#3278),.UNSPECIFIED.,.F.,.F.,(4,
    1,1,1,1,1,1,1,1,1,1,1,1,1,1,1,1,1,1,1,4),(0.,5.E-02,0.1,0.15,0.2,
    0.25,0.3,0.35,0.4,0.45,0.5,0.55,0.6,0.65,0.7,0.75,0.8,0.85,0.9,0.95,
    1.),.QUASI_UNIFORM_KNOTS.);
#3256 = CARTESIAN_POINT('',(-1.224436225957,-3.013695454545,
    8.97149511612));
#3257 = CARTESIAN_POINT('',(-1.344034239853,-2.96589164611,
    8.966614445582));
#3258 = CARTESIAN_POINT('',(-1.577531819884,-2.856028705032,
    8.956853104508));
#3259 = CARTESIAN_POINT('',(-1.905726081445,-2.650800652732,
    8.942211092896));
#3260 = CARTESIAN_POINT('',(-2.207221437642,-2.408044611398,
    8.927569081284));
#3261 = CARTESIAN_POINT('',(-2.477749671673,-2.131197286839,
    8.912927069672));
#3262 = CARTESIAN_POINT('',(-2.713480815794,-1.824178087402,
    8.89828505806));
#3263 = CARTESIAN_POINT('',(-2.911077575989,-1.491333554857,
    8.883643046448));
#3264 = CARTESIAN_POINT('',(-3.067742524494,-1.137375851082,
    8.869001034836));
#3265 = CARTESIAN_POINT('',(-3.181257718223,-0.767316041018,
    8.854359023224));
#3266 = CARTESIAN_POINT('',(-3.250016094827,-0.386393151367,
    8.839717011612));
#3267 = CARTESIAN_POINT('',(-3.273044225314,-6.112654574428E-14,8.825075
    ));
#3268 = CARTESIAN_POINT('',(-3.250016094828,0.386393151367,
    8.810432988388));
#3269 = CARTESIAN_POINT('',(-3.181257718223,0.767316041018,
    8.795790976776));
#3270 = CARTESIAN_POINT('',(-3.067742524494,1.137375851082,
    8.781148965164));
#3271 = CARTESIAN_POINT('',(-2.911077575989,1.491333554857,
    8.766506953552));
#3272 = CARTESIAN_POINT('',(-2.713480815794,1.824178087402,8.75186494194
    ));
#3273 = CARTESIAN_POINT('',(-2.477749671673,2.131197286839,
    8.737222930328));
#3274 = CARTESIAN_POINT('',(-2.207221437642,2.408044611398,
    8.722580918716));
#3275 = CARTESIAN_POINT('',(-1.905726081445,2.650800652731,
    8.707938907104));
#3276 = CARTESIAN_POINT('',(-1.577531819884,2.856028705032,
    8.693296895492));
#3277 = CARTESIAN_POINT('',(-1.344034239853,2.96589164611,8.683535554418
    ));
#3278 = CARTESIAN_POINT('',(-1.224436225957,3.013695454545,8.67865488388
    ));
#3279 = ORIENTED_EDGE('',*,*,#1647,.T.);
#3280 = ORIENTED_EDGE('',*,*,#3281,.F.);
#3281 = EDGE_CURVE('',#1860,#1640,#3282,.T.);
#3282 = B_SPLINE_CURVE_WITH_KNOTS('',3,(#3283,#3284,#3285,#3286,#3287,
    #3288,#3289,#3290,#3291,#3292,#3293,#3294,#3295,#3296,#3297,#3298,
    #3299,#3300,#3301,#3302,#3303,#3304,#3305),.UNSPECIFIED.,.F.,.F.,(4,
    1,1,1,1,1,1,1,1,1,1,1,1,1,1,1,1,1,1,1,4),(0.,5.E-02,0.1,0.15,0.2,
    0.25,0.3,0.35,0.4,0.45,0.5,0.55,0.6,0.65,0.7,0.75,0.8,0.85,0.9,0.95,
    1.),.QUASI_UNIFORM_KNOTS.);
#3283 = CARTESIAN_POINT('',(-1.224436225957,-3.013695454545,
    8.43057541915));
#3284 = CARTESIAN_POINT('',(-1.344034239853,-2.96589164611,
    8.425694748612));
#3285 = CARTESIAN_POINT('',(-1.577531819884,-2.856028705032,
    8.415933407538));
#3286 = CARTESIAN_POINT('',(-1.905726081445,-2.650800652732,
    8.401291395926));
#3287 = CARTESIAN_POINT('',(-2.207221437642,-2.408044611398,
    8.386649384314));
#3288 = CARTESIAN_POINT('',(-2.477749671673,-2.131197286839,
    8.372007372702));
#3289 = CARTESIAN_POINT('',(-2.713480815794,-1.824178087402,
    8.35736536109));
#3290 = CARTESIAN_POINT('',(-2.911077575989,-1.491333554857,
    8.342723349478));
#3291 = CARTESIAN_POINT('',(-3.067742524494,-1.137375851082,
    8.328081337866));
#3292 = CARTESIAN_POINT('',(-3.181257718223,-0.767316041018,
    8.313439326254));
#3293 = CARTESIAN_POINT('',(-3.250016094827,-0.386393151367,
    8.298797314642));
#3294 = CARTESIAN_POINT('',(-3.273044225314,-6.096783120445E-14,
    8.28415530303));
#3295 = CARTESIAN_POINT('',(-3.250016094828,0.386393151367,
    8.269513291418));
#3296 = CARTESIAN_POINT('',(-3.181257718223,0.767316041018,
    8.254871279806));
#3297 = CARTESIAN_POINT('',(-3.067742524494,1.137375851082,
    8.240229268194));
#3298 = CARTESIAN_POINT('',(-2.911077575989,1.491333554857,
    8.225587256583));
#3299 = CARTESIAN_POINT('',(-2.713480815794,1.824178087402,
    8.210945244971));
#3300 = CARTESIAN_POINT('',(-2.477749671673,2.131197286839,
    8.196303233359));
#3301 = CARTESIAN_POINT('',(-2.207221437642,2.408044611398,
    8.181661221747));
#3302 = CARTESIAN_POINT('',(-1.905726081445,2.650800652731,
    8.167019210135));
#3303 = CARTESIAN_POINT('',(-1.577531819884,2.856028705032,
    8.152377198523));
#3304 = CARTESIAN_POINT('',(-1.344034239853,2.96589164611,8.142615857448
    ));
#3305 = CARTESIAN_POINT('',(-1.224436225957,3.013695454545,
    8.137735186911));
#3306 = CYLINDRICAL_SURFACE('',#3307,3.245518181818);
#3307 = AXIS2_PLACEMENT_3D('',#3308,#3309,#3310);
#3308 = CARTESIAN_POINT('',(-1.985E-02,0.,12.418327272727));
#3309 = DIRECTION('',(0.,2.832769448824E-16,-1.));
#3310 = DIRECTION('',(1.,0.,0.));
#3311 = ADVANCED_FACE('',(#3312),#3388,.F.);
#3312 = FACE_BOUND('',#3313,.T.);
#3313 = EDGE_LOOP('',(#3314,#3326,#3377,#3387));
#3314 = ORIENTED_EDGE('',*,*,#3315,.T.);
#3315 = EDGE_CURVE('',#1648,#3316,#3318,.T.);
#3316 = VERTEX_POINT('',#3317);
#3317 = CARTESIAN_POINT('',(-1.224436224499,3.183145824518,
    8.704229057266));
#3318 = B_SPLINE_CURVE_WITH_KNOTS('',3,(#3319,#3320,#3321,#3322,#3323,
    #3324,#3325),.UNSPECIFIED.,.F.,.F.,(4,1,1,1,4),(0.,0.464172964921,
    0.500094683239,0.96407401788,1.),.UNSPECIFIED.);
#3319 = CARTESIAN_POINT('',(-1.224436225957,3.013695454545,8.67865488388
    ));
#3320 = CARTESIAN_POINT('',(-1.224436225976,3.039918408196,
    8.682579627807));
#3321 = CARTESIAN_POINT('',(-1.224436226012,3.068168179301,
    8.686824942454));
#3322 = CARTESIAN_POINT('',(-1.224436225886,3.122622649546,
    8.695041836333));
#3323 = CARTESIAN_POINT('',(-1.22443622887,3.152885406523,8.699626882366
    ));
#3324 = CARTESIAN_POINT('',(-1.224436225505,3.181116960049,
    8.703920418304));
#3325 = CARTESIAN_POINT('',(-1.224436225228,3.183145824518,
    8.704229057266));
#3326 = ORIENTED_EDGE('',*,*,#3327,.T.);
#3327 = EDGE_CURVE('',#3316,#3328,#3330,.T.);
#3328 = VERTEX_POINT('',#3329);
#3329 = CARTESIAN_POINT('',(-1.224436224499,3.183145824518,
    8.880357880812));
#3330 = B_SPLINE_CURVE_WITH_KNOTS('',3,(#3331,#3332,#3333,#3334,#3335,
    #3336,#3337,#3338,#3339,#3340,#3341,#3342,#3343,#3344,#3345,#3346,
    #3347,#3348,#3349,#3350,#3351,#3352,#3353,#3354,#3355,#3356,#3357,
    #3358,#3359,#3360,#3361,#3362,#3363,#3364,#3365,#3366,#3367,#3368,
    #3369,#3370,#3371,#3372,#3373,#3374,#3375,#3376),.UNSPECIFIED.,.F.,
  .F.,(4,1,1,1,1,1,1,1,1,1,1,1,1,1,1,1,1,1,1,1,1,1,1,1,1,1,1,1,1,1,1,1,1
    ,1,1,1,1,1,1,1,1,1,1,4),(0.,2.171735746286E-02,6.497689415925E-02,
    8.619592670532E-02,0.107994126237,0.150737280348,0.171616814457,
    0.193170943749,0.235284127777,0.255872448469,0.277091114186,
    0.318618953737,0.339042524497,0.359912572934,0.401025648383,
    0.4077951974,0.442016218383,0.47618180229,0.482958456206,
    0.497822250205,0.523895484201,0.544505594507,0.564809635036,
    0.605630181619,0.626503973478,0.646163671518,0.668407637481,
    0.672583275294,0.677655585991,0.686588524536,0.701615200362,
    0.708311561637,0.731651280355,0.773597981519,0.789202160231,
    0.815385806453,0.856539440311,0.861353018665,0.896113132787,
    0.920161383304,0.931373874444,0.946657970677,0.984171632277,1.),
  .UNSPECIFIED.);
#3331 = CARTESIAN_POINT('',(-1.224436225228,3.183145824242,
    8.704229057294));
#3332 = CARTESIAN_POINT('',(-1.224436225615,3.184984828465,
    8.704508645922));
#3333 = CARTESIAN_POINT('',(-1.224436226286,3.190466430906,
    8.705498500243));
#3334 = CARTESIAN_POINT('',(-1.224436225905,3.197618298662,
    8.707415767834));
#3335 = CARTESIAN_POINT('',(-1.224436225966,3.204581952675,
    8.709927177701));
#3336 = CARTESIAN_POINT('',(-1.224436225951,3.211350950501,
    8.712811356671));
#3337 = CARTESIAN_POINT('',(-1.224436225958,3.217827797442,
    8.716255449322));
#3338 = CARTESIAN_POINT('',(-1.224436225956,3.22395688487,8.72022998276)
  );
#3339 = CARTESIAN_POINT('',(-1.224436225957,3.229801586047,
    8.724524632145));
#3340 = CARTESIAN_POINT('',(-1.224436225957,3.235231156771,
    8.729310120512));
#3341 = CARTESIAN_POINT('',(-1.224436225957,3.2401848381,8.734533022072)
  );
#3342 = CARTESIAN_POINT('',(-1.224436225957,3.244783603823,
    8.740007343072));
#3343 = CARTESIAN_POINT('',(-1.224436225957,3.248860397394,
    8.745875287338));
#3344 = CARTESIAN_POINT('',(-1.224436225957,3.252360371396,
    8.752057832655));
#3345 = CARTESIAN_POINT('',(-1.224436225957,3.255456453944,
    8.758413836347));
#3346 = CARTESIAN_POINT('',(-1.224436225957,3.257535611071,
    8.763942901811));
#3347 = CARTESIAN_POINT('',(-1.224436225956,3.259525833554,
    8.770696413995));
#3348 = CARTESIAN_POINT('',(-1.224436225961,3.260959013859,
    8.776988983621));
#3349 = CARTESIAN_POINT('',(-1.224436225946,3.261724677005,
    8.783397525672));
#3350 = CARTESIAN_POINT('',(-1.224436225967,3.261992610452,
    8.788175662206));
#3351 = CARTESIAN_POINT('',(-1.224436225829,3.262085906579,
    8.792267154718));
#3352 = CARTESIAN_POINT('',(-1.224436226739,3.261874755149,
    8.797544979788));
#3353 = CARTESIAN_POINT('',(-1.22443622376,3.261236447623,8.803256408649
    ));
#3354 = CARTESIAN_POINT('',(-1.224436227241,3.260026233793,
    8.810162724183));
#3355 = CARTESIAN_POINT('',(-1.224436225745,3.258175280084,
    8.816959928554));
#3356 = CARTESIAN_POINT('',(-1.224436225994,3.255731242073,
    8.823497699598));
#3357 = CARTESIAN_POINT('',(-1.224436225945,3.25354769007,8.828419980117
    ));
#3358 = CARTESIAN_POINT('',(-1.224436225957,3.251726571425,
    8.831928603556));
#3359 = CARTESIAN_POINT('',(-1.224436225957,3.250391945552,
    8.834276167382));
#3360 = CARTESIAN_POINT('',(-1.224436225957,3.249603418744,
    8.835621095949));
#3361 = CARTESIAN_POINT('',(-1.224436225957,3.248301174525,
    8.837743083791));
#3362 = CARTESIAN_POINT('',(-1.224436225957,3.246849831862,
    8.839935635425));
#3363 = CARTESIAN_POINT('',(-1.224436225957,3.244618587209,
    8.843090486805));
#3364 = CARTESIAN_POINT('',(-1.224436225957,3.240842173495,8.84797596897
    ));
#3365 = CARTESIAN_POINT('',(-1.224436225957,3.236110322412,
    8.853063134201));
#3366 = CARTESIAN_POINT('',(-1.224436225957,3.23082141082,8.857921575865
    ));
#3367 = CARTESIAN_POINT('',(-1.224436225957,3.225317367071,
    8.862431507361));
#3368 = CARTESIAN_POINT('',(-1.224436225957,3.220191764016,
    8.865912024809));
#3369 = CARTESIAN_POINT('',(-1.224436225957,3.214242025348,
    8.869448753395));
#3370 = CARTESIAN_POINT('',(-1.224436225958,3.209410647552,
    8.871992324565));
#3371 = CARTESIAN_POINT('',(-1.224436225953,3.203899001894,
    8.874379928133));
#3372 = CARTESIAN_POINT('',(-1.224436225963,3.199848105674,
    8.875921821886));
#3373 = CARTESIAN_POINT('',(-1.2244362259,3.194654549948,8.877700341351)
  );
#3374 = CARTESIAN_POINT('',(-1.224436226369,3.18896640319,8.879231186796
    ));
#3375 = CARTESIAN_POINT('',(-1.224436225601,3.184481223159,
    8.880120618507));
#3376 = CARTESIAN_POINT('',(-1.224436225228,3.183145824242,8.88035788084
    ));
#3377 = ORIENTED_EDGE('',*,*,#3378,.T.);
#3378 = EDGE_CURVE('',#3328,#1656,#3379,.T.);
#3379 = B_SPLINE_CURVE_WITH_KNOTS('',3,(#3380,#3381,#3382,#3383,#3384,
    #3385,#3386),.UNSPECIFIED.,.F.,.F.,(4,1,1,1,4),(0.,0.466445224888,
    0.499912895394,0.966535094384,1.),.UNSPECIFIED.);
#3380 = CARTESIAN_POINT('',(-1.224436225228,3.183145824518,
    8.880357880812));
#3381 = CARTESIAN_POINT('',(-1.224436225816,3.156799174161,
    8.885039762592));
#3382 = CARTESIAN_POINT('',(-1.22443622596,3.128562244034,8.890058155636
    ));
#3383 = CARTESIAN_POINT('',(-1.224436225954,3.073968985344,8.89976198836
    ));
#3384 = CARTESIAN_POINT('',(-1.224436225957,3.043832058651,
    8.905119467278));
#3385 = CARTESIAN_POINT('',(-1.224436225957,3.015585651258,
    8.910141540397));
#3386 = CARTESIAN_POINT('',(-1.224436225957,3.013695454545,
    8.910477611153));
#3387 = ORIENTED_EDGE('',*,*,#1655,.T.);
#3388 = PLANE('',#3389);
#3389 = AXIS2_PLACEMENT_3D('',#3390,#3391,#3392);
#3390 = CARTESIAN_POINT('',(-1.224436225957,3.013695454545,
    12.418327272727));
#3391 = DIRECTION('',(-1.,-0.,0.));
#3392 = DIRECTION('',(0.,1.,2.832769448824E-16));
#3393 = ADVANCED_FACE('',(#3394),#3450,.T.);
#3394 = FACE_BOUND('',#3395,.T.);
#3395 = EDGE_LOOP('',(#3396,#3397,#3423,#3424));
#3396 = ORIENTED_EDGE('',*,*,#1843,.F.);
#3397 = ORIENTED_EDGE('',*,*,#3398,.T.);
#3398 = EDGE_CURVE('',#1836,#1664,#3399,.T.);
#3399 = B_SPLINE_CURVE_WITH_KNOTS('',3,(#3400,#3401,#3402,#3403,#3404,
    #3405,#3406,#3407,#3408,#3409,#3410,#3411,#3412,#3413,#3414,#3415,
    #3416,#3417,#3418,#3419,#3420,#3421,#3422),.UNSPECIFIED.,.F.,.F.,(4,
    1,1,1,1,1,1,1,1,1,1,1,1,1,1,1,1,1,1,1,4),(0.,5.E-02,0.1,0.15,0.2,
    0.25,0.3,0.35,0.4,0.45,0.5,0.55,0.6,0.65,0.7,0.75,0.8,0.85,0.9,0.95,
    1.),.QUASI_UNIFORM_KNOTS.);
#3400 = CARTESIAN_POINT('',(-1.224436225957,-3.013695454545,
    9.744237540362));
#3401 = CARTESIAN_POINT('',(-1.344034239853,-2.96589164611,
    9.739356869825));
#3402 = CARTESIAN_POINT('',(-1.577531819884,-2.856028705032,
    9.72959552875));
#3403 = CARTESIAN_POINT('',(-1.905726081445,-2.650800652732,
    9.714953517138));
#3404 = CARTESIAN_POINT('',(-2.207221437642,-2.408044611398,
    9.700311505526));
#3405 = CARTESIAN_POINT('',(-2.477749671673,-2.131197286839,
    9.685669493914));
#3406 = CARTESIAN_POINT('',(-2.713480815794,-1.824178087402,
    9.671027482302));
#3407 = CARTESIAN_POINT('',(-2.911077575989,-1.491333554857,
    9.65638547069));
#3408 = CARTESIAN_POINT('',(-3.067742524494,-1.137375851082,
    9.641743459078));
#3409 = CARTESIAN_POINT('',(-3.181257718223,-0.767316041018,
    9.627101447466));
#3410 = CARTESIAN_POINT('',(-3.250016094827,-0.386393151367,
    9.612459435854));
#3411 = CARTESIAN_POINT('',(-3.273044225314,-6.060321672106E-14,
    9.597817424242));
#3412 = CARTESIAN_POINT('',(-3.250016094828,0.386393151367,9.58317541263
    ));
#3413 = CARTESIAN_POINT('',(-3.181257718223,0.767316041018,
    9.568533401019));
#3414 = CARTESIAN_POINT('',(-3.067742524494,1.137375851082,
    9.553891389407));
#3415 = CARTESIAN_POINT('',(-2.911077575989,1.491333554857,
    9.539249377795));
#3416 = CARTESIAN_POINT('',(-2.713480815794,1.824178087402,
    9.524607366183));
#3417 = CARTESIAN_POINT('',(-2.477749671673,2.131197286839,
    9.509965354571));
#3418 = CARTESIAN_POINT('',(-2.207221437642,2.408044611398,
    9.495323342959));
#3419 = CARTESIAN_POINT('',(-1.905726081445,2.650800652731,
    9.480681331347));
#3420 = CARTESIAN_POINT('',(-1.577531819884,2.856028705032,
    9.466039319735));
#3421 = CARTESIAN_POINT('',(-1.344034239853,2.96589164611,9.45627797866)
  );
#3422 = CARTESIAN_POINT('',(-1.224436225957,3.013695454545,
    9.451397308123));
#3423 = ORIENTED_EDGE('',*,*,#1663,.T.);
#3424 = ORIENTED_EDGE('',*,*,#3425,.F.);
#3425 = EDGE_CURVE('',#1844,#1656,#3426,.T.);
#3426 = B_SPLINE_CURVE_WITH_KNOTS('',3,(#3427,#3428,#3429,#3430,#3431,
    #3432,#3433,#3434,#3435,#3436,#3437,#3438,#3439,#3440,#3441,#3442,
    #3443,#3444,#3445,#3446,#3447,#3448,#3449),.UNSPECIFIED.,.F.,.F.,(4,
    1,1,1,1,1,1,1,1,1,1,1,1,1,1,1,1,1,1,1,4),(0.,5.E-02,0.1,0.15,0.2,
    0.25,0.3,0.35,0.4,0.45,0.5,0.55,0.6,0.65,0.7,0.75,0.8,0.85,0.9,0.95,
    1.),.QUASI_UNIFORM_KNOTS.);
#3427 = CARTESIAN_POINT('',(-1.224436225957,-3.013695454545,
    9.203317843392));
#3428 = CARTESIAN_POINT('',(-1.344034239853,-2.96589164611,
    9.198437172855));
#3429 = CARTESIAN_POINT('',(-1.577531819884,-2.856028705032,
    9.18867583178));
#3430 = CARTESIAN_POINT('',(-1.905726081445,-2.650800652732,
    9.174033820168));
#3431 = CARTESIAN_POINT('',(-2.207221437642,-2.408044611398,
    9.159391808556));
#3432 = CARTESIAN_POINT('',(-2.477749671673,-2.131197286839,
    9.144749796944));
#3433 = CARTESIAN_POINT('',(-2.713480815794,-1.824178087402,
    9.130107785332));
#3434 = CARTESIAN_POINT('',(-2.911077575989,-1.491333554857,
    9.115465773721));
#3435 = CARTESIAN_POINT('',(-3.067742524494,-1.137375851082,
    9.100823762109));
#3436 = CARTESIAN_POINT('',(-3.181257718223,-0.767316041018,
    9.086181750497));
#3437 = CARTESIAN_POINT('',(-3.250016094827,-0.386393151367,
    9.071539738885));
#3438 = CARTESIAN_POINT('',(-3.273044225314,-6.041876468829E-14,
    9.056897727273));
#3439 = CARTESIAN_POINT('',(-3.250016094828,0.386393151367,
    9.042255715661));
#3440 = CARTESIAN_POINT('',(-3.181257718223,0.767316041018,
    9.027613704049));
#3441 = CARTESIAN_POINT('',(-3.067742524494,1.137375851082,
    9.012971692437));
#3442 = CARTESIAN_POINT('',(-2.911077575989,1.491333554857,
    8.998329680825));
#3443 = CARTESIAN_POINT('',(-2.713480815794,1.824178087402,
    8.983687669213));
#3444 = CARTESIAN_POINT('',(-2.477749671673,2.131197286839,
    8.969045657601));
#3445 = CARTESIAN_POINT('',(-2.207221437642,2.408044611398,
    8.954403645989));
#3446 = CARTESIAN_POINT('',(-1.905726081445,2.650800652731,
    8.939761634377));
#3447 = CARTESIAN_POINT('',(-1.577531819884,2.856028705032,
    8.925119622765));
#3448 = CARTESIAN_POINT('',(-1.344034239853,2.96589164611,8.915358281691
    ));
#3449 = CARTESIAN_POINT('',(-1.224436225957,3.013695454545,
    8.910477611153));
#3450 = CYLINDRICAL_SURFACE('',#3451,3.245518181818);
#3451 = AXIS2_PLACEMENT_3D('',#3452,#3453,#3454);
#3452 = CARTESIAN_POINT('',(-1.985E-02,0.,12.418327272727));
#3453 = DIRECTION('',(0.,2.832769448824E-16,-1.));
#3454 = DIRECTION('',(1.,0.,0.));
#3455 = ADVANCED_FACE('',(#3456),#3532,.F.);
#3456 = FACE_BOUND('',#3457,.T.);
#3457 = EDGE_LOOP('',(#3458,#3470,#3521,#3531));
#3458 = ORIENTED_EDGE('',*,*,#3459,.T.);
#3459 = EDGE_CURVE('',#1664,#3460,#3462,.T.);
#3460 = VERTEX_POINT('',#3461);
#3461 = CARTESIAN_POINT('',(-1.224436224499,3.183145824518,
    9.476971481508));
#3462 = B_SPLINE_CURVE_WITH_KNOTS('',3,(#3463,#3464,#3465,#3466,#3467,
    #3468,#3469),.UNSPECIFIED.,.F.,.F.,(4,1,1,1,4),(0.,0.464172964921,
    0.500094683239,0.96407401788,1.),.UNSPECIFIED.);
#3463 = CARTESIAN_POINT('',(-1.224436225957,3.013695454545,
    9.451397308123));
#3464 = CARTESIAN_POINT('',(-1.224436225976,3.039918408196,9.45532205205
    ));
#3465 = CARTESIAN_POINT('',(-1.224436226012,3.068168179301,
    9.459567366696));
#3466 = CARTESIAN_POINT('',(-1.224436225886,3.122622649546,
    9.467784260575));
#3467 = CARTESIAN_POINT('',(-1.22443622887,3.152885406523,9.472369306608
    ));
#3468 = CARTESIAN_POINT('',(-1.224436225505,3.181116960049,
    9.476662842547));
#3469 = CARTESIAN_POINT('',(-1.224436225228,3.183145824518,
    9.476971481508));
#3470 = ORIENTED_EDGE('',*,*,#3471,.T.);
#3471 = EDGE_CURVE('',#3460,#3472,#3474,.T.);
#3472 = VERTEX_POINT('',#3473);
#3473 = CARTESIAN_POINT('',(-1.224436224499,3.183145824518,
    9.653100305054));
#3474 = B_SPLINE_CURVE_WITH_KNOTS('',3,(#3475,#3476,#3477,#3478,#3479,
    #3480,#3481,#3482,#3483,#3484,#3485,#3486,#3487,#3488,#3489,#3490,
    #3491,#3492,#3493,#3494,#3495,#3496,#3497,#3498,#3499,#3500,#3501,
    #3502,#3503,#3504,#3505,#3506,#3507,#3508,#3509,#3510,#3511,#3512,
    #3513,#3514,#3515,#3516,#3517,#3518,#3519,#3520),.UNSPECIFIED.,.F.,
  .F.,(4,1,1,1,1,1,1,1,1,1,1,1,1,1,1,1,1,1,1,1,1,1,1,1,1,1,1,1,1,1,1,1,1
    ,1,1,1,1,1,1,1,1,1,1,4),(0.,2.171735746287E-02,6.497689415924E-02,
    8.619592670531E-02,0.107994126237,0.150737280348,0.171616814457,
    0.193170943749,0.235284127777,0.255872448469,0.277091114186,
    0.318618953737,0.339042524497,0.359912572934,0.401025648383,
    0.4077951974,0.442016218383,0.47618180229,0.482958456206,
    0.497822250205,0.523895484201,0.544505594507,0.564809635036,
    0.605630181619,0.626503973478,0.646163671518,0.668407637481,
    0.672583275294,0.677655585991,0.686588524536,0.701615200362,
    0.708311561637,0.731651280355,0.773597981519,0.789202160231,
    0.815385806453,0.856539440311,0.861353018665,0.896113132787,
    0.920161383304,0.931373874444,0.946657970677,0.984171632277,1.),
  .UNSPECIFIED.);
#3475 = CARTESIAN_POINT('',(-1.224436225228,3.183145824242,
    9.476971481536));
#3476 = CARTESIAN_POINT('',(-1.224436225615,3.184984828465,
    9.477251070165));
#3477 = CARTESIAN_POINT('',(-1.224436226286,3.190466430906,
    9.478240924486));
#3478 = CARTESIAN_POINT('',(-1.224436225905,3.197618298662,
    9.480158192076));
#3479 = CARTESIAN_POINT('',(-1.224436225966,3.204581952675,
    9.482669601943));
#3480 = CARTESIAN_POINT('',(-1.224436225951,3.211350950501,
    9.485553780913));
#3481 = CARTESIAN_POINT('',(-1.224436225958,3.217827797442,
    9.488997873565));
#3482 = CARTESIAN_POINT('',(-1.224436225956,3.22395688487,9.492972407003
    ));
#3483 = CARTESIAN_POINT('',(-1.224436225957,3.229801586047,
    9.497267056387));
#3484 = CARTESIAN_POINT('',(-1.224436225957,3.235231156771,
    9.502052544755));
#3485 = CARTESIAN_POINT('',(-1.224436225957,3.2401848381,9.507275446314)
  );
#3486 = CARTESIAN_POINT('',(-1.224436225957,3.244783603823,
    9.512749767315));
#3487 = CARTESIAN_POINT('',(-1.224436225957,3.248860397394,9.51861771158
    ));
#3488 = CARTESIAN_POINT('',(-1.224436225957,3.252360371396,
    9.524800256897));
#3489 = CARTESIAN_POINT('',(-1.224436225957,3.255456453944,
    9.531156260589));
#3490 = CARTESIAN_POINT('',(-1.224436225957,3.257535611071,
    9.536685326053));
#3491 = CARTESIAN_POINT('',(-1.224436225956,3.259525833554,
    9.543438838238));
#3492 = CARTESIAN_POINT('',(-1.224436225961,3.260959013859,
    9.549731407863));
#3493 = CARTESIAN_POINT('',(-1.224436225946,3.261724677005,
    9.556139949915));
#3494 = CARTESIAN_POINT('',(-1.224436225967,3.261992610452,
    9.560918086449));
#3495 = CARTESIAN_POINT('',(-1.224436225829,3.262085906579,
    9.565009578961));
#3496 = CARTESIAN_POINT('',(-1.224436226739,3.261874755149,9.57028740403
    ));
#3497 = CARTESIAN_POINT('',(-1.22443622376,3.261236447623,9.575998832892
    ));
#3498 = CARTESIAN_POINT('',(-1.224436227241,3.260026233793,
    9.582905148425));
#3499 = CARTESIAN_POINT('',(-1.224436225745,3.258175280084,
    9.589702352796));
#3500 = CARTESIAN_POINT('',(-1.224436225994,3.255731242073,9.59624012384
    ));
#3501 = CARTESIAN_POINT('',(-1.224436225945,3.253547690071,9.60116240436
    ));
#3502 = CARTESIAN_POINT('',(-1.224436225957,3.251726571425,
    9.604671027799));
#3503 = CARTESIAN_POINT('',(-1.224436225957,3.250391945552,
    9.607018591625));
#3504 = CARTESIAN_POINT('',(-1.224436225957,3.249603418744,
    9.608363520191));
#3505 = CARTESIAN_POINT('',(-1.224436225957,3.248301174525,
    9.610485508033));
#3506 = CARTESIAN_POINT('',(-1.224436225957,3.246849831862,
    9.612678059667));
#3507 = CARTESIAN_POINT('',(-1.224436225957,3.244618587209,
    9.615832911048));
#3508 = CARTESIAN_POINT('',(-1.224436225957,3.240842173495,
    9.620718393212));
#3509 = CARTESIAN_POINT('',(-1.224436225957,3.236110322412,
    9.625805558444));
#3510 = CARTESIAN_POINT('',(-1.224436225957,3.23082141082,9.630664000107
    ));
#3511 = CARTESIAN_POINT('',(-1.224436225957,3.225317367071,
    9.635173931603));
#3512 = CARTESIAN_POINT('',(-1.224436225957,3.220191764016,
    9.638654449051));
#3513 = CARTESIAN_POINT('',(-1.224436225957,3.214242025348,
    9.642191177637));
#3514 = CARTESIAN_POINT('',(-1.224436225958,3.209410647552,
    9.644734748808));
#3515 = CARTESIAN_POINT('',(-1.224436225953,3.203899001894,
    9.647122352376));
#3516 = CARTESIAN_POINT('',(-1.224436225963,3.199848105674,
    9.648664246128));
#3517 = CARTESIAN_POINT('',(-1.2244362259,3.194654549948,9.650442765594)
  );
#3518 = CARTESIAN_POINT('',(-1.224436226369,3.18896640319,9.651973611038
    ));
#3519 = CARTESIAN_POINT('',(-1.224436225601,3.184481223159,9.65286304275
    ));
#3520 = CARTESIAN_POINT('',(-1.224436225228,3.183145824242,
    9.653100305083));
#3521 = ORIENTED_EDGE('',*,*,#3522,.T.);
#3522 = EDGE_CURVE('',#3472,#1672,#3523,.T.);
#3523 = B_SPLINE_CURVE_WITH_KNOTS('',3,(#3524,#3525,#3526,#3527,#3528,
    #3529,#3530),.UNSPECIFIED.,.F.,.F.,(4,1,1,1,4),(0.,0.466445224888,
    0.499912895394,0.966535094384,1.),.UNSPECIFIED.);
#3524 = CARTESIAN_POINT('',(-1.224436225228,3.183145824518,
    9.653100305054));
#3525 = CARTESIAN_POINT('',(-1.224436225816,3.156799174161,
    9.657782186834));
#3526 = CARTESIAN_POINT('',(-1.22443622596,3.128562244034,9.662800579878
    ));
#3527 = CARTESIAN_POINT('',(-1.224436225954,3.073968985344,
    9.672504412602));
#3528 = CARTESIAN_POINT('',(-1.224436225957,3.043832058651,9.67786189152
    ));
#3529 = CARTESIAN_POINT('',(-1.224436225957,3.015585651258,9.68288396464
    ));
#3530 = CARTESIAN_POINT('',(-1.224436225957,3.013695454545,
    9.683220035396));
#3531 = ORIENTED_EDGE('',*,*,#1671,.T.);
#3532 = PLANE('',#3533);
#3533 = AXIS2_PLACEMENT_3D('',#3534,#3535,#3536);
#3534 = CARTESIAN_POINT('',(-1.224436225957,3.013695454545,
    12.418327272727));
#3535 = DIRECTION('',(-1.,-0.,0.));
#3536 = DIRECTION('',(0.,1.,2.832769448824E-16));
#3537 = ADVANCED_FACE('',(#3538),#3594,.T.);
#3538 = FACE_BOUND('',#3539,.T.);
#3539 = EDGE_LOOP('',(#3540,#3541,#3567,#3568));
#3540 = ORIENTED_EDGE('',*,*,#1827,.F.);
#3541 = ORIENTED_EDGE('',*,*,#3542,.T.);
#3542 = EDGE_CURVE('',#1820,#1680,#3543,.T.);
#3543 = B_SPLINE_CURVE_WITH_KNOTS('',3,(#3544,#3545,#3546,#3547,#3548,
    #3549,#3550,#3551,#3552,#3553,#3554,#3555,#3556,#3557,#3558,#3559,
    #3560,#3561,#3562,#3563,#3564,#3565,#3566),.UNSPECIFIED.,.F.,.F.,(4,
    1,1,1,1,1,1,1,1,1,1,1,1,1,1,1,1,1,1,1,4),(0.,5.E-02,0.1,0.15,0.2,
    0.25,0.3,0.35,0.4,0.45,0.5,0.55,0.6,0.65,0.7,0.75,0.8,0.85,0.9,0.95,
    1.),.QUASI_UNIFORM_KNOTS.);
#3544 = CARTESIAN_POINT('',(-1.224436225957,-3.013695454545,
    10.516979964604));
#3545 = CARTESIAN_POINT('',(-1.344034239853,-2.96589164611,
    10.512099294067));
#3546 = CARTESIAN_POINT('',(-1.577531819884,-2.856028705032,
    10.502337952992));
#3547 = CARTESIAN_POINT('',(-1.905726081445,-2.650800652732,
    10.48769594138));
#3548 = CARTESIAN_POINT('',(-2.207221437642,-2.408044611398,
    10.473053929769));
#3549 = CARTESIAN_POINT('',(-2.477749671673,-2.131197286839,
    10.458411918157));
#3550 = CARTESIAN_POINT('',(-2.713480815794,-1.824178087402,
    10.443769906545));
#3551 = CARTESIAN_POINT('',(-2.911077575989,-1.491333554857,
    10.429127894933));
#3552 = CARTESIAN_POINT('',(-3.067742524494,-1.137375851082,
    10.414485883321));
#3553 = CARTESIAN_POINT('',(-3.181257718223,-0.767316041018,
    10.399843871709));
#3554 = CARTESIAN_POINT('',(-3.250016094827,-0.386393151367,
    10.385201860097));
#3555 = CARTESIAN_POINT('',(-3.273044225314,-5.995120023312E-14,
    10.370559848485));
#3556 = CARTESIAN_POINT('',(-3.250016094828,0.386393151367,
    10.355917836873));
#3557 = CARTESIAN_POINT('',(-3.181257718223,0.767316041018,
    10.341275825261));
#3558 = CARTESIAN_POINT('',(-3.067742524494,1.137375851082,
    10.326633813649));
#3559 = CARTESIAN_POINT('',(-2.911077575989,1.491333554857,
    10.311991802037));
#3560 = CARTESIAN_POINT('',(-2.713480815794,1.824178087402,
    10.297349790425));
#3561 = CARTESIAN_POINT('',(-2.477749671673,2.131197286839,
    10.282707778813));
#3562 = CARTESIAN_POINT('',(-2.207221437642,2.408044611398,
    10.268065767201));
#3563 = CARTESIAN_POINT('',(-1.905726081445,2.650800652731,
    10.253423755589));
#3564 = CARTESIAN_POINT('',(-1.577531819884,2.856028705032,
    10.238781743977));
#3565 = CARTESIAN_POINT('',(-1.344034239853,2.96589164611,
    10.229020402903));
#3566 = CARTESIAN_POINT('',(-1.224436225957,3.013695454545,
    10.224139732365));
#3567 = ORIENTED_EDGE('',*,*,#1679,.T.);
#3568 = ORIENTED_EDGE('',*,*,#3569,.F.);
#3569 = EDGE_CURVE('',#1828,#1672,#3570,.T.);
#3570 = B_SPLINE_CURVE_WITH_KNOTS('',3,(#3571,#3572,#3573,#3574,#3575,
    #3576,#3577,#3578,#3579,#3580,#3581,#3582,#3583,#3584,#3585,#3586,
    #3587,#3588,#3589,#3590,#3591,#3592,#3593),.UNSPECIFIED.,.F.,.F.,(4,
    1,1,1,1,1,1,1,1,1,1,1,1,1,1,1,1,1,1,1,4),(0.,5.E-02,0.1,0.15,0.2,
    0.25,0.3,0.35,0.4,0.45,0.5,0.55,0.6,0.65,0.7,0.75,0.8,0.85,0.9,0.95,
    1.),.QUASI_UNIFORM_KNOTS.);
#3571 = CARTESIAN_POINT('',(-1.224436225957,-3.013695454545,
    9.976060267635));
#3572 = CARTESIAN_POINT('',(-1.344034239853,-2.96589164611,
    9.971179597097));
#3573 = CARTESIAN_POINT('',(-1.577531819884,-2.856028705032,
    9.961418256023));
#3574 = CARTESIAN_POINT('',(-1.905726081445,-2.650800652732,
    9.946776244411));
#3575 = CARTESIAN_POINT('',(-2.207221437642,-2.408044611398,
    9.932134232799));
#3576 = CARTESIAN_POINT('',(-2.477749671673,-2.131197286839,
    9.917492221187));
#3577 = CARTESIAN_POINT('',(-2.713480815794,-1.824178087402,
    9.902850209575));
#3578 = CARTESIAN_POINT('',(-2.911077575989,-1.491333554857,
    9.888208197963));
#3579 = CARTESIAN_POINT('',(-3.067742524494,-1.137375851082,
    9.873566186351));
#3580 = CARTESIAN_POINT('',(-3.181257718223,-0.767316041018,
    9.858924174739));
#3581 = CARTESIAN_POINT('',(-3.250016094827,-0.386393151367,
    9.844282163127));
#3582 = CARTESIAN_POINT('',(-3.273044225314,-5.979248569329E-14,
    9.829640151515));
#3583 = CARTESIAN_POINT('',(-3.250016094828,0.386393151367,
    9.814998139903));
#3584 = CARTESIAN_POINT('',(-3.181257718223,0.767316041018,
    9.800356128291));
#3585 = CARTESIAN_POINT('',(-3.067742524494,1.137375851082,
    9.785714116679));
#3586 = CARTESIAN_POINT('',(-2.911077575989,1.491333554857,
    9.771072105067));
#3587 = CARTESIAN_POINT('',(-2.713480815794,1.824178087402,
    9.756430093455));
#3588 = CARTESIAN_POINT('',(-2.477749671673,2.131197286839,
    9.741788081843));
#3589 = CARTESIAN_POINT('',(-2.207221437642,2.408044611398,
    9.727146070232));
#3590 = CARTESIAN_POINT('',(-1.905726081445,2.650800652731,9.71250405862
    ));
#3591 = CARTESIAN_POINT('',(-1.577531819884,2.856028705032,
    9.697862047008));
#3592 = CARTESIAN_POINT('',(-1.344034239853,2.96589164611,9.688100705933
    ));
#3593 = CARTESIAN_POINT('',(-1.224436225957,3.013695454545,
    9.683220035396));
#3594 = CYLINDRICAL_SURFACE('',#3595,3.245518181818);
#3595 = AXIS2_PLACEMENT_3D('',#3596,#3597,#3598);
#3596 = CARTESIAN_POINT('',(-1.985E-02,0.,12.418327272727));
#3597 = DIRECTION('',(0.,2.832769448824E-16,-1.));
#3598 = DIRECTION('',(1.,0.,0.));
#3599 = ADVANCED_FACE('',(#3600),#3676,.F.);
#3600 = FACE_BOUND('',#3601,.T.);
#3601 = EDGE_LOOP('',(#3602,#3614,#3665,#3675));
#3602 = ORIENTED_EDGE('',*,*,#3603,.T.);
#3603 = EDGE_CURVE('',#1680,#3604,#3606,.T.);
#3604 = VERTEX_POINT('',#3605);
#3605 = CARTESIAN_POINT('',(-1.224436224499,3.183145824518,
    10.249713905751));
#3606 = B_SPLINE_CURVE_WITH_KNOTS('',3,(#3607,#3608,#3609,#3610,#3611,
    #3612,#3613),.UNSPECIFIED.,.F.,.F.,(4,1,1,1,4),(0.,0.464172964921,
    0.500094683239,0.96407401788,1.),.UNSPECIFIED.);
#3607 = CARTESIAN_POINT('',(-1.224436225957,3.013695454545,
    10.224139732365));
#3608 = CARTESIAN_POINT('',(-1.224436225976,3.039918408196,
    10.228064476292));
#3609 = CARTESIAN_POINT('',(-1.224436226012,3.068168179301,
    10.232309790939));
#3610 = CARTESIAN_POINT('',(-1.224436225886,3.122622649546,
    10.240526684818));
#3611 = CARTESIAN_POINT('',(-1.22443622887,3.152885406523,10.24511173085
    ));
#3612 = CARTESIAN_POINT('',(-1.224436225505,3.181116960049,
    10.249405266789));
#3613 = CARTESIAN_POINT('',(-1.224436225228,3.183145824518,
    10.249713905751));
#3614 = ORIENTED_EDGE('',*,*,#3615,.T.);
#3615 = EDGE_CURVE('',#3604,#3616,#3618,.T.);
#3616 = VERTEX_POINT('',#3617);
#3617 = CARTESIAN_POINT('',(-1.224436224499,3.183145824518,
    10.425842729297));
#3618 = B_SPLINE_CURVE_WITH_KNOTS('',3,(#3619,#3620,#3621,#3622,#3623,
    #3624,#3625,#3626,#3627,#3628,#3629,#3630,#3631,#3632,#3633,#3634,
    #3635,#3636,#3637,#3638,#3639,#3640,#3641,#3642,#3643,#3644,#3645,
    #3646,#3647,#3648,#3649,#3650,#3651,#3652,#3653,#3654,#3655,#3656,
    #3657,#3658,#3659,#3660,#3661,#3662,#3663,#3664),.UNSPECIFIED.,.F.,
  .F.,(4,1,1,1,1,1,1,1,1,1,1,1,1,1,1,1,1,1,1,1,1,1,1,1,1,1,1,1,1,1,1,1,1
    ,1,1,1,1,1,1,1,1,1,1,4),(0.,2.171735746287E-02,6.497689415924E-02,
    8.619592670531E-02,0.107994126237,0.150737280348,0.171616814457,
    0.193170943749,0.235284127777,0.255872448469,0.277091114186,
    0.318618953737,0.339042524497,0.359912572934,0.401025648383,
    0.4077951974,0.442016218383,0.47618180229,0.482958456206,
    0.497822250205,0.523895484201,0.544505594507,0.564809635036,
    0.605630181619,0.626503973478,0.646163671518,0.668407637481,
    0.672583275294,0.677655585991,0.686588524535,0.701615200362,
    0.708311561637,0.731651280355,0.773597981519,0.789202160231,
    0.815385806453,0.856539440311,0.861353018665,0.896113132787,
    0.920161383304,0.931373874444,0.946657970677,0.984171632277,1.),
  .UNSPECIFIED.);
#3619 = CARTESIAN_POINT('',(-1.224436225228,3.183145824242,
    10.249713905779));
#3620 = CARTESIAN_POINT('',(-1.224436225615,3.184984828465,
    10.249993494407));
#3621 = CARTESIAN_POINT('',(-1.224436226286,3.190466430906,
    10.250983348728));
#3622 = CARTESIAN_POINT('',(-1.224436225905,3.197618298662,
    10.252900616319));
#3623 = CARTESIAN_POINT('',(-1.224436225966,3.204581952675,
    10.255412026185));
#3624 = CARTESIAN_POINT('',(-1.224436225951,3.211350950501,
    10.258296205155));
#3625 = CARTESIAN_POINT('',(-1.224436225958,3.217827797442,
    10.261740297807));
#3626 = CARTESIAN_POINT('',(-1.224436225956,3.22395688487,
    10.265714831245));
#3627 = CARTESIAN_POINT('',(-1.224436225957,3.229801586047,
    10.27000948063));
#3628 = CARTESIAN_POINT('',(-1.224436225957,3.235231156771,
    10.274794968997));
#3629 = CARTESIAN_POINT('',(-1.224436225957,3.2401848381,10.280017870556
    ));
#3630 = CARTESIAN_POINT('',(-1.224436225957,3.244783603823,
    10.285492191557));
#3631 = CARTESIAN_POINT('',(-1.224436225957,3.248860397394,
    10.291360135823));
#3632 = CARTESIAN_POINT('',(-1.224436225957,3.252360371396,
    10.29754268114));
#3633 = CARTESIAN_POINT('',(-1.224436225957,3.255456453944,
    10.303898684832));
#3634 = CARTESIAN_POINT('',(-1.224436225957,3.257535611071,
    10.309427750296));
#3635 = CARTESIAN_POINT('',(-1.224436225956,3.259525833554,
    10.31618126248));
#3636 = CARTESIAN_POINT('',(-1.224436225961,3.260959013859,
    10.322473832106));
#3637 = CARTESIAN_POINT('',(-1.224436225946,3.261724677005,
    10.328882374157));
#3638 = CARTESIAN_POINT('',(-1.224436225967,3.261992610452,
    10.333660510691));
#3639 = CARTESIAN_POINT('',(-1.224436225829,3.262085906579,
    10.337752003203));
#3640 = CARTESIAN_POINT('',(-1.224436226739,3.261874755149,
    10.343029828273));
#3641 = CARTESIAN_POINT('',(-1.22443622376,3.261236447623,
    10.348741257134));
#3642 = CARTESIAN_POINT('',(-1.224436227241,3.260026233793,
    10.355647572668));
#3643 = CARTESIAN_POINT('',(-1.224436225745,3.258175280084,
    10.362444777039));
#3644 = CARTESIAN_POINT('',(-1.224436225994,3.255731242073,
    10.368982548082));
#3645 = CARTESIAN_POINT('',(-1.224436225945,3.253547690071,
    10.373904828602));
#3646 = CARTESIAN_POINT('',(-1.224436225957,3.251726571425,
    10.377413452041));
#3647 = CARTESIAN_POINT('',(-1.224436225957,3.250391945552,
    10.379761015867));
#3648 = CARTESIAN_POINT('',(-1.224436225957,3.249603418744,
    10.381105944434));
#3649 = CARTESIAN_POINT('',(-1.224436225957,3.248301174525,
    10.383227932276));
#3650 = CARTESIAN_POINT('',(-1.224436225957,3.246849831862,
    10.38542048391));
#3651 = CARTESIAN_POINT('',(-1.224436225957,3.244618587209,
    10.38857533529));
#3652 = CARTESIAN_POINT('',(-1.224436225957,3.240842173495,
    10.393460817454));
#3653 = CARTESIAN_POINT('',(-1.224436225957,3.236110322412,
    10.398547982686));
#3654 = CARTESIAN_POINT('',(-1.224436225957,3.23082141082,
    10.403406424349));
#3655 = CARTESIAN_POINT('',(-1.224436225957,3.225317367071,
    10.407916355846));
#3656 = CARTESIAN_POINT('',(-1.224436225957,3.220191764016,
    10.411396873294));
#3657 = CARTESIAN_POINT('',(-1.224436225957,3.214242025348,
    10.414933601879));
#3658 = CARTESIAN_POINT('',(-1.224436225958,3.209410647552,
    10.41747717305));
#3659 = CARTESIAN_POINT('',(-1.224436225953,3.203899001894,
    10.419864776618));
#3660 = CARTESIAN_POINT('',(-1.224436225963,3.199848105674,
    10.421406670371));
#3661 = CARTESIAN_POINT('',(-1.2244362259,3.194654549948,10.423185189836
    ));
#3662 = CARTESIAN_POINT('',(-1.224436226369,3.18896640319,
    10.424716035281));
#3663 = CARTESIAN_POINT('',(-1.224436225601,3.184481223159,
    10.425605466992));
#3664 = CARTESIAN_POINT('',(-1.224436225228,3.183145824242,
    10.425842729325));
#3665 = ORIENTED_EDGE('',*,*,#3666,.T.);
#3666 = EDGE_CURVE('',#3616,#1688,#3667,.T.);
#3667 = B_SPLINE_CURVE_WITH_KNOTS('',3,(#3668,#3669,#3670,#3671,#3672,
    #3673,#3674),.UNSPECIFIED.,.F.,.F.,(4,1,1,1,4),(0.,0.466445224888,
    0.499912895394,0.966535094384,1.),.UNSPECIFIED.);
#3668 = CARTESIAN_POINT('',(-1.224436225228,3.183145824518,
    10.425842729297));
#3669 = CARTESIAN_POINT('',(-1.224436225816,3.156799174161,
    10.430524611077));
#3670 = CARTESIAN_POINT('',(-1.22443622596,3.128562244034,
    10.435543004121));
#3671 = CARTESIAN_POINT('',(-1.224436225954,3.073968985344,
    10.445246836845));
#3672 = CARTESIAN_POINT('',(-1.224436225957,3.043832058651,
    10.450604315763));
#3673 = CARTESIAN_POINT('',(-1.224436225957,3.015585651258,
    10.455626388882));
#3674 = CARTESIAN_POINT('',(-1.224436225957,3.013695454545,
    10.455962459638));
#3675 = ORIENTED_EDGE('',*,*,#1687,.T.);
#3676 = PLANE('',#3677);
#3677 = AXIS2_PLACEMENT_3D('',#3678,#3679,#3680);
#3678 = CARTESIAN_POINT('',(-1.224436225957,3.013695454545,
    12.418327272727));
#3679 = DIRECTION('',(-1.,-0.,0.));
#3680 = DIRECTION('',(0.,1.,2.832769448824E-16));
#3681 = ADVANCED_FACE('',(#3682),#3738,.T.);
#3682 = FACE_BOUND('',#3683,.T.);
#3683 = EDGE_LOOP('',(#3684,#3685,#3711,#3712));
#3684 = ORIENTED_EDGE('',*,*,#1811,.F.);
#3685 = ORIENTED_EDGE('',*,*,#3686,.T.);
#3686 = EDGE_CURVE('',#1804,#1696,#3687,.T.);
#3687 = B_SPLINE_CURVE_WITH_KNOTS('',3,(#3688,#3689,#3690,#3691,#3692,
    #3693,#3694,#3695,#3696,#3697,#3698,#3699,#3700,#3701,#3702,#3703,
    #3704,#3705,#3706,#3707,#3708,#3709,#3710),.UNSPECIFIED.,.F.,.F.,(4,
    1,1,1,1,1,1,1,1,1,1,1,1,1,1,1,1,1,1,1,4),(0.,5.E-02,0.1,0.15,0.2,
    0.25,0.3,0.35,0.4,0.45,0.5,0.55,0.6,0.65,0.7,0.75,0.8,0.85,0.9,0.95,
    1.),.QUASI_UNIFORM_KNOTS.);
#3688 = CARTESIAN_POINT('',(-1.224436225957,-3.013695454545,
    11.289722388847));
#3689 = CARTESIAN_POINT('',(-1.344034239853,-2.96589164611,
    11.284841718309));
#3690 = CARTESIAN_POINT('',(-1.577531819884,-2.856028705032,
    11.275080377235));
#3691 = CARTESIAN_POINT('',(-1.905726081445,-2.650800652731,
    11.260438365623));
#3692 = CARTESIAN_POINT('',(-2.207221437642,-2.408044611398,
    11.245796354011));
#3693 = CARTESIAN_POINT('',(-2.477749671673,-2.131197286839,
    11.231154342399));
#3694 = CARTESIAN_POINT('',(-2.713480815794,-1.824178087402,
    11.216512330787));
#3695 = CARTESIAN_POINT('',(-2.911077575989,-1.491333554857,
    11.201870319175));
#3696 = CARTESIAN_POINT('',(-3.067742524494,-1.137375851082,
    11.187228307563));
#3697 = CARTESIAN_POINT('',(-3.181257718223,-0.767316041018,
    11.172586295951));
#3698 = CARTESIAN_POINT('',(-3.250016094827,-0.386393151367,
    11.157944284339));
#3699 = CARTESIAN_POINT('',(-3.273044225314,-1.647199548477E-15,
    11.143302272727));
#3700 = CARTESIAN_POINT('',(-3.250016094827,0.386393151367,
    11.128660261115));
#3701 = CARTESIAN_POINT('',(-3.181257718223,0.767316041018,
    11.114018249503));
#3702 = CARTESIAN_POINT('',(-3.067742524494,1.137375851082,
    11.099376237891));
#3703 = CARTESIAN_POINT('',(-2.911077575989,1.491333554857,
    11.084734226279));
#3704 = CARTESIAN_POINT('',(-2.713480815794,1.824178087402,
    11.070092214668));
#3705 = CARTESIAN_POINT('',(-2.477749671673,2.131197286839,
    11.055450203056));
#3706 = CARTESIAN_POINT('',(-2.207221437642,2.408044611398,
    11.040808191444));
#3707 = CARTESIAN_POINT('',(-1.905726081445,2.650800652731,
    11.026166179832));
#3708 = CARTESIAN_POINT('',(-1.577531819884,2.856028705032,
    11.01152416822));
#3709 = CARTESIAN_POINT('',(-1.344034239853,2.96589164611,
    11.001762827145));
#3710 = CARTESIAN_POINT('',(-1.224436225957,3.013695454545,
    10.996882156608));
#3711 = ORIENTED_EDGE('',*,*,#1695,.T.);
#3712 = ORIENTED_EDGE('',*,*,#3713,.F.);
#3713 = EDGE_CURVE('',#1812,#1688,#3714,.T.);
#3714 = B_SPLINE_CURVE_WITH_KNOTS('',3,(#3715,#3716,#3717,#3718,#3719,
    #3720,#3721,#3722,#3723,#3724,#3725,#3726,#3727,#3728,#3729,#3730,
    #3731,#3732,#3733,#3734,#3735,#3736,#3737),.UNSPECIFIED.,.F.,.F.,(4,
    1,1,1,1,1,1,1,1,1,1,1,1,1,1,1,1,1,1,1,4),(0.,5.E-02,0.1,0.15,0.2,
    0.25,0.3,0.35,0.4,0.45,0.5,0.55,0.6,0.65,0.7,0.75,0.8,0.85,0.9,0.95,
    1.),.QUASI_UNIFORM_KNOTS.);
#3715 = CARTESIAN_POINT('',(-1.224436225957,-3.013695454545,
    10.748802691877));
#3716 = CARTESIAN_POINT('',(-1.344034239853,-2.96589164611,
    10.74392202134));
#3717 = CARTESIAN_POINT('',(-1.577531819884,-2.856028705032,
    10.734160680265));
#3718 = CARTESIAN_POINT('',(-1.905726081445,-2.650800652731,
    10.719518668653));
#3719 = CARTESIAN_POINT('',(-2.207221437642,-2.408044611398,
    10.704876657041));
#3720 = CARTESIAN_POINT('',(-2.477749671673,-2.131197286839,
    10.690234645429));
#3721 = CARTESIAN_POINT('',(-2.713480815794,-1.824178087402,
    10.675592633817));
#3722 = CARTESIAN_POINT('',(-2.911077575989,-1.491333554857,
    10.660950622205));
#3723 = CARTESIAN_POINT('',(-3.067742524494,-1.137375851082,
    10.646308610593));
#3724 = CARTESIAN_POINT('',(-3.181257718223,-0.767316041018,
    10.631666598981));
#3725 = CARTESIAN_POINT('',(-3.250016094827,-0.386393151367,
    10.61702458737));
#3726 = CARTESIAN_POINT('',(-3.273044225314,-1.514222501595E-15,
    10.602382575758));
#3727 = CARTESIAN_POINT('',(-3.250016094827,0.386393151367,
    10.587740564146));
#3728 = CARTESIAN_POINT('',(-3.181257718223,0.767316041018,
    10.573098552534));
#3729 = CARTESIAN_POINT('',(-3.067742524494,1.137375851082,
    10.558456540922));
#3730 = CARTESIAN_POINT('',(-2.911077575989,1.491333554857,
    10.54381452931));
#3731 = CARTESIAN_POINT('',(-2.713480815794,1.824178087402,
    10.529172517698));
#3732 = CARTESIAN_POINT('',(-2.477749671673,2.131197286839,
    10.514530506086));
#3733 = CARTESIAN_POINT('',(-2.207221437642,2.408044611398,
    10.499888494474));
#3734 = CARTESIAN_POINT('',(-1.905726081445,2.650800652731,
    10.485246482862));
#3735 = CARTESIAN_POINT('',(-1.577531819884,2.856028705032,
    10.47060447125));
#3736 = CARTESIAN_POINT('',(-1.344034239853,2.96589164611,
    10.460843130175));
#3737 = CARTESIAN_POINT('',(-1.224436225957,3.013695454545,
    10.455962459638));
#3738 = CYLINDRICAL_SURFACE('',#3739,3.245518181818);
#3739 = AXIS2_PLACEMENT_3D('',#3740,#3741,#3742);
#3740 = CARTESIAN_POINT('',(-1.985E-02,0.,12.418327272727));
#3741 = DIRECTION('',(0.,2.832769448824E-16,-1.));
#3742 = DIRECTION('',(1.,0.,0.));
#3743 = ADVANCED_FACE('',(#3744),#3820,.F.);
#3744 = FACE_BOUND('',#3745,.T.);
#3745 = EDGE_LOOP('',(#3746,#3758,#3809,#3819));
#3746 = ORIENTED_EDGE('',*,*,#3747,.T.);
#3747 = EDGE_CURVE('',#1696,#3748,#3750,.T.);
#3748 = VERTEX_POINT('',#3749);
#3749 = CARTESIAN_POINT('',(-1.224436224499,3.183145824518,
    11.022456329993));
#3750 = B_SPLINE_CURVE_WITH_KNOTS('',3,(#3751,#3752,#3753,#3754,#3755,
    #3756,#3757),.UNSPECIFIED.,.F.,.F.,(4,1,1,1,4),(0.,0.464172964921,
    0.500094683239,0.96407401788,1.),.UNSPECIFIED.);
#3751 = CARTESIAN_POINT('',(-1.224436225957,3.013695454545,
    10.996882156608));
#3752 = CARTESIAN_POINT('',(-1.224436225976,3.039918408196,
    11.000806900534));
#3753 = CARTESIAN_POINT('',(-1.224436226012,3.068168179301,
    11.005052215181));
#3754 = CARTESIAN_POINT('',(-1.224436225886,3.122622649546,
    11.01326910906));
#3755 = CARTESIAN_POINT('',(-1.22443622887,3.152885406523,
    11.017854155093));
#3756 = CARTESIAN_POINT('',(-1.224436225505,3.181116960049,
    11.022147691032));
#3757 = CARTESIAN_POINT('',(-1.224436225228,3.183145824518,
    11.022456329993));
#3758 = ORIENTED_EDGE('',*,*,#3759,.T.);
#3759 = EDGE_CURVE('',#3748,#3760,#3762,.T.);
#3760 = VERTEX_POINT('',#3761);
#3761 = CARTESIAN_POINT('',(-1.224436224499,3.183145824518,
    11.198585153539));
#3762 = B_SPLINE_CURVE_WITH_KNOTS('',3,(#3763,#3764,#3765,#3766,#3767,
    #3768,#3769,#3770,#3771,#3772,#3773,#3774,#3775,#3776,#3777,#3778,
    #3779,#3780,#3781,#3782,#3783,#3784,#3785,#3786,#3787,#3788,#3789,
    #3790,#3791,#3792,#3793,#3794,#3795,#3796,#3797,#3798,#3799,#3800,
    #3801,#3802,#3803,#3804,#3805,#3806,#3807,#3808),.UNSPECIFIED.,.F.,
  .F.,(4,1,1,1,1,1,1,1,1,1,1,1,1,1,1,1,1,1,1,1,1,1,1,1,1,1,1,1,1,1,1,1,1
    ,1,1,1,1,1,1,1,1,1,1,4),(0.,2.171735746286E-02,6.497689415924E-02,
    8.619592670532E-02,0.107994126237,0.150737280348,0.171616814457,
    0.193170943749,0.235284127777,0.255872448469,0.277091114186,
    0.318618953737,0.339042524497,0.359912572934,0.401025648383,
    0.4077951974,0.442016218383,0.47618180229,0.482958456206,
    0.497822250205,0.523895484201,0.544505594507,0.564809635036,
    0.605630181619,0.626503973478,0.646163671518,0.668407637481,
    0.672583275294,0.677655585991,0.686588524535,0.701615200362,
    0.708311561637,0.731651280355,0.773597981519,0.789202160231,
    0.815385806453,0.856539440311,0.861353018665,0.896113132787,
    0.920161383304,0.931373874444,0.946657970677,0.984171632277,1.),
  .UNSPECIFIED.);
#3763 = CARTESIAN_POINT('',(-1.224436225228,3.183145824242,
    11.022456330021));
#3764 = CARTESIAN_POINT('',(-1.224436225615,3.184984828465,
    11.022735918649));
#3765 = CARTESIAN_POINT('',(-1.224436226286,3.190466430906,
    11.023725772971));
#3766 = CARTESIAN_POINT('',(-1.224436225905,3.197618298662,
    11.025643040561));
#3767 = CARTESIAN_POINT('',(-1.224436225966,3.204581952675,
    11.028154450428));
#3768 = CARTESIAN_POINT('',(-1.224436225951,3.211350950501,
    11.031038629398));
#3769 = CARTESIAN_POINT('',(-1.224436225958,3.217827797442,
    11.03448272205));
#3770 = CARTESIAN_POINT('',(-1.224436225956,3.22395688487,
    11.038457255488));
#3771 = CARTESIAN_POINT('',(-1.224436225957,3.229801586047,
    11.042751904872));
#3772 = CARTESIAN_POINT('',(-1.224436225957,3.235231156771,
    11.047537393239));
#3773 = CARTESIAN_POINT('',(-1.224436225957,3.2401848381,11.052760294799
    ));
#3774 = CARTESIAN_POINT('',(-1.224436225957,3.244783603823,
    11.058234615799));
#3775 = CARTESIAN_POINT('',(-1.224436225957,3.248860397394,
    11.064102560065));
#3776 = CARTESIAN_POINT('',(-1.224436225957,3.252360371396,
    11.070285105382));
#3777 = CARTESIAN_POINT('',(-1.224436225957,3.255456453944,
    11.076641109074));
#3778 = CARTESIAN_POINT('',(-1.224436225957,3.257535611071,
    11.082170174538));
#3779 = CARTESIAN_POINT('',(-1.224436225956,3.259525833554,
    11.088923686723));
#3780 = CARTESIAN_POINT('',(-1.224436225961,3.260959013859,
    11.095216256348));
#3781 = CARTESIAN_POINT('',(-1.224436225946,3.261724677005,11.1016247984
    ));
#3782 = CARTESIAN_POINT('',(-1.224436225967,3.261992610452,
    11.106402934933));
#3783 = CARTESIAN_POINT('',(-1.224436225829,3.262085906579,
    11.110494427446));
#3784 = CARTESIAN_POINT('',(-1.224436226739,3.261874755149,
    11.115772252515));
#3785 = CARTESIAN_POINT('',(-1.22443622376,3.261236447623,
    11.121483681377));
#3786 = CARTESIAN_POINT('',(-1.224436227241,3.260026233793,
    11.12838999691));
#3787 = CARTESIAN_POINT('',(-1.224436225745,3.258175280084,
    11.135187201281));
#3788 = CARTESIAN_POINT('',(-1.224436225994,3.255731242073,
    11.141724972325));
#3789 = CARTESIAN_POINT('',(-1.224436225945,3.25354769007,
    11.146647252844));
#3790 = CARTESIAN_POINT('',(-1.224436225957,3.251726571425,
    11.150155876284));
#3791 = CARTESIAN_POINT('',(-1.224436225957,3.250391945552,
    11.15250344011));
#3792 = CARTESIAN_POINT('',(-1.224436225957,3.249603418744,
    11.153848368676));
#3793 = CARTESIAN_POINT('',(-1.224436225957,3.248301174525,
    11.155970356518));
#3794 = CARTESIAN_POINT('',(-1.224436225957,3.246849831862,
    11.158162908152));
#3795 = CARTESIAN_POINT('',(-1.224436225957,3.244618587209,
    11.161317759533));
#3796 = CARTESIAN_POINT('',(-1.224436225957,3.240842173495,
    11.166203241697));
#3797 = CARTESIAN_POINT('',(-1.224436225957,3.236110322412,
    11.171290406929));
#3798 = CARTESIAN_POINT('',(-1.224436225957,3.23082141082,
    11.176148848592));
#3799 = CARTESIAN_POINT('',(-1.224436225957,3.225317367071,
    11.180658780088));
#3800 = CARTESIAN_POINT('',(-1.224436225957,3.220191764016,
    11.184139297536));
#3801 = CARTESIAN_POINT('',(-1.224436225957,3.214242025348,
    11.187676026122));
#3802 = CARTESIAN_POINT('',(-1.224436225958,3.209410647552,
    11.190219597293));
#3803 = CARTESIAN_POINT('',(-1.224436225953,3.203899001894,
    11.19260720086));
#3804 = CARTESIAN_POINT('',(-1.224436225963,3.199848105674,
    11.194149094613));
#3805 = CARTESIAN_POINT('',(-1.2244362259,3.194654549948,11.195927614079
    ));
#3806 = CARTESIAN_POINT('',(-1.224436226369,3.18896640319,
    11.197458459523));
#3807 = CARTESIAN_POINT('',(-1.224436225601,3.184481223159,
    11.198347891235));
#3808 = CARTESIAN_POINT('',(-1.224436225228,3.183145824242,
    11.198585153567));
#3809 = ORIENTED_EDGE('',*,*,#3810,.T.);
#3810 = EDGE_CURVE('',#3760,#1704,#3811,.T.);
#3811 = B_SPLINE_CURVE_WITH_KNOTS('',3,(#3812,#3813,#3814,#3815,#3816,
    #3817,#3818),.UNSPECIFIED.,.F.,.F.,(4,1,1,1,4),(0.,0.466445224887,
    0.499912895394,0.966535094384,1.),.UNSPECIFIED.);
#3812 = CARTESIAN_POINT('',(-1.224436225228,3.183145824518,
    11.198585153539));
#3813 = CARTESIAN_POINT('',(-1.224436225816,3.156799174161,
    11.203267035319));
#3814 = CARTESIAN_POINT('',(-1.22443622596,3.128562244034,
    11.208285428363));
#3815 = CARTESIAN_POINT('',(-1.224436225954,3.073968985344,
    11.217989261087));
#3816 = CARTESIAN_POINT('',(-1.224436225957,3.043832058651,
    11.223346740003));
#3817 = CARTESIAN_POINT('',(-1.224436225957,3.015585651258,
    11.228368813125));
#3818 = CARTESIAN_POINT('',(-1.224436225957,3.013695454545,
    11.228704883881));
#3819 = ORIENTED_EDGE('',*,*,#1703,.T.);
#3820 = PLANE('',#3821);
#3821 = AXIS2_PLACEMENT_3D('',#3822,#3823,#3824);
#3822 = CARTESIAN_POINT('',(-1.224436225957,3.013695454545,
    12.418327272727));
#3823 = DIRECTION('',(-1.,-0.,0.));
#3824 = DIRECTION('',(0.,1.,2.832769448824E-16));
#3825 = ADVANCED_FACE('',(#3826),#3882,.T.);
#3826 = FACE_BOUND('',#3827,.T.);
#3827 = EDGE_LOOP('',(#3828,#3829,#3855,#3856));
#3828 = ORIENTED_EDGE('',*,*,#1795,.F.);
#3829 = ORIENTED_EDGE('',*,*,#3830,.T.);
#3830 = EDGE_CURVE('',#1788,#1712,#3831,.T.);
#3831 = B_SPLINE_CURVE_WITH_KNOTS('',3,(#3832,#3833,#3834,#3835,#3836,
    #3837,#3838,#3839,#3840,#3841,#3842,#3843,#3844,#3845,#3846,#3847,
    #3848,#3849,#3850,#3851,#3852,#3853,#3854),.UNSPECIFIED.,.F.,.F.,(4,
    1,1,1,1,1,1,1,1,1,1,1,1,1,1,1,1,1,1,1,4),(0.,5.E-02,0.1,0.15,0.2,
    0.25,0.3,0.35,0.4,0.45,0.5,0.55,0.6,0.65,0.7,0.75,0.8,0.85,0.9,0.95,
    1.),.QUASI_UNIFORM_KNOTS.);
#3832 = CARTESIAN_POINT('',(-1.224436225957,-3.013695454545,
    12.062464813089));
#3833 = CARTESIAN_POINT('',(-1.344034239853,-2.96589164611,
    12.057584142552));
#3834 = CARTESIAN_POINT('',(-1.577531819884,-2.856028705032,
    12.047822801477));
#3835 = CARTESIAN_POINT('',(-1.905726081445,-2.650800652731,
    12.033180789865));
#3836 = CARTESIAN_POINT('',(-2.207221437642,-2.408044611398,
    12.018538778253));
#3837 = CARTESIAN_POINT('',(-2.477749671673,-2.131197286839,
    12.003896766641));
#3838 = CARTESIAN_POINT('',(-2.713480815794,-1.824178087402,
    11.989254755029));
#3839 = CARTESIAN_POINT('',(-2.911077575989,-1.491333554857,
    11.974612743417));
#3840 = CARTESIAN_POINT('',(-3.067742524494,-1.137375851082,
    11.959970731806));
#3841 = CARTESIAN_POINT('',(-3.181257718223,-0.767316041018,
    11.945328720194));
#3842 = CARTESIAN_POINT('',(-3.250016094827,-0.386393151367,
    11.930686708582));
#3843 = CARTESIAN_POINT('',(-3.273044225314,-9.951830605384E-16,
    11.91604469697));
#3844 = CARTESIAN_POINT('',(-3.250016094827,0.386393151367,
    11.901402685358));
#3845 = CARTESIAN_POINT('',(-3.181257718223,0.767316041018,
    11.886760673746));
#3846 = CARTESIAN_POINT('',(-3.067742524494,1.137375851082,
    11.872118662134));
#3847 = CARTESIAN_POINT('',(-2.911077575989,1.491333554857,
    11.857476650522));
#3848 = CARTESIAN_POINT('',(-2.713480815794,1.824178087402,
    11.84283463891));
#3849 = CARTESIAN_POINT('',(-2.477749671673,2.131197286839,
    11.828192627298));
#3850 = CARTESIAN_POINT('',(-2.207221437642,2.408044611398,
    11.813550615686));
#3851 = CARTESIAN_POINT('',(-1.905726081445,2.650800652731,
    11.798908604074));
#3852 = CARTESIAN_POINT('',(-1.577531819884,2.856028705032,
    11.784266592462));
#3853 = CARTESIAN_POINT('',(-1.344034239853,2.96589164611,
    11.774505251388));
#3854 = CARTESIAN_POINT('',(-1.224436225957,3.013695454545,
    11.76962458085));
#3855 = ORIENTED_EDGE('',*,*,#1711,.T.);
#3856 = ORIENTED_EDGE('',*,*,#3857,.F.);
#3857 = EDGE_CURVE('',#1796,#1704,#3858,.T.);
#3858 = B_SPLINE_CURVE_WITH_KNOTS('',3,(#3859,#3860,#3861,#3862,#3863,
    #3864,#3865,#3866,#3867,#3868,#3869,#3870,#3871,#3872,#3873,#3874,
    #3875,#3876,#3877,#3878,#3879,#3880,#3881),.UNSPECIFIED.,.F.,.F.,(4,
    1,1,1,1,1,1,1,1,1,1,1,1,1,1,1,1,1,1,1,4),(0.,5.E-02,0.1,0.15,0.2,
    0.25,0.3,0.35,0.4,0.45,0.5,0.55,0.6,0.65,0.7,0.75,0.8,0.85,0.9,0.95,
    1.),.QUASI_UNIFORM_KNOTS.);
#3859 = CARTESIAN_POINT('',(-1.224436225957,-3.013695454545,
    11.521545116119));
#3860 = CARTESIAN_POINT('',(-1.344034239853,-2.96589164611,
    11.516664445582));
#3861 = CARTESIAN_POINT('',(-1.577531819884,-2.856028705032,
    11.506903104508));
#3862 = CARTESIAN_POINT('',(-1.905726081445,-2.650800652731,
    11.492261092896));
#3863 = CARTESIAN_POINT('',(-2.207221437642,-2.408044611398,
    11.477619081284));
#3864 = CARTESIAN_POINT('',(-2.477749671673,-2.131197286839,
    11.462977069672));
#3865 = CARTESIAN_POINT('',(-2.713480815794,-1.824178087402,
    11.44833505806));
#3866 = CARTESIAN_POINT('',(-2.911077575989,-1.491333554857,
    11.433693046448));
#3867 = CARTESIAN_POINT('',(-3.067742524494,-1.137375851082,
    11.419051034836));
#3868 = CARTESIAN_POINT('',(-3.181257718223,-0.767316041018,
    11.404409023224));
#3869 = CARTESIAN_POINT('',(-3.250016094827,-0.386393151367,
    11.389767011612));
#3870 = CARTESIAN_POINT('',(-3.273044225314,-8.364685207111E-16,
    11.375125));
#3871 = CARTESIAN_POINT('',(-3.250016094827,0.386393151367,
    11.360482988388));
#3872 = CARTESIAN_POINT('',(-3.181257718223,0.767316041018,
    11.345840976776));
#3873 = CARTESIAN_POINT('',(-3.067742524494,1.137375851082,
    11.331198965164));
#3874 = CARTESIAN_POINT('',(-2.911077575989,1.491333554857,
    11.316556953552));
#3875 = CARTESIAN_POINT('',(-2.713480815794,1.824178087402,
    11.30191494194));
#3876 = CARTESIAN_POINT('',(-2.477749671673,2.131197286839,
    11.287272930328));
#3877 = CARTESIAN_POINT('',(-2.207221437642,2.408044611398,
    11.272630918716));
#3878 = CARTESIAN_POINT('',(-1.905726081445,2.650800652731,
    11.257988907104));
#3879 = CARTESIAN_POINT('',(-1.577531819884,2.856028705032,
    11.243346895492));
#3880 = CARTESIAN_POINT('',(-1.344034239853,2.96589164611,
    11.233585554418));
#3881 = CARTESIAN_POINT('',(-1.224436225957,3.013695454545,
    11.22870488388));
#3882 = CYLINDRICAL_SURFACE('',#3883,3.245518181818);
#3883 = AXIS2_PLACEMENT_3D('',#3884,#3885,#3886);
#3884 = CARTESIAN_POINT('',(-1.985E-02,0.,12.418327272727));
#3885 = DIRECTION('',(0.,2.832769448824E-16,-1.));
#3886 = DIRECTION('',(1.,0.,0.));
#3887 = ADVANCED_FACE('',(#3888),#3964,.F.);
#3888 = FACE_BOUND('',#3889,.T.);
#3889 = EDGE_LOOP('',(#3890,#3902,#3953,#3963));
#3890 = ORIENTED_EDGE('',*,*,#3891,.T.);
#3891 = EDGE_CURVE('',#1712,#3892,#3894,.T.);
#3892 = VERTEX_POINT('',#3893);
#3893 = CARTESIAN_POINT('',(-1.224436224499,3.183145824518,
    11.795198754236));
#3894 = B_SPLINE_CURVE_WITH_KNOTS('',3,(#3895,#3896,#3897,#3898,#3899,
    #3900,#3901),.UNSPECIFIED.,.F.,.F.,(4,1,1,1,4),(0.,0.464172964921,
    0.500094683239,0.96407401788,1.),.UNSPECIFIED.);
#3895 = CARTESIAN_POINT('',(-1.224436225957,3.013695454545,
    11.76962458085));
#3896 = CARTESIAN_POINT('',(-1.224436225976,3.039918408196,
    11.773549324777));
#3897 = CARTESIAN_POINT('',(-1.224436226012,3.068168179301,
    11.777794639424));
#3898 = CARTESIAN_POINT('',(-1.224436225886,3.122622649546,
    11.786011533303));
#3899 = CARTESIAN_POINT('',(-1.22443622887,3.152885406523,
    11.790596579335));
#3900 = CARTESIAN_POINT('',(-1.224436225505,3.181116960049,
    11.794890115274));
#3901 = CARTESIAN_POINT('',(-1.224436225228,3.183145824518,
    11.795198754236));
#3902 = ORIENTED_EDGE('',*,*,#3903,.T.);
#3903 = EDGE_CURVE('',#3892,#3904,#3906,.T.);
#3904 = VERTEX_POINT('',#3905);
#3905 = CARTESIAN_POINT('',(-1.224436224499,3.183145824518,
    11.971327577782));
#3906 = B_SPLINE_CURVE_WITH_KNOTS('',3,(#3907,#3908,#3909,#3910,#3911,
    #3912,#3913,#3914,#3915,#3916,#3917,#3918,#3919,#3920,#3921,#3922,
    #3923,#3924,#3925,#3926,#3927,#3928,#3929,#3930,#3931,#3932,#3933,
    #3934,#3935,#3936,#3937,#3938,#3939,#3940,#3941,#3942,#3943,#3944,
    #3945,#3946,#3947,#3948,#3949,#3950,#3951,#3952),.UNSPECIFIED.,.F.,
  .F.,(4,1,1,1,1,1,1,1,1,1,1,1,1,1,1,1,1,1,1,1,1,1,1,1,1,1,1,1,1,1,1,1,1
    ,1,1,1,1,1,1,1,1,1,1,4),(0.,2.171735746287E-02,6.497689415924E-02,
    8.619592670532E-02,0.107994126237,0.150737280348,0.171616814457,
    0.193170943749,0.235284127777,0.255872448469,0.277091114186,
    0.318618953737,0.339042524497,0.359912572934,0.401025648383,
    0.4077951974,0.442016218383,0.47618180229,0.482958456206,
    0.497822250205,0.523895484201,0.544505594507,0.564809635036,
    0.605630181619,0.626503973478,0.646163671518,0.668407637481,
    0.672583275294,0.677655585991,0.686588524535,0.701615200362,
    0.708311561637,0.731651280355,0.773597981519,0.789202160231,
    0.815385806453,0.856539440311,0.861353018665,0.896113132787,
    0.920161383304,0.931373874444,0.946657970677,0.984171632277,1.),
  .UNSPECIFIED.);
#3907 = CARTESIAN_POINT('',(-1.224436225228,3.183145824242,
    11.795198754264));
#3908 = CARTESIAN_POINT('',(-1.224436225615,3.184984828465,
    11.795478342892));
#3909 = CARTESIAN_POINT('',(-1.224436226286,3.190466430906,
    11.796468197213));
#3910 = CARTESIAN_POINT('',(-1.224436225905,3.197618298662,
    11.798385464804));
#3911 = CARTESIAN_POINT('',(-1.224436225966,3.204581952675,
    11.80089687467));
#3912 = CARTESIAN_POINT('',(-1.224436225951,3.211350950501,
    11.80378105364));
#3913 = CARTESIAN_POINT('',(-1.224436225958,3.217827797442,
    11.807225146292));
#3914 = CARTESIAN_POINT('',(-1.224436225956,3.22395688487,11.81119967973
    ));
#3915 = CARTESIAN_POINT('',(-1.224436225957,3.229801586047,
    11.815494329114));
#3916 = CARTESIAN_POINT('',(-1.224436225957,3.235231156771,
    11.820279817482));
#3917 = CARTESIAN_POINT('',(-1.224436225957,3.2401848381,11.825502719041
    ));
#3918 = CARTESIAN_POINT('',(-1.224436225957,3.244783603823,
    11.830977040042));
#3919 = CARTESIAN_POINT('',(-1.224436225957,3.248860397394,
    11.836844984308));
#3920 = CARTESIAN_POINT('',(-1.224436225957,3.252360371396,
    11.843027529624));
#3921 = CARTESIAN_POINT('',(-1.224436225957,3.255456453944,
    11.849383533317));
#3922 = CARTESIAN_POINT('',(-1.224436225957,3.257535611071,
    11.85491259878));
#3923 = CARTESIAN_POINT('',(-1.224436225956,3.259525833554,
    11.861666110965));
#3924 = CARTESIAN_POINT('',(-1.224436225961,3.260959013859,
    11.867958680591));
#3925 = CARTESIAN_POINT('',(-1.224436225946,3.261724677005,
    11.874367222642));
#3926 = CARTESIAN_POINT('',(-1.224436225967,3.261992610452,
    11.879145359176));
#3927 = CARTESIAN_POINT('',(-1.224436225829,3.262085906579,
    11.883236851688));
#3928 = CARTESIAN_POINT('',(-1.224436226739,3.261874755149,
    11.888514676758));
#3929 = CARTESIAN_POINT('',(-1.22443622376,3.261236447623,
    11.894226105619));
#3930 = CARTESIAN_POINT('',(-1.224436227241,3.260026233793,
    11.901132421153));
#3931 = CARTESIAN_POINT('',(-1.224436225745,3.258175280084,
    11.907929625524));
#3932 = CARTESIAN_POINT('',(-1.224436225994,3.255731242073,
    11.914467396567));
#3933 = CARTESIAN_POINT('',(-1.224436225945,3.253547690071,
    11.919389677087));
#3934 = CARTESIAN_POINT('',(-1.224436225957,3.251726571425,
    11.922898300526));
#3935 = CARTESIAN_POINT('',(-1.224436225957,3.250391945552,
    11.925245864352));
#3936 = CARTESIAN_POINT('',(-1.224436225957,3.249603418744,
    11.926590792918));
#3937 = CARTESIAN_POINT('',(-1.224436225957,3.248301174525,
    11.928712780761));
#3938 = CARTESIAN_POINT('',(-1.224436225957,3.246849831862,
    11.930905332395));
#3939 = CARTESIAN_POINT('',(-1.224436225957,3.244618587209,
    11.934060183775));
#3940 = CARTESIAN_POINT('',(-1.224436225957,3.240842173495,
    11.938945665939));
#3941 = CARTESIAN_POINT('',(-1.224436225957,3.236110322412,
    11.944032831171));
#3942 = CARTESIAN_POINT('',(-1.224436225957,3.23082141082,
    11.948891272834));
#3943 = CARTESIAN_POINT('',(-1.224436225957,3.225317367071,
    11.953401204331));
#3944 = CARTESIAN_POINT('',(-1.224436225957,3.220191764016,
    11.956881721778));
#3945 = CARTESIAN_POINT('',(-1.224436225957,3.214242025348,
    11.960418450364));
#3946 = CARTESIAN_POINT('',(-1.224436225958,3.209410647552,
    11.962962021535));
#3947 = CARTESIAN_POINT('',(-1.224436225953,3.203899001894,
    11.965349625103));
#3948 = CARTESIAN_POINT('',(-1.224436225963,3.199848105674,
    11.966891518855));
#3949 = CARTESIAN_POINT('',(-1.2244362259,3.194654549948,11.968670038321
    ));
#3950 = CARTESIAN_POINT('',(-1.224436226369,3.18896640319,
    11.970200883766));
#3951 = CARTESIAN_POINT('',(-1.224436225601,3.184481223159,
    11.971090315477));
#3952 = CARTESIAN_POINT('',(-1.224436225228,3.183145824242,
    11.97132757781));
#3953 = ORIENTED_EDGE('',*,*,#3954,.T.);
#3954 = EDGE_CURVE('',#3904,#1720,#3955,.T.);
#3955 = B_SPLINE_CURVE_WITH_KNOTS('',3,(#3956,#3957,#3958,#3959,#3960,
    #3961,#3962),.UNSPECIFIED.,.F.,.F.,(4,1,1,1,4),(0.,0.466445224887,
    0.499912895394,0.966535094384,1.),.UNSPECIFIED.);
#3956 = CARTESIAN_POINT('',(-1.224436225228,3.183145824518,
    11.971327577782));
#3957 = CARTESIAN_POINT('',(-1.224436225816,3.156799174161,
    11.976009459562));
#3958 = CARTESIAN_POINT('',(-1.22443622596,3.128562244034,
    11.981027852606));
#3959 = CARTESIAN_POINT('',(-1.224436225954,3.073968985344,
    11.990731685329));
#3960 = CARTESIAN_POINT('',(-1.224436225957,3.043832058651,
    11.996089164245));
#3961 = CARTESIAN_POINT('',(-1.224436225957,3.015585651258,
    12.001111237367));
#3962 = CARTESIAN_POINT('',(-1.224436225957,3.013695454545,
    12.001447308124));
#3963 = ORIENTED_EDGE('',*,*,#1719,.T.);
#3964 = PLANE('',#3965);
#3965 = AXIS2_PLACEMENT_3D('',#3966,#3967,#3968);
#3966 = CARTESIAN_POINT('',(-1.224436225957,3.013695454545,
    12.418327272727));
#3967 = DIRECTION('',(-1.,-0.,0.));
#3968 = DIRECTION('',(0.,1.,2.832769448824E-16));
#3969 = ADVANCED_FACE('',(#3970),#4013,.T.);
#3970 = FACE_BOUND('',#3971,.T.);
#3971 = EDGE_LOOP('',(#3972,#3984,#3985,#3986));
#3972 = ORIENTED_EDGE('',*,*,#3973,.T.);
#3973 = EDGE_CURVE('',#3974,#1743,#3976,.T.);
#3974 = VERTEX_POINT('',#3975);
#3975 = CARTESIAN_POINT('',(-1.224436224499,-3.183145824518,
    12.268713366977));
#3976 = B_SPLINE_CURVE_WITH_KNOTS('',3,(#3977,#3978,#3979,#3980,#3981,
    #3982,#3983),.UNSPECIFIED.,.F.,.F.,(4,1,1,1,4),(0.,0.466492242527,
    0.499917673675,0.966577181431,1.),.UNSPECIFIED.);
#3977 = CARTESIAN_POINT('',(-1.224436225228,-3.183145824518,
    12.268713366977));
#3978 = CARTESIAN_POINT('',(-1.224436225816,-3.156801390505,
    12.272720973958));
#3979 = CARTESIAN_POINT('',(-1.22443622596,-3.128567089386,
    12.277001029879));
#3980 = CARTESIAN_POINT('',(-1.224436225954,-3.073971917896,
    12.285243796752));
#3981 = CARTESIAN_POINT('',(-1.224436225957,-3.043835036886,
    12.289775376116));
#3982 = CARTESIAN_POINT('',(-1.224436225957,-3.015583638296,
    12.294004940229));
#3983 = CARTESIAN_POINT('',(-1.224436225957,-3.013695454545,
    12.294287540362));
#3984 = ORIENTED_EDGE('',*,*,#1752,.T.);
#3985 = ORIENTED_EDGE('',*,*,#3954,.F.);
#3986 = ORIENTED_EDGE('',*,*,#3987,.F.);
#3987 = EDGE_CURVE('',#3974,#3904,#3988,.T.);
#3988 = B_SPLINE_CURVE_WITH_KNOTS('',3,(#3989,#3990,#3991,#3992,#3993,
    #3994,#3995,#3996,#3997,#3998,#3999,#4000,#4001,#4002,#4003,#4004,
    #4005,#4006,#4007,#4008,#4009,#4010,#4011,#4012),.UNSPECIFIED.,.F.,
  .F.,(4,1,1,1,1,1,1,1,1,1,1,1,1,1,1,1,1,1,1,1,1,4),(0.,
    4.761904761905E-02,9.52380952381E-02,0.142857142857,0.190476190476,
    0.238095238095,0.285714285714,0.333333333333,0.380952380952,
    0.428571428571,0.47619047619,0.52380952381,0.571428571429,
    0.619047619048,0.666666666667,0.714285714286,0.761904761905,
    0.809523809524,0.857142857143,0.904761904762,0.952380952381,1.),
  .UNSPECIFIED.);
#3989 = CARTESIAN_POINT('',(-1.224436224499,-3.183145824518,
    12.268713366977));
#3990 = CARTESIAN_POINT('',(-1.346610932345,-3.13691169697,
    12.263992957624));
#3991 = CARTESIAN_POINT('',(-1.585630409344,-3.030360211207,
    12.25455213892));
#3992 = CARTESIAN_POINT('',(-1.923423095631,-2.830399413645,
    12.240390910863));
#3993 = CARTESIAN_POINT('',(-2.236005177528,-2.592953444571,
    12.226229682806));
#3994 = CARTESIAN_POINT('',(-2.519236997526,-2.321166944984,
    12.212068454749));
#3995 = CARTESIAN_POINT('',(-2.769367463682,-2.018639408662,
    12.197907226692));
#3996 = CARTESIAN_POINT('',(-2.983083909635,-1.689377442602,
    12.183745998635));
#3997 = CARTESIAN_POINT('',(-3.157555918261,-1.337741722766,
    12.169584770578));
#3998 = CARTESIAN_POINT('',(-3.290472820132,-0.968389237286,
    12.155423542521));
#3999 = CARTESIAN_POINT('',(-3.380074292038,-0.586211611635,
    12.141262314464));
#4000 = CARTESIAN_POINT('',(-3.425173671268,-0.196270324628,
    12.127101086408));
#4001 = CARTESIAN_POINT('',(-3.425173671268,0.196270324628,
    12.112939858351));
#4002 = CARTESIAN_POINT('',(-3.380074292038,0.586211611635,
    12.098778630294));
#4003 = CARTESIAN_POINT('',(-3.290472820132,0.968389237286,
    12.084617402237));
#4004 = CARTESIAN_POINT('',(-3.157555918261,1.337741722766,
    12.07045617418));
#4005 = CARTESIAN_POINT('',(-2.983083909635,1.689377442602,
    12.056294946123));
#4006 = CARTESIAN_POINT('',(-2.769367463682,2.018639408662,
    12.042133718066));
#4007 = CARTESIAN_POINT('',(-2.519236997526,2.321166944984,
    12.027972490009));
#4008 = CARTESIAN_POINT('',(-2.236005177528,2.592953444571,
    12.013811261952));
#4009 = CARTESIAN_POINT('',(-1.923423095631,2.830399413645,
    11.999650033895));
#4010 = CARTESIAN_POINT('',(-1.585630409344,3.030360211207,
    11.985488805839));
#4011 = CARTESIAN_POINT('',(-1.346610932345,3.13691169697,
    11.976047987134));
#4012 = CARTESIAN_POINT('',(-1.224436224499,3.183145824518,
    11.971327577782));
#4013 = B_SPLINE_SURFACE_WITH_KNOTS('',1,3,(
    (#4014,#4015,#4016,#4017,#4018,#4019,#4020,#4021,#4022,#4023,#4024
      ,#4025,#4026,#4027,#4028,#4029,#4030,#4031,#4032,#4033,#4034,#4035
      ,#4036,#4037,#4038,#4039,#4040,#4041,#4042)
    ,(#4043,#4044,#4045,#4046,#4047,#4048,#4049,#4050,#4051,#4052,#4053
      ,#4054,#4055,#4056,#4057,#4058,#4059,#4060,#4061,#4062,#4063,#4064
      ,#4065,#4066,#4067,#4068,#4069,#4070,#4071
  )),.UNSPECIFIED.,.F.,.F.,.F.,(2,2),(4,1,1,1,1,1,1,1,1,1,1,1,1,1,1,1,1,
    1,1,1,1,1,1,1,1,1,4),(0.,1.),(1.932567522696,2.025569455842,
    2.118571388988,2.211573322133,2.304575255279,2.397577188425,
    2.49057912157,2.583581054716,2.676582987862,2.769584921007,
    2.862586854153,2.955588787298,3.048590720444,3.14159265359,
    3.234594586735,3.327596519881,3.420598453027,3.513600386172,
    3.606602319318,3.699604252464,3.792606185609,3.885608118755,
    3.978610051901,4.071611985046,4.164613918192,4.257615851338,
    4.350617784483),.UNSPECIFIED.);
#4014 = CARTESIAN_POINT('',(-1.224436224499,-3.183145824518,
    12.268713366977));
#4015 = CARTESIAN_POINT('',(-1.323115796221,-3.145802875345,
    12.264900728654));
#4016 = CARTESIAN_POINT('',(-1.516999327016,-3.061933023101,
    12.257275452008));
#4017 = CARTESIAN_POINT('',(-1.794884685474,-2.909663525304,
    12.245837537038));
#4018 = CARTESIAN_POINT('',(-2.057428162984,-2.73224544747,
    12.234399622069));
#4019 = CARTESIAN_POINT('',(-2.302360601691,-2.531212221916,
    12.2229617071));
#4020 = CARTESIAN_POINT('',(-2.527565009007,-2.308301408291,
    12.211523792131));
#4021 = CARTESIAN_POINT('',(-2.731094917407,-2.065439652029,
    12.200085877162));
#4022 = CARTESIAN_POINT('',(-2.91119119128,-1.804726038437,
    12.188647962193));
#4023 = CARTESIAN_POINT('',(-3.066297235845,-1.528413948333,
    12.177210047224));
#4024 = CARTESIAN_POINT('',(-3.195072449794,-1.238891582246,
    12.165772132255));
#4025 = CARTESIAN_POINT('',(-3.296403812603,-0.938661318772,
    12.154334217286));
#4026 = CARTESIAN_POINT('',(-3.369415504421,-0.630318086235,
    12.142896302317));
#4027 = CARTESIAN_POINT('',(-3.413476475918,-0.316526934376,
    12.131458387348));
#4028 = CARTESIAN_POINT('',(-3.428205902519,-9.01909759394E-15,
    12.120020472379));
#4029 = CARTESIAN_POINT('',(-3.413476475918,0.316526934376,
    12.10858255741));
#4030 = CARTESIAN_POINT('',(-3.369415504421,0.630318086235,
    12.097144642441));
#4031 = CARTESIAN_POINT('',(-3.296403812603,0.938661318772,
    12.085706727472));
#4032 = CARTESIAN_POINT('',(-3.195072449794,1.238891582246,
    12.074268812503));
#4033 = CARTESIAN_POINT('',(-3.066297235845,1.528413948333,
    12.062830897534));
#4034 = CARTESIAN_POINT('',(-2.91119119128,1.804726038437,
    12.051392982565));
#4035 = CARTESIAN_POINT('',(-2.731094917407,2.065439652029,
    12.039955067596));
#4036 = CARTESIAN_POINT('',(-2.527565009007,2.308301408291,
    12.028517152627));
#4037 = CARTESIAN_POINT('',(-2.302360601691,2.531212221916,
    12.017079237658));
#4038 = CARTESIAN_POINT('',(-2.057428162984,2.73224544747,
    12.005641322689));
#4039 = CARTESIAN_POINT('',(-1.794884685474,2.909663525304,
    11.99420340772));
#4040 = CARTESIAN_POINT('',(-1.516999327016,3.061933023101,
    11.982765492751));
#4041 = CARTESIAN_POINT('',(-1.323115796221,3.145802875345,
    11.975140216105));
#4042 = CARTESIAN_POINT('',(-1.224436224499,3.183145824518,
    11.971327577782));
#4043 = CARTESIAN_POINT('',(-1.168540587599,-3.035440363847,
    12.29656031884));
#4044 = CARTESIAN_POINT('',(-1.262641194861,-2.999830215436,
    12.292747680517));
#4045 = CARTESIAN_POINT('',(-1.447528073347,-2.919852121801,
    12.285122403871));
#4046 = CARTESIAN_POINT('',(-1.712518896919,-2.774648287205,
    12.273684488902));
#4047 = CARTESIAN_POINT('',(-1.962879738939,-2.605462825897,
    12.262246573933));
#4048 = CARTESIAN_POINT('',(-2.196446735819,-2.413758015322,
    12.250808658964));
#4049 = CARTESIAN_POINT('',(-2.411201128414,-2.201190788271,
    12.239370743995));
#4050 = CARTESIAN_POINT('',(-2.605286769872,-1.969598389295,
    12.227932829026));
#4051 = CARTESIAN_POINT('',(-2.777026152618,-1.720982501199,
    12.216494914057));
#4052 = CARTESIAN_POINT('',(-2.924934911533,-1.457491942626,
    12.205056999088));
#4053 = CARTESIAN_POINT('',(-3.047734652366,-1.181404095977,
    12.193619084119));
#4054 = CARTESIAN_POINT('',(-3.144364001365,-0.895105223593,
    12.18218116915));
#4055 = CARTESIAN_POINT('',(-3.213987778783,-0.60106984301,
    12.17074325418));
#4056 = CARTESIAN_POINT('',(-3.256004217466,-0.301839339389,
    12.159305339211));
#4057 = CARTESIAN_POINT('',(-3.270050163994,-8.600612225773E-15,
    12.147867424242));
#4058 = CARTESIAN_POINT('',(-3.256004217466,0.301839339389,
    12.136429509273));
#4059 = CARTESIAN_POINT('',(-3.213987778783,0.60106984301,
    12.124991594304));
#4060 = CARTESIAN_POINT('',(-3.144364001365,0.895105223593,
    12.113553679335));
#4061 = CARTESIAN_POINT('',(-3.047734652366,1.181404095977,
    12.102115764366));
#4062 = CARTESIAN_POINT('',(-2.924934911533,1.457491942626,
    12.090677849397));
#4063 = CARTESIAN_POINT('',(-2.777026152618,1.720982501199,
    12.079239934428));
#4064 = CARTESIAN_POINT('',(-2.605286769872,1.969598389295,
    12.067802019459));
#4065 = CARTESIAN_POINT('',(-2.411201128414,2.201190788271,
    12.05636410449));
#4066 = CARTESIAN_POINT('',(-2.196446735819,2.413758015322,
    12.044926189521));
#4067 = CARTESIAN_POINT('',(-1.962879738939,2.605462825897,
    12.033488274552));
#4068 = CARTESIAN_POINT('',(-1.712518896919,2.774648287205,
    12.022050359583));
#4069 = CARTESIAN_POINT('',(-1.447528073347,2.919852121801,
    12.010612444614));
#4070 = CARTESIAN_POINT('',(-1.262641194861,2.999830215436,
    12.002987167968));
#4071 = CARTESIAN_POINT('',(-1.168540587599,3.035440363847,
    11.999174529645));
#4072 = ADVANCED_FACE('',(#4073),#4138,.F.);
#4073 = FACE_BOUND('',#4074,.T.);
#4074 = EDGE_LOOP('',(#4075,#4087,#4088,#4089));
#4075 = ORIENTED_EDGE('',*,*,#4076,.F.);
#4076 = EDGE_CURVE('',#1788,#4077,#4079,.T.);
#4077 = VERTEX_POINT('',#4078);
#4078 = CARTESIAN_POINT('',(-1.224436224499,-3.183145824518,
    12.09258454343));
#4079 = B_SPLINE_CURVE_WITH_KNOTS('',3,(#4080,#4081,#4082,#4083,#4084,
    #4085,#4086),.UNSPECIFIED.,.F.,.F.,(4,1,1,1,4),(0.,0.464184510513,
    0.500099797772,0.964080195562,1.),.UNSPECIFIED.);
#4080 = CARTESIAN_POINT('',(-1.224436225957,-3.013695454545,
    12.062464813089));
#4081 = CARTESIAN_POINT('',(-1.224436225974,-3.039913987203,
    12.067126382297));
#4082 = CARTESIAN_POINT('',(-1.224436226011,-3.068161231048,
    12.072148022333));
#4083 = CARTESIAN_POINT('',(-1.224436225887,-3.122615798929,
    12.081827379935));
#4084 = CARTESIAN_POINT('',(-1.224436228871,-3.152880624151,
    12.08720627656));
#4085 = CARTESIAN_POINT('',(-1.224436225505,-3.181116933562,
    12.092224003181));
#4086 = CARTESIAN_POINT('',(-1.224436225228,-3.183145824518,
    12.09258454343));
#4087 = ORIENTED_EDGE('',*,*,#1787,.F.);
#4088 = ORIENTED_EDGE('',*,*,#3973,.F.);
#4089 = ORIENTED_EDGE('',*,*,#4090,.F.);
#4090 = EDGE_CURVE('',#4077,#3974,#4091,.T.);
#4091 = B_SPLINE_CURVE_WITH_KNOTS('',3,(#4092,#4093,#4094,#4095,#4096,
    #4097,#4098,#4099,#4100,#4101,#4102,#4103,#4104,#4105,#4106,#4107,
    #4108,#4109,#4110,#4111,#4112,#4113,#4114,#4115,#4116,#4117,#4118,
    #4119,#4120,#4121,#4122,#4123,#4124,#4125,#4126,#4127,#4128,#4129,
    #4130,#4131,#4132,#4133,#4134,#4135,#4136,#4137),.UNSPECIFIED.,.F.,
  .F.,(4,1,1,1,1,1,1,1,1,1,1,1,1,1,1,1,1,1,1,1,1,1,1,1,1,1,1,1,1,1,1,1,1
    ,1,1,1,1,1,1,1,1,1,1,4),(0.,2.182861931033E-02,6.537817402531E-02,
    8.687745306084E-02,0.10877700595,0.151970614161,0.173136648849,
    0.194902567546,0.237536798336,0.258359087376,0.279857242325,
    0.321863795278,0.342415645197,0.363573272078,0.405016379465,
    0.425428602225,0.446243684172,0.48731276182,0.494093358192,
    0.502170379781,0.528272689197,0.56243686377,0.569185049874,
    0.610075210935,0.630735564652,0.650889434199,0.691484137118,
    0.712667011518,0.713775484098,0.717933139962,0.72325243318,
    0.732955430202,0.747373069629,0.776187484922,0.794279774029,
    0.81793881414,0.859536741759,0.874637459756,0.900516401699,
    0.939936492846,0.943108415191,0.975938066939,0.996387480832,1.),
  .UNSPECIFIED.);
#4092 = CARTESIAN_POINT('',(-1.224436225228,-3.183145824242,
    12.092584543402));
#4093 = CARTESIAN_POINT('',(-1.224436225615,-3.184987245978,
    12.092911636713));
#4094 = CARTESIAN_POINT('',(-1.224436226287,-3.190477214963,
    12.094043482992));
#4095 = CARTESIAN_POINT('',(-1.224436225905,-3.197636529635,
    12.09614612128));
#4096 = CARTESIAN_POINT('',(-1.224436225966,-3.204595065078,
    12.098833321968));
#4097 = CARTESIAN_POINT('',(-1.224436225951,-3.211365303318,
    12.101890451561));
#4098 = CARTESIAN_POINT('',(-1.224436225958,-3.217836223871,
    12.105494914778));
#4099 = CARTESIAN_POINT('',(-1.224436225956,-3.223962253998,
    12.109621695638));
#4100 = CARTESIAN_POINT('',(-1.224436225957,-3.229806316949,
    12.114062689974));
#4101 = CARTESIAN_POINT('',(-1.224436225957,-3.235229864912,
    12.118978070638));
#4102 = CARTESIAN_POINT('',(-1.224436225957,-3.240182881926,
    12.124322787636));
#4103 = CARTESIAN_POINT('',(-1.224436225957,-3.244780161574,
    12.129908705154));
#4104 = CARTESIAN_POINT('',(-1.224436225957,-3.248853115802,
    12.135870692071));
#4105 = CARTESIAN_POINT('',(-1.224436225957,-3.252354728821,
    12.142139863652));
#4106 = CARTESIAN_POINT('',(-1.224436225957,-3.255449990596,
    12.148567319716));
#4107 = CARTESIAN_POINT('',(-1.224436225957,-3.25794122077,
    12.155249938763));
#4108 = CARTESIAN_POINT('',(-1.224436225957,-3.259794060184,
    12.162095305854));
#4109 = CARTESIAN_POINT('',(-1.224436225957,-3.261212435477,
    12.169011914187));
#4110 = CARTESIAN_POINT('',(-1.224436225957,-3.261850661552,
    12.174876902643));
#4111 = CARTESIAN_POINT('',(-1.224436225957,-3.262019136968,
    12.179669843851));
#4112 = CARTESIAN_POINT('',(-1.224436225957,-3.262062651963,
    12.183182133506));
#4113 = CARTESIAN_POINT('',(-1.224436225957,-3.261827976724,
    12.189042722733));
#4114 = CARTESIAN_POINT('',(-1.224436225957,-3.261066949503,
    12.194746686179));
#4115 = CARTESIAN_POINT('',(-1.224436225957,-3.259704757111,
    12.201628095426));
#4116 = CARTESIAN_POINT('',(-1.224436225957,-3.258147957987,
    12.207286073691));
#4117 = CARTESIAN_POINT('',(-1.224436225957,-3.255663887332,
    12.21384073468));
#4118 = CARTESIAN_POINT('',(-1.224436225957,-3.252790759819,
    12.22020579874));
#4119 = CARTESIAN_POINT('',(-1.224436225957,-3.249321609086,
    12.226330121068));
#4120 = CARTESIAN_POINT('',(-1.224436225957,-3.246244878294,
    12.230762139343));
#4121 = CARTESIAN_POINT('',(-1.224436225957,-3.244891476699,
    12.23258192318));
#4122 = CARTESIAN_POINT('',(-1.224436225957,-3.244344220218,
    12.233306037758));
#4123 = CARTESIAN_POINT('',(-1.224436225957,-3.243334575619,
    12.234604205654));
#4124 = CARTESIAN_POINT('',(-1.224436225957,-3.241741509668,
    12.236562509823));
#4125 = CARTESIAN_POINT('',(-1.224436225957,-3.238755294071,
    12.239981831177));
#4126 = CARTESIAN_POINT('',(-1.224436225957,-3.23505348043,12.2437229729
    ));
#4127 = CARTESIAN_POINT('',(-1.224436225957,-3.230519545399,
    12.247733316267));
#4128 = CARTESIAN_POINT('',(-1.224436225957,-3.224895745833,
    12.252148912991));
#4129 = CARTESIAN_POINT('',(-1.224436225957,-3.219105084792,
    12.255903735652));
#4130 = CARTESIAN_POINT('',(-1.224436225956,-3.212884962311,
    12.259289765141));
#4131 = CARTESIAN_POINT('',(-1.224436225962,-3.206655021954,
    12.262249285054));
#4132 = CARTESIAN_POINT('',(-1.224436225939,-3.201146698495,
    12.264303371526));
#4133 = CARTESIAN_POINT('',(-1.224436225975,-3.194971207142,
    12.266223640508));
#4134 = CARTESIAN_POINT('',(-1.224436225114,-3.190282678631,
    12.267444074665));
#4135 = CARTESIAN_POINT('',(-1.224436227147,-3.185488851363,
    12.268347338559));
#4136 = CARTESIAN_POINT('',(-1.224436225526,-3.183451847636,
    12.268666814249));
#4137 = CARTESIAN_POINT('',(-1.224436225228,-3.183145824242,
    12.268713366948));
#4138 = PLANE('',#4139);
#4139 = AXIS2_PLACEMENT_3D('',#4140,#4141,#4142);
#4140 = CARTESIAN_POINT('',(-1.224436225957,-3.940986363636,
    12.418327272727));
#4141 = DIRECTION('',(-1.,-0.,0.));
#4142 = DIRECTION('',(0.,1.,2.832769448824E-16));
#4143 = ADVANCED_FACE('',(#4144),#4220,.F.);
#4144 = FACE_BOUND('',#4145,.T.);
#4145 = EDGE_LOOP('',(#4146,#4158,#4159,#4171));
#4146 = ORIENTED_EDGE('',*,*,#4147,.F.);
#4147 = EDGE_CURVE('',#1804,#4148,#4150,.T.);
#4148 = VERTEX_POINT('',#4149);
#4149 = CARTESIAN_POINT('',(-1.224436224499,-3.183145824518,
    11.319842119188));
#4150 = B_SPLINE_CURVE_WITH_KNOTS('',3,(#4151,#4152,#4153,#4154,#4155,
    #4156,#4157),.UNSPECIFIED.,.F.,.F.,(4,1,1,1,4),(0.,0.464184510513,
    0.500099797772,0.964080195562,1.),.UNSPECIFIED.);
#4151 = CARTESIAN_POINT('',(-1.224436225957,-3.013695454545,
    11.289722388847));
#4152 = CARTESIAN_POINT('',(-1.224436225974,-3.039913987203,
    11.294383958055));
#4153 = CARTESIAN_POINT('',(-1.224436226011,-3.068161231048,
    11.299405598091));
#4154 = CARTESIAN_POINT('',(-1.224436225887,-3.122615798929,
    11.309084955692));
#4155 = CARTESIAN_POINT('',(-1.224436228871,-3.152880624151,
    11.314463852317));
#4156 = CARTESIAN_POINT('',(-1.224436225505,-3.181116933562,
    11.319481578938));
#4157 = CARTESIAN_POINT('',(-1.224436225228,-3.183145824518,
    11.319842119188));
#4158 = ORIENTED_EDGE('',*,*,#1803,.F.);
#4159 = ORIENTED_EDGE('',*,*,#4160,.F.);
#4160 = EDGE_CURVE('',#4161,#1796,#4163,.T.);
#4161 = VERTEX_POINT('',#4162);
#4162 = CARTESIAN_POINT('',(-1.224436224499,-3.183145824518,
    11.495970942734));
#4163 = B_SPLINE_CURVE_WITH_KNOTS('',3,(#4164,#4165,#4166,#4167,#4168,
    #4169,#4170),.UNSPECIFIED.,.F.,.F.,(4,1,1,1,4),(0.,0.466492242527,
    0.499917673675,0.966577181431,1.),.UNSPECIFIED.);
#4164 = CARTESIAN_POINT('',(-1.224436225228,-3.183145824518,
    11.495970942734));
#4165 = CARTESIAN_POINT('',(-1.224436225816,-3.156801390505,
    11.499978549716));
#4166 = CARTESIAN_POINT('',(-1.22443622596,-3.128567089386,
    11.504258605636));
#4167 = CARTESIAN_POINT('',(-1.224436225954,-3.073971917896,
    11.51250137251));
#4168 = CARTESIAN_POINT('',(-1.224436225957,-3.043835036886,
    11.517032951874));
#4169 = CARTESIAN_POINT('',(-1.224436225957,-3.015583638296,
    11.521262515986));
#4170 = CARTESIAN_POINT('',(-1.224436225957,-3.013695454545,
    11.521545116119));
#4171 = ORIENTED_EDGE('',*,*,#4172,.F.);
#4172 = EDGE_CURVE('',#4148,#4161,#4173,.T.);
#4173 = B_SPLINE_CURVE_WITH_KNOTS('',3,(#4174,#4175,#4176,#4177,#4178,
    #4179,#4180,#4181,#4182,#4183,#4184,#4185,#4186,#4187,#4188,#4189,
    #4190,#4191,#4192,#4193,#4194,#4195,#4196,#4197,#4198,#4199,#4200,
    #4201,#4202,#4203,#4204,#4205,#4206,#4207,#4208,#4209,#4210,#4211,
    #4212,#4213,#4214,#4215,#4216,#4217,#4218,#4219),.UNSPECIFIED.,.F.,
  .F.,(4,1,1,1,1,1,1,1,1,1,1,1,1,1,1,1,1,1,1,1,1,1,1,1,1,1,1,1,1,1,1,1,1
    ,1,1,1,1,1,1,1,1,1,1,4),(0.,2.182861931033E-02,6.53781740253E-02,
    8.687745306084E-02,0.10877700595,0.151970614161,0.173136648849,
    0.194902567546,0.237536798336,0.258359087376,0.279857242325,
    0.321863795278,0.342415645197,0.363573272078,0.405016379465,
    0.425428602225,0.446243684172,0.48731276182,0.494093358192,
    0.502170379781,0.528272689197,0.56243686377,0.569185049874,
    0.610075210935,0.630735564652,0.650889434199,0.691484137118,
    0.712667011518,0.713775484098,0.717933139962,0.72325243318,
    0.732955430202,0.747373069629,0.776187484922,0.794279774029,
    0.81793881414,0.859536741759,0.874637459756,0.900516401699,
    0.939936492846,0.943108415191,0.975938066939,0.996387480832,1.),
  .UNSPECIFIED.);
#4174 = CARTESIAN_POINT('',(-1.224436225228,-3.183145824242,
    11.31984211916));
#4175 = CARTESIAN_POINT('',(-1.224436225615,-3.184987245978,
    11.320169212471));
#4176 = CARTESIAN_POINT('',(-1.224436226287,-3.190477214963,
    11.32130105875));
#4177 = CARTESIAN_POINT('',(-1.224436225905,-3.197636529635,
    11.323403697037));
#4178 = CARTESIAN_POINT('',(-1.224436225966,-3.204595065078,
    11.326090897725));
#4179 = CARTESIAN_POINT('',(-1.224436225951,-3.211365303318,
    11.329148027319));
#4180 = CARTESIAN_POINT('',(-1.224436225958,-3.217836223871,
    11.332752490535));
#4181 = CARTESIAN_POINT('',(-1.224436225956,-3.223962253998,
    11.336879271395));
#4182 = CARTESIAN_POINT('',(-1.224436225957,-3.229806316949,
    11.341320265732));
#4183 = CARTESIAN_POINT('',(-1.224436225957,-3.235229864912,
    11.346235646396));
#4184 = CARTESIAN_POINT('',(-1.224436225957,-3.240182881926,
    11.351580363394));
#4185 = CARTESIAN_POINT('',(-1.224436225957,-3.244780161574,
    11.357166280911));
#4186 = CARTESIAN_POINT('',(-1.224436225957,-3.248853115802,
    11.363128267829));
#4187 = CARTESIAN_POINT('',(-1.224436225957,-3.252354728821,
    11.36939743941));
#4188 = CARTESIAN_POINT('',(-1.224436225957,-3.255449990596,
    11.375824895473));
#4189 = CARTESIAN_POINT('',(-1.224436225957,-3.25794122077,
    11.382507514521));
#4190 = CARTESIAN_POINT('',(-1.224436225957,-3.259794060184,
    11.389352881611));
#4191 = CARTESIAN_POINT('',(-1.224436225957,-3.261212435477,
    11.396269489944));
#4192 = CARTESIAN_POINT('',(-1.224436225957,-3.261850661552,
    11.402134478401));
#4193 = CARTESIAN_POINT('',(-1.224436225957,-3.262019136968,
    11.406927419608));
#4194 = CARTESIAN_POINT('',(-1.224436225957,-3.262062651963,
    11.410439709264));
#4195 = CARTESIAN_POINT('',(-1.224436225957,-3.261827976724,
    11.41630029849));
#4196 = CARTESIAN_POINT('',(-1.224436225957,-3.261066949503,
    11.422004261936));
#4197 = CARTESIAN_POINT('',(-1.224436225957,-3.259704757111,
    11.428885671183));
#4198 = CARTESIAN_POINT('',(-1.224436225957,-3.258147957987,
    11.434543649448));
#4199 = CARTESIAN_POINT('',(-1.224436225957,-3.255663887332,
    11.441098310438));
#4200 = CARTESIAN_POINT('',(-1.224436225957,-3.252790759819,
    11.447463374497));
#4201 = CARTESIAN_POINT('',(-1.224436225957,-3.249321609086,
    11.453587696825));
#4202 = CARTESIAN_POINT('',(-1.224436225957,-3.246244878294,
    11.4580197151));
#4203 = CARTESIAN_POINT('',(-1.224436225957,-3.244891476699,
    11.459839498938));
#4204 = CARTESIAN_POINT('',(-1.224436225957,-3.244344220218,
    11.460563613516));
#4205 = CARTESIAN_POINT('',(-1.224436225957,-3.243334575619,
    11.461861781412));
#4206 = CARTESIAN_POINT('',(-1.224436225957,-3.241741509668,
    11.463820085581));
#4207 = CARTESIAN_POINT('',(-1.224436225957,-3.238755294071,
    11.467239406934));
#4208 = CARTESIAN_POINT('',(-1.224436225957,-3.23505348043,
    11.470980548658));
#4209 = CARTESIAN_POINT('',(-1.224436225957,-3.230519545399,
    11.474990892024));
#4210 = CARTESIAN_POINT('',(-1.224436225957,-3.224895745833,
    11.479406488749));
#4211 = CARTESIAN_POINT('',(-1.224436225957,-3.219105084792,
    11.48316131141));
#4212 = CARTESIAN_POINT('',(-1.224436225956,-3.212884962311,
    11.486547340898));
#4213 = CARTESIAN_POINT('',(-1.224436225962,-3.206655021954,
    11.489506860811));
#4214 = CARTESIAN_POINT('',(-1.224436225939,-3.201146698495,
    11.491560947283));
#4215 = CARTESIAN_POINT('',(-1.224436225975,-3.194971207142,
    11.493481216266));
#4216 = CARTESIAN_POINT('',(-1.224436225114,-3.190282678631,
    11.494701650422));
#4217 = CARTESIAN_POINT('',(-1.224436227147,-3.185488851363,
    11.495604914317));
#4218 = CARTESIAN_POINT('',(-1.224436225526,-3.183451847636,
    11.495924390007));
#4219 = CARTESIAN_POINT('',(-1.224436225228,-3.183145824242,
    11.495970942706));
#4220 = PLANE('',#4221);
#4221 = AXIS2_PLACEMENT_3D('',#4222,#4223,#4224);
#4222 = CARTESIAN_POINT('',(-1.224436225957,-3.940986363636,
    12.418327272727));
#4223 = DIRECTION('',(-1.,-0.,0.));
#4224 = DIRECTION('',(0.,1.,2.832769448824E-16));
#4225 = ADVANCED_FACE('',(#4226),#4302,.F.);
#4226 = FACE_BOUND('',#4227,.T.);
#4227 = EDGE_LOOP('',(#4228,#4240,#4241,#4253));
#4228 = ORIENTED_EDGE('',*,*,#4229,.F.);
#4229 = EDGE_CURVE('',#1820,#4230,#4232,.T.);
#4230 = VERTEX_POINT('',#4231);
#4231 = CARTESIAN_POINT('',(-1.224436224499,-3.183145824518,
    10.547099694946));
#4232 = B_SPLINE_CURVE_WITH_KNOTS('',3,(#4233,#4234,#4235,#4236,#4237,
    #4238,#4239),.UNSPECIFIED.,.F.,.F.,(4,1,1,1,4),(0.,0.464184510513,
    0.500099797772,0.964080195562,1.),.UNSPECIFIED.);
#4233 = CARTESIAN_POINT('',(-1.224436225957,-3.013695454545,
    10.516979964604));
#4234 = CARTESIAN_POINT('',(-1.224436225974,-3.039913987203,
    10.521641533812));
#4235 = CARTESIAN_POINT('',(-1.224436226011,-3.068161231048,
    10.526663173848));
#4236 = CARTESIAN_POINT('',(-1.224436225887,-3.122615798929,
    10.53634253145));
#4237 = CARTESIAN_POINT('',(-1.224436228871,-3.152880624151,
    10.541721428075));
#4238 = CARTESIAN_POINT('',(-1.224436225505,-3.181116933562,
    10.546739154696));
#4239 = CARTESIAN_POINT('',(-1.224436225228,-3.183145824518,
    10.547099694946));
#4240 = ORIENTED_EDGE('',*,*,#1819,.F.);
#4241 = ORIENTED_EDGE('',*,*,#4242,.F.);
#4242 = EDGE_CURVE('',#4243,#1812,#4245,.T.);
#4243 = VERTEX_POINT('',#4244);
#4244 = CARTESIAN_POINT('',(-1.224436224499,-3.183145824518,
    10.723228518492));
#4245 = B_SPLINE_CURVE_WITH_KNOTS('',3,(#4246,#4247,#4248,#4249,#4250,
    #4251,#4252),.UNSPECIFIED.,.F.,.F.,(4,1,1,1,4),(0.,0.466492242527,
    0.499917673675,0.966577181431,1.),.UNSPECIFIED.);
#4246 = CARTESIAN_POINT('',(-1.224436225228,-3.183145824518,
    10.723228518492));
#4247 = CARTESIAN_POINT('',(-1.224436225816,-3.156801390505,
    10.727236125474));
#4248 = CARTESIAN_POINT('',(-1.22443622596,-3.128567089386,
    10.731516181394));
#4249 = CARTESIAN_POINT('',(-1.224436225954,-3.073971917896,
    10.739758948267));
#4250 = CARTESIAN_POINT('',(-1.224436225957,-3.043835036886,
    10.744290527631));
#4251 = CARTESIAN_POINT('',(-1.224436225957,-3.015583638296,
    10.748520091744));
#4252 = CARTESIAN_POINT('',(-1.224436225957,-3.013695454545,
    10.748802691877));
#4253 = ORIENTED_EDGE('',*,*,#4254,.F.);
#4254 = EDGE_CURVE('',#4230,#4243,#4255,.T.);
#4255 = B_SPLINE_CURVE_WITH_KNOTS('',3,(#4256,#4257,#4258,#4259,#4260,
    #4261,#4262,#4263,#4264,#4265,#4266,#4267,#4268,#4269,#4270,#4271,
    #4272,#4273,#4274,#4275,#4276,#4277,#4278,#4279,#4280,#4281,#4282,
    #4283,#4284,#4285,#4286,#4287,#4288,#4289,#4290,#4291,#4292,#4293,
    #4294,#4295,#4296,#4297,#4298,#4299,#4300,#4301),.UNSPECIFIED.,.F.,
  .F.,(4,1,1,1,1,1,1,1,1,1,1,1,1,1,1,1,1,1,1,1,1,1,1,1,1,1,1,1,1,1,1,1,1
    ,1,1,1,1,1,1,1,1,1,1,4),(0.,2.182861931032E-02,6.537817402529E-02,
    8.687745306083E-02,0.10877700595,0.151970614161,0.173136648849,
    0.194902567546,0.237536798336,0.258359087376,0.279857242325,
    0.321863795278,0.342415645197,0.363573272078,0.405016379465,
    0.425428602225,0.446243684172,0.48731276182,0.494093358192,
    0.502170379781,0.528272689197,0.56243686377,0.569185049874,
    0.610075210935,0.630735564652,0.650889434199,0.691484137118,
    0.712667011518,0.713775484098,0.717933139962,0.72325243318,
    0.732955430202,0.747373069629,0.776187484922,0.794279774029,
    0.81793881414,0.859536741759,0.874637459756,0.900516401699,
    0.939936492846,0.943108415191,0.975938066939,0.996387480832,1.),
  .UNSPECIFIED.);
#4256 = CARTESIAN_POINT('',(-1.224436225228,-3.183145824242,
    10.547099694917));
#4257 = CARTESIAN_POINT('',(-1.224436225615,-3.184987245978,
    10.547426788229));
#4258 = CARTESIAN_POINT('',(-1.224436226287,-3.190477214963,
    10.548558634507));
#4259 = CARTESIAN_POINT('',(-1.224436225905,-3.197636529635,
    10.550661272795));
#4260 = CARTESIAN_POINT('',(-1.224436225966,-3.204595065078,
    10.553348473483));
#4261 = CARTESIAN_POINT('',(-1.224436225951,-3.211365303318,
    10.556405603076));
#4262 = CARTESIAN_POINT('',(-1.224436225958,-3.217836223871,
    10.560010066293));
#4263 = CARTESIAN_POINT('',(-1.224436225956,-3.223962253998,
    10.564136847153));
#4264 = CARTESIAN_POINT('',(-1.224436225957,-3.229806316949,
    10.568577841489));
#4265 = CARTESIAN_POINT('',(-1.224436225957,-3.235229864912,
    10.573493222153));
#4266 = CARTESIAN_POINT('',(-1.224436225957,-3.240182881926,
    10.578837939151));
#4267 = CARTESIAN_POINT('',(-1.224436225957,-3.244780161574,
    10.584423856669));
#4268 = CARTESIAN_POINT('',(-1.224436225957,-3.248853115802,
    10.590385843586));
#4269 = CARTESIAN_POINT('',(-1.224436225957,-3.252354728821,
    10.596655015167));
#4270 = CARTESIAN_POINT('',(-1.224436225957,-3.255449990596,
    10.603082471231));
#4271 = CARTESIAN_POINT('',(-1.224436225957,-3.25794122077,
    10.609765090278));
#4272 = CARTESIAN_POINT('',(-1.224436225957,-3.259794060184,
    10.616610457369));
#4273 = CARTESIAN_POINT('',(-1.224436225957,-3.261212435477,
    10.623527065702));
#4274 = CARTESIAN_POINT('',(-1.224436225957,-3.261850661552,
    10.629392054158));
#4275 = CARTESIAN_POINT('',(-1.224436225957,-3.262019136968,
    10.634184995366));
#4276 = CARTESIAN_POINT('',(-1.224436225957,-3.262062651963,
    10.637697285021));
#4277 = CARTESIAN_POINT('',(-1.224436225957,-3.261827976724,
    10.643557874248));
#4278 = CARTESIAN_POINT('',(-1.224436225957,-3.261066949503,
    10.649261837694));
#4279 = CARTESIAN_POINT('',(-1.224436225957,-3.259704757111,
    10.656143246941));
#4280 = CARTESIAN_POINT('',(-1.224436225957,-3.258147957987,
    10.661801225206));
#4281 = CARTESIAN_POINT('',(-1.224436225957,-3.255663887332,
    10.668355886195));
#4282 = CARTESIAN_POINT('',(-1.224436225957,-3.252790759819,
    10.674720950255));
#4283 = CARTESIAN_POINT('',(-1.224436225957,-3.249321609086,
    10.680845272583));
#4284 = CARTESIAN_POINT('',(-1.224436225957,-3.246244878294,
    10.685277290858));
#4285 = CARTESIAN_POINT('',(-1.224436225957,-3.244891476699,
    10.687097074695));
#4286 = CARTESIAN_POINT('',(-1.224436225957,-3.244344220218,
    10.687821189274));
#4287 = CARTESIAN_POINT('',(-1.224436225957,-3.243334575619,
    10.689119357169));
#4288 = CARTESIAN_POINT('',(-1.224436225957,-3.241741509668,
    10.691077661338));
#4289 = CARTESIAN_POINT('',(-1.224436225957,-3.238755294071,
    10.694496982692));
#4290 = CARTESIAN_POINT('',(-1.224436225957,-3.23505348043,
    10.698238124415));
#4291 = CARTESIAN_POINT('',(-1.224436225957,-3.230519545399,
    10.702248467782));
#4292 = CARTESIAN_POINT('',(-1.224436225957,-3.224895745833,
    10.706664064506));
#4293 = CARTESIAN_POINT('',(-1.224436225957,-3.219105084792,
    10.710418887168));
#4294 = CARTESIAN_POINT('',(-1.224436225956,-3.212884962311,
    10.713804916656));
#4295 = CARTESIAN_POINT('',(-1.224436225962,-3.206655021954,
    10.716764436569));
#4296 = CARTESIAN_POINT('',(-1.224436225939,-3.201146698495,
    10.718818523041));
#4297 = CARTESIAN_POINT('',(-1.224436225975,-3.194971207142,
    10.720738792023));
#4298 = CARTESIAN_POINT('',(-1.224436225114,-3.190282678631,
    10.72195922618));
#4299 = CARTESIAN_POINT('',(-1.224436227147,-3.185488851363,
    10.722862490075));
#4300 = CARTESIAN_POINT('',(-1.224436225526,-3.183451847636,
    10.723181965764));
#4301 = CARTESIAN_POINT('',(-1.224436225228,-3.183145824242,
    10.723228518464));
#4302 = PLANE('',#4303);
#4303 = AXIS2_PLACEMENT_3D('',#4304,#4305,#4306);
#4304 = CARTESIAN_POINT('',(-1.224436225957,-3.940986363636,
    12.418327272727));
#4305 = DIRECTION('',(-1.,-0.,0.));
#4306 = DIRECTION('',(0.,1.,2.832769448824E-16));
#4307 = ADVANCED_FACE('',(#4308),#4384,.F.);
#4308 = FACE_BOUND('',#4309,.T.);
#4309 = EDGE_LOOP('',(#4310,#4322,#4323,#4335));
#4310 = ORIENTED_EDGE('',*,*,#4311,.F.);
#4311 = EDGE_CURVE('',#1836,#4312,#4314,.T.);
#4312 = VERTEX_POINT('',#4313);
#4313 = CARTESIAN_POINT('',(-1.224436224499,-3.183145824518,
    9.774357270703));
#4314 = B_SPLINE_CURVE_WITH_KNOTS('',3,(#4315,#4316,#4317,#4318,#4319,
    #4320,#4321),.UNSPECIFIED.,.F.,.F.,(4,1,1,1,4),(0.,0.464184510513,
    0.500099797772,0.964080195562,1.),.UNSPECIFIED.);
#4315 = CARTESIAN_POINT('',(-1.224436225957,-3.013695454545,
    9.744237540362));
#4316 = CARTESIAN_POINT('',(-1.224436225974,-3.039913987203,
    9.74889910957));
#4317 = CARTESIAN_POINT('',(-1.224436226011,-3.068161231048,
    9.753920749606));
#4318 = CARTESIAN_POINT('',(-1.224436225887,-3.122615798929,
    9.763600107207));
#4319 = CARTESIAN_POINT('',(-1.224436228871,-3.152880624151,
    9.768979003833));
#4320 = CARTESIAN_POINT('',(-1.224436225505,-3.181116933562,
    9.773996730453));
#4321 = CARTESIAN_POINT('',(-1.224436225228,-3.183145824518,
    9.774357270703));
#4322 = ORIENTED_EDGE('',*,*,#1835,.F.);
#4323 = ORIENTED_EDGE('',*,*,#4324,.F.);
#4324 = EDGE_CURVE('',#4325,#1828,#4327,.T.);
#4325 = VERTEX_POINT('',#4326);
#4326 = CARTESIAN_POINT('',(-1.224436224499,-3.183145824518,
    9.950486094249));
#4327 = B_SPLINE_CURVE_WITH_KNOTS('',3,(#4328,#4329,#4330,#4331,#4332,
    #4333,#4334),.UNSPECIFIED.,.F.,.F.,(4,1,1,1,4),(0.,0.466492242527,
    0.499917673675,0.966577181431,1.),.UNSPECIFIED.);
#4328 = CARTESIAN_POINT('',(-1.224436225228,-3.183145824518,
    9.950486094249));
#4329 = CARTESIAN_POINT('',(-1.224436225816,-3.156801390505,
    9.954493701231));
#4330 = CARTESIAN_POINT('',(-1.22443622596,-3.128567089386,
    9.958773757151));
#4331 = CARTESIAN_POINT('',(-1.224436225954,-3.073971917896,
    9.967016524025));
#4332 = CARTESIAN_POINT('',(-1.224436225957,-3.043835036886,
    9.971548103389));
#4333 = CARTESIAN_POINT('',(-1.224436225957,-3.015583638296,
    9.975777667501));
#4334 = CARTESIAN_POINT('',(-1.224436225957,-3.013695454545,
    9.976060267635));
#4335 = ORIENTED_EDGE('',*,*,#4336,.F.);
#4336 = EDGE_CURVE('',#4312,#4325,#4337,.T.);
#4337 = B_SPLINE_CURVE_WITH_KNOTS('',3,(#4338,#4339,#4340,#4341,#4342,
    #4343,#4344,#4345,#4346,#4347,#4348,#4349,#4350,#4351,#4352,#4353,
    #4354,#4355,#4356,#4357,#4358,#4359,#4360,#4361,#4362,#4363,#4364,
    #4365,#4366,#4367,#4368,#4369,#4370,#4371,#4372,#4373,#4374,#4375,
    #4376,#4377,#4378,#4379,#4380,#4381,#4382,#4383),.UNSPECIFIED.,.F.,
  .F.,(4,1,1,1,1,1,1,1,1,1,1,1,1,1,1,1,1,1,1,1,1,1,1,1,1,1,1,1,1,1,1,1,1
    ,1,1,1,1,1,1,1,1,1,1,4),(0.,2.182861931032E-02,6.537817402532E-02,
    8.687745306085E-02,0.10877700595,0.151970614161,0.173136648849,
    0.194902567546,0.237536798336,0.258359087376,0.279857242325,
    0.321863795278,0.342415645197,0.363573272078,0.405016379465,
    0.425428602225,0.446243684172,0.48731276182,0.494093358192,
    0.502170379781,0.528272689197,0.56243686377,0.569185049874,
    0.610075210935,0.630735564652,0.650889434199,0.691484137118,
    0.712667011518,0.713775484098,0.717933139962,0.72325243318,
    0.732955430202,0.747373069629,0.776187484922,0.794279774029,
    0.81793881414,0.859536741759,0.874637459756,0.900516401699,
    0.939936492846,0.943108415191,0.975938066939,0.996387480832,1.),
  .UNSPECIFIED.);
#4338 = CARTESIAN_POINT('',(-1.224436225228,-3.183145824242,
    9.774357270675));
#4339 = CARTESIAN_POINT('',(-1.224436225615,-3.184987245978,
    9.774684363986));
#4340 = CARTESIAN_POINT('',(-1.224436226287,-3.190477214963,
    9.775816210265));
#4341 = CARTESIAN_POINT('',(-1.224436225905,-3.197636529635,
    9.777918848552));
#4342 = CARTESIAN_POINT('',(-1.224436225966,-3.204595065078,
    9.780606049241));
#4343 = CARTESIAN_POINT('',(-1.224436225951,-3.211365303318,
    9.783663178834));
#4344 = CARTESIAN_POINT('',(-1.224436225958,-3.217836223871,
    9.787267642051));
#4345 = CARTESIAN_POINT('',(-1.224436225956,-3.223962253998,
    9.791394422911));
#4346 = CARTESIAN_POINT('',(-1.224436225957,-3.229806316949,
    9.795835417247));
#4347 = CARTESIAN_POINT('',(-1.224436225957,-3.235229864912,
    9.800750797911));
#4348 = CARTESIAN_POINT('',(-1.224436225957,-3.240182881926,
    9.806095514909));
#4349 = CARTESIAN_POINT('',(-1.224436225957,-3.244780161574,
    9.811681432426));
#4350 = CARTESIAN_POINT('',(-1.224436225957,-3.248853115802,
    9.817643419344));
#4351 = CARTESIAN_POINT('',(-1.224436225957,-3.252354728821,
    9.823912590925));
#4352 = CARTESIAN_POINT('',(-1.224436225957,-3.255449990596,
    9.830340046989));
#4353 = CARTESIAN_POINT('',(-1.224436225957,-3.25794122077,
    9.837022666036));
#4354 = CARTESIAN_POINT('',(-1.224436225957,-3.259794060184,
    9.843868033126));
#4355 = CARTESIAN_POINT('',(-1.224436225957,-3.261212435477,
    9.850784641459));
#4356 = CARTESIAN_POINT('',(-1.224436225957,-3.261850661552,
    9.856649629916));
#4357 = CARTESIAN_POINT('',(-1.224436225957,-3.262019136968,
    9.861442571123));
#4358 = CARTESIAN_POINT('',(-1.224436225957,-3.262062651963,
    9.864954860779));
#4359 = CARTESIAN_POINT('',(-1.224436225957,-3.261827976724,
    9.870815450005));
#4360 = CARTESIAN_POINT('',(-1.224436225957,-3.261066949503,
    9.876519413452));
#4361 = CARTESIAN_POINT('',(-1.224436225957,-3.259704757111,
    9.883400822698));
#4362 = CARTESIAN_POINT('',(-1.224436225957,-3.258147957987,
    9.889058800964));
#4363 = CARTESIAN_POINT('',(-1.224436225957,-3.255663887332,
    9.895613461953));
#4364 = CARTESIAN_POINT('',(-1.224436225957,-3.252790759819,
    9.901978526013));
#4365 = CARTESIAN_POINT('',(-1.224436225957,-3.249321609086,
    9.90810284834));
#4366 = CARTESIAN_POINT('',(-1.224436225957,-3.246244878294,
    9.912534866616));
#4367 = CARTESIAN_POINT('',(-1.224436225957,-3.244891476699,
    9.914354650453));
#4368 = CARTESIAN_POINT('',(-1.224436225957,-3.244344220218,
    9.915078765031));
#4369 = CARTESIAN_POINT('',(-1.224436225957,-3.243334575619,
    9.916376932927));
#4370 = CARTESIAN_POINT('',(-1.224436225957,-3.241741509668,
    9.918335237096));
#4371 = CARTESIAN_POINT('',(-1.224436225957,-3.238755294071,
    9.92175455845));
#4372 = CARTESIAN_POINT('',(-1.224436225957,-3.23505348043,
    9.925495700173));
#4373 = CARTESIAN_POINT('',(-1.224436225957,-3.230519545399,
    9.929506043539));
#4374 = CARTESIAN_POINT('',(-1.224436225957,-3.224895745833,
    9.933921640264));
#4375 = CARTESIAN_POINT('',(-1.224436225957,-3.219105084792,
    9.937676462925));
#4376 = CARTESIAN_POINT('',(-1.224436225956,-3.212884962311,
    9.941062492414));
#4377 = CARTESIAN_POINT('',(-1.224436225962,-3.206655021953,
    9.944022012326));
#4378 = CARTESIAN_POINT('',(-1.224436225939,-3.201146698495,
    9.946076098798));
#4379 = CARTESIAN_POINT('',(-1.224436225975,-3.194971207142,
    9.947996367781));
#4380 = CARTESIAN_POINT('',(-1.224436225114,-3.190282678631,
    9.949216801938));
#4381 = CARTESIAN_POINT('',(-1.224436227147,-3.185488851363,
    9.950120065832));
#4382 = CARTESIAN_POINT('',(-1.224436225526,-3.183451847636,
    9.950439541522));
#4383 = CARTESIAN_POINT('',(-1.224436225228,-3.183145824242,
    9.950486094221));
#4384 = PLANE('',#4385);
#4385 = AXIS2_PLACEMENT_3D('',#4386,#4387,#4388);
#4386 = CARTESIAN_POINT('',(-1.224436225957,-3.940986363636,
    12.418327272727));
#4387 = DIRECTION('',(-1.,-0.,0.));
#4388 = DIRECTION('',(0.,1.,2.832769448824E-16));
#4389 = ADVANCED_FACE('',(#4390),#4466,.F.);
#4390 = FACE_BOUND('',#4391,.T.);
#4391 = EDGE_LOOP('',(#4392,#4404,#4405,#4417));
#4392 = ORIENTED_EDGE('',*,*,#4393,.F.);
#4393 = EDGE_CURVE('',#1852,#4394,#4396,.T.);
#4394 = VERTEX_POINT('',#4395);
#4395 = CARTESIAN_POINT('',(-1.224436224499,-3.183145824518,
    9.001614846461));
#4396 = B_SPLINE_CURVE_WITH_KNOTS('',3,(#4397,#4398,#4399,#4400,#4401,
    #4402,#4403),.UNSPECIFIED.,.F.,.F.,(4,1,1,1,4),(0.,0.464184510513,
    0.500099797772,0.964080195562,1.),.UNSPECIFIED.);
#4397 = CARTESIAN_POINT('',(-1.224436225957,-3.013695454545,
    8.97149511612));
#4398 = CARTESIAN_POINT('',(-1.224436225974,-3.039913987203,
    8.976156685328));
#4399 = CARTESIAN_POINT('',(-1.224436226011,-3.068161231048,
    8.981178325363));
#4400 = CARTESIAN_POINT('',(-1.224436225887,-3.122615798929,
    8.990857682965));
#4401 = CARTESIAN_POINT('',(-1.224436228871,-3.152880624151,
    8.99623657959));
#4402 = CARTESIAN_POINT('',(-1.224436225505,-3.181116933562,
    9.001254306211));
#4403 = CARTESIAN_POINT('',(-1.224436225228,-3.183145824518,
    9.001614846461));
#4404 = ORIENTED_EDGE('',*,*,#1851,.F.);
#4405 = ORIENTED_EDGE('',*,*,#4406,.F.);
#4406 = EDGE_CURVE('',#4407,#1844,#4409,.T.);
#4407 = VERTEX_POINT('',#4408);
#4408 = CARTESIAN_POINT('',(-1.224436224499,-3.183145824518,
    9.177743670007));
#4409 = B_SPLINE_CURVE_WITH_KNOTS('',3,(#4410,#4411,#4412,#4413,#4414,
    #4415,#4416),.UNSPECIFIED.,.F.,.F.,(4,1,1,1,4),(0.,0.466492242527,
    0.499917673675,0.966577181431,1.),.UNSPECIFIED.);
#4410 = CARTESIAN_POINT('',(-1.224436225228,-3.183145824518,
    9.177743670007));
#4411 = CARTESIAN_POINT('',(-1.224436225816,-3.156801390505,
    9.181751276989));
#4412 = CARTESIAN_POINT('',(-1.22443622596,-3.128567089386,
    9.186031332909));
#4413 = CARTESIAN_POINT('',(-1.224436225954,-3.073971917896,
    9.194274099782));
#4414 = CARTESIAN_POINT('',(-1.224436225957,-3.043835036886,
    9.198805679146));
#4415 = CARTESIAN_POINT('',(-1.224436225957,-3.015583638296,
    9.203035243259));
#4416 = CARTESIAN_POINT('',(-1.224436225957,-3.013695454545,
    9.203317843392));
#4417 = ORIENTED_EDGE('',*,*,#4418,.F.);
#4418 = EDGE_CURVE('',#4394,#4407,#4419,.T.);
#4419 = B_SPLINE_CURVE_WITH_KNOTS('',3,(#4420,#4421,#4422,#4423,#4424,
    #4425,#4426,#4427,#4428,#4429,#4430,#4431,#4432,#4433,#4434,#4435,
    #4436,#4437,#4438,#4439,#4440,#4441,#4442,#4443,#4444,#4445,#4446,
    #4447,#4448,#4449,#4450,#4451,#4452,#4453,#4454,#4455,#4456,#4457,
    #4458,#4459,#4460,#4461,#4462,#4463,#4464,#4465),.UNSPECIFIED.,.F.,
  .F.,(4,1,1,1,1,1,1,1,1,1,1,1,1,1,1,1,1,1,1,1,1,1,1,1,1,1,1,1,1,1,1,1,1
    ,1,1,1,1,1,1,1,1,1,1,4),(0.,2.182861931034E-02,6.537817402531E-02,
    8.687745306083E-02,0.10877700595,0.151970614161,0.173136648849,
    0.194902567546,0.237536798336,0.258359087376,0.279857242325,
    0.321863795278,0.342415645197,0.363573272078,0.405016379465,
    0.425428602225,0.446243684172,0.48731276182,0.494093358192,
    0.502170379781,0.528272689197,0.56243686377,0.569185049874,
    0.610075210935,0.630735564652,0.650889434199,0.691484137118,
    0.712667011518,0.713775484098,0.717933139962,0.723252433181,
    0.732955430202,0.747373069629,0.776187484922,0.794279774029,
    0.81793881414,0.859536741759,0.874637459756,0.900516401699,
    0.939936492846,0.943108415191,0.975938066939,0.996387480832,1.),
  .UNSPECIFIED.);
#4420 = CARTESIAN_POINT('',(-1.224436225228,-3.183145824242,
    9.001614846433));
#4421 = CARTESIAN_POINT('',(-1.224436225615,-3.184987245978,
    9.001941939744));
#4422 = CARTESIAN_POINT('',(-1.224436226287,-3.190477214963,
    9.003073786022));
#4423 = CARTESIAN_POINT('',(-1.224436225905,-3.197636529635,
    9.00517642431));
#4424 = CARTESIAN_POINT('',(-1.224436225966,-3.204595065078,
    9.007863624998));
#4425 = CARTESIAN_POINT('',(-1.224436225951,-3.211365303318,
    9.010920754592));
#4426 = CARTESIAN_POINT('',(-1.224436225958,-3.217836223871,
    9.014525217808));
#4427 = CARTESIAN_POINT('',(-1.224436225956,-3.223962253998,
    9.018651998668));
#4428 = CARTESIAN_POINT('',(-1.224436225957,-3.229806316949,
    9.023092993005));
#4429 = CARTESIAN_POINT('',(-1.224436225957,-3.235229864912,
    9.028008373669));
#4430 = CARTESIAN_POINT('',(-1.224436225957,-3.240182881926,
    9.033353090667));
#4431 = CARTESIAN_POINT('',(-1.224436225957,-3.244780161574,
    9.038939008184));
#4432 = CARTESIAN_POINT('',(-1.224436225957,-3.248853115802,
    9.044900995102));
#4433 = CARTESIAN_POINT('',(-1.224436225957,-3.252354728821,
    9.051170166683));
#4434 = CARTESIAN_POINT('',(-1.224436225957,-3.255449990596,
    9.057597622746));
#4435 = CARTESIAN_POINT('',(-1.224436225957,-3.25794122077,
    9.064280241794));
#4436 = CARTESIAN_POINT('',(-1.224436225957,-3.259794060184,
    9.071125608884));
#4437 = CARTESIAN_POINT('',(-1.224436225957,-3.261212435477,
    9.078042217217));
#4438 = CARTESIAN_POINT('',(-1.224436225957,-3.261850661552,
    9.083907205673));
#4439 = CARTESIAN_POINT('',(-1.224436225957,-3.262019136968,
    9.088700146881));
#4440 = CARTESIAN_POINT('',(-1.224436225957,-3.262062651963,
    9.092212436536));
#4441 = CARTESIAN_POINT('',(-1.224436225957,-3.261827976724,
    9.098073025763));
#4442 = CARTESIAN_POINT('',(-1.224436225957,-3.261066949503,
    9.103776989209));
#4443 = CARTESIAN_POINT('',(-1.224436225957,-3.259704757111,
    9.110658398456));
#4444 = CARTESIAN_POINT('',(-1.224436225957,-3.258147957987,
    9.116316376721));
#4445 = CARTESIAN_POINT('',(-1.224436225957,-3.255663887332,
    9.122871037711));
#4446 = CARTESIAN_POINT('',(-1.224436225957,-3.252790759819,
    9.12923610177));
#4447 = CARTESIAN_POINT('',(-1.224436225957,-3.249321609086,
    9.135360424098));
#4448 = CARTESIAN_POINT('',(-1.224436225957,-3.246244878294,
    9.139792442373));
#4449 = CARTESIAN_POINT('',(-1.224436225957,-3.244891476699,
    9.14161222621));
#4450 = CARTESIAN_POINT('',(-1.224436225957,-3.244344220218,
    9.142336340789));
#4451 = CARTESIAN_POINT('',(-1.224436225957,-3.243334575619,
    9.143634508684));
#4452 = CARTESIAN_POINT('',(-1.224436225957,-3.241741509668,
    9.145592812853));
#4453 = CARTESIAN_POINT('',(-1.224436225957,-3.238755294071,
    9.149012134207));
#4454 = CARTESIAN_POINT('',(-1.224436225957,-3.23505348043,9.15275327593
    ));
#4455 = CARTESIAN_POINT('',(-1.224436225957,-3.230519545399,
    9.156763619297));
#4456 = CARTESIAN_POINT('',(-1.224436225957,-3.224895745833,
    9.161179216022));
#4457 = CARTESIAN_POINT('',(-1.224436225957,-3.219105084792,
    9.164934038683));
#4458 = CARTESIAN_POINT('',(-1.224436225956,-3.212884962311,
    9.168320068171));
#4459 = CARTESIAN_POINT('',(-1.224436225962,-3.206655021954,
    9.171279588084));
#4460 = CARTESIAN_POINT('',(-1.224436225939,-3.201146698495,
    9.173333674556));
#4461 = CARTESIAN_POINT('',(-1.224436225975,-3.194971207142,
    9.175253943538));
#4462 = CARTESIAN_POINT('',(-1.224436225114,-3.190282678631,
    9.176474377695));
#4463 = CARTESIAN_POINT('',(-1.224436227147,-3.185488851363,
    9.17737764159));
#4464 = CARTESIAN_POINT('',(-1.224436225526,-3.183451847636,
    9.177697117279));
#4465 = CARTESIAN_POINT('',(-1.224436225228,-3.183145824242,
    9.177743669979));
#4466 = PLANE('',#4467);
#4467 = AXIS2_PLACEMENT_3D('',#4468,#4469,#4470);
#4468 = CARTESIAN_POINT('',(-1.224436225957,-3.940986363636,
    12.418327272727));
#4469 = DIRECTION('',(-1.,-0.,0.));
#4470 = DIRECTION('',(0.,1.,2.832769448824E-16));
#4471 = ADVANCED_FACE('',(#4472),#4548,.F.);
#4472 = FACE_BOUND('',#4473,.T.);
#4473 = EDGE_LOOP('',(#4474,#4486,#4487,#4499));
#4474 = ORIENTED_EDGE('',*,*,#4475,.F.);
#4475 = EDGE_CURVE('',#1868,#4476,#4478,.T.);
#4476 = VERTEX_POINT('',#4477);
#4477 = CARTESIAN_POINT('',(-1.224436224499,-3.183145824518,
    8.228872422218));
#4478 = B_SPLINE_CURVE_WITH_KNOTS('',3,(#4479,#4480,#4481,#4482,#4483,
    #4484,#4485),.UNSPECIFIED.,.F.,.F.,(4,1,1,1,4),(0.,0.464184510513,
    0.500099797772,0.964080195562,1.),.UNSPECIFIED.);
#4479 = CARTESIAN_POINT('',(-1.224436225957,-3.013695454545,
    8.198752691877));
#4480 = CARTESIAN_POINT('',(-1.224436225974,-3.039913987203,
    8.203414261085));
#4481 = CARTESIAN_POINT('',(-1.224436226011,-3.068161231048,
    8.208435901121));
#4482 = CARTESIAN_POINT('',(-1.224436225887,-3.122615798929,
    8.218115258723));
#4483 = CARTESIAN_POINT('',(-1.224436228871,-3.152880624151,
    8.223494155348));
#4484 = CARTESIAN_POINT('',(-1.224436225505,-3.181116933562,
    8.228511881968));
#4485 = CARTESIAN_POINT('',(-1.224436225228,-3.183145824518,
    8.228872422218));
#4486 = ORIENTED_EDGE('',*,*,#1867,.F.);
#4487 = ORIENTED_EDGE('',*,*,#4488,.F.);
#4488 = EDGE_CURVE('',#4489,#1860,#4491,.T.);
#4489 = VERTEX_POINT('',#4490);
#4490 = CARTESIAN_POINT('',(-1.224436224499,-3.183145824518,
    8.405001245764));
#4491 = B_SPLINE_CURVE_WITH_KNOTS('',3,(#4492,#4493,#4494,#4495,#4496,
    #4497,#4498),.UNSPECIFIED.,.F.,.F.,(4,1,1,1,4),(0.,0.466492242527,
    0.499917673675,0.966577181431,1.),.UNSPECIFIED.);
#4492 = CARTESIAN_POINT('',(-1.224436225228,-3.183145824518,
    8.405001245764));
#4493 = CARTESIAN_POINT('',(-1.224436225816,-3.156801390505,
    8.409008852746));
#4494 = CARTESIAN_POINT('',(-1.22443622596,-3.128567089386,
    8.413288908667));
#4495 = CARTESIAN_POINT('',(-1.224436225954,-3.073971917896,
    8.42153167554));
#4496 = CARTESIAN_POINT('',(-1.224436225957,-3.043835036886,
    8.426063254904));
#4497 = CARTESIAN_POINT('',(-1.224436225957,-3.015583638296,
    8.430292819017));
#4498 = CARTESIAN_POINT('',(-1.224436225957,-3.013695454545,
    8.43057541915));
#4499 = ORIENTED_EDGE('',*,*,#4500,.F.);
#4500 = EDGE_CURVE('',#4476,#4489,#4501,.T.);
#4501 = B_SPLINE_CURVE_WITH_KNOTS('',3,(#4502,#4503,#4504,#4505,#4506,
    #4507,#4508,#4509,#4510,#4511,#4512,#4513,#4514,#4515,#4516,#4517,
    #4518,#4519,#4520,#4521,#4522,#4523,#4524,#4525,#4526,#4527,#4528,
    #4529,#4530,#4531,#4532,#4533,#4534,#4535,#4536,#4537,#4538,#4539,
    #4540,#4541,#4542,#4543,#4544,#4545,#4546,#4547),.UNSPECIFIED.,.F.,
  .F.,(4,1,1,1,1,1,1,1,1,1,1,1,1,1,1,1,1,1,1,1,1,1,1,1,1,1,1,1,1,1,1,1,1
    ,1,1,1,1,1,1,1,1,1,1,4),(0.,2.182861931033E-02,6.537817402532E-02,
    8.687745306084E-02,0.10877700595,0.151970614161,0.173136648849,
    0.194902567546,0.237536798336,0.258359087376,0.279857242325,
    0.321863795278,0.342415645197,0.363573272078,0.405016379465,
    0.425428602225,0.446243684172,0.48731276182,0.494093358192,
    0.502170379781,0.528272689197,0.56243686377,0.569185049874,
    0.610075210935,0.630735564652,0.650889434199,0.691484137118,
    0.712667011518,0.713775484098,0.717933139962,0.72325243318,
    0.732955430202,0.747373069629,0.776187484922,0.794279774029,
    0.81793881414,0.859536741759,0.874637459756,0.900516401699,
    0.939936492846,0.943108415191,0.975938066939,0.996387480832,1.),
  .UNSPECIFIED.);
#4502 = CARTESIAN_POINT('',(-1.224436225228,-3.183145824242,
    8.22887242219));
#4503 = CARTESIAN_POINT('',(-1.224436225615,-3.184987245978,
    8.229199515501));
#4504 = CARTESIAN_POINT('',(-1.224436226287,-3.190477214963,
    8.23033136178));
#4505 = CARTESIAN_POINT('',(-1.224436225905,-3.197636529635,
    8.232434000068));
#4506 = CARTESIAN_POINT('',(-1.224436225966,-3.204595065078,
    8.235121200756));
#4507 = CARTESIAN_POINT('',(-1.224436225951,-3.211365303318,
    8.238178330349));
#4508 = CARTESIAN_POINT('',(-1.224436225958,-3.217836223871,
    8.241782793566));
#4509 = CARTESIAN_POINT('',(-1.224436225956,-3.223962253998,
    8.245909574426));
#4510 = CARTESIAN_POINT('',(-1.224436225957,-3.229806316949,
    8.250350568762));
#4511 = CARTESIAN_POINT('',(-1.224436225957,-3.235229864912,
    8.255265949426));
#4512 = CARTESIAN_POINT('',(-1.224436225957,-3.240182881926,
    8.260610666424));
#4513 = CARTESIAN_POINT('',(-1.224436225957,-3.244780161574,
    8.266196583942));
#4514 = CARTESIAN_POINT('',(-1.224436225957,-3.248853115802,
    8.272158570859));
#4515 = CARTESIAN_POINT('',(-1.224436225957,-3.252354728821,
    8.27842774244));
#4516 = CARTESIAN_POINT('',(-1.224436225957,-3.255449990596,
    8.284855198504));
#4517 = CARTESIAN_POINT('',(-1.224436225957,-3.25794122077,
    8.291537817551));
#4518 = CARTESIAN_POINT('',(-1.224436225957,-3.259794060184,
    8.298383184642));
#4519 = CARTESIAN_POINT('',(-1.224436225957,-3.261212435477,
    8.305299792975));
#4520 = CARTESIAN_POINT('',(-1.224436225957,-3.261850661552,
    8.311164781431));
#4521 = CARTESIAN_POINT('',(-1.224436225957,-3.262019136969,
    8.315957722639));
#4522 = CARTESIAN_POINT('',(-1.224436225957,-3.262062651963,
    8.319470012294));
#4523 = CARTESIAN_POINT('',(-1.224436225957,-3.261827976724,
    8.325330601521));
#4524 = CARTESIAN_POINT('',(-1.224436225957,-3.261066949503,
    8.331034564967));
#4525 = CARTESIAN_POINT('',(-1.224436225957,-3.259704757111,
    8.337915974213));
#4526 = CARTESIAN_POINT('',(-1.224436225957,-3.258147957987,
    8.343573952479));
#4527 = CARTESIAN_POINT('',(-1.224436225957,-3.255663887332,
    8.350128613468));
#4528 = CARTESIAN_POINT('',(-1.224436225957,-3.252790759819,
    8.356493677528));
#4529 = CARTESIAN_POINT('',(-1.224436225957,-3.249321609086,
    8.362617999855));
#4530 = CARTESIAN_POINT('',(-1.224436225957,-3.246244878294,
    8.367050018131));
#4531 = CARTESIAN_POINT('',(-1.224436225957,-3.244891476699,
    8.368869801968));
#4532 = CARTESIAN_POINT('',(-1.224436225957,-3.244344220218,
    8.369593916546));
#4533 = CARTESIAN_POINT('',(-1.224436225957,-3.243334575619,
    8.370892084442));
#4534 = CARTESIAN_POINT('',(-1.224436225957,-3.241741509668,
    8.372850388611));
#4535 = CARTESIAN_POINT('',(-1.224436225957,-3.238755294071,
    8.376269709965));
#4536 = CARTESIAN_POINT('',(-1.224436225957,-3.23505348043,
    8.380010851688));
#4537 = CARTESIAN_POINT('',(-1.224436225957,-3.230519545399,
    8.384021195055));
#4538 = CARTESIAN_POINT('',(-1.224436225957,-3.224895745833,
    8.388436791779));
#4539 = CARTESIAN_POINT('',(-1.224436225957,-3.219105084792,
    8.39219161444));
#4540 = CARTESIAN_POINT('',(-1.224436225956,-3.212884962311,
    8.395577643929));
#4541 = CARTESIAN_POINT('',(-1.224436225962,-3.206655021954,
    8.398537163841));
#4542 = CARTESIAN_POINT('',(-1.224436225939,-3.201146698495,
    8.400591250314));
#4543 = CARTESIAN_POINT('',(-1.224436225975,-3.194971207142,
    8.402511519296));
#4544 = CARTESIAN_POINT('',(-1.224436225114,-3.190282678631,
    8.403731953453));
#4545 = CARTESIAN_POINT('',(-1.224436227147,-3.185488851363,
    8.404635217347));
#4546 = CARTESIAN_POINT('',(-1.224436225526,-3.183451847636,
    8.404954693037));
#4547 = CARTESIAN_POINT('',(-1.224436225228,-3.183145824242,
    8.405001245736));
#4548 = PLANE('',#4549);
#4549 = AXIS2_PLACEMENT_3D('',#4550,#4551,#4552);
#4550 = CARTESIAN_POINT('',(-1.224436225957,-3.940986363636,
    12.418327272727));
#4551 = DIRECTION('',(-1.,-0.,0.));
#4552 = DIRECTION('',(0.,1.,2.832769448824E-16));
#4553 = ADVANCED_FACE('',(#4554),#4630,.F.);
#4554 = FACE_BOUND('',#4555,.T.);
#4555 = EDGE_LOOP('',(#4556,#4568,#4619,#4629));
#4556 = ORIENTED_EDGE('',*,*,#4557,.T.);
#4557 = EDGE_CURVE('',#1892,#4558,#4560,.T.);
#4558 = VERTEX_POINT('',#4559);
#4559 = CARTESIAN_POINT('',(1.184736224499,-3.183145824518,
    8.317857845145));
#4560 = B_SPLINE_CURVE_WITH_KNOTS('',3,(#4561,#4562,#4563,#4564,#4565,
    #4566,#4567),.UNSPECIFIED.,.F.,.F.,(4,1,1,1,4),(0.,0.464172964921,
    0.500094683239,0.96407401788,1.),.UNSPECIFIED.);
#4561 = CARTESIAN_POINT('',(1.184736225957,-3.013695454545,
    8.292283671759));
#4562 = CARTESIAN_POINT('',(1.184736225976,-3.039918408196,
    8.296208415686));
#4563 = CARTESIAN_POINT('',(1.184736226012,-3.068168179301,
    8.300453730333));
#4564 = CARTESIAN_POINT('',(1.184736225886,-3.122622649546,
    8.308670624212));
#4565 = CARTESIAN_POINT('',(1.18473622887,-3.152885406523,8.313255670244
    ));
#4566 = CARTESIAN_POINT('',(1.184736225505,-3.181116960049,
    8.317549206183));
#4567 = CARTESIAN_POINT('',(1.184736225228,-3.183145824518,
    8.317857845145));
#4568 = ORIENTED_EDGE('',*,*,#4569,.T.);
#4569 = EDGE_CURVE('',#4558,#4570,#4572,.T.);
#4570 = VERTEX_POINT('',#4571);
#4571 = CARTESIAN_POINT('',(1.184736224499,-3.183145824518,
    8.493986668691));
#4572 = B_SPLINE_CURVE_WITH_KNOTS('',3,(#4573,#4574,#4575,#4576,#4577,
    #4578,#4579,#4580,#4581,#4582,#4583,#4584,#4585,#4586,#4587,#4588,
    #4589,#4590,#4591,#4592,#4593,#4594,#4595,#4596,#4597,#4598,#4599,
    #4600,#4601,#4602,#4603,#4604,#4605,#4606,#4607,#4608,#4609,#4610,
    #4611,#4612,#4613,#4614,#4615,#4616,#4617,#4618),.UNSPECIFIED.,.F.,
  .F.,(4,1,1,1,1,1,1,1,1,1,1,1,1,1,1,1,1,1,1,1,1,1,1,1,1,1,1,1,1,1,1,1,1
    ,1,1,1,1,1,1,1,1,1,1,4),(0.,2.171735746286E-02,6.497689415926E-02,
    8.619592670532E-02,0.107994126237,0.150737280348,0.171616814457,
    0.193170943749,0.235284127777,0.255872448469,0.277091114186,
    0.318618953737,0.339042524497,0.359912572934,0.401025648383,
    0.4077951974,0.442016218383,0.47618180229,0.482958456206,
    0.497822250205,0.523895484201,0.544505594507,0.564809635036,
    0.605630181619,0.626503973478,0.646163671518,0.668407637481,
    0.672583275294,0.677655585991,0.686588524535,0.701615200362,
    0.708311561637,0.731651280355,0.773597981519,0.789202160231,
    0.815385806453,0.856539440311,0.861353018665,0.896113132787,
    0.920161383304,0.931373874444,0.946657970677,0.984171632277,1.),
  .UNSPECIFIED.);
#4573 = CARTESIAN_POINT('',(1.184736225228,-3.183145824242,
    8.317857845173));
#4574 = CARTESIAN_POINT('',(1.184736225615,-3.184984828465,
    8.318137433801));
#4575 = CARTESIAN_POINT('',(1.184736226286,-3.190466430906,
    8.319127288122));
#4576 = CARTESIAN_POINT('',(1.184736225905,-3.197618298662,
    8.321044555713));
#4577 = CARTESIAN_POINT('',(1.184736225966,-3.204581952675,
    8.323555965579));
#4578 = CARTESIAN_POINT('',(1.184736225951,-3.211350950501,
    8.326440144549));
#4579 = CARTESIAN_POINT('',(1.184736225958,-3.217827797442,
    8.329884237201));
#4580 = CARTESIAN_POINT('',(1.184736225956,-3.22395688487,8.333858770639
    ));
#4581 = CARTESIAN_POINT('',(1.184736225957,-3.229801586047,
    8.338153420024));
#4582 = CARTESIAN_POINT('',(1.184736225957,-3.235231156771,
    8.342938908391));
#4583 = CARTESIAN_POINT('',(1.184736225957,-3.2401848381,8.34816180995)
  );
#4584 = CARTESIAN_POINT('',(1.184736225957,-3.244783603823,
    8.353636130951));
#4585 = CARTESIAN_POINT('',(1.184736225957,-3.248860397394,
    8.359504075217));
#4586 = CARTESIAN_POINT('',(1.184736225957,-3.252360371396,
    8.365686620534));
#4587 = CARTESIAN_POINT('',(1.184736225957,-3.255456453944,
    8.372042624226));
#4588 = CARTESIAN_POINT('',(1.184736225957,-3.257535611071,
    8.377571689689));
#4589 = CARTESIAN_POINT('',(1.184736225956,-3.259525833554,
    8.384325201874));
#4590 = CARTESIAN_POINT('',(1.184736225961,-3.260959013859,8.3906177715)
  );
#4591 = CARTESIAN_POINT('',(1.184736225946,-3.261724677005,
    8.397026313551));
#4592 = CARTESIAN_POINT('',(1.184736225967,-3.261992610452,
    8.401804450085));
#4593 = CARTESIAN_POINT('',(1.184736225829,-3.262085906579,
    8.405895942597));
#4594 = CARTESIAN_POINT('',(1.184736226739,-3.261874755149,
    8.411173767667));
#4595 = CARTESIAN_POINT('',(1.18473622376,-3.261236447623,8.416885196528
    ));
#4596 = CARTESIAN_POINT('',(1.184736227241,-3.260026233793,
    8.423791512062));
#4597 = CARTESIAN_POINT('',(1.184736225745,-3.258175280084,
    8.430588716433));
#4598 = CARTESIAN_POINT('',(1.184736225994,-3.255731242073,
    8.437126487476));
#4599 = CARTESIAN_POINT('',(1.184736225945,-3.253547690071,
    8.442048767996));
#4600 = CARTESIAN_POINT('',(1.184736225957,-3.251726571425,
    8.445557391435));
#4601 = CARTESIAN_POINT('',(1.184736225957,-3.250391945552,
    8.447904955261));
#4602 = CARTESIAN_POINT('',(1.184736225957,-3.249603418744,
    8.449249883828));
#4603 = CARTESIAN_POINT('',(1.184736225957,-3.248301174525,8.45137187167
    ));
#4604 = CARTESIAN_POINT('',(1.184736225957,-3.246849831862,
    8.453564423304));
#4605 = CARTESIAN_POINT('',(1.184736225957,-3.244618587209,
    8.456719274684));
#4606 = CARTESIAN_POINT('',(1.184736225957,-3.240842173495,
    8.461604756848));
#4607 = CARTESIAN_POINT('',(1.184736225957,-3.236110322412,8.46669192208
    ));
#4608 = CARTESIAN_POINT('',(1.184736225957,-3.23082141082,8.471550363743
    ));
#4609 = CARTESIAN_POINT('',(1.184736225957,-3.225317367071,8.47606029524
    ));
#4610 = CARTESIAN_POINT('',(1.184736225957,-3.220191764016,
    8.479540812687));
#4611 = CARTESIAN_POINT('',(1.184736225957,-3.214242025348,
    8.483077541273));
#4612 = CARTESIAN_POINT('',(1.184736225958,-3.209410647552,
    8.485621112444));
#4613 = CARTESIAN_POINT('',(1.184736225953,-3.203899001894,
    8.488008716012));
#4614 = CARTESIAN_POINT('',(1.184736225963,-3.199848105674,
    8.489550609765));
#4615 = CARTESIAN_POINT('',(1.1847362259,-3.194654549948,8.49132912923)
  );
#4616 = CARTESIAN_POINT('',(1.184736226369,-3.18896640319,8.492859974675
    ));
#4617 = CARTESIAN_POINT('',(1.184736225601,-3.184481223159,
    8.493749406386));
#4618 = CARTESIAN_POINT('',(1.184736225228,-3.183145824242,
    8.493986668719));
#4619 = ORIENTED_EDGE('',*,*,#4620,.T.);
#4620 = EDGE_CURVE('',#4570,#1900,#4621,.T.);
#4621 = B_SPLINE_CURVE_WITH_KNOTS('',3,(#4622,#4623,#4624,#4625,#4626,
    #4627,#4628),.UNSPECIFIED.,.F.,.F.,(4,1,1,1,4),(0.,0.466445224888,
    0.499912895394,0.966535094384,1.),.UNSPECIFIED.);
#4622 = CARTESIAN_POINT('',(1.184736225228,-3.183145824518,
    8.493986668691));
#4623 = CARTESIAN_POINT('',(1.184736225816,-3.156799174161,
    8.498668550471));
#4624 = CARTESIAN_POINT('',(1.18473622596,-3.128562244034,8.503686943515
    ));
#4625 = CARTESIAN_POINT('',(1.184736225954,-3.073968985344,
    8.513390776238));
#4626 = CARTESIAN_POINT('',(1.184736225957,-3.043832058651,
    8.518748255157));
#4627 = CARTESIAN_POINT('',(1.184736225957,-3.015585651258,
    8.523770328276));
#4628 = CARTESIAN_POINT('',(1.184736225957,-3.013695454545,
    8.524106399032));
#4629 = ORIENTED_EDGE('',*,*,#1899,.T.);
#4630 = PLANE('',#4631);
#4631 = AXIS2_PLACEMENT_3D('',#4632,#4633,#4634);
#4632 = CARTESIAN_POINT('',(1.184736225957,-3.013695454545,
    12.418327272727));
#4633 = DIRECTION('',(1.,0.,0.));
#4634 = DIRECTION('',(0.,-1.,-2.832769448824E-16));
#4635 = ADVANCED_FACE('',(#4636),#4712,.F.);
#4636 = FACE_BOUND('',#4637,.T.);
#4637 = EDGE_LOOP('',(#4638,#4650,#4701,#4711));
#4638 = ORIENTED_EDGE('',*,*,#4639,.T.);
#4639 = EDGE_CURVE('',#1908,#4640,#4642,.T.);
#4640 = VERTEX_POINT('',#4641);
#4641 = CARTESIAN_POINT('',(1.184736224499,-3.183145824518,
    9.090600269387));
#4642 = B_SPLINE_CURVE_WITH_KNOTS('',3,(#4643,#4644,#4645,#4646,#4647,
    #4648,#4649),.UNSPECIFIED.,.F.,.F.,(4,1,1,1,4),(0.,0.464172964921,
    0.500094683239,0.96407401788,1.),.UNSPECIFIED.);
#4643 = CARTESIAN_POINT('',(1.184736225957,-3.013695454545,
    9.065026096002));
#4644 = CARTESIAN_POINT('',(1.184736225976,-3.039918408196,
    9.068950839928));
#4645 = CARTESIAN_POINT('',(1.184736226012,-3.068168179301,
    9.073196154575));
#4646 = CARTESIAN_POINT('',(1.184736225886,-3.122622649546,
    9.081413048454));
#4647 = CARTESIAN_POINT('',(1.18473622887,-3.152885406523,9.085998094487
    ));
#4648 = CARTESIAN_POINT('',(1.184736225505,-3.181116960049,
    9.090291630426));
#4649 = CARTESIAN_POINT('',(1.184736225228,-3.183145824518,
    9.090600269387));
#4650 = ORIENTED_EDGE('',*,*,#4651,.T.);
#4651 = EDGE_CURVE('',#4640,#4652,#4654,.T.);
#4652 = VERTEX_POINT('',#4653);
#4653 = CARTESIAN_POINT('',(1.184736224499,-3.183145824518,
    9.266729092933));
#4654 = B_SPLINE_CURVE_WITH_KNOTS('',3,(#4655,#4656,#4657,#4658,#4659,
    #4660,#4661,#4662,#4663,#4664,#4665,#4666,#4667,#4668,#4669,#4670,
    #4671,#4672,#4673,#4674,#4675,#4676,#4677,#4678,#4679,#4680,#4681,
    #4682,#4683,#4684,#4685,#4686,#4687,#4688,#4689,#4690,#4691,#4692,
    #4693,#4694,#4695,#4696,#4697,#4698,#4699,#4700),.UNSPECIFIED.,.F.,
  .F.,(4,1,1,1,1,1,1,1,1,1,1,1,1,1,1,1,1,1,1,1,1,1,1,1,1,1,1,1,1,1,1,1,1
    ,1,1,1,1,1,1,1,1,1,1,4),(0.,2.171735746286E-02,6.497689415925E-02,
    8.619592670532E-02,0.107994126237,0.150737280347,0.171616814457,
    0.193170943749,0.235284127777,0.255872448469,0.277091114186,
    0.318618953737,0.339042524497,0.359912572934,0.401025648383,
    0.4077951974,0.442016218383,0.47618180229,0.482958456206,
    0.497822250205,0.523895484201,0.544505594507,0.564809635036,
    0.605630181619,0.626503973478,0.646163671518,0.668407637481,
    0.672583275294,0.677655585991,0.686588524535,0.701615200362,
    0.708311561637,0.731651280355,0.773597981519,0.789202160231,
    0.815385806453,0.856539440311,0.861353018665,0.896113132787,
    0.920161383304,0.931373874444,0.946657970677,0.984171632277,1.),
  .UNSPECIFIED.);
#4655 = CARTESIAN_POINT('',(1.184736225228,-3.183145824242,
    9.090600269415));
#4656 = CARTESIAN_POINT('',(1.184736225615,-3.184984828465,
    9.090879858043));
#4657 = CARTESIAN_POINT('',(1.184736226286,-3.190466430906,
    9.091869712365));
#4658 = CARTESIAN_POINT('',(1.184736225905,-3.197618298662,
    9.093786979955));
#4659 = CARTESIAN_POINT('',(1.184736225966,-3.204581952675,
    9.096298389822));
#4660 = CARTESIAN_POINT('',(1.184736225951,-3.211350950501,
    9.099182568792));
#4661 = CARTESIAN_POINT('',(1.184736225958,-3.217827797442,
    9.102626661443));
#4662 = CARTESIAN_POINT('',(1.184736225956,-3.22395688487,9.106601194882
    ));
#4663 = CARTESIAN_POINT('',(1.184736225957,-3.229801586047,
    9.110895844266));
#4664 = CARTESIAN_POINT('',(1.184736225957,-3.235231156771,
    9.115681332633));
#4665 = CARTESIAN_POINT('',(1.184736225957,-3.2401848381,9.120904234193)
  );
#4666 = CARTESIAN_POINT('',(1.184736225957,-3.244783603823,
    9.126378555193));
#4667 = CARTESIAN_POINT('',(1.184736225957,-3.248860397394,
    9.132246499459));
#4668 = CARTESIAN_POINT('',(1.184736225957,-3.252360371396,
    9.138429044776));
#4669 = CARTESIAN_POINT('',(1.184736225957,-3.255456453944,
    9.144785048468));
#4670 = CARTESIAN_POINT('',(1.184736225957,-3.257535611071,
    9.150314113932));
#4671 = CARTESIAN_POINT('',(1.184736225956,-3.259525833554,
    9.157067626117));
#4672 = CARTESIAN_POINT('',(1.184736225961,-3.260959013859,
    9.163360195742));
#4673 = CARTESIAN_POINT('',(1.184736225946,-3.261724677005,
    9.169768737793));
#4674 = CARTESIAN_POINT('',(1.184736225967,-3.261992610452,
    9.174546874327));
#4675 = CARTESIAN_POINT('',(1.184736225829,-3.262085906579,9.17863836684
    ));
#4676 = CARTESIAN_POINT('',(1.184736226739,-3.261874755149,
    9.183916191909));
#4677 = CARTESIAN_POINT('',(1.18473622376,-3.261236447623,9.189627620771
    ));
#4678 = CARTESIAN_POINT('',(1.184736227241,-3.260026233793,
    9.196533936304));
#4679 = CARTESIAN_POINT('',(1.184736225745,-3.258175280084,
    9.203331140675));
#4680 = CARTESIAN_POINT('',(1.184736225994,-3.255731242073,
    9.209868911719));
#4681 = CARTESIAN_POINT('',(1.184736225945,-3.253547690071,
    9.214791192238));
#4682 = CARTESIAN_POINT('',(1.184736225957,-3.251726571425,
    9.218299815677));
#4683 = CARTESIAN_POINT('',(1.184736225957,-3.250391945552,
    9.220647379504));
#4684 = CARTESIAN_POINT('',(1.184736225957,-3.249603418744,9.22199230807
    ));
#4685 = CARTESIAN_POINT('',(1.184736225957,-3.248301174525,
    9.224114295912));
#4686 = CARTESIAN_POINT('',(1.184736225957,-3.246849831862,
    9.226306847546));
#4687 = CARTESIAN_POINT('',(1.184736225957,-3.244618587209,
    9.229461698927));
#4688 = CARTESIAN_POINT('',(1.184736225957,-3.240842173495,
    9.234347181091));
#4689 = CARTESIAN_POINT('',(1.184736225957,-3.236110322412,
    9.239434346322));
#4690 = CARTESIAN_POINT('',(1.184736225957,-3.23082141082,9.244292787986
    ));
#4691 = CARTESIAN_POINT('',(1.184736225957,-3.225317367071,
    9.248802719482));
#4692 = CARTESIAN_POINT('',(1.184736225957,-3.220191764016,9.25228323693
    ));
#4693 = CARTESIAN_POINT('',(1.184736225957,-3.214242025348,
    9.255819965516));
#4694 = CARTESIAN_POINT('',(1.184736225958,-3.209410647552,
    9.258363536687));
#4695 = CARTESIAN_POINT('',(1.184736225953,-3.203899001894,
    9.260751140254));
#4696 = CARTESIAN_POINT('',(1.184736225963,-3.199848105674,
    9.262293034007));
#4697 = CARTESIAN_POINT('',(1.1847362259,-3.194654549948,9.264071553473)
  );
#4698 = CARTESIAN_POINT('',(1.184736226369,-3.18896640319,9.265602398917
    ));
#4699 = CARTESIAN_POINT('',(1.184736225601,-3.184481223159,
    9.266491830629));
#4700 = CARTESIAN_POINT('',(1.184736225228,-3.183145824242,
    9.266729092961));
#4701 = ORIENTED_EDGE('',*,*,#4702,.T.);
#4702 = EDGE_CURVE('',#4652,#1916,#4703,.T.);
#4703 = B_SPLINE_CURVE_WITH_KNOTS('',3,(#4704,#4705,#4706,#4707,#4708,
    #4709,#4710),.UNSPECIFIED.,.F.,.F.,(4,1,1,1,4),(0.,0.466445224888,
    0.499912895394,0.966535094384,1.),.UNSPECIFIED.);
#4704 = CARTESIAN_POINT('',(1.184736225228,-3.183145824518,
    9.266729092933));
#4705 = CARTESIAN_POINT('',(1.184736225816,-3.156799174161,
    9.271410974713));
#4706 = CARTESIAN_POINT('',(1.18473622596,-3.128562244034,9.276429367757
    ));
#4707 = CARTESIAN_POINT('',(1.184736225954,-3.073968985344,
    9.286133200481));
#4708 = CARTESIAN_POINT('',(1.184736225957,-3.043832058651,
    9.291490679399));
#4709 = CARTESIAN_POINT('',(1.184736225957,-3.015585651258,
    9.296512752518));
#4710 = CARTESIAN_POINT('',(1.184736225957,-3.013695454545,
    9.296848823274));
#4711 = ORIENTED_EDGE('',*,*,#1915,.T.);
#4712 = PLANE('',#4713);
#4713 = AXIS2_PLACEMENT_3D('',#4714,#4715,#4716);
#4714 = CARTESIAN_POINT('',(1.184736225957,-3.013695454545,
    12.418327272727));
#4715 = DIRECTION('',(1.,0.,0.));
#4716 = DIRECTION('',(0.,-1.,-2.832769448824E-16));
#4717 = ADVANCED_FACE('',(#4718),#4794,.F.);
#4718 = FACE_BOUND('',#4719,.T.);
#4719 = EDGE_LOOP('',(#4720,#4732,#4783,#4793));
#4720 = ORIENTED_EDGE('',*,*,#4721,.T.);
#4721 = EDGE_CURVE('',#1924,#4722,#4724,.T.);
#4722 = VERTEX_POINT('',#4723);
#4723 = CARTESIAN_POINT('',(1.184736224499,-3.183145824518,9.86334269363
    ));
#4724 = B_SPLINE_CURVE_WITH_KNOTS('',3,(#4725,#4726,#4727,#4728,#4729,
    #4730,#4731),.UNSPECIFIED.,.F.,.F.,(4,1,1,1,4),(0.,0.464172964921,
    0.500094683239,0.96407401788,1.),.UNSPECIFIED.);
#4725 = CARTESIAN_POINT('',(1.184736225957,-3.013695454545,
    9.837768520244));
#4726 = CARTESIAN_POINT('',(1.184736225976,-3.039918408196,
    9.841693264171));
#4727 = CARTESIAN_POINT('',(1.184736226012,-3.068168179301,
    9.845938578818));
#4728 = CARTESIAN_POINT('',(1.184736225886,-3.122622649546,
    9.854155472697));
#4729 = CARTESIAN_POINT('',(1.18473622887,-3.152885406523,9.858740518729
    ));
#4730 = CARTESIAN_POINT('',(1.184736225505,-3.181116960049,
    9.863034054668));
#4731 = CARTESIAN_POINT('',(1.184736225228,-3.183145824518,9.86334269363
    ));
#4732 = ORIENTED_EDGE('',*,*,#4733,.T.);
#4733 = EDGE_CURVE('',#4722,#4734,#4736,.T.);
#4734 = VERTEX_POINT('',#4735);
#4735 = CARTESIAN_POINT('',(1.184736224499,-3.183145824518,
    10.039471517176));
#4736 = B_SPLINE_CURVE_WITH_KNOTS('',3,(#4737,#4738,#4739,#4740,#4741,
    #4742,#4743,#4744,#4745,#4746,#4747,#4748,#4749,#4750,#4751,#4752,
    #4753,#4754,#4755,#4756,#4757,#4758,#4759,#4760,#4761,#4762,#4763,
    #4764,#4765,#4766,#4767,#4768,#4769,#4770,#4771,#4772,#4773,#4774,
    #4775,#4776,#4777,#4778,#4779,#4780,#4781,#4782),.UNSPECIFIED.,.F.,
  .F.,(4,1,1,1,1,1,1,1,1,1,1,1,1,1,1,1,1,1,1,1,1,1,1,1,1,1,1,1,1,1,1,1,1
    ,1,1,1,1,1,1,1,1,1,1,4),(0.,2.171735746286E-02,6.497689415923E-02,
    8.619592670532E-02,0.107994126237,0.150737280347,0.171616814457,
    0.193170943749,0.235284127777,0.255872448469,0.277091114186,
    0.318618953737,0.339042524497,0.359912572934,0.401025648383,
    0.4077951974,0.442016218383,0.47618180229,0.482958456206,
    0.497822250205,0.523895484201,0.544505594507,0.564809635036,
    0.605630181619,0.626503973478,0.646163671518,0.668407637481,
    0.672583275294,0.677655585991,0.686588524536,0.701615200362,
    0.708311561637,0.731651280355,0.773597981519,0.789202160231,
    0.815385806453,0.856539440311,0.861353018665,0.896113132787,
    0.920161383304,0.931373874444,0.946657970677,0.984171632277,1.),
  .UNSPECIFIED.);
#4737 = CARTESIAN_POINT('',(1.184736225228,-3.183145824242,
    9.863342693658));
#4738 = CARTESIAN_POINT('',(1.184736225615,-3.184984828465,
    9.863622282286));
#4739 = CARTESIAN_POINT('',(1.184736226286,-3.190466430906,
    9.864612136607));
#4740 = CARTESIAN_POINT('',(1.184736225905,-3.197618298662,
    9.866529404198));
#4741 = CARTESIAN_POINT('',(1.184736225966,-3.204581952675,
    9.869040814064));
#4742 = CARTESIAN_POINT('',(1.184736225951,-3.211350950501,
    9.871924993034));
#4743 = CARTESIAN_POINT('',(1.184736225958,-3.217827797442,
    9.875369085686));
#4744 = CARTESIAN_POINT('',(1.184736225956,-3.22395688487,9.879343619124
    ));
#4745 = CARTESIAN_POINT('',(1.184736225957,-3.229801586047,
    9.883638268508));
#4746 = CARTESIAN_POINT('',(1.184736225957,-3.235231156771,
    9.888423756876));
#4747 = CARTESIAN_POINT('',(1.184736225957,-3.2401848381,9.893646658435)
  );
#4748 = CARTESIAN_POINT('',(1.184736225957,-3.244783603823,
    9.899120979436));
#4749 = CARTESIAN_POINT('',(1.184736225957,-3.248860397394,
    9.904988923702));
#4750 = CARTESIAN_POINT('',(1.184736225957,-3.252360371396,
    9.911171469018));
#4751 = CARTESIAN_POINT('',(1.184736225957,-3.255456453944,9.91752747271
    ));
#4752 = CARTESIAN_POINT('',(1.184736225957,-3.257535611071,
    9.923056538174));
#4753 = CARTESIAN_POINT('',(1.184736225956,-3.259525833554,
    9.929810050359));
#4754 = CARTESIAN_POINT('',(1.184736225961,-3.260959013859,
    9.936102619985));
#4755 = CARTESIAN_POINT('',(1.184736225946,-3.261724677005,
    9.942511162036));
#4756 = CARTESIAN_POINT('',(1.184736225967,-3.261992610452,9.94728929857
    ));
#4757 = CARTESIAN_POINT('',(1.184736225829,-3.262085906579,
    9.951380791082));
#4758 = CARTESIAN_POINT('',(1.184736226739,-3.261874755149,
    9.956658616152));
#4759 = CARTESIAN_POINT('',(1.18473622376,-3.261236447623,9.962370045013
    ));
#4760 = CARTESIAN_POINT('',(1.184736227241,-3.260026233793,
    9.969276360547));
#4761 = CARTESIAN_POINT('',(1.184736225745,-3.258175280084,
    9.976073564918));
#4762 = CARTESIAN_POINT('',(1.184736225994,-3.255731242073,
    9.982611335961));
#4763 = CARTESIAN_POINT('',(1.184736225945,-3.253547690071,
    9.987533616481));
#4764 = CARTESIAN_POINT('',(1.184736225957,-3.251726571425,9.99104223992
    ));
#4765 = CARTESIAN_POINT('',(1.184736225957,-3.250391945552,
    9.993389803746));
#4766 = CARTESIAN_POINT('',(1.184736225957,-3.249603418744,
    9.994734732312));
#4767 = CARTESIAN_POINT('',(1.184736225957,-3.248301174525,
    9.996856720155));
#4768 = CARTESIAN_POINT('',(1.184736225957,-3.246849831862,
    9.999049271789));
#4769 = CARTESIAN_POINT('',(1.184736225957,-3.244618587209,
    10.002204123169));
#4770 = CARTESIAN_POINT('',(1.184736225957,-3.240842173495,
    10.007089605333));
#4771 = CARTESIAN_POINT('',(1.184736225957,-3.236110322412,
    10.012176770565));
#4772 = CARTESIAN_POINT('',(1.184736225957,-3.23082141082,
    10.017035212228));
#4773 = CARTESIAN_POINT('',(1.184736225957,-3.225317367071,
    10.021545143725));
#4774 = CARTESIAN_POINT('',(1.184736225957,-3.220191764016,
    10.025025661172));
#4775 = CARTESIAN_POINT('',(1.184736225957,-3.214242025348,
    10.028562389758));
#4776 = CARTESIAN_POINT('',(1.184736225958,-3.209410647552,
    10.031105960929));
#4777 = CARTESIAN_POINT('',(1.184736225953,-3.203899001894,
    10.033493564497));
#4778 = CARTESIAN_POINT('',(1.184736225963,-3.199848105674,
    10.035035458249));
#4779 = CARTESIAN_POINT('',(1.1847362259,-3.194654549948,10.036813977715
    ));
#4780 = CARTESIAN_POINT('',(1.184736226369,-3.18896640319,10.03834482316
    ));
#4781 = CARTESIAN_POINT('',(1.184736225601,-3.184481223159,
    10.039234254871));
#4782 = CARTESIAN_POINT('',(1.184736225228,-3.183145824242,
    10.039471517204));
#4783 = ORIENTED_EDGE('',*,*,#4784,.T.);
#4784 = EDGE_CURVE('',#4734,#1932,#4785,.T.);
#4785 = B_SPLINE_CURVE_WITH_KNOTS('',3,(#4786,#4787,#4788,#4789,#4790,
    #4791,#4792),.UNSPECIFIED.,.F.,.F.,(4,1,1,1,4),(0.,0.466445224888,
    0.499912895394,0.966535094384,1.),.UNSPECIFIED.);
#4786 = CARTESIAN_POINT('',(1.184736225228,-3.183145824518,
    10.039471517176));
#4787 = CARTESIAN_POINT('',(1.184736225816,-3.156799174161,
    10.044153398956));
#4788 = CARTESIAN_POINT('',(1.18473622596,-3.128562244034,10.049171792)
  );
#4789 = CARTESIAN_POINT('',(1.184736225954,-3.073968985344,
    10.058875624723));
#4790 = CARTESIAN_POINT('',(1.184736225957,-3.043832058651,
    10.064233103642));
#4791 = CARTESIAN_POINT('',(1.184736225957,-3.015585651258,
    10.069255176761));
#4792 = CARTESIAN_POINT('',(1.184736225957,-3.013695454545,
    10.069591247517));
#4793 = ORIENTED_EDGE('',*,*,#1931,.T.);
#4794 = PLANE('',#4795);
#4795 = AXIS2_PLACEMENT_3D('',#4796,#4797,#4798);
#4796 = CARTESIAN_POINT('',(1.184736225957,-3.013695454545,
    12.418327272727));
#4797 = DIRECTION('',(1.,0.,0.));
#4798 = DIRECTION('',(0.,-1.,-2.832769448824E-16));
#4799 = ADVANCED_FACE('',(#4800),#4876,.F.);
#4800 = FACE_BOUND('',#4801,.T.);
#4801 = EDGE_LOOP('',(#4802,#4814,#4865,#4875));
#4802 = ORIENTED_EDGE('',*,*,#4803,.T.);
#4803 = EDGE_CURVE('',#1940,#4804,#4806,.T.);
#4804 = VERTEX_POINT('',#4805);
#4805 = CARTESIAN_POINT('',(1.184736224499,-3.183145824518,
    10.636085117872));
#4806 = B_SPLINE_CURVE_WITH_KNOTS('',3,(#4807,#4808,#4809,#4810,#4811,
    #4812,#4813),.UNSPECIFIED.,.F.,.F.,(4,1,1,1,4),(0.,0.464172964921,
    0.500094683239,0.96407401788,1.),.UNSPECIFIED.);
#4807 = CARTESIAN_POINT('',(1.184736225957,-3.013695454545,
    10.610510944487));
#4808 = CARTESIAN_POINT('',(1.184736225976,-3.039918408196,
    10.614435688413));
#4809 = CARTESIAN_POINT('',(1.184736226012,-3.068168179301,
    10.61868100306));
#4810 = CARTESIAN_POINT('',(1.184736225886,-3.122622649546,
    10.626897896939));
#4811 = CARTESIAN_POINT('',(1.18473622887,-3.152885406523,
    10.631482942972));
#4812 = CARTESIAN_POINT('',(1.184736225505,-3.181116960049,
    10.63577647891));
#4813 = CARTESIAN_POINT('',(1.184736225228,-3.183145824518,
    10.636085117872));
#4814 = ORIENTED_EDGE('',*,*,#4815,.T.);
#4815 = EDGE_CURVE('',#4804,#4816,#4818,.T.);
#4816 = VERTEX_POINT('',#4817);
#4817 = CARTESIAN_POINT('',(1.184736224499,-3.183145824518,
    10.812213941418));
#4818 = B_SPLINE_CURVE_WITH_KNOTS('',3,(#4819,#4820,#4821,#4822,#4823,
    #4824,#4825,#4826,#4827,#4828,#4829,#4830,#4831,#4832,#4833,#4834,
    #4835,#4836,#4837,#4838,#4839,#4840,#4841,#4842,#4843,#4844,#4845,
    #4846,#4847,#4848,#4849,#4850,#4851,#4852,#4853,#4854,#4855,#4856,
    #4857,#4858,#4859,#4860,#4861,#4862,#4863,#4864),.UNSPECIFIED.,.F.,
  .F.,(4,1,1,1,1,1,1,1,1,1,1,1,1,1,1,1,1,1,1,1,1,1,1,1,1,1,1,1,1,1,1,1,1
    ,1,1,1,1,1,1,1,1,1,1,4),(0.,2.171735746286E-02,6.497689415924E-02,
    8.619592670532E-02,0.107994126237,0.150737280348,0.171616814457,
    0.193170943749,0.235284127777,0.255872448469,0.277091114186,
    0.318618953737,0.339042524497,0.359912572934,0.401025648383,
    0.4077951974,0.442016218383,0.47618180229,0.482958456206,
    0.497822250205,0.523895484201,0.544505594507,0.564809635036,
    0.605630181619,0.626503973478,0.646163671518,0.668407637481,
    0.672583275294,0.677655585991,0.686588524535,0.701615200362,
    0.708311561637,0.731651280355,0.773597981519,0.789202160231,
    0.815385806453,0.856539440311,0.861353018665,0.896113132787,
    0.920161383304,0.931373874444,0.946657970677,0.984171632277,1.),
  .UNSPECIFIED.);
#4819 = CARTESIAN_POINT('',(1.184736225228,-3.183145824242,10.6360851179
    ));
#4820 = CARTESIAN_POINT('',(1.184736225615,-3.184984828465,
    10.636364706528));
#4821 = CARTESIAN_POINT('',(1.184736226286,-3.190466430906,
    10.637354560849));
#4822 = CARTESIAN_POINT('',(1.184736225905,-3.197618298662,
    10.63927182844));
#4823 = CARTESIAN_POINT('',(1.184736225966,-3.204581952675,
    10.641783238307));
#4824 = CARTESIAN_POINT('',(1.184736225951,-3.211350950501,
    10.644667417277));
#4825 = CARTESIAN_POINT('',(1.184736225958,-3.217827797442,
    10.648111509928));
#4826 = CARTESIAN_POINT('',(1.184736225956,-3.22395688487,
    10.652086043366));
#4827 = CARTESIAN_POINT('',(1.184736225957,-3.229801586047,
    10.656380692751));
#4828 = CARTESIAN_POINT('',(1.184736225957,-3.235231156771,
    10.661166181118));
#4829 = CARTESIAN_POINT('',(1.184736225957,-3.2401848381,10.666389082678
    ));
#4830 = CARTESIAN_POINT('',(1.184736225957,-3.244783603823,
    10.671863403678));
#4831 = CARTESIAN_POINT('',(1.184736225957,-3.248860397394,
    10.677731347944));
#4832 = CARTESIAN_POINT('',(1.184736225957,-3.252360371396,
    10.683913893261));
#4833 = CARTESIAN_POINT('',(1.184736225957,-3.255456453944,
    10.690269896953));
#4834 = CARTESIAN_POINT('',(1.184736225957,-3.257535611071,
    10.695798962417));
#4835 = CARTESIAN_POINT('',(1.184736225956,-3.259525833554,
    10.702552474601));
#4836 = CARTESIAN_POINT('',(1.184736225961,-3.260959013859,
    10.708845044227));
#4837 = CARTESIAN_POINT('',(1.184736225946,-3.261724677005,
    10.715253586278));
#4838 = CARTESIAN_POINT('',(1.184736225967,-3.261992610452,
    10.720031722812));
#4839 = CARTESIAN_POINT('',(1.184736225829,-3.262085906579,
    10.724123215325));
#4840 = CARTESIAN_POINT('',(1.184736226739,-3.261874755149,
    10.729401040394));
#4841 = CARTESIAN_POINT('',(1.18473622376,-3.261236447623,
    10.735112469256));
#4842 = CARTESIAN_POINT('',(1.184736227241,-3.260026233793,
    10.742018784789));
#4843 = CARTESIAN_POINT('',(1.184736225745,-3.258175280084,
    10.74881598916));
#4844 = CARTESIAN_POINT('',(1.184736225994,-3.255731242073,
    10.755353760204));
#4845 = CARTESIAN_POINT('',(1.184736225945,-3.25354769007,
    10.760276040723));
#4846 = CARTESIAN_POINT('',(1.184736225957,-3.251726571425,
    10.763784664162));
#4847 = CARTESIAN_POINT('',(1.184736225957,-3.250391945552,
    10.766132227988));
#4848 = CARTESIAN_POINT('',(1.184736225957,-3.249603418744,
    10.767477156555));
#4849 = CARTESIAN_POINT('',(1.184736225957,-3.248301174525,
    10.769599144397));
#4850 = CARTESIAN_POINT('',(1.184736225957,-3.246849831862,
    10.771791696031));
#4851 = CARTESIAN_POINT('',(1.184736225957,-3.244618587209,
    10.774946547411));
#4852 = CARTESIAN_POINT('',(1.184736225957,-3.240842173495,
    10.779832029576));
#4853 = CARTESIAN_POINT('',(1.184736225957,-3.236110322412,
    10.784919194807));
#4854 = CARTESIAN_POINT('',(1.184736225957,-3.23082141082,
    10.789777636471));
#4855 = CARTESIAN_POINT('',(1.184736225957,-3.225317367071,
    10.794287567967));
#4856 = CARTESIAN_POINT('',(1.184736225957,-3.220191764016,
    10.797768085415));
#4857 = CARTESIAN_POINT('',(1.184736225957,-3.214242025348,
    10.801304814001));
#4858 = CARTESIAN_POINT('',(1.184736225958,-3.209410647552,
    10.803848385171));
#4859 = CARTESIAN_POINT('',(1.184736225953,-3.203899001894,
    10.806235988739));
#4860 = CARTESIAN_POINT('',(1.184736225963,-3.199848105674,
    10.807777882492));
#4861 = CARTESIAN_POINT('',(1.1847362259,-3.194654549948,10.809556401957
    ));
#4862 = CARTESIAN_POINT('',(1.184736226369,-3.18896640319,
    10.811087247402));
#4863 = CARTESIAN_POINT('',(1.184736225601,-3.184481223159,
    10.811976679113));
#4864 = CARTESIAN_POINT('',(1.184736225228,-3.183145824242,
    10.812213941446));
#4865 = ORIENTED_EDGE('',*,*,#4866,.T.);
#4866 = EDGE_CURVE('',#4816,#1948,#4867,.T.);
#4867 = B_SPLINE_CURVE_WITH_KNOTS('',3,(#4868,#4869,#4870,#4871,#4872,
    #4873,#4874),.UNSPECIFIED.,.F.,.F.,(4,1,1,1,4),(0.,0.466445224888,
    0.499912895394,0.966535094384,1.),.UNSPECIFIED.);
#4868 = CARTESIAN_POINT('',(1.184736225228,-3.183145824518,
    10.812213941418));
#4869 = CARTESIAN_POINT('',(1.184736225816,-3.156799174161,
    10.816895823198));
#4870 = CARTESIAN_POINT('',(1.18473622596,-3.128562244034,
    10.821914216242));
#4871 = CARTESIAN_POINT('',(1.184736225954,-3.073968985344,
    10.831618048966));
#4872 = CARTESIAN_POINT('',(1.184736225957,-3.043832058651,
    10.836975527883));
#4873 = CARTESIAN_POINT('',(1.184736225957,-3.015585651258,
    10.841997601003));
#4874 = CARTESIAN_POINT('',(1.184736225957,-3.013695454545,
    10.842333671759));
#4875 = ORIENTED_EDGE('',*,*,#1947,.T.);
#4876 = PLANE('',#4877);
#4877 = AXIS2_PLACEMENT_3D('',#4878,#4879,#4880);
#4878 = CARTESIAN_POINT('',(1.184736225957,-3.013695454545,
    12.418327272727));
#4879 = DIRECTION('',(1.,0.,0.));
#4880 = DIRECTION('',(0.,-1.,-2.832769448824E-16));
#4881 = ADVANCED_FACE('',(#4882),#4947,.F.);
#4882 = FACE_BOUND('',#4883,.T.);
#4883 = EDGE_LOOP('',(#4884,#4896,#4945,#4946));
#4884 = ORIENTED_EDGE('',*,*,#4885,.T.);
#4885 = EDGE_CURVE('',#1956,#4886,#4888,.T.);
#4886 = VERTEX_POINT('',#4887);
#4887 = CARTESIAN_POINT('',(1.184736224499,-3.183145824518,
    11.408827542114));
#4888 = B_SPLINE_CURVE_WITH_KNOTS('',3,(#4889,#4890,#4891,#4892,#4893,
    #4894,#4895),.UNSPECIFIED.,.F.,.F.,(4,1,1,1,4),(0.,0.464172964921,
    0.500094683239,0.96407401788,1.),.UNSPECIFIED.);
#4889 = CARTESIAN_POINT('',(1.184736225957,-3.013695454545,
    11.383253368729));
#4890 = CARTESIAN_POINT('',(1.184736225976,-3.039918408196,
    11.387178112656));
#4891 = CARTESIAN_POINT('',(1.184736226012,-3.068168179301,
    11.391423427302));
#4892 = CARTESIAN_POINT('',(1.184736225886,-3.122622649546,
    11.399640321181));
#4893 = CARTESIAN_POINT('',(1.18473622887,-3.152885406523,
    11.404225367214));
#4894 = CARTESIAN_POINT('',(1.184736225505,-3.181116960049,
    11.408518903153));
#4895 = CARTESIAN_POINT('',(1.184736225228,-3.183145824518,
    11.408827542114));
#4896 = ORIENTED_EDGE('',*,*,#4897,.T.);
#4897 = EDGE_CURVE('',#4886,#2107,#4898,.T.);
#4898 = B_SPLINE_CURVE_WITH_KNOTS('',3,(#4899,#4900,#4901,#4902,#4903,
    #4904,#4905,#4906,#4907,#4908,#4909,#4910,#4911,#4912,#4913,#4914,
    #4915,#4916,#4917,#4918,#4919,#4920,#4921,#4922,#4923,#4924,#4925,
    #4926,#4927,#4928,#4929,#4930,#4931,#4932,#4933,#4934,#4935,#4936,
    #4937,#4938,#4939,#4940,#4941,#4942,#4943,#4944),.UNSPECIFIED.,.F.,
  .F.,(4,1,1,1,1,1,1,1,1,1,1,1,1,1,1,1,1,1,1,1,1,1,1,1,1,1,1,1,1,1,1,1,1
    ,1,1,1,1,1,1,1,1,1,1,4),(0.,2.171735746286E-02,6.497689415924E-02,
    8.619592670531E-02,0.107994126237,0.150737280348,0.171616814457,
    0.193170943749,0.235284127777,0.255872448469,0.277091114186,
    0.318618953737,0.339042524497,0.359912572934,0.401025648383,
    0.4077951974,0.442016218383,0.47618180229,0.482958456206,
    0.497822250205,0.523895484201,0.544505594507,0.564809635036,
    0.605630181619,0.626503973478,0.646163671518,0.668407637481,
    0.672583275294,0.677655585991,0.686588524535,0.701615200362,
    0.708311561637,0.731651280355,0.773597981519,0.789202160231,
    0.815385806453,0.856539440311,0.861353018665,0.896113132787,
    0.920161383304,0.931373874444,0.946657970677,0.984171632277,1.),
  .UNSPECIFIED.);
#4899 = CARTESIAN_POINT('',(1.184736225228,-3.183145824242,
    11.408827542143));
#4900 = CARTESIAN_POINT('',(1.184736225615,-3.184984828465,
    11.409107130771));
#4901 = CARTESIAN_POINT('',(1.184736226286,-3.190466430906,
    11.410096985092));
#4902 = CARTESIAN_POINT('',(1.184736225905,-3.197618298662,
    11.412014252683));
#4903 = CARTESIAN_POINT('',(1.184736225966,-3.204581952675,
    11.414525662549));
#4904 = CARTESIAN_POINT('',(1.184736225951,-3.211350950501,
    11.417409841519));
#4905 = CARTESIAN_POINT('',(1.184736225958,-3.217827797442,
    11.420853934171));
#4906 = CARTESIAN_POINT('',(1.184736225956,-3.22395688487,
    11.424828467609));
#4907 = CARTESIAN_POINT('',(1.184736225957,-3.229801586047,
    11.429123116993));
#4908 = CARTESIAN_POINT('',(1.184736225957,-3.235231156771,
    11.433908605361));
#4909 = CARTESIAN_POINT('',(1.184736225957,-3.2401848381,11.43913150692)
  );
#4910 = CARTESIAN_POINT('',(1.184736225957,-3.244783603823,
    11.444605827921));
#4911 = CARTESIAN_POINT('',(1.184736225957,-3.248860397394,
    11.450473772186));
#4912 = CARTESIAN_POINT('',(1.184736225957,-3.252360371396,
    11.456656317503));
#4913 = CARTESIAN_POINT('',(1.184736225957,-3.255456453944,
    11.463012321195));
#4914 = CARTESIAN_POINT('',(1.184736225957,-3.257535611071,
    11.468541386659));
#4915 = CARTESIAN_POINT('',(1.184736225956,-3.259525833554,
    11.475294898844));
#4916 = CARTESIAN_POINT('',(1.184736225961,-3.260959013859,
    11.48158746847));
#4917 = CARTESIAN_POINT('',(1.184736225946,-3.261724677005,
    11.487996010521));
#4918 = CARTESIAN_POINT('',(1.184736225967,-3.261992610452,
    11.492774147055));
#4919 = CARTESIAN_POINT('',(1.184736225829,-3.262085906579,
    11.496865639567));
#4920 = CARTESIAN_POINT('',(1.184736226739,-3.261874755149,
    11.502143464637));
#4921 = CARTESIAN_POINT('',(1.18473622376,-3.261236447623,
    11.507854893498));
#4922 = CARTESIAN_POINT('',(1.184736227241,-3.260026233793,
    11.514761209031));
#4923 = CARTESIAN_POINT('',(1.184736225745,-3.258175280084,
    11.521558413402));
#4924 = CARTESIAN_POINT('',(1.184736225994,-3.255731242073,
    11.528096184446));
#4925 = CARTESIAN_POINT('',(1.184736225945,-3.25354769007,
    11.533018464966));
#4926 = CARTESIAN_POINT('',(1.184736225957,-3.251726571425,
    11.536527088405));
#4927 = CARTESIAN_POINT('',(1.184736225957,-3.250391945552,
    11.538874652231));
#4928 = CARTESIAN_POINT('',(1.184736225957,-3.249603418744,
    11.540219580797));
#4929 = CARTESIAN_POINT('',(1.184736225957,-3.248301174525,
    11.542341568639));
#4930 = CARTESIAN_POINT('',(1.184736225957,-3.246849831862,
    11.544534120274));
#4931 = CARTESIAN_POINT('',(1.184736225957,-3.244618587209,
    11.547688971654));
#4932 = CARTESIAN_POINT('',(1.184736225957,-3.240842173495,
    11.552574453818));
#4933 = CARTESIAN_POINT('',(1.184736225957,-3.236110322412,
    11.55766161905));
#4934 = CARTESIAN_POINT('',(1.184736225957,-3.23082141082,
    11.562520060713));
#4935 = CARTESIAN_POINT('',(1.184736225957,-3.225317367071,
    11.567029992209));
#4936 = CARTESIAN_POINT('',(1.184736225957,-3.220191764016,
    11.570510509657));
#4937 = CARTESIAN_POINT('',(1.184736225957,-3.214242025348,
    11.574047238243));
#4938 = CARTESIAN_POINT('',(1.184736225958,-3.209410647552,
    11.576590809414));
#4939 = CARTESIAN_POINT('',(1.184736225953,-3.203899001894,
    11.578978412982));
#4940 = CARTESIAN_POINT('',(1.184736225963,-3.199848105674,
    11.580520306734));
#4941 = CARTESIAN_POINT('',(1.1847362259,-3.194654549948,11.5822988262)
  );
#4942 = CARTESIAN_POINT('',(1.184736226369,-3.18896640319,
    11.583829671644));
#4943 = CARTESIAN_POINT('',(1.184736225601,-3.184481223159,
    11.584719103356));
#4944 = CARTESIAN_POINT('',(1.184736225228,-3.183145824242,
    11.584956365689));
#4945 = ORIENTED_EDGE('',*,*,#2106,.T.);
#4946 = ORIENTED_EDGE('',*,*,#1963,.T.);
#4947 = PLANE('',#4948);
#4948 = AXIS2_PLACEMENT_3D('',#4949,#4950,#4951);
#4949 = CARTESIAN_POINT('',(1.184736225957,-3.013695454545,
    12.418327272727));
#4950 = DIRECTION('',(1.,0.,0.));
#4951 = DIRECTION('',(0.,-1.,-2.832769448824E-16));
#4952 = ADVANCED_FACE('',(#4953),#4985,.T.);
#4953 = FACE_BOUND('',#4954,.T.);
#4954 = EDGE_LOOP('',(#4955,#4956,#4983,#4984));
#4955 = ORIENTED_EDGE('',*,*,#4897,.F.);
#4956 = ORIENTED_EDGE('',*,*,#4957,.F.);
#4957 = EDGE_CURVE('',#2221,#4886,#4958,.T.);
#4958 = B_SPLINE_CURVE_WITH_KNOTS('',3,(#4959,#4960,#4961,#4962,#4963,
    #4964,#4965,#4966,#4967,#4968,#4969,#4970,#4971,#4972,#4973,#4974,
    #4975,#4976,#4977,#4978,#4979,#4980,#4981,#4982),.UNSPECIFIED.,.F.,
  .F.,(4,1,1,1,1,1,1,1,1,1,1,1,1,1,1,1,1,1,1,1,1,4),(0.,
    4.761904761905E-02,9.523809523809E-02,0.142857142857,0.190476190476,
    0.238095238095,0.285714285714,0.333333333333,0.380952380952,
    0.428571428571,0.47619047619,0.52380952381,0.571428571429,
    0.619047619048,0.666666666667,0.714285714286,0.761904761905,
    0.809523809524,0.857142857143,0.904761904762,0.952380952381,1.),
  .UNSPECIFIED.);
#4959 = CARTESIAN_POINT('',(1.184736224499,3.183145824518,
    11.706213331309));
#4960 = CARTESIAN_POINT('',(1.306910932345,3.13691169697,11.701492921957
    ));
#4961 = CARTESIAN_POINT('',(1.545930409344,3.030360211207,
    11.692052103252));
#4962 = CARTESIAN_POINT('',(1.883723095631,2.830399413645,
    11.677890875195));
#4963 = CARTESIAN_POINT('',(2.196305177528,2.592953444571,
    11.663729647139));
#4964 = CARTESIAN_POINT('',(2.479536997526,2.321166944984,
    11.649568419082));
#4965 = CARTESIAN_POINT('',(2.729667463682,2.018639408662,
    11.635407191025));
#4966 = CARTESIAN_POINT('',(2.943383909635,1.689377442602,
    11.621245962968));
#4967 = CARTESIAN_POINT('',(3.117855918261,1.337741722766,
    11.607084734911));
#4968 = CARTESIAN_POINT('',(3.250772820132,0.968389237286,
    11.592923506854));
#4969 = CARTESIAN_POINT('',(3.340374292038,0.586211611635,
    11.578762278797));
#4970 = CARTESIAN_POINT('',(3.385473671268,0.196270324628,11.56460105074
    ));
#4971 = CARTESIAN_POINT('',(3.385473671268,-0.196270324628,
    11.550439822683));
#4972 = CARTESIAN_POINT('',(3.340374292038,-0.586211611635,
    11.536278594626));
#4973 = CARTESIAN_POINT('',(3.250772820132,-0.968389237286,
    11.52211736657));
#4974 = CARTESIAN_POINT('',(3.117855918261,-1.337741722766,
    11.507956138513));
#4975 = CARTESIAN_POINT('',(2.943383909635,-1.689377442602,
    11.493794910456));
#4976 = CARTESIAN_POINT('',(2.729667463682,-2.018639408662,
    11.479633682399));
#4977 = CARTESIAN_POINT('',(2.479536997526,-2.321166944984,
    11.465472454342));
#4978 = CARTESIAN_POINT('',(2.196305177528,-2.592953444571,
    11.451311226285));
#4979 = CARTESIAN_POINT('',(1.883723095631,-2.830399413645,
    11.437149998228));
#4980 = CARTESIAN_POINT('',(1.545930409344,-3.030360211207,
    11.422988770171));
#4981 = CARTESIAN_POINT('',(1.306910932345,-3.13691169697,
    11.413547951467));
#4982 = CARTESIAN_POINT('',(1.184736224499,-3.183145824518,
    11.408827542114));
#4983 = ORIENTED_EDGE('',*,*,#2234,.T.);
#4984 = ORIENTED_EDGE('',*,*,#2118,.T.);
#4985 = ( BOUNDED_SURFACE() B_SPLINE_SURFACE(3,3,(
    (#4986,#4987,#4988,#4989,#4990,#4991,#4992,#4993,#4994,#4995,#4996
      ,#4997,#4998,#4999,#5000,#5001,#5002,#5003,#5004,#5005,#5006,#5007
      ,#5008,#5009,#5010,#5011,#5012,#5013,#5014)
    ,(#5015,#5016,#5017,#5018,#5019,#5020,#5021,#5022,#5023,#5024,#5025
      ,#5026,#5027,#5028,#5029,#5030,#5031,#5032,#5033,#5034,#5035,#5036
      ,#5037,#5038,#5039,#5040,#5041,#5042,#5043)
    ,(#5044,#5045,#5046,#5047,#5048,#5049,#5050,#5051,#5052,#5053,#5054
      ,#5055,#5056,#5057,#5058,#5059,#5060,#5061,#5062,#5063,#5064,#5065
      ,#5066,#5067,#5068,#5069,#5070,#5071,#5072)
    ,(#5073,#5074,#5075,#5076,#5077,#5078,#5079,#5080,#5081,#5082,#5083
      ,#5084,#5085,#5086,#5087,#5088,#5089,#5090,#5091,#5092,#5093,#5094
      ,#5095,#5096,#5097,#5098,#5099,#5100,#5101
)),.UNSPECIFIED.,.F.,.F.,.F.) B_SPLINE_SURFACE_WITH_KNOTS((4,4),(4,1,1,1
    ,1,1,1,1,1,1,1,1,1,1,1,1,1,1,1,1,1,1,1,1,1,1,4),(0.,2.792526803191),
  (5.066130550955,5.159750146906,5.253369742856,5.346989338807,
    5.440608934758,5.534228530709,5.627848126659,5.72146772261,
    5.815087318561,5.908706914511,6.002326510462,6.095946106413,
    6.189565702364,6.283185298314,6.376804894265,6.470424490216,
    6.564044086167,6.657663682117,6.751283278068,6.844902874019,
    6.938522469969,7.03214206592,7.125761661871,7.219381257822,
    7.313000853772,7.406620449723,7.500240045674),.UNSPECIFIED.) 
GEOMETRIC_REPRESENTATION_ITEM() RATIONAL_B_SPLINE_SURFACE((
    (1.,1.,1.,1.,1.,1.,1.,1.,1.,1.,1.,1.,1.,1.,1.,1.,1.,1.,1.,1.,1.,1.
      ,1.,1.,1.,1.,1.,1.,1.)
    ,(0.449098785111,0.449098785111,0.449098785111,0.449098785111
      ,0.449098785111,0.449098785111,0.449098785111,0.449098785111
      ,0.449098785111,0.449098785111,0.449098785111,0.449098785111
      ,0.449098785111,0.449098785111,0.449098785111,0.449098785111
      ,0.449098785111,0.449098785111,0.449098785111,0.449098785111
      ,0.449098785111,0.449098785111,0.449098785111,0.449098785111
      ,0.449098785111,0.449098785111,0.449098785111,0.449098785111
      ,0.449098785111)
    ,(0.449098785111,0.449098785111,0.449098785111,0.449098785111
      ,0.449098785111,0.449098785111,0.449098785111,0.449098785111
      ,0.449098785111,0.449098785111,0.449098785111,0.449098785111
      ,0.449098785111,0.449098785111,0.449098785111,0.449098785111
      ,0.449098785111,0.449098785111,0.449098785111,0.449098785111
      ,0.449098785111,0.449098785111,0.449098785111,0.449098785111
      ,0.449098785111,0.449098785111,0.449098785111,0.449098785111
      ,0.449098785111)
    ,(1.,1.,1.,1.,1.,1.,1.,1.,1.,1.,1.,1.,1.,1.,1.,1.,1.,1.,1.,1.,1.,1.
,1.,1.,1.,1.,1.,1.,1.))) REPRESENTATION_ITEM('') SURFACE() );
#4986 = CARTESIAN_POINT('',(1.159138198241,3.192715480716,
    11.707200861016));
#4987 = CARTESIAN_POINT('',(1.258771776004,3.1559233478,11.703362901446)
  );
#4988 = CARTESIAN_POINT('',(1.454591802941,3.073004666348,
    11.695686982307));
#4989 = CARTESIAN_POINT('',(1.735408462661,2.921712521706,
    11.684173103598));
#4990 = CARTESIAN_POINT('',(2.000852134999,2.744831361273,11.67265922489
    ));
#4991 = CARTESIAN_POINT('',(2.248598043682,2.54391033592,11.661145346181
    ));
#4992 = CARTESIAN_POINT('',(2.476476362519,2.320709161988,
    11.649631467472));
#4993 = CARTESIAN_POINT('',(2.682491283885,2.077182685416,
    11.638117588763));
#4994 = CARTESIAN_POINT('',(2.864838481134,1.815463767155,
    11.626603710055));
#4995 = CARTESIAN_POINT('',(3.021920915955,1.537844601361,
    11.615089831346));
#4996 = CARTESIAN_POINT('',(3.152362824345,1.246756640301,
    11.603575952637));
#4997 = CARTESIAN_POINT('',(3.255021766208,0.944749299006,
    11.592062073928));
#4998 = CARTESIAN_POINT('',(3.328998631011,0.63446762695,11.58054819522)
  );
#4999 = CARTESIAN_POINT('',(3.373645512431,0.318629142088,
    11.569034316511));
#5000 = CARTESIAN_POINT('',(3.388571382851,3.021651384122E-08,
    11.557520437802));
#5001 = CARTESIAN_POINT('',(3.37364551808,-0.31862908192,11.546006559093
    ));
#5002 = CARTESIAN_POINT('',(3.328998642261,-0.634467567573,
    11.534492680385));
#5003 = CARTESIAN_POINT('',(3.255021782958,-0.944749240941,
    11.522978801676));
#5004 = CARTESIAN_POINT('',(3.15236284645,-1.246756584056,
    11.511464922967));
#5005 = CARTESIAN_POINT('',(3.021920943221,-1.537844547429,
    11.499951044258));
#5006 = CARTESIAN_POINT('',(2.864838513324,-1.815463716008,
    11.488437165549));
#5007 = CARTESIAN_POINT('',(2.682491320714,-2.077182637502,
    11.476923286841));
#5008 = CARTESIAN_POINT('',(2.476476403666,-2.320709117726,
    11.465409408132));
#5009 = CARTESIAN_POINT('',(2.248598088787,-2.543910295699,
    11.453895529423));
#5010 = CARTESIAN_POINT('',(2.000852183666,-2.744831325445,
    11.442381650714));
#5011 = CARTESIAN_POINT('',(1.735408514464,-2.921712490584,
    11.430867772006));
#5012 = CARTESIAN_POINT('',(1.454591857427,-3.073004640205,
    11.419353893297));
#5013 = CARTESIAN_POINT('',(1.25877183196,-3.155923325129,
    11.411677974158));
#5014 = CARTESIAN_POINT('',(1.159138254849,-3.192715459812,
    11.407840014588));
#5015 = CARTESIAN_POINT('',(1.20373557764,3.313485768171,11.72990147111)
  );
#5016 = CARTESIAN_POINT('',(1.307137977241,3.275301905708,11.72606351154
    ));
#5017 = CARTESIAN_POINT('',(1.510365253927,3.189246673863,
    11.718387592401));
#5018 = CARTESIAN_POINT('',(1.801804316088,3.032231627851,
    11.706873713692));
#5019 = CARTESIAN_POINT('',(2.077288879575,2.848659614845,
    11.695359834984));
#5020 = CARTESIAN_POINT('',(2.334406229211,2.640138385173,
    11.683845956275));
#5021 = CARTESIAN_POINT('',(2.570904461171,2.408494219655,
    11.672332077566));
#5022 = CARTESIAN_POINT('',(2.784712272766,2.155755909848,
    11.660818198857));
#5023 = CARTESIAN_POINT('',(2.973957085403,1.884136996056,
    11.649304320149));
#5024 = CARTESIAN_POINT('',(3.136981449883,1.596016378862,11.63779044144
    ));
#5025 = CARTESIAN_POINT('',(3.27235756142,1.293917484649,11.626276562731
    ));
#5026 = CARTESIAN_POINT('',(3.378899765037,0.980486164725,
    11.614762684022));
#5027 = CARTESIAN_POINT('',(3.455674939706,0.658467522384,
    11.603248805314));
#5028 = CARTESIAN_POINT('',(3.502010670863,0.330681870656,
    11.591734926605));
#5029 = CARTESIAN_POINT('',(3.517501139561,3.135950858842E-08,
    11.580221047896));
#5030 = CARTESIAN_POINT('',(3.502010676726,-0.330681808211,
    11.568707169187));
#5031 = CARTESIAN_POINT('',(3.455674951381,-0.658467460761,
    11.557193290478));
#5032 = CARTESIAN_POINT('',(3.378899782421,-0.980486104463,
    11.54567941177));
#5033 = CARTESIAN_POINT('',(3.272357584362,-1.293917426277,
    11.534165533061));
#5034 = CARTESIAN_POINT('',(3.136981478181,-1.59601632289,
    11.522651654352));
#5035 = CARTESIAN_POINT('',(2.97395711881,-1.884136942974,
    11.511137775643));
#5036 = CARTESIAN_POINT('',(2.784712310989,-2.155755860122,
    11.499623896935));
#5037 = CARTESIAN_POINT('',(2.570904503875,-2.40849417372,
    11.488110018226));
#5038 = CARTESIAN_POINT('',(2.334406276022,-2.640138343431,
    11.476596139517));
#5039 = CARTESIAN_POINT('',(2.077288930083,-2.848659577662,
    11.465082260808));
#5040 = CARTESIAN_POINT('',(1.801804369851,-3.032231595553,11.4535683821
    ));
#5041 = CARTESIAN_POINT('',(1.510365310474,-3.189246646732,
    11.442054503391));
#5042 = CARTESIAN_POINT('',(1.307138035314,-3.27530188218,
    11.434378584252));
#5043 = CARTESIAN_POINT('',(1.20373563639,-3.313485746476,
    11.430540624682));
#5044 = CARTESIAN_POINT('',(1.20373557764,3.313485768171,11.860629074468
    ));
#5045 = CARTESIAN_POINT('',(1.307137977241,3.275301905708,
    11.856791114899));
#5046 = CARTESIAN_POINT('',(1.510365253927,3.189246673863,
    11.849115195759));
#5047 = CARTESIAN_POINT('',(1.801804316088,3.032231627851,
    11.837601317051));
#5048 = CARTESIAN_POINT('',(2.077288879575,2.848659614845,
    11.826087438342));
#5049 = CARTESIAN_POINT('',(2.334406229211,2.640138385173,
    11.814573559633));
#5050 = CARTESIAN_POINT('',(2.570904461171,2.408494219655,
    11.803059680924));
#5051 = CARTESIAN_POINT('',(2.784712272766,2.155755909848,
    11.791545802216));
#5052 = CARTESIAN_POINT('',(2.973957085403,1.884136996056,
    11.780031923507));
#5053 = CARTESIAN_POINT('',(3.136981449883,1.596016378862,
    11.768518044798));
#5054 = CARTESIAN_POINT('',(3.27235756142,1.293917484649,11.757004166089
    ));
#5055 = CARTESIAN_POINT('',(3.378899765037,0.980486164725,
    11.745490287381));
#5056 = CARTESIAN_POINT('',(3.455674939706,0.658467522384,
    11.733976408672));
#5057 = CARTESIAN_POINT('',(3.502010670863,0.330681870656,
    11.722462529963));
#5058 = CARTESIAN_POINT('',(3.517501139561,3.135950855939E-08,
    11.710948651254));
#5059 = CARTESIAN_POINT('',(3.502010676726,-0.330681808211,
    11.699434772546));
#5060 = CARTESIAN_POINT('',(3.455674951381,-0.658467460761,
    11.687920893837));
#5061 = CARTESIAN_POINT('',(3.378899782421,-0.980486104463,
    11.676407015128));
#5062 = CARTESIAN_POINT('',(3.272357584362,-1.293917426277,
    11.664893136419));
#5063 = CARTESIAN_POINT('',(3.136981478181,-1.59601632289,11.65337925771
    ));
#5064 = CARTESIAN_POINT('',(2.97395711881,-1.884136942974,
    11.641865379002));
#5065 = CARTESIAN_POINT('',(2.784712310989,-2.155755860122,
    11.630351500293));
#5066 = CARTESIAN_POINT('',(2.570904503875,-2.40849417372,
    11.618837621584));
#5067 = CARTESIAN_POINT('',(2.334406276022,-2.640138343431,
    11.607323742875));
#5068 = CARTESIAN_POINT('',(2.077288930083,-2.848659577662,
    11.595809864167));
#5069 = CARTESIAN_POINT('',(1.801804369851,-3.032231595553,
    11.584295985458));
#5070 = CARTESIAN_POINT('',(1.510365310474,-3.189246646732,
    11.572782106749));
#5071 = CARTESIAN_POINT('',(1.307138035314,-3.27530188218,11.56510618761
    ));
#5072 = CARTESIAN_POINT('',(1.20373563639,-3.313485746476,11.56126822804
    ));
#5073 = CARTESIAN_POINT('',(1.159138198241,3.192715480716,
    11.883329684562));
#5074 = CARTESIAN_POINT('',(1.258771776004,3.1559233478,11.879491724993)
  );
#5075 = CARTESIAN_POINT('',(1.454591802941,3.073004666348,
    11.871815805853));
#5076 = CARTESIAN_POINT('',(1.735408462661,2.921712521706,
    11.860301927145));
#5077 = CARTESIAN_POINT('',(2.000852134999,2.744831361273,
    11.848788048436));
#5078 = CARTESIAN_POINT('',(2.248598043682,2.54391033592,11.837274169727
    ));
#5079 = CARTESIAN_POINT('',(2.476476362519,2.320709161988,
    11.825760291018));
#5080 = CARTESIAN_POINT('',(2.682491283885,2.077182685416,11.81424641231
    ));
#5081 = CARTESIAN_POINT('',(2.864838481134,1.815463767155,
    11.802732533601));
#5082 = CARTESIAN_POINT('',(3.021920915955,1.537844601361,
    11.791218654892));
#5083 = CARTESIAN_POINT('',(3.152362824345,1.246756640301,
    11.779704776183));
#5084 = CARTESIAN_POINT('',(3.255021766208,0.944749299006,
    11.768190897475));
#5085 = CARTESIAN_POINT('',(3.328998631011,0.63446762695,11.756677018766
    ));
#5086 = CARTESIAN_POINT('',(3.373645512431,0.318629142088,
    11.745163140057));
#5087 = CARTESIAN_POINT('',(3.388571382851,3.021651380211E-08,
    11.733649261348));
#5088 = CARTESIAN_POINT('',(3.37364551808,-0.31862908192,11.722135382639
    ));
#5089 = CARTESIAN_POINT('',(3.328998642261,-0.634467567573,
    11.710621503931));
#5090 = CARTESIAN_POINT('',(3.255021782958,-0.944749240941,
    11.699107625222));
#5091 = CARTESIAN_POINT('',(3.15236284645,-1.246756584056,
    11.687593746513));
#5092 = CARTESIAN_POINT('',(3.021920943221,-1.537844547429,
    11.676079867804));
#5093 = CARTESIAN_POINT('',(2.864838513324,-1.815463716008,
    11.664565989096));
#5094 = CARTESIAN_POINT('',(2.682491320714,-2.077182637502,
    11.653052110387));
#5095 = CARTESIAN_POINT('',(2.476476403666,-2.320709117726,
    11.641538231678));
#5096 = CARTESIAN_POINT('',(2.248598088787,-2.543910295699,
    11.630024352969));
#5097 = CARTESIAN_POINT('',(2.000852183666,-2.744831325445,
    11.618510474261));
#5098 = CARTESIAN_POINT('',(1.735408514464,-2.921712490584,
    11.606996595552));
#5099 = CARTESIAN_POINT('',(1.454591857427,-3.073004640205,
    11.595482716843));
#5100 = CARTESIAN_POINT('',(1.25877183196,-3.155923325129,
    11.587806797704));
#5101 = CARTESIAN_POINT('',(1.159138254849,-3.192715459812,
    11.583968838134));
#5102 = ADVANCED_FACE('',(#5103),#5109,.T.);
#5103 = FACE_BOUND('',#5104,.T.);
#5104 = EDGE_LOOP('',(#5105,#5106,#5107,#5108));
#5105 = ORIENTED_EDGE('',*,*,#4885,.F.);
#5106 = ORIENTED_EDGE('',*,*,#2319,.F.);
#5107 = ORIENTED_EDGE('',*,*,#2220,.T.);
#5108 = ORIENTED_EDGE('',*,*,#4957,.T.);
#5109 = B_SPLINE_SURFACE_WITH_KNOTS('',1,3,(
    (#5110,#5111,#5112,#5113,#5114,#5115,#5116,#5117,#5118,#5119,#5120
      ,#5121,#5122,#5123,#5124,#5125,#5126,#5127,#5128,#5129,#5130,#5131
      ,#5132,#5133,#5134,#5135,#5136,#5137,#5138)
    ,(#5139,#5140,#5141,#5142,#5143,#5144,#5145,#5146,#5147,#5148,#5149
      ,#5150,#5151,#5152,#5153,#5154,#5155,#5156,#5157,#5158,#5159,#5160
      ,#5161,#5162,#5163,#5164,#5165,#5166,#5167
  )),.UNSPECIFIED.,.F.,.F.,.F.,(2,2),(4,1,1,1,1,1,1,1,1,1,1,1,1,1,1,1,1,
    1,1,1,1,1,1,1,1,1,4),(0.,1.),(5.074160176286,5.167162109432,
    5.260164042577,5.353165975723,5.446167908869,5.539169842014,
    5.63217177516,5.725173708306,5.818175641451,5.911177574597,
    6.004179507743,6.097181440888,6.190183374034,6.28318530718,
    6.376187240325,6.469189173471,6.562191106617,6.655193039762,
    6.748194972908,6.841196906053,6.934198839199,7.027200772345,
    7.12020270549,7.213204638636,7.306206571782,7.399208504927,
    7.492210438073),.UNSPECIFIED.);
#5110 = CARTESIAN_POINT('',(1.128840587599,3.035440363847,
    11.678366379446));
#5111 = CARTESIAN_POINT('',(1.222941194861,2.999830215436,
    11.674553741123));
#5112 = CARTESIAN_POINT('',(1.407828073347,2.919852121801,
    11.666928464477));
#5113 = CARTESIAN_POINT('',(1.672818896919,2.774648287205,
    11.655490549508));
#5114 = CARTESIAN_POINT('',(1.923179738939,2.605462825897,
    11.644052634539));
#5115 = CARTESIAN_POINT('',(2.156746735819,2.413758015322,11.63261471957
    ));
#5116 = CARTESIAN_POINT('',(2.371501128414,2.201190788271,
    11.621176804601));
#5117 = CARTESIAN_POINT('',(2.565586769872,1.969598389295,
    11.609738889632));
#5118 = CARTESIAN_POINT('',(2.737326152618,1.720982501199,
    11.598300974663));
#5119 = CARTESIAN_POINT('',(2.885234911533,1.457491942626,
    11.586863059694));
#5120 = CARTESIAN_POINT('',(3.008034652366,1.181404095977,
    11.575425144725));
#5121 = CARTESIAN_POINT('',(3.104664001365,0.895105223593,
    11.563987229756));
#5122 = CARTESIAN_POINT('',(3.174287778783,0.60106984301,11.552549314787
    ));
#5123 = CARTESIAN_POINT('',(3.216304217466,0.301839339389,
    11.541111399818));
#5124 = CARTESIAN_POINT('',(3.230350163994,1.207517377334E-14,
    11.529673484848));
#5125 = CARTESIAN_POINT('',(3.216304217466,-0.301839339389,
    11.518235569879));
#5126 = CARTESIAN_POINT('',(3.174287778783,-0.60106984301,11.50679765491
    ));
#5127 = CARTESIAN_POINT('',(3.104664001365,-0.895105223593,
    11.495359739941));
#5128 = CARTESIAN_POINT('',(3.008034652366,-1.181404095977,
    11.483921824972));
#5129 = CARTESIAN_POINT('',(2.885234911533,-1.457491942626,
    11.472483910003));
#5130 = CARTESIAN_POINT('',(2.737326152618,-1.720982501199,
    11.461045995034));
#5131 = CARTESIAN_POINT('',(2.565586769872,-1.969598389295,
    11.449608080065));
#5132 = CARTESIAN_POINT('',(2.371501128414,-2.201190788271,
    11.438170165096));
#5133 = CARTESIAN_POINT('',(2.156746735819,-2.413758015322,
    11.426732250127));
#5134 = CARTESIAN_POINT('',(1.923179738939,-2.605462825897,
    11.415294335158));
#5135 = CARTESIAN_POINT('',(1.672818896919,-2.774648287205,
    11.403856420189));
#5136 = CARTESIAN_POINT('',(1.407828073347,-2.919852121801,
    11.39241850522));
#5137 = CARTESIAN_POINT('',(1.222941194861,-2.999830215436,
    11.384793228574));
#5138 = CARTESIAN_POINT('',(1.128840587599,-3.035440363847,
    11.380980590251));
#5139 = CARTESIAN_POINT('',(1.184736224499,3.183145824518,
    11.706213331309));
#5140 = CARTESIAN_POINT('',(1.283415796221,3.145802875345,
    11.702400692986));
#5141 = CARTESIAN_POINT('',(1.477299327016,3.061933023101,11.69477541634
    ));
#5142 = CARTESIAN_POINT('',(1.755184685474,2.909663525304,
    11.683337501371));
#5143 = CARTESIAN_POINT('',(2.017728162984,2.73224544747,11.671899586402
    ));
#5144 = CARTESIAN_POINT('',(2.262660601691,2.531212221916,
    11.660461671433));
#5145 = CARTESIAN_POINT('',(2.487865009007,2.308301408291,
    11.649023756464));
#5146 = CARTESIAN_POINT('',(2.691394917407,2.065439652029,
    11.637585841495));
#5147 = CARTESIAN_POINT('',(2.87149119128,1.804726038437,11.626147926526
    ));
#5148 = CARTESIAN_POINT('',(3.026597235845,1.528413948333,
    11.614710011557));
#5149 = CARTESIAN_POINT('',(3.155372449794,1.238891582246,
    11.603272096588));
#5150 = CARTESIAN_POINT('',(3.256703812603,0.938661318772,
    11.591834181619));
#5151 = CARTESIAN_POINT('',(3.329715504421,0.630318086235,11.58039626665
    ));
#5152 = CARTESIAN_POINT('',(3.373776475918,0.316526934376,
    11.568958351681));
#5153 = CARTESIAN_POINT('',(3.388505902519,1.267382159212E-14,
    11.557520436712));
#5154 = CARTESIAN_POINT('',(3.373776475918,-0.316526934376,
    11.546082521743));
#5155 = CARTESIAN_POINT('',(3.329715504421,-0.630318086235,
    11.534644606774));
#5156 = CARTESIAN_POINT('',(3.256703812603,-0.938661318772,
    11.523206691805));
#5157 = CARTESIAN_POINT('',(3.155372449794,-1.238891582246,
    11.511768776836));
#5158 = CARTESIAN_POINT('',(3.026597235845,-1.528413948333,
    11.500330861867));
#5159 = CARTESIAN_POINT('',(2.87149119128,-1.804726038437,
    11.488892946898));
#5160 = CARTESIAN_POINT('',(2.691394917407,-2.065439652029,
    11.477455031929));
#5161 = CARTESIAN_POINT('',(2.487865009007,-2.308301408291,
    11.46601711696));
#5162 = CARTESIAN_POINT('',(2.262660601691,-2.531212221916,
    11.45457920199));
#5163 = CARTESIAN_POINT('',(2.017728162984,-2.73224544747,
    11.443141287021));
#5164 = CARTESIAN_POINT('',(1.755184685474,-2.909663525304,
    11.431703372052));
#5165 = CARTESIAN_POINT('',(1.477299327016,-3.061933023101,
    11.420265457083));
#5166 = CARTESIAN_POINT('',(1.283415796221,-3.145802875345,
    11.412640180437));
#5167 = CARTESIAN_POINT('',(1.184736224499,-3.183145824518,
    11.408827542114));
#5168 = ADVANCED_FACE('',(#5169),#5201,.T.);
#5169 = FACE_BOUND('',#5170,.T.);
#5170 = EDGE_LOOP('',(#5171,#5172,#5199,#5200));
#5171 = ORIENTED_EDGE('',*,*,#4866,.F.);
#5172 = ORIENTED_EDGE('',*,*,#5173,.F.);
#5173 = EDGE_CURVE('',#2367,#4816,#5174,.T.);
#5174 = B_SPLINE_CURVE_WITH_KNOTS('',3,(#5175,#5176,#5177,#5178,#5179,
    #5180,#5181,#5182,#5183,#5184,#5185,#5186,#5187,#5188,#5189,#5190,
    #5191,#5192,#5193,#5194,#5195,#5196,#5197,#5198),.UNSPECIFIED.,.F.,
  .F.,(4,1,1,1,1,1,1,1,1,1,1,1,1,1,1,1,1,1,1,1,1,4),(0.,
    4.761904761905E-02,9.52380952381E-02,0.142857142857,0.190476190476,
    0.238095238095,0.285714285714,0.333333333333,0.380952380952,
    0.428571428571,0.47619047619,0.52380952381,0.571428571429,
    0.619047619048,0.666666666667,0.714285714286,0.761904761905,
    0.809523809524,0.857142857143,0.904761904762,0.952380952381,1.),
  .UNSPECIFIED.);
#5175 = CARTESIAN_POINT('',(1.184736224499,3.183145824518,
    11.109599730613));
#5176 = CARTESIAN_POINT('',(1.306910932345,3.13691169697,11.104879321261
    ));
#5177 = CARTESIAN_POINT('',(1.545930409344,3.030360211207,
    11.095438502556));
#5178 = CARTESIAN_POINT('',(1.883723095631,2.830399413645,
    11.081277274499));
#5179 = CARTESIAN_POINT('',(2.196305177528,2.592953444571,
    11.067116046442));
#5180 = CARTESIAN_POINT('',(2.479536997526,2.321166944984,
    11.052954818385));
#5181 = CARTESIAN_POINT('',(2.729667463682,2.018639408662,
    11.038793590328));
#5182 = CARTESIAN_POINT('',(2.943383909635,1.689377442602,
    11.024632362272));
#5183 = CARTESIAN_POINT('',(3.117855918261,1.337741722766,
    11.010471134215));
#5184 = CARTESIAN_POINT('',(3.250772820132,0.968389237286,
    10.996309906158));
#5185 = CARTESIAN_POINT('',(3.340374292038,0.586211611635,
    10.982148678101));
#5186 = CARTESIAN_POINT('',(3.385473671268,0.196270324628,
    10.967987450044));
#5187 = CARTESIAN_POINT('',(3.385473671268,-0.196270324628,
    10.953826221987));
#5188 = CARTESIAN_POINT('',(3.340374292038,-0.586211611635,
    10.93966499393));
#5189 = CARTESIAN_POINT('',(3.250772820132,-0.968389237286,
    10.925503765873));
#5190 = CARTESIAN_POINT('',(3.117855918261,-1.337741722766,
    10.911342537816));
#5191 = CARTESIAN_POINT('',(2.943383909635,-1.689377442602,
    10.897181309759));
#5192 = CARTESIAN_POINT('',(2.729667463682,-2.018639408662,
    10.883020081703));
#5193 = CARTESIAN_POINT('',(2.479536997526,-2.321166944984,
    10.868858853646));
#5194 = CARTESIAN_POINT('',(2.196305177528,-2.592953444571,
    10.854697625589));
#5195 = CARTESIAN_POINT('',(1.883723095631,-2.830399413645,
    10.840536397532));
#5196 = CARTESIAN_POINT('',(1.545930409344,-3.030360211207,
    10.826375169475));
#5197 = CARTESIAN_POINT('',(1.306910932345,-3.13691169697,10.81693435077
    ));
#5198 = CARTESIAN_POINT('',(1.184736224499,-3.183145824518,
    10.812213941418));
#5199 = ORIENTED_EDGE('',*,*,#2366,.T.);
#5200 = ORIENTED_EDGE('',*,*,#2292,.T.);
#5201 = B_SPLINE_SURFACE_WITH_KNOTS('',1,3,(
    (#5202,#5203,#5204,#5205,#5206,#5207,#5208,#5209,#5210,#5211,#5212
      ,#5213,#5214,#5215,#5216,#5217,#5218,#5219,#5220,#5221,#5222,#5223
      ,#5224,#5225,#5226,#5227,#5228,#5229,#5230)
    ,(#5231,#5232,#5233,#5234,#5235,#5236,#5237,#5238,#5239,#5240,#5241
      ,#5242,#5243,#5244,#5245,#5246,#5247,#5248,#5249,#5250,#5251,#5252
      ,#5253,#5254,#5255,#5256,#5257,#5258,#5259
  )),.UNSPECIFIED.,.F.,.F.,.F.,(2,2),(4,1,1,1,1,1,1,1,1,1,1,1,1,1,1,1,1,
    1,1,1,1,1,1,1,1,1,4),(0.,1.),(11.357345483466,11.450347416611,
    11.543349349757,11.636351282903,11.729353216048,11.822355149194,
    11.91535708234,12.008359015485,12.101360948631,12.194362881777,
    12.287364814922,12.380366748068,12.473368681214,12.566370614359,
    12.659372547505,12.752374480651,12.845376413796,12.938378346942,
    13.031380280087,13.124382213233,13.217384146379,13.310386079524,
    13.40338801267,13.496389945816,13.589391878961,13.682393812107,
    13.775395745253),.UNSPECIFIED.);
#5202 = CARTESIAN_POINT('',(1.184736224499,3.183145824518,
    11.109599730613));
#5203 = CARTESIAN_POINT('',(1.283415796221,3.145802875345,11.10578709229
    ));
#5204 = CARTESIAN_POINT('',(1.477299327016,3.061933023101,
    11.098161815644));
#5205 = CARTESIAN_POINT('',(1.755184685474,2.909663525304,
    11.086723900675));
#5206 = CARTESIAN_POINT('',(2.017728162984,2.73224544747,11.075285985706
    ));
#5207 = CARTESIAN_POINT('',(2.262660601691,2.531212221916,
    11.063848070737));
#5208 = CARTESIAN_POINT('',(2.487865009007,2.308301408291,
    11.052410155768));
#5209 = CARTESIAN_POINT('',(2.691394917407,2.065439652029,
    11.040972240799));
#5210 = CARTESIAN_POINT('',(2.87149119128,1.804726038437,11.02953432583)
  );
#5211 = CARTESIAN_POINT('',(3.026597235845,1.528413948333,
    11.018096410861));
#5212 = CARTESIAN_POINT('',(3.155372449794,1.238891582246,
    11.006658495892));
#5213 = CARTESIAN_POINT('',(3.256703812603,0.938661318772,
    10.995220580923));
#5214 = CARTESIAN_POINT('',(3.329715504421,0.630318086235,
    10.983782665954));
#5215 = CARTESIAN_POINT('',(3.373776475918,0.316526934376,
    10.972344750985));
#5216 = CARTESIAN_POINT('',(3.388505902519,-2.873401718978E-14,
    10.960906836015));
#5217 = CARTESIAN_POINT('',(3.373776475918,-0.316526934376,
    10.949468921046));
#5218 = CARTESIAN_POINT('',(3.329715504421,-0.630318086235,
    10.938031006077));
#5219 = CARTESIAN_POINT('',(3.256703812603,-0.938661318772,
    10.926593091108));
#5220 = CARTESIAN_POINT('',(3.155372449794,-1.238891582246,
    10.915155176139));
#5221 = CARTESIAN_POINT('',(3.026597235845,-1.528413948333,
    10.90371726117));
#5222 = CARTESIAN_POINT('',(2.87149119128,-1.804726038438,
    10.892279346201));
#5223 = CARTESIAN_POINT('',(2.691394917407,-2.065439652029,
    10.880841431232));
#5224 = CARTESIAN_POINT('',(2.487865009007,-2.308301408291,
    10.869403516263));
#5225 = CARTESIAN_POINT('',(2.262660601691,-2.531212221916,
    10.857965601294));
#5226 = CARTESIAN_POINT('',(2.017728162984,-2.73224544747,
    10.846527686325));
#5227 = CARTESIAN_POINT('',(1.755184685474,-2.909663525304,
    10.835089771356));
#5228 = CARTESIAN_POINT('',(1.477299327016,-3.061933023101,
    10.823651856387));
#5229 = CARTESIAN_POINT('',(1.283415796221,-3.145802875345,
    10.816026579741));
#5230 = CARTESIAN_POINT('',(1.184736224499,-3.183145824518,
    10.812213941418));
#5231 = CARTESIAN_POINT('',(1.128840587599,3.035440363847,
    11.137446682476));
#5232 = CARTESIAN_POINT('',(1.222941194861,2.999830215436,
    11.133634044153));
#5233 = CARTESIAN_POINT('',(1.407828073347,2.919852121801,
    11.126008767507));
#5234 = CARTESIAN_POINT('',(1.672818896919,2.774648287205,
    11.114570852538));
#5235 = CARTESIAN_POINT('',(1.923179738939,2.605462825897,
    11.103132937569));
#5236 = CARTESIAN_POINT('',(2.156746735819,2.413758015322,11.0916950226)
  );
#5237 = CARTESIAN_POINT('',(2.371501128414,2.201190788271,
    11.080257107631));
#5238 = CARTESIAN_POINT('',(2.565586769872,1.969598389295,
    11.068819192662));
#5239 = CARTESIAN_POINT('',(2.737326152618,1.720982501199,
    11.057381277693));
#5240 = CARTESIAN_POINT('',(2.885234911533,1.457491942626,
    11.045943362724));
#5241 = CARTESIAN_POINT('',(3.008034652366,1.181404095977,
    11.034505447755));
#5242 = CARTESIAN_POINT('',(3.104664001365,0.895105223593,
    11.023067532786));
#5243 = CARTESIAN_POINT('',(3.174287778783,0.60106984301,11.011629617817
    ));
#5244 = CARTESIAN_POINT('',(3.216304217466,0.301839339389,
    11.000191702848));
#5245 = CARTESIAN_POINT('',(3.230350163994,-2.740185082207E-14,
    10.988753787879));
#5246 = CARTESIAN_POINT('',(3.216304217466,-0.301839339389,
    10.97731587291));
#5247 = CARTESIAN_POINT('',(3.174287778783,-0.60106984301,
    10.965877957941));
#5248 = CARTESIAN_POINT('',(3.104664001365,-0.895105223593,
    10.954440042972));
#5249 = CARTESIAN_POINT('',(3.008034652366,-1.181404095978,
    10.943002128003));
#5250 = CARTESIAN_POINT('',(2.885234911533,-1.457491942626,
    10.931564213034));
#5251 = CARTESIAN_POINT('',(2.737326152618,-1.720982501199,
    10.920126298065));
#5252 = CARTESIAN_POINT('',(2.565586769872,-1.969598389295,
    10.908688383096));
#5253 = CARTESIAN_POINT('',(2.371501128414,-2.201190788271,
    10.897250468127));
#5254 = CARTESIAN_POINT('',(2.156746735819,-2.413758015322,
    10.885812553157));
#5255 = CARTESIAN_POINT('',(1.923179738939,-2.605462825897,
    10.874374638188));
#5256 = CARTESIAN_POINT('',(1.672818896919,-2.774648287205,
    10.862936723219));
#5257 = CARTESIAN_POINT('',(1.407828073347,-2.919852121801,
    10.85149880825));
#5258 = CARTESIAN_POINT('',(1.222941194861,-2.999830215436,
    10.843873531604));
#5259 = CARTESIAN_POINT('',(1.128840587599,-3.035440363847,
    10.840060893281));
#5260 = ADVANCED_FACE('',(#5261),#5293,.T.);
#5261 = FACE_BOUND('',#5262,.T.);
#5262 = EDGE_LOOP('',(#5263,#5264,#5265,#5266));
#5263 = ORIENTED_EDGE('',*,*,#4803,.F.);
#5264 = ORIENTED_EDGE('',*,*,#2463,.F.);
#5265 = ORIENTED_EDGE('',*,*,#2353,.T.);
#5266 = ORIENTED_EDGE('',*,*,#5267,.T.);
#5267 = EDGE_CURVE('',#2354,#4804,#5268,.T.);
#5268 = B_SPLINE_CURVE_WITH_KNOTS('',3,(#5269,#5270,#5271,#5272,#5273,
    #5274,#5275,#5276,#5277,#5278,#5279,#5280,#5281,#5282,#5283,#5284,
    #5285,#5286,#5287,#5288,#5289,#5290,#5291,#5292),.UNSPECIFIED.,.F.,
  .F.,(4,1,1,1,1,1,1,1,1,1,1,1,1,1,1,1,1,1,1,1,1,4),(0.,
    4.761904761905E-02,9.52380952381E-02,0.142857142857,0.190476190476,
    0.238095238095,0.285714285714,0.333333333333,0.380952380952,
    0.428571428571,0.47619047619,0.52380952381,0.571428571429,
    0.619047619048,0.666666666667,0.714285714286,0.761904761905,
    0.809523809524,0.857142857143,0.904761904762,0.952380952381,1.),
  .UNSPECIFIED.);
#5269 = CARTESIAN_POINT('',(1.184736224499,3.183145824518,
    10.933470907067));
#5270 = CARTESIAN_POINT('',(1.306910932345,3.13691169697,10.928750497714
    ));
#5271 = CARTESIAN_POINT('',(1.545930409344,3.030360211207,10.91930967901
    ));
#5272 = CARTESIAN_POINT('',(1.883723095631,2.830399413645,
    10.905148450953));
#5273 = CARTESIAN_POINT('',(2.196305177528,2.592953444571,
    10.890987222896));
#5274 = CARTESIAN_POINT('',(2.479536997526,2.321166944984,
    10.876825994839));
#5275 = CARTESIAN_POINT('',(2.729667463682,2.018639408662,
    10.862664766782));
#5276 = CARTESIAN_POINT('',(2.943383909635,1.689377442602,
    10.848503538725));
#5277 = CARTESIAN_POINT('',(3.117855918261,1.337741722766,
    10.834342310668));
#5278 = CARTESIAN_POINT('',(3.250772820132,0.968389237286,
    10.820181082612));
#5279 = CARTESIAN_POINT('',(3.340374292038,0.586211611635,
    10.806019854555));
#5280 = CARTESIAN_POINT('',(3.385473671268,0.196270324628,
    10.791858626498));
#5281 = CARTESIAN_POINT('',(3.385473671268,-0.196270324628,
    10.777697398441));
#5282 = CARTESIAN_POINT('',(3.340374292038,-0.586211611635,
    10.763536170384));
#5283 = CARTESIAN_POINT('',(3.250772820132,-0.968389237286,
    10.749374942327));
#5284 = CARTESIAN_POINT('',(3.117855918261,-1.337741722766,
    10.73521371427));
#5285 = CARTESIAN_POINT('',(2.943383909635,-1.689377442602,
    10.721052486213));
#5286 = CARTESIAN_POINT('',(2.729667463682,-2.018639408662,
    10.706891258156));
#5287 = CARTESIAN_POINT('',(2.479536997526,-2.321166944984,10.6927300301
    ));
#5288 = CARTESIAN_POINT('',(2.196305177528,-2.592953444571,
    10.678568802043));
#5289 = CARTESIAN_POINT('',(1.883723095631,-2.830399413645,
    10.664407573986));
#5290 = CARTESIAN_POINT('',(1.545930409344,-3.030360211207,
    10.650246345929));
#5291 = CARTESIAN_POINT('',(1.306910932345,-3.13691169697,
    10.640805527224));
#5292 = CARTESIAN_POINT('',(1.184736224499,-3.183145824518,
    10.636085117872));
#5293 = B_SPLINE_SURFACE_WITH_KNOTS('',1,3,(
    (#5294,#5295,#5296,#5297,#5298,#5299,#5300,#5301,#5302,#5303,#5304
      ,#5305,#5306,#5307,#5308,#5309,#5310,#5311,#5312,#5313,#5314,#5315
      ,#5316,#5317,#5318,#5319,#5320,#5321,#5322)
    ,(#5323,#5324,#5325,#5326,#5327,#5328,#5329,#5330,#5331,#5332,#5333
      ,#5334,#5335,#5336,#5337,#5338,#5339,#5340,#5341,#5342,#5343,#5344
      ,#5345,#5346,#5347,#5348,#5349,#5350,#5351
  )),.UNSPECIFIED.,.F.,.F.,.F.,(2,2),(4,1,1,1,1,1,1,1,1,1,1,1,1,1,1,1,1,
    1,1,1,1,1,1,1,1,1,4),(0.,1.),(11.357345483466,11.450347416611,
    11.543349349757,11.636351282903,11.729353216048,11.822355149194,
    11.91535708234,12.008359015485,12.101360948631,12.194362881777,
    12.287364814922,12.380366748068,12.473368681214,12.566370614359,
    12.659372547505,12.752374480651,12.845376413796,12.938378346942,
    13.031380280087,13.124382213233,13.217384146379,13.310386079524,
    13.40338801267,13.496389945816,13.589391878961,13.682393812107,
    13.775395745253),.UNSPECIFIED.);
#5294 = CARTESIAN_POINT('',(1.128840587599,3.035440363847,
    10.905623955203));
#5295 = CARTESIAN_POINT('',(1.222941194861,2.999830215436,10.90181131688
    ));
#5296 = CARTESIAN_POINT('',(1.407828073347,2.919852121801,
    10.894186040234));
#5297 = CARTESIAN_POINT('',(1.672818896919,2.774648287205,
    10.882748125265));
#5298 = CARTESIAN_POINT('',(1.923179738939,2.605462825897,
    10.871310210296));
#5299 = CARTESIAN_POINT('',(2.156746735819,2.413758015322,
    10.859872295327));
#5300 = CARTESIAN_POINT('',(2.371501128414,2.201190788271,
    10.848434380358));
#5301 = CARTESIAN_POINT('',(2.565586769872,1.969598389295,
    10.836996465389));
#5302 = CARTESIAN_POINT('',(2.737326152618,1.720982501199,10.82555855042
    ));
#5303 = CARTESIAN_POINT('',(2.885234911533,1.457491942626,
    10.814120635451));
#5304 = CARTESIAN_POINT('',(3.008034652366,1.181404095977,
    10.802682720482));
#5305 = CARTESIAN_POINT('',(3.104664001365,0.895105223593,
    10.791244805513));
#5306 = CARTESIAN_POINT('',(3.174287778783,0.60106984301,10.779806890544
    ));
#5307 = CARTESIAN_POINT('',(3.216304217466,0.301839339389,
    10.768368975575));
#5308 = CARTESIAN_POINT('',(3.230350163994,-2.735037583618E-14,
    10.756931060606));
#5309 = CARTESIAN_POINT('',(3.216304217466,-0.301839339389,
    10.745493145637));
#5310 = CARTESIAN_POINT('',(3.174287778783,-0.60106984301,
    10.734055230668));
#5311 = CARTESIAN_POINT('',(3.104664001365,-0.895105223593,
    10.722617315699));
#5312 = CARTESIAN_POINT('',(3.008034652366,-1.181404095978,
    10.71117940073));
#5313 = CARTESIAN_POINT('',(2.885234911533,-1.457491942626,
    10.699741485761));
#5314 = CARTESIAN_POINT('',(2.737326152618,-1.720982501199,
    10.688303570792));
#5315 = CARTESIAN_POINT('',(2.565586769872,-1.969598389295,
    10.676865655823));
#5316 = CARTESIAN_POINT('',(2.371501128414,-2.201190788271,
    10.665427740854));
#5317 = CARTESIAN_POINT('',(2.156746735819,-2.413758015322,
    10.653989825885));
#5318 = CARTESIAN_POINT('',(1.923179738939,-2.605462825897,
    10.642551910916));
#5319 = CARTESIAN_POINT('',(1.672818896919,-2.774648287205,
    10.631113995947));
#5320 = CARTESIAN_POINT('',(1.407828073347,-2.919852121801,
    10.619676080978));
#5321 = CARTESIAN_POINT('',(1.222941194861,-2.999830215436,
    10.612050804332));
#5322 = CARTESIAN_POINT('',(1.128840587599,-3.035440363847,
    10.608238166009));
#5323 = CARTESIAN_POINT('',(1.184736224499,3.183145824518,
    10.933470907067));
#5324 = CARTESIAN_POINT('',(1.283415796221,3.145802875345,
    10.929658268744));
#5325 = CARTESIAN_POINT('',(1.477299327016,3.061933023101,
    10.922032992098));
#5326 = CARTESIAN_POINT('',(1.755184685474,2.909663525304,
    10.910595077129));
#5327 = CARTESIAN_POINT('',(2.017728162984,2.73224544747,10.89915716216)
  );
#5328 = CARTESIAN_POINT('',(2.262660601691,2.531212221916,
    10.887719247191));
#5329 = CARTESIAN_POINT('',(2.487865009007,2.308301408291,
    10.876281332222));
#5330 = CARTESIAN_POINT('',(2.691394917407,2.065439652029,
    10.864843417253));
#5331 = CARTESIAN_POINT('',(2.87149119128,1.804726038437,10.853405502284
    ));
#5332 = CARTESIAN_POINT('',(3.026597235845,1.528413948333,
    10.841967587315));
#5333 = CARTESIAN_POINT('',(3.155372449794,1.238891582246,
    10.830529672345));
#5334 = CARTESIAN_POINT('',(3.256703812603,0.938661318772,
    10.819091757376));
#5335 = CARTESIAN_POINT('',(3.329715504421,0.630318086235,
    10.807653842407));
#5336 = CARTESIAN_POINT('',(3.373776475918,0.316526934376,
    10.796215927438));
#5337 = CARTESIAN_POINT('',(3.388505902519,-2.869490873474E-14,
    10.784778012469));
#5338 = CARTESIAN_POINT('',(3.373776475918,-0.316526934376,10.7733400975
    ));
#5339 = CARTESIAN_POINT('',(3.329715504421,-0.630318086235,
    10.761902182531));
#5340 = CARTESIAN_POINT('',(3.256703812603,-0.938661318772,
    10.750464267562));
#5341 = CARTESIAN_POINT('',(3.155372449794,-1.238891582246,
    10.739026352593));
#5342 = CARTESIAN_POINT('',(3.026597235845,-1.528413948333,
    10.727588437624));
#5343 = CARTESIAN_POINT('',(2.87149119128,-1.804726038438,
    10.716150522655));
#5344 = CARTESIAN_POINT('',(2.691394917407,-2.065439652029,
    10.704712607686));
#5345 = CARTESIAN_POINT('',(2.487865009007,-2.308301408291,
    10.693274692717));
#5346 = CARTESIAN_POINT('',(2.262660601691,-2.531212221916,
    10.681836777748));
#5347 = CARTESIAN_POINT('',(2.017728162984,-2.73224544747,
    10.670398862779));
#5348 = CARTESIAN_POINT('',(1.755184685474,-2.909663525304,
    10.65896094781));
#5349 = CARTESIAN_POINT('',(1.477299327016,-3.061933023101,
    10.647523032841));
#5350 = CARTESIAN_POINT('',(1.283415796221,-3.145802875345,
    10.639897756195));
#5351 = CARTESIAN_POINT('',(1.184736224499,-3.183145824518,
    10.636085117872));
#5352 = ADVANCED_FACE('',(#5353),#5359,.T.);
#5353 = FACE_BOUND('',#5354,.T.);
#5354 = EDGE_LOOP('',(#5355,#5356,#5357,#5358));
#5355 = ORIENTED_EDGE('',*,*,#4815,.F.);
#5356 = ORIENTED_EDGE('',*,*,#5267,.F.);
#5357 = ORIENTED_EDGE('',*,*,#2378,.T.);
#5358 = ORIENTED_EDGE('',*,*,#5173,.T.);
#5359 = ( BOUNDED_SURFACE() B_SPLINE_SURFACE(3,3,(
    (#5360,#5361,#5362,#5363,#5364,#5365,#5366,#5367,#5368,#5369,#5370
      ,#5371,#5372,#5373,#5374,#5375,#5376,#5377,#5378,#5379,#5380,#5381
      ,#5382,#5383,#5384,#5385,#5386,#5387,#5388)
    ,(#5389,#5390,#5391,#5392,#5393,#5394,#5395,#5396,#5397,#5398,#5399
      ,#5400,#5401,#5402,#5403,#5404,#5405,#5406,#5407,#5408,#5409,#5410
      ,#5411,#5412,#5413,#5414,#5415,#5416,#5417)
    ,(#5418,#5419,#5420,#5421,#5422,#5423,#5424,#5425,#5426,#5427,#5428
      ,#5429,#5430,#5431,#5432,#5433,#5434,#5435,#5436,#5437,#5438,#5439
      ,#5440,#5441,#5442,#5443,#5444,#5445,#5446)
    ,(#5447,#5448,#5449,#5450,#5451,#5452,#5453,#5454,#5455,#5456,#5457
      ,#5458,#5459,#5460,#5461,#5462,#5463,#5464,#5465,#5466,#5467,#5468
      ,#5469,#5470,#5471,#5472,#5473,#5474,#5475
)),.UNSPECIFIED.,.F.,.F.,.F.) B_SPLINE_SURFACE_WITH_KNOTS((4,4),(4,1,1,1
    ,1,1,1,1,1,1,1,1,1,1,1,1,1,1,1,1,1,1,1,1,1,1,4),(0.,2.792526803191),
  (11.349315858134,11.442935454085,11.536555050036,11.630174645987,
    11.723794241937,11.817413837888,11.911033433839,12.00465302979,
    12.09827262574,12.191892221691,12.285511817642,12.379131413592,
    12.472751009543,12.566370605494,12.659990201445,12.753609797395,
    12.847229393346,12.940848989297,13.034468585248,13.128088181198,
    13.221707777149,13.3153273731,13.40894696905,13.502566565001,
    13.596186160952,13.689805756903,13.783425352853),.UNSPECIFIED.) 
GEOMETRIC_REPRESENTATION_ITEM() RATIONAL_B_SPLINE_SURFACE((
    (1.,1.,1.,1.,1.,1.,1.,1.,1.,1.,1.,1.,1.,1.,1.,1.,1.,1.,1.,1.,1.,1.
      ,1.,1.,1.,1.,1.,1.,1.)
    ,(0.449098785111,0.449098785111,0.449098785111,0.449098785111
      ,0.449098785111,0.449098785111,0.449098785111,0.449098785111
      ,0.449098785111,0.449098785111,0.449098785111,0.449098785111
      ,0.449098785111,0.449098785111,0.449098785111,0.449098785111
      ,0.449098785111,0.449098785111,0.449098785111,0.449098785111
      ,0.449098785111,0.449098785111,0.449098785111,0.449098785111
      ,0.449098785111,0.449098785111,0.449098785111,0.449098785111
      ,0.449098785111)
    ,(0.449098785111,0.449098785111,0.449098785111,0.449098785111
      ,0.449098785111,0.449098785111,0.449098785111,0.449098785111
      ,0.449098785111,0.449098785111,0.449098785111,0.449098785111
      ,0.449098785111,0.449098785111,0.449098785111,0.449098785111
      ,0.449098785111,0.449098785111,0.449098785111,0.449098785111
      ,0.449098785111,0.449098785111,0.449098785111,0.449098785111
      ,0.449098785111,0.449098785111,0.449098785111,0.449098785111
      ,0.449098785111)
    ,(1.,1.,1.,1.,1.,1.,1.,1.,1.,1.,1.,1.,1.,1.,1.,1.,1.,1.,1.,1.,1.,1.
,1.,1.,1.,1.,1.,1.,1.))) REPRESENTATION_ITEM('') SURFACE() );
#5360 = CARTESIAN_POINT('',(1.159138198241,3.192715480716,
    10.934458436774));
#5361 = CARTESIAN_POINT('',(1.258771776004,3.1559233478,10.930620477204)
  );
#5362 = CARTESIAN_POINT('',(1.454591802941,3.073004666348,
    10.922944558065));
#5363 = CARTESIAN_POINT('',(1.735408462661,2.921712521706,
    10.911430679356));
#5364 = CARTESIAN_POINT('',(2.000852134999,2.744831361273,
    10.899916800647));
#5365 = CARTESIAN_POINT('',(2.248598043682,2.54391033592,10.888402921939
    ));
#5366 = CARTESIAN_POINT('',(2.476476362519,2.320709161988,10.87688904323
    ));
#5367 = CARTESIAN_POINT('',(2.682491283885,2.077182685416,
    10.865375164521));
#5368 = CARTESIAN_POINT('',(2.864838481134,1.815463767155,
    10.853861285812));
#5369 = CARTESIAN_POINT('',(3.021920915955,1.537844601361,
    10.842347407103));
#5370 = CARTESIAN_POINT('',(3.152362824345,1.246756640301,
    10.830833528395));
#5371 = CARTESIAN_POINT('',(3.255021766208,0.944749299006,
    10.819319649686));
#5372 = CARTESIAN_POINT('',(3.328998631011,0.63446762695,10.807805770977
    ));
#5373 = CARTESIAN_POINT('',(3.373645512431,0.318629142088,
    10.796291892268));
#5374 = CARTESIAN_POINT('',(3.388571382851,3.021652087185E-08,
    10.78477801356));
#5375 = CARTESIAN_POINT('',(3.37364551808,-0.31862908192,10.773264134851
    ));
#5376 = CARTESIAN_POINT('',(3.328998642261,-0.634467567573,
    10.761750256142));
#5377 = CARTESIAN_POINT('',(3.255021782958,-0.944749240941,
    10.750236377433));
#5378 = CARTESIAN_POINT('',(3.15236284645,-1.246756584056,
    10.738722498725));
#5379 = CARTESIAN_POINT('',(3.021920943221,-1.537844547429,
    10.727208620016));
#5380 = CARTESIAN_POINT('',(2.864838513324,-1.815463716008,
    10.715694741307));
#5381 = CARTESIAN_POINT('',(2.682491320714,-2.077182637502,
    10.704180862598));
#5382 = CARTESIAN_POINT('',(2.476476403666,-2.320709117726,
    10.69266698389));
#5383 = CARTESIAN_POINT('',(2.248598088787,-2.543910295699,
    10.681153105181));
#5384 = CARTESIAN_POINT('',(2.000852183666,-2.744831325445,
    10.669639226472));
#5385 = CARTESIAN_POINT('',(1.735408514464,-2.921712490584,
    10.658125347763));
#5386 = CARTESIAN_POINT('',(1.454591857427,-3.073004640205,
    10.646611469054));
#5387 = CARTESIAN_POINT('',(1.25877183196,-3.155923325129,
    10.638935549915));
#5388 = CARTESIAN_POINT('',(1.159138254849,-3.192715459812,
    10.635097590346));
#5389 = CARTESIAN_POINT('',(1.20373557764,3.313485768171,10.957159046868
    ));
#5390 = CARTESIAN_POINT('',(1.307137977241,3.275301905708,
    10.953321087298));
#5391 = CARTESIAN_POINT('',(1.510365253927,3.189246673863,
    10.945645168159));
#5392 = CARTESIAN_POINT('',(1.801804316088,3.032231627851,10.93413128945
    ));
#5393 = CARTESIAN_POINT('',(2.077288879575,2.848659614845,
    10.922617410741));
#5394 = CARTESIAN_POINT('',(2.334406229211,2.640138385173,
    10.911103532032));
#5395 = CARTESIAN_POINT('',(2.570904461171,2.408494219655,
    10.899589653324));
#5396 = CARTESIAN_POINT('',(2.784712272766,2.155755909848,
    10.888075774615));
#5397 = CARTESIAN_POINT('',(2.973957085403,1.884136996056,
    10.876561895906));
#5398 = CARTESIAN_POINT('',(3.136981449883,1.596016378862,
    10.865048017197));
#5399 = CARTESIAN_POINT('',(3.27235756142,1.293917484649,10.853534138489
    ));
#5400 = CARTESIAN_POINT('',(3.378899765037,0.980486164725,10.84202025978
    ));
#5401 = CARTESIAN_POINT('',(3.455674939706,0.658467522384,
    10.830506381071));
#5402 = CARTESIAN_POINT('',(3.502010670863,0.330681870656,
    10.818992502362));
#5403 = CARTESIAN_POINT('',(3.517501139561,3.135951585068E-08,
    10.807478623654));
#5404 = CARTESIAN_POINT('',(3.502010676726,-0.330681808211,
    10.795964744945));
#5405 = CARTESIAN_POINT('',(3.455674951381,-0.658467460761,
    10.784450866236));
#5406 = CARTESIAN_POINT('',(3.378899782421,-0.980486104463,
    10.772936987527));
#5407 = CARTESIAN_POINT('',(3.272357584362,-1.293917426277,
    10.761423108819));
#5408 = CARTESIAN_POINT('',(3.136981478181,-1.59601632289,10.74990923011
    ));
#5409 = CARTESIAN_POINT('',(2.97395711881,-1.884136942974,
    10.738395351401));
#5410 = CARTESIAN_POINT('',(2.784712310989,-2.155755860122,
    10.726881472692));
#5411 = CARTESIAN_POINT('',(2.570904503875,-2.40849417372,
    10.715367593983));
#5412 = CARTESIAN_POINT('',(2.334406276022,-2.640138343431,
    10.703853715275));
#5413 = CARTESIAN_POINT('',(2.077288930083,-2.848659577662,
    10.692339836566));
#5414 = CARTESIAN_POINT('',(1.801804369851,-3.032231595553,
    10.680825957857));
#5415 = CARTESIAN_POINT('',(1.510365310474,-3.189246646732,
    10.669312079148));
#5416 = CARTESIAN_POINT('',(1.307138035314,-3.27530188218,
    10.661636160009));
#5417 = CARTESIAN_POINT('',(1.20373563639,-3.313485746476,10.65779820044
    ));
#5418 = CARTESIAN_POINT('',(1.20373557764,3.313485768171,11.087886650226
    ));
#5419 = CARTESIAN_POINT('',(1.307137977241,3.275301905708,
    11.084048690656));
#5420 = CARTESIAN_POINT('',(1.510365253927,3.189246673863,
    11.076372771517));
#5421 = CARTESIAN_POINT('',(1.801804316088,3.032231627851,
    11.064858892808));
#5422 = CARTESIAN_POINT('',(2.077288879575,2.848659614845,11.0533450141)
  );
#5423 = CARTESIAN_POINT('',(2.334406229211,2.640138385173,
    11.041831135391));
#5424 = CARTESIAN_POINT('',(2.570904461171,2.408494219655,
    11.030317256682));
#5425 = CARTESIAN_POINT('',(2.784712272766,2.155755909848,
    11.018803377973));
#5426 = CARTESIAN_POINT('',(2.973957085403,1.884136996056,
    11.007289499264));
#5427 = CARTESIAN_POINT('',(3.136981449883,1.596016378862,
    10.995775620556));
#5428 = CARTESIAN_POINT('',(3.27235756142,1.293917484649,10.984261741847
    ));
#5429 = CARTESIAN_POINT('',(3.378899765037,0.980486164725,
    10.972747863138));
#5430 = CARTESIAN_POINT('',(3.455674939706,0.658467522384,
    10.961233984429));
#5431 = CARTESIAN_POINT('',(3.502010670863,0.330681870656,
    10.949720105721));
#5432 = CARTESIAN_POINT('',(3.517501139561,3.135951582165E-08,
    10.938206227012));
#5433 = CARTESIAN_POINT('',(3.502010676726,-0.330681808211,
    10.926692348303));
#5434 = CARTESIAN_POINT('',(3.455674951381,-0.658467460761,
    10.915178469594));
#5435 = CARTESIAN_POINT('',(3.378899782421,-0.980486104463,
    10.903664590886));
#5436 = CARTESIAN_POINT('',(3.272357584362,-1.293917426277,
    10.892150712177));
#5437 = CARTESIAN_POINT('',(3.136981478181,-1.59601632289,
    10.880636833468));
#5438 = CARTESIAN_POINT('',(2.97395711881,-1.884136942974,
    10.869122954759));
#5439 = CARTESIAN_POINT('',(2.784712310989,-2.155755860122,
    10.857609076051));
#5440 = CARTESIAN_POINT('',(2.570904503875,-2.40849417372,
    10.846095197342));
#5441 = CARTESIAN_POINT('',(2.334406276022,-2.640138343431,
    10.834581318633));
#5442 = CARTESIAN_POINT('',(2.077288930083,-2.848659577662,
    10.823067439924));
#5443 = CARTESIAN_POINT('',(1.801804369851,-3.032231595553,
    10.811553561215));
#5444 = CARTESIAN_POINT('',(1.510365310474,-3.189246646732,
    10.800039682507));
#5445 = CARTESIAN_POINT('',(1.307138035314,-3.27530188218,
    10.792363763368));
#5446 = CARTESIAN_POINT('',(1.20373563639,-3.313485746476,
    10.788525803798));
#5447 = CARTESIAN_POINT('',(1.159138198241,3.192715480716,11.11058726032
    ));
#5448 = CARTESIAN_POINT('',(1.258771776004,3.1559233478,11.10674930075)
  );
#5449 = CARTESIAN_POINT('',(1.454591802941,3.073004666348,
    11.099073381611));
#5450 = CARTESIAN_POINT('',(1.735408462661,2.921712521706,
    11.087559502902));
#5451 = CARTESIAN_POINT('',(2.000852134999,2.744831361273,
    11.076045624193));
#5452 = CARTESIAN_POINT('',(2.248598043682,2.54391033592,11.064531745485
    ));
#5453 = CARTESIAN_POINT('',(2.476476362519,2.320709161988,
    11.053017866776));
#5454 = CARTESIAN_POINT('',(2.682491283885,2.077182685416,
    11.041503988067));
#5455 = CARTESIAN_POINT('',(2.864838481134,1.815463767155,
    11.029990109358));
#5456 = CARTESIAN_POINT('',(3.021920915955,1.537844601361,11.01847623065
    ));
#5457 = CARTESIAN_POINT('',(3.152362824345,1.246756640301,
    11.006962351941));
#5458 = CARTESIAN_POINT('',(3.255021766208,0.944749299006,
    10.995448473232));
#5459 = CARTESIAN_POINT('',(3.328998631011,0.63446762695,10.983934594523
    ));
#5460 = CARTESIAN_POINT('',(3.373645512431,0.318629142088,
    10.972420715815));
#5461 = CARTESIAN_POINT('',(3.388571382851,3.021652083274E-08,
    10.960906837106));
#5462 = CARTESIAN_POINT('',(3.37364551808,-0.31862908192,10.949392958397
    ));
#5463 = CARTESIAN_POINT('',(3.328998642261,-0.634467567573,
    10.937879079688));
#5464 = CARTESIAN_POINT('',(3.255021782958,-0.944749240941,
    10.926365200979));
#5465 = CARTESIAN_POINT('',(3.15236284645,-1.246756584056,
    10.914851322271));
#5466 = CARTESIAN_POINT('',(3.021920943221,-1.537844547429,
    10.903337443562));
#5467 = CARTESIAN_POINT('',(2.864838513324,-1.815463716008,
    10.891823564853));
#5468 = CARTESIAN_POINT('',(2.682491320714,-2.077182637502,
    10.880309686144));
#5469 = CARTESIAN_POINT('',(2.476476403666,-2.320709117726,
    10.868795807436));
#5470 = CARTESIAN_POINT('',(2.248598088787,-2.543910295699,
    10.857281928727));
#5471 = CARTESIAN_POINT('',(2.000852183666,-2.744831325445,
    10.845768050018));
#5472 = CARTESIAN_POINT('',(1.735408514464,-2.921712490584,
    10.834254171309));
#5473 = CARTESIAN_POINT('',(1.454591857427,-3.073004640205,
    10.822740292601));
#5474 = CARTESIAN_POINT('',(1.25877183196,-3.155923325129,
    10.815064373461));
#5475 = CARTESIAN_POINT('',(1.159138254849,-3.192715459812,
    10.811226413892));
#5476 = ADVANCED_FACE('',(#5477),#5509,.T.);
#5477 = FACE_BOUND('',#5478,.T.);
#5478 = EDGE_LOOP('',(#5479,#5480,#5507,#5508));
#5479 = ORIENTED_EDGE('',*,*,#4784,.F.);
#5480 = ORIENTED_EDGE('',*,*,#5481,.F.);
#5481 = EDGE_CURVE('',#2511,#4734,#5482,.T.);
#5482 = B_SPLINE_CURVE_WITH_KNOTS('',3,(#5483,#5484,#5485,#5486,#5487,
    #5488,#5489,#5490,#5491,#5492,#5493,#5494,#5495,#5496,#5497,#5498,
    #5499,#5500,#5501,#5502,#5503,#5504,#5505,#5506),.UNSPECIFIED.,.F.,
  .F.,(4,1,1,1,1,1,1,1,1,1,1,1,1,1,1,1,1,1,1,1,1,4),(0.,
    4.761904761905E-02,9.523809523809E-02,0.142857142857,0.190476190476,
    0.238095238095,0.285714285714,0.333333333333,0.380952380952,
    0.428571428571,0.47619047619,0.52380952381,0.571428571429,
    0.619047619048,0.666666666667,0.714285714286,0.761904761905,
    0.809523809524,0.857142857143,0.904761904762,0.952380952381,1.),
  .UNSPECIFIED.);
#5483 = CARTESIAN_POINT('',(1.184736224499,3.183145824518,10.33685730637
    ));
#5484 = CARTESIAN_POINT('',(1.306910932345,3.13691169697,10.332136897018
    ));
#5485 = CARTESIAN_POINT('',(1.545930409344,3.030360211207,
    10.322696078314));
#5486 = CARTESIAN_POINT('',(1.883723095631,2.830399413645,
    10.308534850257));
#5487 = CARTESIAN_POINT('',(2.196305177528,2.592953444571,10.2943736222)
  );
#5488 = CARTESIAN_POINT('',(2.479536997526,2.321166944984,
    10.280212394143));
#5489 = CARTESIAN_POINT('',(2.729667463682,2.018639408662,
    10.266051166086));
#5490 = CARTESIAN_POINT('',(2.943383909635,1.689377442602,
    10.251889938029));
#5491 = CARTESIAN_POINT('',(3.117855918261,1.337741722766,
    10.237728709972));
#5492 = CARTESIAN_POINT('',(3.250772820132,0.968389237286,
    10.223567481915));
#5493 = CARTESIAN_POINT('',(3.340374292038,0.586211611635,
    10.209406253858));
#5494 = CARTESIAN_POINT('',(3.385473671268,0.196270324628,
    10.195245025802));
#5495 = CARTESIAN_POINT('',(3.385473671268,-0.196270324628,
    10.181083797745));
#5496 = CARTESIAN_POINT('',(3.340374292038,-0.586211611635,
    10.166922569688));
#5497 = CARTESIAN_POINT('',(3.250772820132,-0.968389237286,
    10.152761341631));
#5498 = CARTESIAN_POINT('',(3.117855918261,-1.337741722766,
    10.138600113574));
#5499 = CARTESIAN_POINT('',(2.943383909635,-1.689377442602,
    10.124438885517));
#5500 = CARTESIAN_POINT('',(2.729667463682,-2.018639408662,
    10.11027765746));
#5501 = CARTESIAN_POINT('',(2.479536997526,-2.321166944984,
    10.096116429403));
#5502 = CARTESIAN_POINT('',(2.196305177528,-2.592953444571,
    10.081955201346));
#5503 = CARTESIAN_POINT('',(1.883723095631,-2.830399413645,
    10.067793973289));
#5504 = CARTESIAN_POINT('',(1.545930409344,-3.030360211207,
    10.053632745233));
#5505 = CARTESIAN_POINT('',(1.306910932345,-3.13691169697,
    10.044191926528));
#5506 = CARTESIAN_POINT('',(1.184736224499,-3.183145824518,
    10.039471517176));
#5507 = ORIENTED_EDGE('',*,*,#2510,.T.);
#5508 = ORIENTED_EDGE('',*,*,#2436,.T.);
#5509 = B_SPLINE_SURFACE_WITH_KNOTS('',1,3,(
    (#5510,#5511,#5512,#5513,#5514,#5515,#5516,#5517,#5518,#5519,#5520
      ,#5521,#5522,#5523,#5524,#5525,#5526,#5527,#5528,#5529,#5530,#5531
      ,#5532,#5533,#5534,#5535,#5536,#5537,#5538)
    ,(#5539,#5540,#5541,#5542,#5543,#5544,#5545,#5546,#5547,#5548,#5549
      ,#5550,#5551,#5552,#5553,#5554,#5555,#5556,#5557,#5558,#5559,#5560
      ,#5561,#5562,#5563,#5564,#5565,#5566,#5567
  )),.UNSPECIFIED.,.F.,.F.,.F.,(2,2),(4,1,1,1,1,1,1,1,1,1,1,1,1,1,1,1,1,
    1,1,1,1,1,1,1,1,1,4),(0.,1.),(17.640530790645,17.733532723791,
    17.826534656937,17.919536590082,18.012538523228,18.105540456374,
    18.198542389519,18.291544322665,18.38454625581,18.477548188956,
    18.570550122102,18.663552055248,18.756553988393,18.849555921539,
    18.942557854684,19.03555978783,19.128561720976,19.221563654121,
    19.314565587267,19.407567520413,19.500569453558,19.593571386704,
    19.68657331985,19.779575252995,19.872577186141,19.965579119286,
    20.058581052432),.UNSPECIFIED.);
#5510 = CARTESIAN_POINT('',(1.184736224499,3.183145824518,10.33685730637
    ));
#5511 = CARTESIAN_POINT('',(1.283415796221,3.145802875345,
    10.333044668047));
#5512 = CARTESIAN_POINT('',(1.477299327016,3.061933023101,
    10.325419391401));
#5513 = CARTESIAN_POINT('',(1.755184685474,2.909663525304,
    10.313981476432));
#5514 = CARTESIAN_POINT('',(2.017728162984,2.73224544747,10.302543561463
    ));
#5515 = CARTESIAN_POINT('',(2.262660601691,2.531212221916,
    10.291105646494));
#5516 = CARTESIAN_POINT('',(2.487865009007,2.308301408291,
    10.279667731525));
#5517 = CARTESIAN_POINT('',(2.691394917407,2.065439652029,
    10.268229816556));
#5518 = CARTESIAN_POINT('',(2.87149119128,1.804726038438,10.256791901587
    ));
#5519 = CARTESIAN_POINT('',(3.026597235845,1.528413948333,
    10.245353986618));
#5520 = CARTESIAN_POINT('',(3.155372449794,1.238891582246,
    10.233916071649));
#5521 = CARTESIAN_POINT('',(3.256703812603,0.938661318772,10.22247815668
    ));
#5522 = CARTESIAN_POINT('',(3.32971550442,0.630318086235,10.211040241711
    ));
#5523 = CARTESIAN_POINT('',(3.373776475918,0.316526934377,
    10.199602326742));
#5524 = CARTESIAN_POINT('',(3.388505902519,5.09406818035E-14,
    10.188164411773));
#5525 = CARTESIAN_POINT('',(3.373776475918,-0.316526934376,
    10.176726496804));
#5526 = CARTESIAN_POINT('',(3.329715504421,-0.630318086235,
    10.165288581835));
#5527 = CARTESIAN_POINT('',(3.256703812603,-0.938661318772,
    10.153850666866));
#5528 = CARTESIAN_POINT('',(3.155372449794,-1.238891582245,
    10.142412751897));
#5529 = CARTESIAN_POINT('',(3.026597235845,-1.528413948333,
    10.130974836928));
#5530 = CARTESIAN_POINT('',(2.87149119128,-1.804726038437,
    10.119536921959));
#5531 = CARTESIAN_POINT('',(2.691394917407,-2.065439652029,
    10.10809900699));
#5532 = CARTESIAN_POINT('',(2.487865009008,-2.30830140829,
    10.096661092021));
#5533 = CARTESIAN_POINT('',(2.262660601691,-2.531212221916,
    10.085223177052));
#5534 = CARTESIAN_POINT('',(2.017728162984,-2.73224544747,
    10.073785262083));
#5535 = CARTESIAN_POINT('',(1.755184685474,-2.909663525304,
    10.062347347114));
#5536 = CARTESIAN_POINT('',(1.477299327016,-3.061933023101,
    10.050909432145));
#5537 = CARTESIAN_POINT('',(1.283415796221,-3.145802875345,
    10.043284155499));
#5538 = CARTESIAN_POINT('',(1.184736224499,-3.183145824518,
    10.039471517176));
#5539 = CARTESIAN_POINT('',(1.128840587599,3.035440363847,
    10.364704258234));
#5540 = CARTESIAN_POINT('',(1.222941194861,2.999830215436,
    10.360891619911));
#5541 = CARTESIAN_POINT('',(1.407828073347,2.919852121801,
    10.353266343265));
#5542 = CARTESIAN_POINT('',(1.672818896919,2.774648287205,
    10.341828428296));
#5543 = CARTESIAN_POINT('',(1.923179738939,2.605462825897,
    10.330390513327));
#5544 = CARTESIAN_POINT('',(2.156746735819,2.413758015322,
    10.318952598358));
#5545 = CARTESIAN_POINT('',(2.371501128414,2.201190788271,
    10.307514683389));
#5546 = CARTESIAN_POINT('',(2.565586769872,1.969598389295,10.29607676842
    ));
#5547 = CARTESIAN_POINT('',(2.737326152618,1.720982501199,
    10.284638853451));
#5548 = CARTESIAN_POINT('',(2.885234911533,1.457491942626,
    10.273200938482));
#5549 = CARTESIAN_POINT('',(3.008034652366,1.181404095978,
    10.261763023513));
#5550 = CARTESIAN_POINT('',(3.104664001365,0.895105223593,
    10.250325108543));
#5551 = CARTESIAN_POINT('',(3.174287778783,0.60106984301,10.238887193574
    ));
#5552 = CARTESIAN_POINT('',(3.216304217466,0.301839339389,
    10.227449278605));
#5553 = CARTESIAN_POINT('',(3.230350163994,4.856664918714E-14,
    10.216011363636));
#5554 = CARTESIAN_POINT('',(3.216304217466,-0.301839339389,
    10.204573448667));
#5555 = CARTESIAN_POINT('',(3.174287778783,-0.60106984301,
    10.193135533698));
#5556 = CARTESIAN_POINT('',(3.104664001365,-0.895105223592,
    10.181697618729));
#5557 = CARTESIAN_POINT('',(3.008034652366,-1.181404095977,
    10.17025970376));
#5558 = CARTESIAN_POINT('',(2.885234911533,-1.457491942626,
    10.158821788791));
#5559 = CARTESIAN_POINT('',(2.737326152618,-1.720982501199,
    10.147383873822));
#5560 = CARTESIAN_POINT('',(2.565586769872,-1.969598389295,
    10.135945958853));
#5561 = CARTESIAN_POINT('',(2.371501128414,-2.201190788271,
    10.124508043884));
#5562 = CARTESIAN_POINT('',(2.156746735819,-2.413758015322,
    10.113070128915));
#5563 = CARTESIAN_POINT('',(1.923179738939,-2.605462825897,
    10.101632213946));
#5564 = CARTESIAN_POINT('',(1.672818896919,-2.774648287205,
    10.090194298977));
#5565 = CARTESIAN_POINT('',(1.407828073347,-2.919852121801,
    10.078756384008));
#5566 = CARTESIAN_POINT('',(1.222941194861,-2.999830215436,
    10.071131107362));
#5567 = CARTESIAN_POINT('',(1.128840587599,-3.035440363847,
    10.067318469039));
#5568 = ADVANCED_FACE('',(#5569),#5601,.T.);
#5569 = FACE_BOUND('',#5570,.T.);
#5570 = EDGE_LOOP('',(#5571,#5572,#5573,#5574));
#5571 = ORIENTED_EDGE('',*,*,#4721,.F.);
#5572 = ORIENTED_EDGE('',*,*,#2607,.F.);
#5573 = ORIENTED_EDGE('',*,*,#2497,.F.);
#5574 = ORIENTED_EDGE('',*,*,#5575,.T.);
#5575 = EDGE_CURVE('',#2498,#4722,#5576,.T.);
#5576 = B_SPLINE_CURVE_WITH_KNOTS('',3,(#5577,#5578,#5579,#5580,#5581,
    #5582,#5583,#5584,#5585,#5586,#5587,#5588,#5589,#5590,#5591,#5592,
    #5593,#5594,#5595,#5596,#5597,#5598,#5599,#5600),.UNSPECIFIED.,.F.,
  .F.,(4,1,1,1,1,1,1,1,1,1,1,1,1,1,1,1,1,1,1,1,1,4),(0.,
    4.761904761905E-02,9.523809523809E-02,0.142857142857,0.190476190476,
    0.238095238095,0.285714285714,0.333333333333,0.380952380952,
    0.428571428571,0.47619047619,0.52380952381,0.571428571429,
    0.619047619048,0.666666666667,0.714285714286,0.761904761905,
    0.809523809524,0.857142857143,0.904761904762,0.952380952381,1.),
  .UNSPECIFIED.);
#5577 = CARTESIAN_POINT('',(1.184736224499,3.183145824518,
    10.160728482824));
#5578 = CARTESIAN_POINT('',(1.306910932345,3.13691169697,10.156008073472
    ));
#5579 = CARTESIAN_POINT('',(1.545930409344,3.030360211207,
    10.146567254767));
#5580 = CARTESIAN_POINT('',(1.883723095631,2.830399413645,
    10.132406026711));
#5581 = CARTESIAN_POINT('',(2.196305177528,2.592953444571,
    10.118244798654));
#5582 = CARTESIAN_POINT('',(2.479536997526,2.321166944984,
    10.104083570597));
#5583 = CARTESIAN_POINT('',(2.729667463682,2.018639408662,10.08992234254
    ));
#5584 = CARTESIAN_POINT('',(2.943383909635,1.689377442602,
    10.075761114483));
#5585 = CARTESIAN_POINT('',(3.117855918261,1.337741722766,
    10.061599886426));
#5586 = CARTESIAN_POINT('',(3.250772820132,0.968389237286,
    10.047438658369));
#5587 = CARTESIAN_POINT('',(3.340374292038,0.586211611635,
    10.033277430312));
#5588 = CARTESIAN_POINT('',(3.385473671268,0.196270324628,
    10.019116202255));
#5589 = CARTESIAN_POINT('',(3.385473671268,-0.196270324628,
    10.004954974198));
#5590 = CARTESIAN_POINT('',(3.340374292038,-0.586211611635,
    9.990793746142));
#5591 = CARTESIAN_POINT('',(3.250772820132,-0.968389237286,
    9.976632518085));
#5592 = CARTESIAN_POINT('',(3.117855918261,-1.337741722766,
    9.962471290028));
#5593 = CARTESIAN_POINT('',(2.943383909635,-1.689377442602,
    9.948310061971));
#5594 = CARTESIAN_POINT('',(2.729667463682,-2.018639408662,
    9.934148833914));
#5595 = CARTESIAN_POINT('',(2.479536997526,-2.321166944984,
    9.919987605857));
#5596 = CARTESIAN_POINT('',(2.196305177528,-2.592953444571,9.9058263778)
  );
#5597 = CARTESIAN_POINT('',(1.883723095631,-2.830399413645,
    9.891665149743));
#5598 = CARTESIAN_POINT('',(1.545930409344,-3.030360211207,
    9.877503921686));
#5599 = CARTESIAN_POINT('',(1.306910932345,-3.13691169697,9.868063102982
    ));
#5600 = CARTESIAN_POINT('',(1.184736224499,-3.183145824518,9.86334269363
    ));
#5601 = B_SPLINE_SURFACE_WITH_KNOTS('',1,3,(
    (#5602,#5603,#5604,#5605,#5606,#5607,#5608,#5609,#5610,#5611,#5612
      ,#5613,#5614,#5615,#5616,#5617,#5618,#5619,#5620,#5621,#5622,#5623
      ,#5624,#5625,#5626,#5627,#5628,#5629,#5630)
    ,(#5631,#5632,#5633,#5634,#5635,#5636,#5637,#5638,#5639,#5640,#5641
      ,#5642,#5643,#5644,#5645,#5646,#5647,#5648,#5649,#5650,#5651,#5652
      ,#5653,#5654,#5655,#5656,#5657,#5658,#5659
  )),.UNSPECIFIED.,.F.,.F.,.F.,(2,2),(4,1,1,1,1,1,1,1,1,1,1,1,1,1,1,1,1,
    1,1,1,1,1,1,1,1,1,4),(0.,1.),(17.640530790645,17.733532723791,
    17.826534656937,17.919536590082,18.012538523228,18.105540456374,
    18.198542389519,18.291544322665,18.38454625581,18.477548188956,
    18.570550122102,18.663552055248,18.756553988393,18.849555921539,
    18.942557854684,19.03555978783,19.128561720976,19.221563654121,
    19.314565587267,19.407567520413,19.500569453558,19.593571386704,
    19.68657331985,19.779575252995,19.872577186141,19.965579119286,
    20.058581052432),.UNSPECIFIED.);
#5602 = CARTESIAN_POINT('',(1.128840587599,3.035440363847,
    10.132881530961));
#5603 = CARTESIAN_POINT('',(1.222941194861,2.999830215436,
    10.129068892638));
#5604 = CARTESIAN_POINT('',(1.407828073347,2.919852121801,
    10.121443615992));
#5605 = CARTESIAN_POINT('',(1.672818896919,2.774648287205,
    10.110005701023));
#5606 = CARTESIAN_POINT('',(1.923179738939,2.605462825897,
    10.098567786054));
#5607 = CARTESIAN_POINT('',(2.156746735819,2.413758015322,
    10.087129871085));
#5608 = CARTESIAN_POINT('',(2.371501128414,2.201190788271,
    10.075691956116));
#5609 = CARTESIAN_POINT('',(2.565586769872,1.969598389295,
    10.064254041147));
#5610 = CARTESIAN_POINT('',(2.737326152618,1.720982501199,
    10.052816126178));
#5611 = CARTESIAN_POINT('',(2.885234911533,1.457491942626,
    10.041378211209));
#5612 = CARTESIAN_POINT('',(3.008034652366,1.181404095978,10.02994029624
    ));
#5613 = CARTESIAN_POINT('',(3.104664001365,0.895105223593,
    10.018502381271));
#5614 = CARTESIAN_POINT('',(3.174287778783,0.60106984301,10.007064466302
    ));
#5615 = CARTESIAN_POINT('',(3.216304217466,0.301839339389,9.995626551333
    ));
#5616 = CARTESIAN_POINT('',(3.230350163994,4.861812417303E-14,
    9.984188636364));
#5617 = CARTESIAN_POINT('',(3.216304217466,-0.301839339389,
    9.972750721395));
#5618 = CARTESIAN_POINT('',(3.174287778783,-0.60106984301,9.961312806426
    ));
#5619 = CARTESIAN_POINT('',(3.104664001365,-0.895105223592,
    9.949874891457));
#5620 = CARTESIAN_POINT('',(3.008034652366,-1.181404095977,
    9.938436976488));
#5621 = CARTESIAN_POINT('',(2.885234911533,-1.457491942626,
    9.926999061518));
#5622 = CARTESIAN_POINT('',(2.737326152618,-1.720982501199,
    9.915561146549));
#5623 = CARTESIAN_POINT('',(2.565586769872,-1.969598389295,9.90412323158
    ));
#5624 = CARTESIAN_POINT('',(2.371501128414,-2.201190788271,
    9.892685316611));
#5625 = CARTESIAN_POINT('',(2.156746735819,-2.413758015322,
    9.881247401642));
#5626 = CARTESIAN_POINT('',(1.923179738939,-2.605462825897,
    9.869809486673));
#5627 = CARTESIAN_POINT('',(1.672818896919,-2.774648287205,
    9.858371571704));
#5628 = CARTESIAN_POINT('',(1.407828073347,-2.919852121801,
    9.846933656735));
#5629 = CARTESIAN_POINT('',(1.222941194861,-2.999830215436,
    9.839308380089));
#5630 = CARTESIAN_POINT('',(1.128840587599,-3.035440363847,
    9.835495741766));
#5631 = CARTESIAN_POINT('',(1.184736224499,3.183145824518,
    10.160728482824));
#5632 = CARTESIAN_POINT('',(1.283415796221,3.145802875345,
    10.156915844501));
#5633 = CARTESIAN_POINT('',(1.477299327016,3.061933023101,
    10.149290567855));
#5634 = CARTESIAN_POINT('',(1.755184685474,2.909663525304,
    10.137852652886));
#5635 = CARTESIAN_POINT('',(2.017728162984,2.73224544747,10.126414737917
    ));
#5636 = CARTESIAN_POINT('',(2.262660601691,2.531212221916,
    10.114976822948));
#5637 = CARTESIAN_POINT('',(2.487865009007,2.308301408291,
    10.103538907979));
#5638 = CARTESIAN_POINT('',(2.691394917407,2.065439652029,10.09210099301
    ));
#5639 = CARTESIAN_POINT('',(2.87149119128,1.804726038438,10.080663078041
    ));
#5640 = CARTESIAN_POINT('',(3.026597235845,1.528413948333,
    10.069225163072));
#5641 = CARTESIAN_POINT('',(3.155372449794,1.238891582246,
    10.057787248103));
#5642 = CARTESIAN_POINT('',(3.256703812603,0.938661318772,
    10.046349333134));
#5643 = CARTESIAN_POINT('',(3.32971550442,0.630318086235,10.034911418165
    ));
#5644 = CARTESIAN_POINT('',(3.373776475918,0.316526934377,
    10.023473503196));
#5645 = CARTESIAN_POINT('',(3.388505902519,5.097979025854E-14,
    10.012035588227));
#5646 = CARTESIAN_POINT('',(3.373776475918,-0.316526934376,
    10.000597673258));
#5647 = CARTESIAN_POINT('',(3.329715504421,-0.630318086235,
    9.989159758289));
#5648 = CARTESIAN_POINT('',(3.256703812603,-0.938661318772,9.97772184332
    ));
#5649 = CARTESIAN_POINT('',(3.155372449794,-1.238891582245,
    9.966283928351));
#5650 = CARTESIAN_POINT('',(3.026597235845,-1.528413948333,
    9.954846013382));
#5651 = CARTESIAN_POINT('',(2.87149119128,-1.804726038437,9.943408098413
    ));
#5652 = CARTESIAN_POINT('',(2.691394917407,-2.065439652029,
    9.931970183444));
#5653 = CARTESIAN_POINT('',(2.487865009008,-2.30830140829,9.920532268475
    ));
#5654 = CARTESIAN_POINT('',(2.262660601691,-2.531212221916,
    9.909094353506));
#5655 = CARTESIAN_POINT('',(2.017728162984,-2.73224544747,9.897656438537
    ));
#5656 = CARTESIAN_POINT('',(1.755184685474,-2.909663525304,
    9.886218523568));
#5657 = CARTESIAN_POINT('',(1.477299327016,-3.061933023101,
    9.874780608599));
#5658 = CARTESIAN_POINT('',(1.283415796221,-3.145802875345,
    9.867155331953));
#5659 = CARTESIAN_POINT('',(1.184736224499,-3.183145824518,9.86334269363
    ));
#5660 = ADVANCED_FACE('',(#5661),#5667,.T.);
#5661 = FACE_BOUND('',#5662,.T.);
#5662 = EDGE_LOOP('',(#5663,#5664,#5665,#5666));
#5663 = ORIENTED_EDGE('',*,*,#4733,.F.);
#5664 = ORIENTED_EDGE('',*,*,#5575,.F.);
#5665 = ORIENTED_EDGE('',*,*,#2522,.T.);
#5666 = ORIENTED_EDGE('',*,*,#5481,.T.);
#5667 = ( BOUNDED_SURFACE() B_SPLINE_SURFACE(3,3,(
    (#5668,#5669,#5670,#5671,#5672,#5673,#5674,#5675,#5676,#5677,#5678
      ,#5679,#5680,#5681,#5682,#5683,#5684,#5685,#5686,#5687,#5688,#5689
      ,#5690,#5691,#5692,#5693,#5694,#5695,#5696)
    ,(#5697,#5698,#5699,#5700,#5701,#5702,#5703,#5704,#5705,#5706,#5707
      ,#5708,#5709,#5710,#5711,#5712,#5713,#5714,#5715,#5716,#5717,#5718
      ,#5719,#5720,#5721,#5722,#5723,#5724,#5725)
    ,(#5726,#5727,#5728,#5729,#5730,#5731,#5732,#5733,#5734,#5735,#5736
      ,#5737,#5738,#5739,#5740,#5741,#5742,#5743,#5744,#5745,#5746,#5747
      ,#5748,#5749,#5750,#5751,#5752,#5753,#5754)
    ,(#5755,#5756,#5757,#5758,#5759,#5760,#5761,#5762,#5763,#5764,#5765
      ,#5766,#5767,#5768,#5769,#5770,#5771,#5772,#5773,#5774,#5775,#5776
      ,#5777,#5778,#5779,#5780,#5781,#5782,#5783
)),.UNSPECIFIED.,.F.,.F.,.F.) B_SPLINE_SURFACE_WITH_KNOTS((4,4),(4,1,1,1
    ,1,1,1,1,1,1,1,1,1,1,1,1,1,1,1,1,1,1,1,1,1,1,4),(0.,2.792526803191),
  (17.632501165314,17.726120761265,17.819740357216,17.913359953166,
    18.006979549117,18.100599145068,18.194218741018,18.287838336969,
    18.38145793292,18.475077528871,18.568697124821,18.662316720772,
    18.755936316723,18.849555912674,18.943175508624,19.036795104575,
    19.130414700526,19.224034296476,19.317653892427,19.411273488378,
    19.504893084329,19.598512680279,19.69213227623,19.785751872181,
    19.879371468131,19.972991064082,20.066610660033),.UNSPECIFIED.) 
GEOMETRIC_REPRESENTATION_ITEM() RATIONAL_B_SPLINE_SURFACE((
    (1.,1.,1.,1.,1.,1.,1.,1.,1.,1.,1.,1.,1.,1.,1.,1.,1.,1.,1.,1.,1.,1.
      ,1.,1.,1.,1.,1.,1.,1.)
    ,(0.449098785111,0.449098785111,0.449098785111,0.449098785111
      ,0.449098785111,0.449098785111,0.449098785111,0.449098785111
      ,0.449098785111,0.449098785111,0.449098785111,0.449098785111
      ,0.449098785111,0.449098785111,0.449098785111,0.449098785111
      ,0.449098785111,0.449098785111,0.449098785111,0.449098785111
      ,0.449098785111,0.449098785111,0.449098785111,0.449098785111
      ,0.449098785111,0.449098785111,0.449098785111,0.449098785111
      ,0.449098785111)
    ,(0.449098785111,0.449098785111,0.449098785111,0.449098785111
      ,0.449098785111,0.449098785111,0.449098785111,0.449098785111
      ,0.449098785111,0.449098785111,0.449098785111,0.449098785111
      ,0.449098785111,0.449098785111,0.449098785111,0.449098785111
      ,0.449098785111,0.449098785111,0.449098785111,0.449098785111
      ,0.449098785111,0.449098785111,0.449098785111,0.449098785111
      ,0.449098785111,0.449098785111,0.449098785111,0.449098785111
      ,0.449098785111)
    ,(1.,1.,1.,1.,1.,1.,1.,1.,1.,1.,1.,1.,1.,1.,1.,1.,1.,1.,1.,1.,1.,1.
,1.,1.,1.,1.,1.,1.,1.))) REPRESENTATION_ITEM('') SURFACE() );
#5668 = CARTESIAN_POINT('',(1.159138198241,3.192715480716,
    10.161716012531));
#5669 = CARTESIAN_POINT('',(1.258771776004,3.1559233478,10.157878052962)
  );
#5670 = CARTESIAN_POINT('',(1.454591802941,3.073004666348,
    10.150202133822));
#5671 = CARTESIAN_POINT('',(1.735408462661,2.921712521706,
    10.138688255114));
#5672 = CARTESIAN_POINT('',(2.000852134999,2.744831361273,
    10.127174376405));
#5673 = CARTESIAN_POINT('',(2.248598043682,2.54391033592,10.115660497696
    ));
#5674 = CARTESIAN_POINT('',(2.476476362519,2.320709161988,
    10.104146618987));
#5675 = CARTESIAN_POINT('',(2.682491283885,2.077182685416,
    10.092632740279));
#5676 = CARTESIAN_POINT('',(2.864838481134,1.815463767155,10.08111886157
    ));
#5677 = CARTESIAN_POINT('',(3.021920915955,1.537844601361,
    10.069604982861));
#5678 = CARTESIAN_POINT('',(3.152362824345,1.246756640301,
    10.058091104152));
#5679 = CARTESIAN_POINT('',(3.255021766208,0.944749299006,
    10.046577225444));
#5680 = CARTESIAN_POINT('',(3.328998631011,0.63446762695,10.035063346735
    ));
#5681 = CARTESIAN_POINT('',(3.373645512431,0.318629142088,
    10.023549468026));
#5682 = CARTESIAN_POINT('',(3.388571382851,3.021652182842E-08,
    10.012035589317));
#5683 = CARTESIAN_POINT('',(3.37364551808,-0.31862908192,10.000521710608
    ));
#5684 = CARTESIAN_POINT('',(3.328998642261,-0.634467567573,9.9890078319)
  );
#5685 = CARTESIAN_POINT('',(3.255021782958,-0.944749240941,
    9.977493953191));
#5686 = CARTESIAN_POINT('',(3.15236284645,-1.246756584056,9.965980074482
    ));
#5687 = CARTESIAN_POINT('',(3.021920943221,-1.537844547429,
    9.954466195773));
#5688 = CARTESIAN_POINT('',(2.864838513324,-1.815463716008,
    9.942952317065));
#5689 = CARTESIAN_POINT('',(2.682491320714,-2.077182637502,
    9.931438438356));
#5690 = CARTESIAN_POINT('',(2.476476403666,-2.320709117726,
    9.919924559647));
#5691 = CARTESIAN_POINT('',(2.248598088787,-2.543910295699,
    9.908410680938));
#5692 = CARTESIAN_POINT('',(2.000852183666,-2.744831325445,9.89689680223
    ));
#5693 = CARTESIAN_POINT('',(1.735408514464,-2.921712490584,
    9.885382923521));
#5694 = CARTESIAN_POINT('',(1.454591857427,-3.073004640205,
    9.873869044812));
#5695 = CARTESIAN_POINT('',(1.25877183196,-3.155923325129,9.866193125673
    ));
#5696 = CARTESIAN_POINT('',(1.159138254849,-3.192715459812,
    9.862355166103));
#5697 = CARTESIAN_POINT('',(1.20373557764,3.313485768171,10.184416622625
    ));
#5698 = CARTESIAN_POINT('',(1.307137977241,3.275301905708,
    10.180578663056));
#5699 = CARTESIAN_POINT('',(1.510365253927,3.189246673863,
    10.172902743916));
#5700 = CARTESIAN_POINT('',(1.801804316088,3.032231627851,
    10.161388865208));
#5701 = CARTESIAN_POINT('',(2.077288879575,2.848659614845,
    10.149874986499));
#5702 = CARTESIAN_POINT('',(2.334406229211,2.640138385173,10.13836110779
    ));
#5703 = CARTESIAN_POINT('',(2.570904461171,2.408494219655,
    10.126847229081));
#5704 = CARTESIAN_POINT('',(2.784712272766,2.155755909848,
    10.115333350373));
#5705 = CARTESIAN_POINT('',(2.973957085403,1.884136996056,
    10.103819471664));
#5706 = CARTESIAN_POINT('',(3.136981449883,1.596016378862,
    10.092305592955));
#5707 = CARTESIAN_POINT('',(3.27235756142,1.293917484649,10.080791714246
    ));
#5708 = CARTESIAN_POINT('',(3.378899765037,0.980486164725,
    10.069277835537));
#5709 = CARTESIAN_POINT('',(3.455674939706,0.658467522384,
    10.057763956829));
#5710 = CARTESIAN_POINT('',(3.502010670863,0.330681870656,10.04625007812
    ));
#5711 = CARTESIAN_POINT('',(3.517501139561,3.135951685873E-08,
    10.034736199411));
#5712 = CARTESIAN_POINT('',(3.502010676726,-0.330681808211,
    10.023222320702));
#5713 = CARTESIAN_POINT('',(3.455674951381,-0.658467460761,
    10.011708441994));
#5714 = CARTESIAN_POINT('',(3.378899782421,-0.980486104463,
    10.000194563285));
#5715 = CARTESIAN_POINT('',(3.272357584362,-1.293917426277,
    9.988680684576));
#5716 = CARTESIAN_POINT('',(3.136981478181,-1.59601632289,9.977166805867
    ));
#5717 = CARTESIAN_POINT('',(2.97395711881,-1.884136942974,9.965652927159
    ));
#5718 = CARTESIAN_POINT('',(2.784712310989,-2.155755860122,9.95413904845
    ));
#5719 = CARTESIAN_POINT('',(2.570904503875,-2.40849417372,9.942625169741
    ));
#5720 = CARTESIAN_POINT('',(2.334406276022,-2.640138343431,
    9.931111291032));
#5721 = CARTESIAN_POINT('',(2.077288930083,-2.848659577662,
    9.919597412324));
#5722 = CARTESIAN_POINT('',(1.801804369851,-3.032231595553,
    9.908083533615));
#5723 = CARTESIAN_POINT('',(1.510365310474,-3.189246646732,
    9.896569654906));
#5724 = CARTESIAN_POINT('',(1.307138035314,-3.27530188218,9.888893735767
    ));
#5725 = CARTESIAN_POINT('',(1.20373563639,-3.313485746476,9.885055776197
    ));
#5726 = CARTESIAN_POINT('',(1.20373557764,3.313485768171,10.315144225983
    ));
#5727 = CARTESIAN_POINT('',(1.307137977241,3.275301905708,
    10.311306266414));
#5728 = CARTESIAN_POINT('',(1.510365253927,3.189246673863,
    10.303630347275));
#5729 = CARTESIAN_POINT('',(1.801804316088,3.032231627851,
    10.292116468566));
#5730 = CARTESIAN_POINT('',(2.077288879575,2.848659614845,
    10.280602589857));
#5731 = CARTESIAN_POINT('',(2.334406229211,2.640138385173,
    10.269088711148));
#5732 = CARTESIAN_POINT('',(2.570904461171,2.408494219655,10.25757483244
    ));
#5733 = CARTESIAN_POINT('',(2.784712272766,2.155755909848,
    10.246060953731));
#5734 = CARTESIAN_POINT('',(2.973957085403,1.884136996056,
    10.234547075022));
#5735 = CARTESIAN_POINT('',(3.136981449883,1.596016378862,
    10.223033196313));
#5736 = CARTESIAN_POINT('',(3.27235756142,1.293917484649,10.211519317604
    ));
#5737 = CARTESIAN_POINT('',(3.378899765037,0.980486164725,
    10.200005438896));
#5738 = CARTESIAN_POINT('',(3.455674939706,0.658467522384,
    10.188491560187));
#5739 = CARTESIAN_POINT('',(3.502010670863,0.330681870656,
    10.176977681478));
#5740 = CARTESIAN_POINT('',(3.517501139561,3.13595168297E-08,
    10.165463802769));
#5741 = CARTESIAN_POINT('',(3.502010676726,-0.330681808211,
    10.153949924061));
#5742 = CARTESIAN_POINT('',(3.455674951381,-0.658467460761,
    10.142436045352));
#5743 = CARTESIAN_POINT('',(3.378899782421,-0.980486104463,
    10.130922166643));
#5744 = CARTESIAN_POINT('',(3.272357584362,-1.293917426277,
    10.119408287934));
#5745 = CARTESIAN_POINT('',(3.136981478181,-1.59601632289,
    10.107894409226));
#5746 = CARTESIAN_POINT('',(2.97395711881,-1.884136942974,
    10.096380530517));
#5747 = CARTESIAN_POINT('',(2.784712310989,-2.155755860122,
    10.084866651808));
#5748 = CARTESIAN_POINT('',(2.570904503875,-2.40849417372,
    10.073352773099));
#5749 = CARTESIAN_POINT('',(2.334406276022,-2.640138343431,
    10.061838894391));
#5750 = CARTESIAN_POINT('',(2.077288930083,-2.848659577662,
    10.050325015682));
#5751 = CARTESIAN_POINT('',(1.801804369851,-3.032231595553,
    10.038811136973));
#5752 = CARTESIAN_POINT('',(1.510365310474,-3.189246646732,
    10.027297258264));
#5753 = CARTESIAN_POINT('',(1.307138035314,-3.27530188218,
    10.019621339125));
#5754 = CARTESIAN_POINT('',(1.20373563639,-3.313485746476,
    10.015783379555));
#5755 = CARTESIAN_POINT('',(1.159138198241,3.192715480716,
    10.337844836077));
#5756 = CARTESIAN_POINT('',(1.258771776004,3.1559233478,10.334006876508)
  );
#5757 = CARTESIAN_POINT('',(1.454591802941,3.073004666348,
    10.326330957369));
#5758 = CARTESIAN_POINT('',(1.735408462661,2.921712521706,10.31481707866
    ));
#5759 = CARTESIAN_POINT('',(2.000852134999,2.744831361273,
    10.303303199951));
#5760 = CARTESIAN_POINT('',(2.248598043682,2.54391033592,10.291789321242
    ));
#5761 = CARTESIAN_POINT('',(2.476476362519,2.320709161988,
    10.280275442533));
#5762 = CARTESIAN_POINT('',(2.682491283885,2.077182685416,
    10.268761563825));
#5763 = CARTESIAN_POINT('',(2.864838481134,1.815463767155,
    10.257247685116));
#5764 = CARTESIAN_POINT('',(3.021920915955,1.537844601361,
    10.245733806407));
#5765 = CARTESIAN_POINT('',(3.152362824345,1.246756640301,
    10.234219927698));
#5766 = CARTESIAN_POINT('',(3.255021766208,0.944749299006,10.22270604899
    ));
#5767 = CARTESIAN_POINT('',(3.328998631011,0.63446762695,10.211192170281
    ));
#5768 = CARTESIAN_POINT('',(3.373645512431,0.318629142088,
    10.199678291572));
#5769 = CARTESIAN_POINT('',(3.388571382851,3.021652178931E-08,
    10.188164412863));
#5770 = CARTESIAN_POINT('',(3.37364551808,-0.31862908192,10.176650534155
    ));
#5771 = CARTESIAN_POINT('',(3.328998642261,-0.634467567573,
    10.165136655446));
#5772 = CARTESIAN_POINT('',(3.255021782958,-0.944749240941,
    10.153622776737));
#5773 = CARTESIAN_POINT('',(3.15236284645,-1.246756584056,
    10.142108898028));
#5774 = CARTESIAN_POINT('',(3.021920943221,-1.537844547429,
    10.13059501932));
#5775 = CARTESIAN_POINT('',(2.864838513324,-1.815463716008,
    10.119081140611));
#5776 = CARTESIAN_POINT('',(2.682491320714,-2.077182637502,
    10.107567261902));
#5777 = CARTESIAN_POINT('',(2.476476403666,-2.320709117726,
    10.096053383193));
#5778 = CARTESIAN_POINT('',(2.248598088787,-2.543910295699,
    10.084539504484));
#5779 = CARTESIAN_POINT('',(2.000852183666,-2.744831325445,
    10.073025625776));
#5780 = CARTESIAN_POINT('',(1.735408514464,-2.921712490584,
    10.061511747067));
#5781 = CARTESIAN_POINT('',(1.454591857427,-3.073004640205,
    10.049997868358));
#5782 = CARTESIAN_POINT('',(1.25877183196,-3.155923325129,
    10.042321949219));
#5783 = CARTESIAN_POINT('',(1.159138254849,-3.192715459812,
    10.038483989649));
#5784 = ADVANCED_FACE('',(#5785),#5817,.T.);
#5785 = FACE_BOUND('',#5786,.T.);
#5786 = EDGE_LOOP('',(#5787,#5788,#5815,#5816));
#5787 = ORIENTED_EDGE('',*,*,#4702,.F.);
#5788 = ORIENTED_EDGE('',*,*,#5789,.F.);
#5789 = EDGE_CURVE('',#2655,#4652,#5790,.T.);
#5790 = B_SPLINE_CURVE_WITH_KNOTS('',3,(#5791,#5792,#5793,#5794,#5795,
    #5796,#5797,#5798,#5799,#5800,#5801,#5802,#5803,#5804,#5805,#5806,
    #5807,#5808,#5809,#5810,#5811,#5812,#5813,#5814),.UNSPECIFIED.,.F.,
  .F.,(4,1,1,1,1,1,1,1,1,1,1,1,1,1,1,1,1,1,1,1,1,4),(0.,
    4.761904761905E-02,9.523809523809E-02,0.142857142857,0.190476190476,
    0.238095238095,0.285714285714,0.333333333333,0.380952380952,
    0.428571428571,0.47619047619,0.52380952381,0.571428571429,
    0.619047619048,0.666666666667,0.714285714286,0.761904761905,
    0.809523809524,0.857142857143,0.904761904762,0.952380952381,1.),
  .UNSPECIFIED.);
#5791 = CARTESIAN_POINT('',(1.184736224499,3.183145824518,9.564114882128
    ));
#5792 = CARTESIAN_POINT('',(1.306910932345,3.13691169697,9.559394472776)
  );
#5793 = CARTESIAN_POINT('',(1.545930409344,3.030360211207,9.549953654071
    ));
#5794 = CARTESIAN_POINT('',(1.883723095631,2.830399413645,9.535792426014
    ));
#5795 = CARTESIAN_POINT('',(2.196305177528,2.592953444571,9.521631197957
    ));
#5796 = CARTESIAN_POINT('',(2.479536997526,2.321166944984,9.5074699699)
  );
#5797 = CARTESIAN_POINT('',(2.729667463682,2.018639408662,9.493308741844
    ));
#5798 = CARTESIAN_POINT('',(2.943383909635,1.689377442602,9.479147513787
    ));
#5799 = CARTESIAN_POINT('',(3.117855918261,1.337741722766,9.46498628573)
  );
#5800 = CARTESIAN_POINT('',(3.250772820132,0.968389237286,9.450825057673
    ));
#5801 = CARTESIAN_POINT('',(3.340374292038,0.586211611635,9.436663829616
    ));
#5802 = CARTESIAN_POINT('',(3.385473671268,0.196270324628,9.422502601559
    ));
#5803 = CARTESIAN_POINT('',(3.385473671268,-0.196270324628,
    9.408341373502));
#5804 = CARTESIAN_POINT('',(3.340374292038,-0.586211611635,
    9.394180145445));
#5805 = CARTESIAN_POINT('',(3.250772820132,-0.968389237286,
    9.380018917388));
#5806 = CARTESIAN_POINT('',(3.117855918261,-1.337741722766,
    9.365857689331));
#5807 = CARTESIAN_POINT('',(2.943383909635,-1.689377442602,
    9.351696461275));
#5808 = CARTESIAN_POINT('',(2.729667463682,-2.018639408662,
    9.337535233218));
#5809 = CARTESIAN_POINT('',(2.479536997526,-2.321166944984,
    9.323374005161));
#5810 = CARTESIAN_POINT('',(2.196305177528,-2.592953444571,
    9.309212777104));
#5811 = CARTESIAN_POINT('',(1.883723095631,-2.830399413645,
    9.295051549047));
#5812 = CARTESIAN_POINT('',(1.545930409344,-3.030360211207,9.28089032099
    ));
#5813 = CARTESIAN_POINT('',(1.306910932345,-3.13691169697,9.271449502286
    ));
#5814 = CARTESIAN_POINT('',(1.184736224499,-3.183145824518,
    9.266729092933));
#5815 = ORIENTED_EDGE('',*,*,#2654,.T.);
#5816 = ORIENTED_EDGE('',*,*,#2580,.T.);
#5817 = B_SPLINE_SURFACE_WITH_KNOTS('',1,3,(
    (#5818,#5819,#5820,#5821,#5822,#5823,#5824,#5825,#5826,#5827,#5828
      ,#5829,#5830,#5831,#5832,#5833,#5834,#5835,#5836,#5837,#5838,#5839
      ,#5840,#5841,#5842,#5843,#5844,#5845,#5846)
    ,(#5847,#5848,#5849,#5850,#5851,#5852,#5853,#5854,#5855,#5856,#5857
      ,#5858,#5859,#5860,#5861,#5862,#5863,#5864,#5865,#5866,#5867,#5868
      ,#5869,#5870,#5871,#5872,#5873,#5874,#5875
  )),.UNSPECIFIED.,.F.,.F.,.F.,(2,2),(4,1,1,1,1,1,1,1,1,1,1,1,1,1,1,1,1,
    1,1,1,1,1,1,1,1,1,4),(0.,1.),(23.923716097825,24.016718030971,
    24.109719964116,24.202721897262,24.295723830407,24.388725763553,
    24.481727696699,24.574729629845,24.66773156299,24.760733496136,
    24.853735429281,24.946737362427,25.039739295573,25.132741228718,
    25.225743161864,25.31874509501,25.411747028155,25.504748961301,
    25.597750894446,25.690752827592,25.783754760738,25.876756693884,
    25.969758627029,26.062760560175,26.15576249332,26.248764426466,
    26.341766359612),.UNSPECIFIED.);
#5818 = CARTESIAN_POINT('',(1.184736224499,3.183145824518,9.564114882128
    ));
#5819 = CARTESIAN_POINT('',(1.283415796221,3.145802875345,9.560302243805
    ));
#5820 = CARTESIAN_POINT('',(1.477299327016,3.061933023101,9.552676967159
    ));
#5821 = CARTESIAN_POINT('',(1.755184685474,2.909663525304,9.54123905219)
  );
#5822 = CARTESIAN_POINT('',(2.017728162984,2.73224544747,9.529801137221)
  );
#5823 = CARTESIAN_POINT('',(2.262660601691,2.531212221916,9.518363222252
    ));
#5824 = CARTESIAN_POINT('',(2.487865009007,2.308301408291,9.506925307283
    ));
#5825 = CARTESIAN_POINT('',(2.691394917407,2.065439652029,9.495487392314
    ));
#5826 = CARTESIAN_POINT('',(2.87149119128,1.804726038438,9.484049477345)
  );
#5827 = CARTESIAN_POINT('',(3.026597235845,1.528413948333,9.472611562376
    ));
#5828 = CARTESIAN_POINT('',(3.155372449794,1.238891582246,9.461173647407
    ));
#5829 = CARTESIAN_POINT('',(3.256703812603,0.938661318772,9.449735732438
    ));
#5830 = CARTESIAN_POINT('',(3.32971550442,0.630318086235,9.438297817469)
  );
#5831 = CARTESIAN_POINT('',(3.373776475918,0.316526934377,9.4268599025)
  );
#5832 = CARTESIAN_POINT('',(3.388505902519,5.184578363873E-14,
    9.415421987531));
#5833 = CARTESIAN_POINT('',(3.373776475918,-0.316526934376,
    9.403984072562));
#5834 = CARTESIAN_POINT('',(3.329715504421,-0.630318086235,
    9.392546157593));
#5835 = CARTESIAN_POINT('',(3.256703812603,-0.938661318772,
    9.381108242624));
#5836 = CARTESIAN_POINT('',(3.155372449794,-1.238891582245,
    9.369670327655));
#5837 = CARTESIAN_POINT('',(3.026597235845,-1.528413948333,
    9.358232412685));
#5838 = CARTESIAN_POINT('',(2.87149119128,-1.804726038437,9.346794497716
    ));
#5839 = CARTESIAN_POINT('',(2.691394917407,-2.065439652029,
    9.335356582747));
#5840 = CARTESIAN_POINT('',(2.487865009008,-2.30830140829,9.323918667778
    ));
#5841 = CARTESIAN_POINT('',(2.262660601691,-2.531212221916,
    9.312480752809));
#5842 = CARTESIAN_POINT('',(2.017728162984,-2.73224544747,9.30104283784)
  );
#5843 = CARTESIAN_POINT('',(1.755184685474,-2.909663525304,
    9.289604922871));
#5844 = CARTESIAN_POINT('',(1.477299327016,-3.061933023101,
    9.278167007902));
#5845 = CARTESIAN_POINT('',(1.283415796221,-3.145802875345,
    9.270541731256));
#5846 = CARTESIAN_POINT('',(1.184736224499,-3.183145824518,
    9.266729092933));
#5847 = CARTESIAN_POINT('',(1.128840587599,3.035440363847,9.591961833991
    ));
#5848 = CARTESIAN_POINT('',(1.222941194861,2.999830215436,9.588149195668
    ));
#5849 = CARTESIAN_POINT('',(1.407828073347,2.919852121801,9.580523919022
    ));
#5850 = CARTESIAN_POINT('',(1.672818896919,2.774648287205,9.569086004053
    ));
#5851 = CARTESIAN_POINT('',(1.923179738939,2.605462825897,9.557648089084
    ));
#5852 = CARTESIAN_POINT('',(2.156746735819,2.413758015322,9.546210174115
    ));
#5853 = CARTESIAN_POINT('',(2.371501128414,2.201190788271,9.534772259146
    ));
#5854 = CARTESIAN_POINT('',(2.565586769872,1.969598389295,9.523334344177
    ));
#5855 = CARTESIAN_POINT('',(2.737326152618,1.720982501199,9.511896429208
    ));
#5856 = CARTESIAN_POINT('',(2.885234911533,1.457491942626,9.500458514239
    ));
#5857 = CARTESIAN_POINT('',(3.008034652366,1.181404095978,9.48902059927)
  );
#5858 = CARTESIAN_POINT('',(3.104664001365,0.895105223593,9.477582684301
    ));
#5859 = CARTESIAN_POINT('',(3.174287778783,0.60106984301,9.466144769332)
  );
#5860 = CARTESIAN_POINT('',(3.216304217466,0.301839339389,9.454706854363
    ));
#5861 = CARTESIAN_POINT('',(3.230350163994,4.942027603648E-14,
    9.443268939394));
#5862 = CARTESIAN_POINT('',(3.216304217466,-0.301839339389,
    9.431831024425));
#5863 = CARTESIAN_POINT('',(3.174287778783,-0.60106984301,9.420393109456
    ));
#5864 = CARTESIAN_POINT('',(3.104664001365,-0.895105223592,
    9.408955194487));
#5865 = CARTESIAN_POINT('',(3.008034652366,-1.181404095977,
    9.397517279518));
#5866 = CARTESIAN_POINT('',(2.885234911533,-1.457491942626,
    9.386079364549));
#5867 = CARTESIAN_POINT('',(2.737326152618,-1.720982501199,9.37464144958
    ));
#5868 = CARTESIAN_POINT('',(2.565586769872,-1.969598389295,
    9.363203534611));
#5869 = CARTESIAN_POINT('',(2.371501128414,-2.201190788271,
    9.351765619642));
#5870 = CARTESIAN_POINT('',(2.156746735819,-2.413758015322,
    9.340327704673));
#5871 = CARTESIAN_POINT('',(1.923179738939,-2.605462825897,
    9.328889789704));
#5872 = CARTESIAN_POINT('',(1.672818896919,-2.774648287205,
    9.317451874735));
#5873 = CARTESIAN_POINT('',(1.407828073347,-2.919852121801,
    9.306013959766));
#5874 = CARTESIAN_POINT('',(1.222941194861,-2.999830215436,9.29838868312
    ));
#5875 = CARTESIAN_POINT('',(1.128840587599,-3.035440363847,
    9.294576044797));
#5876 = ADVANCED_FACE('',(#5877),#5909,.T.);
#5877 = FACE_BOUND('',#5878,.T.);
#5878 = EDGE_LOOP('',(#5879,#5880,#5881,#5882));
#5879 = ORIENTED_EDGE('',*,*,#4639,.F.);
#5880 = ORIENTED_EDGE('',*,*,#2751,.F.);
#5881 = ORIENTED_EDGE('',*,*,#2641,.T.);
#5882 = ORIENTED_EDGE('',*,*,#5883,.T.);
#5883 = EDGE_CURVE('',#2642,#4640,#5884,.T.);
#5884 = B_SPLINE_CURVE_WITH_KNOTS('',3,(#5885,#5886,#5887,#5888,#5889,
    #5890,#5891,#5892,#5893,#5894,#5895,#5896,#5897,#5898,#5899,#5900,
    #5901,#5902,#5903,#5904,#5905,#5906,#5907,#5908),.UNSPECIFIED.,.F.,
  .F.,(4,1,1,1,1,1,1,1,1,1,1,1,1,1,1,1,1,1,1,1,1,4),(0.,
    4.761904761905E-02,9.523809523809E-02,0.142857142857,0.190476190476,
    0.238095238095,0.285714285714,0.333333333333,0.380952380952,
    0.428571428571,0.47619047619,0.52380952381,0.571428571429,
    0.619047619048,0.666666666667,0.714285714286,0.761904761905,
    0.809523809524,0.857142857143,0.904761904762,0.952380952381,1.),
  .UNSPECIFIED.);
#5885 = CARTESIAN_POINT('',(1.184736224499,3.183145824518,9.387986058582
    ));
#5886 = CARTESIAN_POINT('',(1.306910932345,3.13691169697,9.38326564923)
  );
#5887 = CARTESIAN_POINT('',(1.545930409344,3.030360211207,9.373824830525
    ));
#5888 = CARTESIAN_POINT('',(1.883723095631,2.830399413645,9.359663602468
    ));
#5889 = CARTESIAN_POINT('',(2.196305177528,2.592953444571,9.345502374411
    ));
#5890 = CARTESIAN_POINT('',(2.479536997526,2.321166944984,9.331341146354
    ));
#5891 = CARTESIAN_POINT('',(2.729667463682,2.018639408662,9.317179918297
    ));
#5892 = CARTESIAN_POINT('',(2.943383909635,1.689377442602,9.303018690241
    ));
#5893 = CARTESIAN_POINT('',(3.117855918261,1.337741722766,9.288857462184
    ));
#5894 = CARTESIAN_POINT('',(3.250772820132,0.968389237286,9.274696234127
    ));
#5895 = CARTESIAN_POINT('',(3.340374292038,0.586211611635,9.26053500607)
  );
#5896 = CARTESIAN_POINT('',(3.385473671268,0.196270324628,9.246373778013
    ));
#5897 = CARTESIAN_POINT('',(3.385473671268,-0.196270324628,
    9.232212549956));
#5898 = CARTESIAN_POINT('',(3.340374292038,-0.586211611635,
    9.218051321899));
#5899 = CARTESIAN_POINT('',(3.250772820132,-0.968389237286,
    9.203890093842));
#5900 = CARTESIAN_POINT('',(3.117855918261,-1.337741722766,
    9.189728865785));
#5901 = CARTESIAN_POINT('',(2.943383909635,-1.689377442602,
    9.175567637728));
#5902 = CARTESIAN_POINT('',(2.729667463682,-2.018639408662,
    9.161406409672));
#5903 = CARTESIAN_POINT('',(2.479536997526,-2.321166944984,
    9.147245181615));
#5904 = CARTESIAN_POINT('',(2.196305177528,-2.592953444571,
    9.133083953558));
#5905 = CARTESIAN_POINT('',(1.883723095631,-2.830399413645,
    9.118922725501));
#5906 = CARTESIAN_POINT('',(1.545930409344,-3.030360211207,
    9.104761497444));
#5907 = CARTESIAN_POINT('',(1.306910932345,-3.13691169697,9.095320678739
    ));
#5908 = CARTESIAN_POINT('',(1.184736224499,-3.183145824518,
    9.090600269387));
#5909 = B_SPLINE_SURFACE_WITH_KNOTS('',1,3,(
    (#5910,#5911,#5912,#5913,#5914,#5915,#5916,#5917,#5918,#5919,#5920
      ,#5921,#5922,#5923,#5924,#5925,#5926,#5927,#5928,#5929,#5930,#5931
      ,#5932,#5933,#5934,#5935,#5936,#5937,#5938)
    ,(#5939,#5940,#5941,#5942,#5943,#5944,#5945,#5946,#5947,#5948,#5949
      ,#5950,#5951,#5952,#5953,#5954,#5955,#5956,#5957,#5958,#5959,#5960
      ,#5961,#5962,#5963,#5964,#5965,#5966,#5967
  )),.UNSPECIFIED.,.F.,.F.,.F.,(2,2),(4,1,1,1,1,1,1,1,1,1,1,1,1,1,1,1,1,
    1,1,1,1,1,1,1,1,1,4),(0.,1.),(23.923716097825,24.016718030971,
    24.109719964116,24.202721897262,24.295723830407,24.388725763553,
    24.481727696699,24.574729629845,24.66773156299,24.760733496136,
    24.853735429281,24.946737362427,25.039739295573,25.132741228718,
    25.225743161864,25.31874509501,25.411747028155,25.504748961301,
    25.597750894446,25.690752827592,25.783754760738,25.876756693884,
    25.969758627029,26.062760560175,26.15576249332,26.248764426466,
    26.341766359612),.UNSPECIFIED.);
#5910 = CARTESIAN_POINT('',(1.128840587599,3.035440363847,9.360139106719
    ));
#5911 = CARTESIAN_POINT('',(1.222941194861,2.999830215436,9.356326468396
    ));
#5912 = CARTESIAN_POINT('',(1.407828073347,2.919852121801,9.34870119175)
  );
#5913 = CARTESIAN_POINT('',(1.672818896919,2.774648287205,9.337263276781
    ));
#5914 = CARTESIAN_POINT('',(1.923179738939,2.605462825897,9.325825361812
    ));
#5915 = CARTESIAN_POINT('',(2.156746735819,2.413758015322,9.314387446843
    ));
#5916 = CARTESIAN_POINT('',(2.371501128414,2.201190788271,9.302949531873
    ));
#5917 = CARTESIAN_POINT('',(2.565586769872,1.969598389295,9.291511616904
    ));
#5918 = CARTESIAN_POINT('',(2.737326152618,1.720982501199,9.280073701935
    ));
#5919 = CARTESIAN_POINT('',(2.885234911533,1.457491942626,9.268635786966
    ));
#5920 = CARTESIAN_POINT('',(3.008034652366,1.181404095978,9.257197871997
    ));
#5921 = CARTESIAN_POINT('',(3.104664001365,0.895105223593,9.245759957028
    ));
#5922 = CARTESIAN_POINT('',(3.174287778783,0.60106984301,9.234322042059)
  );
#5923 = CARTESIAN_POINT('',(3.216304217466,0.301839339389,9.22288412709)
  );
#5924 = CARTESIAN_POINT('',(3.230350163994,7.259688843341E-14,
    9.211446212121));
#5925 = CARTESIAN_POINT('',(3.216304217466,-0.301839339389,
    9.200008297152));
#5926 = CARTESIAN_POINT('',(3.174287778783,-0.60106984301,9.188570382183
    ));
#5927 = CARTESIAN_POINT('',(3.104664001365,-0.895105223592,
    9.177132467214));
#5928 = CARTESIAN_POINT('',(3.008034652366,-1.181404095977,
    9.165694552245));
#5929 = CARTESIAN_POINT('',(2.885234911533,-1.457491942626,
    9.154256637276));
#5930 = CARTESIAN_POINT('',(2.737326152618,-1.720982501199,
    9.142818722307));
#5931 = CARTESIAN_POINT('',(2.565586769872,-1.969598389295,
    9.131380807338));
#5932 = CARTESIAN_POINT('',(2.371501128414,-2.201190788271,
    9.119942892369));
#5933 = CARTESIAN_POINT('',(2.156746735819,-2.413758015322,9.1085049774)
  );
#5934 = CARTESIAN_POINT('',(1.923179738939,-2.605462825897,
    9.097067062431));
#5935 = CARTESIAN_POINT('',(1.672818896919,-2.774648287205,
    9.085629147462));
#5936 = CARTESIAN_POINT('',(1.407828073347,-2.919852121801,
    9.074191232493));
#5937 = CARTESIAN_POINT('',(1.222941194861,-2.999830215436,
    9.066565955847));
#5938 = CARTESIAN_POINT('',(1.128840587599,-3.035440363847,
    9.062753317524));
#5939 = CARTESIAN_POINT('',(1.184736224499,3.183145824518,9.387986058582
    ));
#5940 = CARTESIAN_POINT('',(1.283415796221,3.145802875345,9.384173420259
    ));
#5941 = CARTESIAN_POINT('',(1.477299327016,3.061933023101,9.376548143613
    ));
#5942 = CARTESIAN_POINT('',(1.755184685474,2.909663525304,9.365110228644
    ));
#5943 = CARTESIAN_POINT('',(2.017728162984,2.73224544747,9.353672313675)
  );
#5944 = CARTESIAN_POINT('',(2.262660601691,2.531212221916,9.342234398706
    ));
#5945 = CARTESIAN_POINT('',(2.487865009007,2.308301408291,9.330796483737
    ));
#5946 = CARTESIAN_POINT('',(2.691394917407,2.065439652029,9.319358568768
    ));
#5947 = CARTESIAN_POINT('',(2.87149119128,1.804726038438,9.307920653799)
  );
#5948 = CARTESIAN_POINT('',(3.026597235845,1.528413948333,9.29648273883)
  );
#5949 = CARTESIAN_POINT('',(3.155372449794,1.238891582246,9.285044823861
    ));
#5950 = CARTESIAN_POINT('',(3.256703812603,0.938661318772,9.273606908892
    ));
#5951 = CARTESIAN_POINT('',(3.32971550442,0.630318086235,9.262168993923)
  );
#5952 = CARTESIAN_POINT('',(3.373776475918,0.316526934377,9.250731078954
    ));
#5953 = CARTESIAN_POINT('',(3.388505902519,7.60910042085E-14,
    9.239293163985));
#5954 = CARTESIAN_POINT('',(3.373776475918,-0.316526934376,
    9.227855249015));
#5955 = CARTESIAN_POINT('',(3.329715504421,-0.630318086235,
    9.216417334046));
#5956 = CARTESIAN_POINT('',(3.256703812603,-0.938661318772,
    9.204979419077));
#5957 = CARTESIAN_POINT('',(3.155372449794,-1.238891582245,
    9.193541504108));
#5958 = CARTESIAN_POINT('',(3.026597235845,-1.528413948333,
    9.182103589139));
#5959 = CARTESIAN_POINT('',(2.87149119128,-1.804726038437,9.17066567417)
  );
#5960 = CARTESIAN_POINT('',(2.691394917407,-2.065439652029,
    9.159227759201));
#5961 = CARTESIAN_POINT('',(2.487865009008,-2.30830140829,9.147789844232
    ));
#5962 = CARTESIAN_POINT('',(2.262660601691,-2.531212221916,
    9.136351929263));
#5963 = CARTESIAN_POINT('',(2.017728162985,-2.73224544747,9.124914014294
    ));
#5964 = CARTESIAN_POINT('',(1.755184685474,-2.909663525304,
    9.113476099325));
#5965 = CARTESIAN_POINT('',(1.477299327016,-3.061933023101,
    9.102038184356));
#5966 = CARTESIAN_POINT('',(1.283415796221,-3.145802875345,9.09441290771
    ));
#5967 = CARTESIAN_POINT('',(1.184736224499,-3.183145824518,
    9.090600269387));
#5968 = ADVANCED_FACE('',(#5969),#5975,.T.);
#5969 = FACE_BOUND('',#5970,.T.);
#5970 = EDGE_LOOP('',(#5971,#5972,#5973,#5974));
#5971 = ORIENTED_EDGE('',*,*,#4651,.F.);
#5972 = ORIENTED_EDGE('',*,*,#5883,.F.);
#5973 = ORIENTED_EDGE('',*,*,#2666,.T.);
#5974 = ORIENTED_EDGE('',*,*,#5789,.T.);
#5975 = ( BOUNDED_SURFACE() B_SPLINE_SURFACE(3,3,(
    (#5976,#5977,#5978,#5979,#5980,#5981,#5982,#5983,#5984,#5985,#5986
      ,#5987,#5988,#5989,#5990,#5991,#5992,#5993,#5994,#5995,#5996,#5997
      ,#5998,#5999,#6000,#6001,#6002,#6003,#6004)
    ,(#6005,#6006,#6007,#6008,#6009,#6010,#6011,#6012,#6013,#6014,#6015
      ,#6016,#6017,#6018,#6019,#6020,#6021,#6022,#6023,#6024,#6025,#6026
      ,#6027,#6028,#6029,#6030,#6031,#6032,#6033)
    ,(#6034,#6035,#6036,#6037,#6038,#6039,#6040,#6041,#6042,#6043,#6044
      ,#6045,#6046,#6047,#6048,#6049,#6050,#6051,#6052,#6053,#6054,#6055
      ,#6056,#6057,#6058,#6059,#6060,#6061,#6062)
    ,(#6063,#6064,#6065,#6066,#6067,#6068,#6069,#6070,#6071,#6072,#6073
      ,#6074,#6075,#6076,#6077,#6078,#6079,#6080,#6081,#6082,#6083,#6084
      ,#6085,#6086,#6087,#6088,#6089,#6090,#6091
)),.UNSPECIFIED.,.F.,.F.,.F.) B_SPLINE_SURFACE_WITH_KNOTS((4,4),(4,1,1,1
    ,1,1,1,1,1,1,1,1,1,1,1,1,1,1,1,1,1,1,1,1,1,1,4),(0.,2.792526803191),
  (23.915686472494,24.009306068444,24.102925664395,24.196545260346,
    24.290164856297,24.383784452247,24.477404048198,24.571023644149,
    24.6646432401,24.75826283605,24.851882432001,24.945502027952,
    25.039121623902,25.132741219853,25.226360815804,25.319980411754,
    25.413600007705,25.507219603656,25.600839199607,25.694458795557,
    25.788078391508,25.881697987459,25.97531758341,26.06893717936,
    26.162556775311,26.256176371262,26.349795967213),.UNSPECIFIED.) 
GEOMETRIC_REPRESENTATION_ITEM() RATIONAL_B_SPLINE_SURFACE((
    (1.,1.,1.,1.,1.,1.,1.,1.,1.,1.,1.,1.,1.,1.,1.,1.,1.,1.,1.,1.,1.,1.
      ,1.,1.,1.,1.,1.,1.,1.)
    ,(0.449098785111,0.449098785111,0.449098785111,0.449098785111
      ,0.449098785111,0.449098785111,0.449098785111,0.449098785111
      ,0.449098785111,0.449098785111,0.449098785111,0.449098785111
      ,0.449098785111,0.449098785111,0.449098785111,0.449098785111
      ,0.449098785111,0.449098785111,0.449098785111,0.449098785111
      ,0.449098785111,0.449098785111,0.449098785111,0.449098785111
      ,0.449098785111,0.449098785111,0.449098785111,0.449098785111
      ,0.449098785111)
    ,(0.449098785111,0.449098785111,0.449098785111,0.449098785111
      ,0.449098785111,0.449098785111,0.449098785111,0.449098785111
      ,0.449098785111,0.449098785111,0.449098785111,0.449098785111
      ,0.449098785111,0.449098785111,0.449098785111,0.449098785111
      ,0.449098785111,0.449098785111,0.449098785111,0.449098785111
      ,0.449098785111,0.449098785111,0.449098785111,0.449098785111
      ,0.449098785111,0.449098785111,0.449098785111,0.449098785111
      ,0.449098785111)
    ,(1.,1.,1.,1.,1.,1.,1.,1.,1.,1.,1.,1.,1.,1.,1.,1.,1.,1.,1.,1.,1.,1.
,1.,1.,1.,1.,1.,1.,1.))) REPRESENTATION_ITEM('') SURFACE() );
#5976 = CARTESIAN_POINT('',(1.159138198241,3.192715480716,9.388973588289
    ));
#5977 = CARTESIAN_POINT('',(1.258771776004,3.1559233478,9.385135628719)
  );
#5978 = CARTESIAN_POINT('',(1.454591802941,3.073004666348,9.37745970958)
  );
#5979 = CARTESIAN_POINT('',(1.735408462661,2.921712521706,9.365945830871
    ));
#5980 = CARTESIAN_POINT('',(2.000852134999,2.744831361273,9.354431952162
    ));
#5981 = CARTESIAN_POINT('',(2.248598043682,2.54391033592,9.342918073454)
  );
#5982 = CARTESIAN_POINT('',(2.476476362519,2.320709161988,9.331404194745
    ));
#5983 = CARTESIAN_POINT('',(2.682491283885,2.077182685416,9.319890316036
    ));
#5984 = CARTESIAN_POINT('',(2.864838481134,1.815463767155,9.308376437327
    ));
#5985 = CARTESIAN_POINT('',(3.021920915955,1.537844601361,9.296862558619
    ));
#5986 = CARTESIAN_POINT('',(3.152362824345,1.246756640301,9.28534867991)
  );
#5987 = CARTESIAN_POINT('',(3.255021766208,0.944749299006,9.273834801201
    ));
#5988 = CARTESIAN_POINT('',(3.328998631011,0.63446762695,9.262320922492)
  );
#5989 = CARTESIAN_POINT('',(3.373645512431,0.318629142088,9.250807043784
    ));
#5990 = CARTESIAN_POINT('',(3.388571382851,3.021652275926E-08,
    9.239293165075));
#5991 = CARTESIAN_POINT('',(3.37364551808,-0.31862908192,9.227779286366)
  );
#5992 = CARTESIAN_POINT('',(3.328998642261,-0.634467567573,
    9.216265407657));
#5993 = CARTESIAN_POINT('',(3.255021782958,-0.944749240941,
    9.204751528949));
#5994 = CARTESIAN_POINT('',(3.15236284645,-1.246756584056,9.19323765024)
  );
#5995 = CARTESIAN_POINT('',(3.021920943221,-1.537844547429,
    9.181723771531));
#5996 = CARTESIAN_POINT('',(2.864838513324,-1.815463716008,
    9.170209892822));
#5997 = CARTESIAN_POINT('',(2.682491320714,-2.077182637502,
    9.158696014113));
#5998 = CARTESIAN_POINT('',(2.476476403666,-2.320709117726,
    9.147182135405));
#5999 = CARTESIAN_POINT('',(2.248598088787,-2.543910295699,
    9.135668256696));
#6000 = CARTESIAN_POINT('',(2.000852183666,-2.744831325445,
    9.124154377987));
#6001 = CARTESIAN_POINT('',(1.735408514464,-2.921712490584,
    9.112640499278));
#6002 = CARTESIAN_POINT('',(1.454591857427,-3.073004640205,9.10112662057
    ));
#6003 = CARTESIAN_POINT('',(1.25877183196,-3.155923325129,9.09345070143)
  );
#6004 = CARTESIAN_POINT('',(1.159138254849,-3.192715459812,
    9.089612741861));
#6005 = CARTESIAN_POINT('',(1.20373557764,3.313485768171,9.411674198383)
  );
#6006 = CARTESIAN_POINT('',(1.307137977241,3.275301905708,9.407836238813
    ));
#6007 = CARTESIAN_POINT('',(1.510365253927,3.189246673863,9.400160319674
    ));
#6008 = CARTESIAN_POINT('',(1.801804316088,3.032231627851,9.388646440965
    ));
#6009 = CARTESIAN_POINT('',(2.077288879575,2.848659614845,9.377132562256
    ));
#6010 = CARTESIAN_POINT('',(2.334406229211,2.640138385173,9.365618683548
    ));
#6011 = CARTESIAN_POINT('',(2.570904461171,2.408494219655,9.354104804839
    ));
#6012 = CARTESIAN_POINT('',(2.784712272766,2.155755909848,9.34259092613)
  );
#6013 = CARTESIAN_POINT('',(2.973957085403,1.884136996056,9.331077047421
    ));
#6014 = CARTESIAN_POINT('',(3.136981449883,1.596016378862,9.319563168713
    ));
#6015 = CARTESIAN_POINT('',(3.27235756142,1.293917484649,9.308049290004)
  );
#6016 = CARTESIAN_POINT('',(3.378899765037,0.980486164725,9.296535411295
    ));
#6017 = CARTESIAN_POINT('',(3.455674939706,0.658467522384,9.285021532586
    ));
#6018 = CARTESIAN_POINT('',(3.502010670863,0.330681870656,9.273507653878
    ));
#6019 = CARTESIAN_POINT('',(3.517501139561,3.135951786678E-08,
    9.261993775169));
#6020 = CARTESIAN_POINT('',(3.502010676726,-0.330681808211,9.25047989646
    ));
#6021 = CARTESIAN_POINT('',(3.455674951381,-0.658467460761,
    9.238966017751));
#6022 = CARTESIAN_POINT('',(3.378899782421,-0.980486104463,
    9.227452139042));
#6023 = CARTESIAN_POINT('',(3.272357584362,-1.293917426277,
    9.215938260334));
#6024 = CARTESIAN_POINT('',(3.136981478181,-1.59601632289,9.204424381625
    ));
#6025 = CARTESIAN_POINT('',(2.97395711881,-1.884136942974,9.192910502916
    ));
#6026 = CARTESIAN_POINT('',(2.784712310989,-2.155755860122,
    9.181396624207));
#6027 = CARTESIAN_POINT('',(2.570904503875,-2.40849417372,9.169882745499
    ));
#6028 = CARTESIAN_POINT('',(2.334406276022,-2.640138343431,9.15836886679
    ));
#6029 = CARTESIAN_POINT('',(2.077288930083,-2.848659577662,
    9.146854988081));
#6030 = CARTESIAN_POINT('',(1.801804369851,-3.032231595553,
    9.135341109372));
#6031 = CARTESIAN_POINT('',(1.510365310474,-3.189246646732,
    9.123827230664));
#6032 = CARTESIAN_POINT('',(1.307138035314,-3.27530188218,9.116151311524
    ));
#6033 = CARTESIAN_POINT('',(1.20373563639,-3.313485746476,9.112313351955
    ));
#6034 = CARTESIAN_POINT('',(1.20373557764,3.313485768171,9.542401801741)
  );
#6035 = CARTESIAN_POINT('',(1.307137977241,3.275301905708,9.538563842171
    ));
#6036 = CARTESIAN_POINT('',(1.510365253927,3.189246673863,9.530887923032
    ));
#6037 = CARTESIAN_POINT('',(1.801804316088,3.032231627851,9.519374044323
    ));
#6038 = CARTESIAN_POINT('',(2.077288879575,2.848659614845,9.507860165615
    ));
#6039 = CARTESIAN_POINT('',(2.334406229211,2.640138385173,9.496346286906
    ));
#6040 = CARTESIAN_POINT('',(2.570904461171,2.408494219655,9.484832408197
    ));
#6041 = CARTESIAN_POINT('',(2.784712272766,2.155755909848,9.473318529488
    ));
#6042 = CARTESIAN_POINT('',(2.973957085403,1.884136996056,9.46180465078)
  );
#6043 = CARTESIAN_POINT('',(3.136981449883,1.596016378862,9.450290772071
    ));
#6044 = CARTESIAN_POINT('',(3.27235756142,1.293917484649,9.438776893362)
  );
#6045 = CARTESIAN_POINT('',(3.378899765037,0.980486164725,9.427263014653
    ));
#6046 = CARTESIAN_POINT('',(3.455674939706,0.658467522384,9.415749135945
    ));
#6047 = CARTESIAN_POINT('',(3.502010670863,0.330681870656,9.404235257236
    ));
#6048 = CARTESIAN_POINT('',(3.517501139561,3.135951783776E-08,
    9.392721378527));
#6049 = CARTESIAN_POINT('',(3.502010676726,-0.330681808211,
    9.381207499818));
#6050 = CARTESIAN_POINT('',(3.455674951381,-0.658467460761,
    9.369693621109));
#6051 = CARTESIAN_POINT('',(3.378899782421,-0.980486104463,
    9.358179742401));
#6052 = CARTESIAN_POINT('',(3.272357584362,-1.293917426277,
    9.346665863692));
#6053 = CARTESIAN_POINT('',(3.136981478181,-1.59601632289,9.335151984983
    ));
#6054 = CARTESIAN_POINT('',(2.97395711881,-1.884136942974,9.323638106274
    ));
#6055 = CARTESIAN_POINT('',(2.784712310989,-2.155755860122,
    9.312124227566));
#6056 = CARTESIAN_POINT('',(2.570904503875,-2.40849417372,9.300610348857
    ));
#6057 = CARTESIAN_POINT('',(2.334406276022,-2.640138343431,
    9.289096470148));
#6058 = CARTESIAN_POINT('',(2.077288930083,-2.848659577662,
    9.277582591439));
#6059 = CARTESIAN_POINT('',(1.801804369851,-3.032231595553,
    9.266068712731));
#6060 = CARTESIAN_POINT('',(1.510365310474,-3.189246646732,
    9.254554834022));
#6061 = CARTESIAN_POINT('',(1.307138035314,-3.27530188218,9.246878914883
    ));
#6062 = CARTESIAN_POINT('',(1.20373563639,-3.313485746476,9.243040955313
    ));
#6063 = CARTESIAN_POINT('',(1.159138198241,3.192715480716,9.565102411835
    ));
#6064 = CARTESIAN_POINT('',(1.258771776004,3.1559233478,9.561264452265)
  );
#6065 = CARTESIAN_POINT('',(1.454591802941,3.073004666348,9.553588533126
    ));
#6066 = CARTESIAN_POINT('',(1.735408462661,2.921712521706,9.542074654417
    ));
#6067 = CARTESIAN_POINT('',(2.000852134999,2.744831361273,9.530560775709
    ));
#6068 = CARTESIAN_POINT('',(2.248598043682,2.54391033592,9.519046897));
#6069 = CARTESIAN_POINT('',(2.476476362519,2.320709161988,9.507533018291
    ));
#6070 = CARTESIAN_POINT('',(2.682491283885,2.077182685416,9.496019139582
    ));
#6071 = CARTESIAN_POINT('',(2.864838481134,1.815463767155,9.484505260874
    ));
#6072 = CARTESIAN_POINT('',(3.021920915955,1.537844601361,9.472991382165
    ));
#6073 = CARTESIAN_POINT('',(3.152362824345,1.246756640301,9.461477503456
    ));
#6074 = CARTESIAN_POINT('',(3.255021766208,0.944749299006,9.449963624747
    ));
#6075 = CARTESIAN_POINT('',(3.328998631011,0.63446762695,9.438449746038)
  );
#6076 = CARTESIAN_POINT('',(3.373645512431,0.318629142088,9.42693586733)
  );
#6077 = CARTESIAN_POINT('',(3.388571382851,3.021652272015E-08,
    9.415421988621));
#6078 = CARTESIAN_POINT('',(3.37364551808,-0.31862908192,9.403908109912)
  );
#6079 = CARTESIAN_POINT('',(3.328998642261,-0.634467567573,
    9.392394231203));
#6080 = CARTESIAN_POINT('',(3.255021782958,-0.944749240941,
    9.380880352495));
#6081 = CARTESIAN_POINT('',(3.15236284645,-1.246756584056,9.369366473786
    ));
#6082 = CARTESIAN_POINT('',(3.021920943221,-1.537844547429,
    9.357852595077));
#6083 = CARTESIAN_POINT('',(2.864838513324,-1.815463716008,
    9.346338716368));
#6084 = CARTESIAN_POINT('',(2.682491320714,-2.077182637502,9.33482483766
    ));
#6085 = CARTESIAN_POINT('',(2.476476403666,-2.320709117726,
    9.323310958951));
#6086 = CARTESIAN_POINT('',(2.248598088787,-2.543910295699,
    9.311797080242));
#6087 = CARTESIAN_POINT('',(2.000852183666,-2.744831325445,
    9.300283201533));
#6088 = CARTESIAN_POINT('',(1.735408514464,-2.921712490584,
    9.288769322825));
#6089 = CARTESIAN_POINT('',(1.454591857427,-3.073004640205,
    9.277255444116));
#6090 = CARTESIAN_POINT('',(1.25877183196,-3.155923325129,9.269579524977
    ));
#6091 = CARTESIAN_POINT('',(1.159138254849,-3.192715459812,
    9.265741565407));
#6092 = ADVANCED_FACE('',(#6093),#6125,.T.);
#6093 = FACE_BOUND('',#6094,.T.);
#6094 = EDGE_LOOP('',(#6095,#6096,#6123,#6124));
#6095 = ORIENTED_EDGE('',*,*,#4620,.F.);
#6096 = ORIENTED_EDGE('',*,*,#6097,.F.);
#6097 = EDGE_CURVE('',#2799,#4570,#6098,.T.);
#6098 = B_SPLINE_CURVE_WITH_KNOTS('',3,(#6099,#6100,#6101,#6102,#6103,
    #6104,#6105,#6106,#6107,#6108,#6109,#6110,#6111,#6112,#6113,#6114,
    #6115,#6116,#6117,#6118,#6119,#6120,#6121,#6122),.UNSPECIFIED.,.F.,
  .F.,(4,1,1,1,1,1,1,1,1,1,1,1,1,1,1,1,1,1,1,1,1,4),(0.,
    4.761904761905E-02,9.523809523809E-02,0.142857142857,0.190476190476,
    0.238095238095,0.285714285714,0.333333333333,0.380952380952,
    0.428571428571,0.47619047619,0.52380952381,0.571428571429,
    0.619047619048,0.666666666667,0.714285714286,0.761904761905,
    0.809523809524,0.857142857143,0.904761904762,0.952380952381,1.),
  .UNSPECIFIED.);
#6099 = CARTESIAN_POINT('',(1.184736224499,3.183145824518,8.791372457886
    ));
#6100 = CARTESIAN_POINT('',(1.306910932345,3.13691169697,8.786652048533)
  );
#6101 = CARTESIAN_POINT('',(1.545930409344,3.030360211207,8.777211229829
    ));
#6102 = CARTESIAN_POINT('',(1.883723095631,2.830399413645,8.763050001772
    ));
#6103 = CARTESIAN_POINT('',(2.196305177528,2.592953444571,8.748888773715
    ));
#6104 = CARTESIAN_POINT('',(2.479536997526,2.321166944984,8.734727545658
    ));
#6105 = CARTESIAN_POINT('',(2.729667463682,2.018639408662,8.720566317601
    ));
#6106 = CARTESIAN_POINT('',(2.943383909635,1.689377442602,8.706405089544
    ));
#6107 = CARTESIAN_POINT('',(3.117855918261,1.337741722766,8.692243861487
    ));
#6108 = CARTESIAN_POINT('',(3.250772820132,0.968389237286,8.67808263343)
  );
#6109 = CARTESIAN_POINT('',(3.340374292038,0.586211611635,8.663921405374
    ));
#6110 = CARTESIAN_POINT('',(3.385473671268,0.196270324628,8.649760177317
    ));
#6111 = CARTESIAN_POINT('',(3.385473671268,-0.196270324628,8.63559894926
    ));
#6112 = CARTESIAN_POINT('',(3.340374292038,-0.586211611635,
    8.621437721203));
#6113 = CARTESIAN_POINT('',(3.250772820132,-0.968389237286,
    8.607276493146));
#6114 = CARTESIAN_POINT('',(3.117855918261,-1.337741722766,
    8.593115265089));
#6115 = CARTESIAN_POINT('',(2.943383909635,-1.689377442602,
    8.578954037032));
#6116 = CARTESIAN_POINT('',(2.729667463682,-2.018639408662,
    8.564792808975));
#6117 = CARTESIAN_POINT('',(2.479536997526,-2.321166944984,
    8.550631580918));
#6118 = CARTESIAN_POINT('',(2.196305177528,-2.592953444571,
    8.536470352861));
#6119 = CARTESIAN_POINT('',(1.883723095631,-2.830399413645,
    8.522309124805));
#6120 = CARTESIAN_POINT('',(1.545930409344,-3.030360211207,
    8.508147896748));
#6121 = CARTESIAN_POINT('',(1.306910932345,-3.13691169697,8.498707078043
    ));
#6122 = CARTESIAN_POINT('',(1.184736224499,-3.183145824518,
    8.493986668691));
#6123 = ORIENTED_EDGE('',*,*,#2798,.T.);
#6124 = ORIENTED_EDGE('',*,*,#2724,.T.);
#6125 = B_SPLINE_SURFACE_WITH_KNOTS('',1,3,(
    (#6126,#6127,#6128,#6129,#6130,#6131,#6132,#6133,#6134,#6135,#6136
      ,#6137,#6138,#6139,#6140,#6141,#6142,#6143,#6144,#6145,#6146,#6147
      ,#6148,#6149,#6150,#6151,#6152,#6153,#6154)
    ,(#6155,#6156,#6157,#6158,#6159,#6160,#6161,#6162,#6163,#6164,#6165
      ,#6166,#6167,#6168,#6169,#6170,#6171,#6172,#6173,#6174,#6175,#6176
      ,#6177,#6178,#6179,#6180,#6181,#6182,#6183
  )),.UNSPECIFIED.,.F.,.F.,.F.,(2,2),(4,1,1,1,1,1,1,1,1,1,1,1,1,1,1,1,1,
    1,1,1,1,1,1,1,1,1,4),(0.,1.),(30.206901405005,30.29990333815,
    30.392905271296,30.485907204441,30.578909137587,30.671911070733,
    30.764913003878,30.857914937024,30.95091687017,31.043918803315,
    31.136920736461,31.229922669607,31.322924602752,31.415926535898,
    31.508928469044,31.601930402189,31.694932335335,31.787934268481,
    31.880936201626,31.973938134772,32.066940067917,32.159942001063,
    32.252943934209,32.345945867354,32.4389478005,32.531949733646,
    32.624951666791),.UNSPECIFIED.);
#6126 = CARTESIAN_POINT('',(1.184736224499,3.183145824518,8.791372457886
    ));
#6127 = CARTESIAN_POINT('',(1.283415796221,3.145802875345,8.787559819563
    ));
#6128 = CARTESIAN_POINT('',(1.477299327016,3.061933023101,8.779934542917
    ));
#6129 = CARTESIAN_POINT('',(1.755184685474,2.909663525304,8.768496627948
    ));
#6130 = CARTESIAN_POINT('',(2.017728162984,2.73224544747,8.757058712979)
  );
#6131 = CARTESIAN_POINT('',(2.262660601691,2.531212221916,8.74562079801)
  );
#6132 = CARTESIAN_POINT('',(2.487865009007,2.308301408291,8.73418288304)
  );
#6133 = CARTESIAN_POINT('',(2.691394917407,2.065439652029,8.722744968071
    ));
#6134 = CARTESIAN_POINT('',(2.87149119128,1.804726038438,8.711307053102)
  );
#6135 = CARTESIAN_POINT('',(3.026597235845,1.528413948333,8.699869138133
    ));
#6136 = CARTESIAN_POINT('',(3.155372449794,1.238891582246,8.688431223164
    ));
#6137 = CARTESIAN_POINT('',(3.256703812603,0.938661318772,8.676993308195
    ));
#6138 = CARTESIAN_POINT('',(3.329715504421,0.630318086235,8.665555393226
    ));
#6139 = CARTESIAN_POINT('',(3.373776475918,0.316526934376,8.654117478257
    ));
#6140 = CARTESIAN_POINT('',(3.388505902519,4.070573877572E-14,
    8.642679563288));
#6141 = CARTESIAN_POINT('',(3.373776475918,-0.316526934376,
    8.631241648319));
#6142 = CARTESIAN_POINT('',(3.329715504421,-0.630318086235,8.61980373335
    ));
#6143 = CARTESIAN_POINT('',(3.256703812603,-0.938661318772,
    8.608365818381));
#6144 = CARTESIAN_POINT('',(3.155372449794,-1.238891582245,
    8.596927903412));
#6145 = CARTESIAN_POINT('',(3.026597235845,-1.528413948333,
    8.585489988443));
#6146 = CARTESIAN_POINT('',(2.87149119128,-1.804726038437,8.574052073474
    ));
#6147 = CARTESIAN_POINT('',(2.691394917407,-2.065439652029,
    8.562614158505));
#6148 = CARTESIAN_POINT('',(2.487865009007,-2.308301408291,
    8.551176243536));
#6149 = CARTESIAN_POINT('',(2.262660601691,-2.531212221916,
    8.539738328567));
#6150 = CARTESIAN_POINT('',(2.017728162984,-2.73224544747,8.528300413598
    ));
#6151 = CARTESIAN_POINT('',(1.755184685474,-2.909663525304,
    8.516862498629));
#6152 = CARTESIAN_POINT('',(1.477299327016,-3.061933023101,8.50542458366
    ));
#6153 = CARTESIAN_POINT('',(1.283415796221,-3.145802875345,
    8.497799307014));
#6154 = CARTESIAN_POINT('',(1.184736224499,-3.183145824518,
    8.493986668691));
#6155 = CARTESIAN_POINT('',(1.128840587599,3.035440363847,8.819219409749
    ));
#6156 = CARTESIAN_POINT('',(1.222941194861,2.999830215436,8.815406771426
    ));
#6157 = CARTESIAN_POINT('',(1.407828073347,2.919852121801,8.80778149478)
  );
#6158 = CARTESIAN_POINT('',(1.672818896919,2.774648287205,8.796343579811
    ));
#6159 = CARTESIAN_POINT('',(1.923179738939,2.605462825897,8.784905664842
    ));
#6160 = CARTESIAN_POINT('',(2.156746735819,2.413758015322,8.773467749873
    ));
#6161 = CARTESIAN_POINT('',(2.371501128414,2.201190788271,8.762029834904
    ));
#6162 = CARTESIAN_POINT('',(2.565586769872,1.969598389295,8.750591919935
    ));
#6163 = CARTESIAN_POINT('',(2.737326152618,1.720982501199,8.739154004966
    ));
#6164 = CARTESIAN_POINT('',(2.885234911533,1.457491942626,8.727716089997
    ));
#6165 = CARTESIAN_POINT('',(3.008034652366,1.181404095978,8.716278175028
    ));
#6166 = CARTESIAN_POINT('',(3.104664001365,0.895105223593,8.704840260059
    ));
#6167 = CARTESIAN_POINT('',(3.174287778783,0.60106984301,8.69340234509)
  );
#6168 = CARTESIAN_POINT('',(3.216304217466,0.301839339389,8.681964430121
    ));
#6169 = CARTESIAN_POINT('',(3.230350163994,3.880784977884E-14,
    8.670526515152));
#6170 = CARTESIAN_POINT('',(3.216304217466,-0.301839339389,
    8.659088600182));
#6171 = CARTESIAN_POINT('',(3.174287778783,-0.60106984301,8.647650685213
    ));
#6172 = CARTESIAN_POINT('',(3.104664001365,-0.895105223592,
    8.636212770244));
#6173 = CARTESIAN_POINT('',(3.008034652366,-1.181404095977,
    8.624774855275));
#6174 = CARTESIAN_POINT('',(2.885234911533,-1.457491942626,
    8.613336940306));
#6175 = CARTESIAN_POINT('',(2.737326152618,-1.720982501199,
    8.601899025337));
#6176 = CARTESIAN_POINT('',(2.565586769872,-1.969598389295,
    8.590461110368));
#6177 = CARTESIAN_POINT('',(2.371501128414,-2.201190788271,
    8.579023195399));
#6178 = CARTESIAN_POINT('',(2.156746735819,-2.413758015322,8.56758528043
    ));
#6179 = CARTESIAN_POINT('',(1.923179738939,-2.605462825897,
    8.556147365461));
#6180 = CARTESIAN_POINT('',(1.672818896919,-2.774648287205,
    8.544709450492));
#6181 = CARTESIAN_POINT('',(1.407828073347,-2.919852121801,
    8.533271535523));
#6182 = CARTESIAN_POINT('',(1.222941194861,-2.999830215436,
    8.525646258877));
#6183 = CARTESIAN_POINT('',(1.128840587599,-3.035440363847,
    8.521833620554));
#6184 = ADVANCED_FACE('',(#6185),#6217,.T.);
#6185 = FACE_BOUND('',#6186,.T.);
#6186 = EDGE_LOOP('',(#6187,#6188,#6189,#6190));
#6187 = ORIENTED_EDGE('',*,*,#4557,.F.);
#6188 = ORIENTED_EDGE('',*,*,#2921,.F.);
#6189 = ORIENTED_EDGE('',*,*,#2785,.T.);
#6190 = ORIENTED_EDGE('',*,*,#6191,.T.);
#6191 = EDGE_CURVE('',#2786,#4558,#6192,.T.);
#6192 = B_SPLINE_CURVE_WITH_KNOTS('',3,(#6193,#6194,#6195,#6196,#6197,
    #6198,#6199,#6200,#6201,#6202,#6203,#6204,#6205,#6206,#6207,#6208,
    #6209,#6210,#6211,#6212,#6213,#6214,#6215,#6216),.UNSPECIFIED.,.F.,
  .F.,(4,1,1,1,1,1,1,1,1,1,1,1,1,1,1,1,1,1,1,1,1,4),(0.,
    4.761904761905E-02,9.523809523809E-02,0.142857142857,0.190476190476,
    0.238095238095,0.285714285714,0.333333333333,0.380952380952,
    0.428571428571,0.47619047619,0.52380952381,0.571428571429,
    0.619047619048,0.666666666667,0.714285714286,0.761904761905,
    0.809523809524,0.857142857143,0.904761904762,0.952380952381,1.),
  .UNSPECIFIED.);
#6193 = CARTESIAN_POINT('',(1.184736224499,3.183145824518,8.61524363434)
  );
#6194 = CARTESIAN_POINT('',(1.306910932345,3.13691169697,8.610523224987)
  );
#6195 = CARTESIAN_POINT('',(1.545930409344,3.030360211207,8.601082406283
    ));
#6196 = CARTESIAN_POINT('',(1.883723095631,2.830399413645,8.586921178226
    ));
#6197 = CARTESIAN_POINT('',(2.196305177528,2.592953444571,8.572759950169
    ));
#6198 = CARTESIAN_POINT('',(2.479536997526,2.321166944984,8.558598722112
    ));
#6199 = CARTESIAN_POINT('',(2.729667463682,2.018639408662,8.544437494055
    ));
#6200 = CARTESIAN_POINT('',(2.943383909635,1.689377442602,8.530276265998
    ));
#6201 = CARTESIAN_POINT('',(3.117855918261,1.337741722766,8.516115037941
    ));
#6202 = CARTESIAN_POINT('',(3.250772820132,0.968389237286,8.501953809884
    ));
#6203 = CARTESIAN_POINT('',(3.340374292038,0.586211611635,8.487792581827
    ));
#6204 = CARTESIAN_POINT('',(3.385473671268,0.196270324628,8.473631353771
    ));
#6205 = CARTESIAN_POINT('',(3.385473671268,-0.196270324628,
    8.459470125714));
#6206 = CARTESIAN_POINT('',(3.340374292038,-0.586211611635,
    8.445308897657));
#6207 = CARTESIAN_POINT('',(3.250772820132,-0.968389237286,8.4311476696)
  );
#6208 = CARTESIAN_POINT('',(3.117855918261,-1.337741722766,
    8.416986441543));
#6209 = CARTESIAN_POINT('',(2.943383909635,-1.689377442602,
    8.402825213486));
#6210 = CARTESIAN_POINT('',(2.729667463682,-2.018639408662,
    8.388663985429));
#6211 = CARTESIAN_POINT('',(2.479536997526,-2.321166944984,
    8.374502757372));
#6212 = CARTESIAN_POINT('',(2.196305177528,-2.592953444571,
    8.360341529315));
#6213 = CARTESIAN_POINT('',(1.883723095631,-2.830399413645,
    8.346180301258));
#6214 = CARTESIAN_POINT('',(1.545930409344,-3.030360211207,
    8.332019073202));
#6215 = CARTESIAN_POINT('',(1.306910932345,-3.13691169697,8.322578254497
    ));
#6216 = CARTESIAN_POINT('',(1.184736224499,-3.183145824518,
    8.317857845145));
#6217 = B_SPLINE_SURFACE_WITH_KNOTS('',1,3,(
    (#6218,#6219,#6220,#6221,#6222,#6223,#6224,#6225,#6226,#6227,#6228
      ,#6229,#6230,#6231,#6232,#6233,#6234,#6235,#6236,#6237,#6238,#6239
      ,#6240,#6241,#6242,#6243,#6244,#6245,#6246)
    ,(#6247,#6248,#6249,#6250,#6251,#6252,#6253,#6254,#6255,#6256,#6257
      ,#6258,#6259,#6260,#6261,#6262,#6263,#6264,#6265,#6266,#6267,#6268
      ,#6269,#6270,#6271,#6272,#6273,#6274,#6275
  )),.UNSPECIFIED.,.F.,.F.,.F.,(2,2),(4,1,1,1,1,1,1,1,1,1,1,1,1,1,1,1,1,
    1,1,1,1,1,1,1,1,1,4),(0.,1.),(30.206901405005,30.29990333815,
    30.392905271296,30.485907204441,30.578909137587,30.671911070733,
    30.764913003878,30.857914937024,30.95091687017,31.043918803315,
    31.136920736461,31.229922669607,31.322924602752,31.415926535898,
    31.508928469044,31.601930402189,31.694932335335,31.787934268481,
    31.880936201626,31.973938134772,32.066940067917,32.159942001063,
    32.252943934209,32.345945867354,32.4389478005,32.531949733646,
    32.624951666791),.UNSPECIFIED.);
#6218 = CARTESIAN_POINT('',(1.128840587599,3.035440363847,8.587396682476
    ));
#6219 = CARTESIAN_POINT('',(1.222941194861,2.999830215436,8.583584044153
    ));
#6220 = CARTESIAN_POINT('',(1.407828073347,2.919852121801,8.575958767507
    ));
#6221 = CARTESIAN_POINT('',(1.672818896919,2.774648287205,8.564520852538
    ));
#6222 = CARTESIAN_POINT('',(1.923179738939,2.605462825897,8.553082937569
    ));
#6223 = CARTESIAN_POINT('',(2.156746735819,2.413758015322,8.5416450226)
  );
#6224 = CARTESIAN_POINT('',(2.371501128414,2.201190788271,8.530207107631
    ));
#6225 = CARTESIAN_POINT('',(2.565586769872,1.969598389295,8.518769192662
    ));
#6226 = CARTESIAN_POINT('',(2.737326152618,1.720982501199,8.507331277693
    ));
#6227 = CARTESIAN_POINT('',(2.885234911533,1.457491942626,8.495893362724
    ));
#6228 = CARTESIAN_POINT('',(3.008034652366,1.181404095978,8.484455447755
    ));
#6229 = CARTESIAN_POINT('',(3.104664001365,0.895105223593,8.473017532786
    ));
#6230 = CARTESIAN_POINT('',(3.174287778783,0.60106984301,8.461579617817)
  );
#6231 = CARTESIAN_POINT('',(3.216304217466,0.301839339389,8.450141702848
    ));
#6232 = CARTESIAN_POINT('',(3.230350163994,3.885932476473E-14,
    8.438703787879));
#6233 = CARTESIAN_POINT('',(3.216304217466,-0.301839339389,8.42726587291
    ));
#6234 = CARTESIAN_POINT('',(3.174287778783,-0.60106984301,8.415827957941
    ));
#6235 = CARTESIAN_POINT('',(3.104664001365,-0.895105223592,
    8.404390042972));
#6236 = CARTESIAN_POINT('',(3.008034652366,-1.181404095977,
    8.392952128003));
#6237 = CARTESIAN_POINT('',(2.885234911533,-1.457491942626,
    8.381514213034));
#6238 = CARTESIAN_POINT('',(2.737326152618,-1.720982501199,
    8.370076298065));
#6239 = CARTESIAN_POINT('',(2.565586769872,-1.969598389295,
    8.358638383096));
#6240 = CARTESIAN_POINT('',(2.371501128414,-2.201190788271,
    8.347200468127));
#6241 = CARTESIAN_POINT('',(2.156746735819,-2.413758015322,
    8.335762553157));
#6242 = CARTESIAN_POINT('',(1.923179738939,-2.605462825897,
    8.324324638188));
#6243 = CARTESIAN_POINT('',(1.672818896919,-2.774648287205,
    8.312886723219));
#6244 = CARTESIAN_POINT('',(1.407828073347,-2.919852121801,8.30144880825
    ));
#6245 = CARTESIAN_POINT('',(1.222941194861,-2.999830215436,
    8.293823531604));
#6246 = CARTESIAN_POINT('',(1.128840587599,-3.035440363847,
    8.290010893281));
#6247 = CARTESIAN_POINT('',(1.184736224499,3.183145824518,8.61524363434)
  );
#6248 = CARTESIAN_POINT('',(1.283415796221,3.145802875345,8.611430996017
    ));
#6249 = CARTESIAN_POINT('',(1.477299327016,3.061933023101,8.60380571937)
  );
#6250 = CARTESIAN_POINT('',(1.755184685474,2.909663525304,8.592367804401
    ));
#6251 = CARTESIAN_POINT('',(2.017728162984,2.73224544747,8.580929889432)
  );
#6252 = CARTESIAN_POINT('',(2.262660601691,2.531212221916,8.569491974463
    ));
#6253 = CARTESIAN_POINT('',(2.487865009007,2.308301408291,8.558054059494
    ));
#6254 = CARTESIAN_POINT('',(2.691394917407,2.065439652029,8.546616144525
    ));
#6255 = CARTESIAN_POINT('',(2.87149119128,1.804726038438,8.535178229556)
  );
#6256 = CARTESIAN_POINT('',(3.026597235845,1.528413948333,8.523740314587
    ));
#6257 = CARTESIAN_POINT('',(3.155372449794,1.238891582246,8.512302399618
    ));
#6258 = CARTESIAN_POINT('',(3.256703812603,0.938661318772,8.500864484649
    ));
#6259 = CARTESIAN_POINT('',(3.329715504421,0.630318086235,8.48942656968)
  );
#6260 = CARTESIAN_POINT('',(3.373776475918,0.316526934376,8.477988654711
    ));
#6261 = CARTESIAN_POINT('',(3.388505902519,4.074484723076E-14,
    8.466550739742));
#6262 = CARTESIAN_POINT('',(3.373776475918,-0.316526934376,
    8.455112824773));
#6263 = CARTESIAN_POINT('',(3.329715504421,-0.630318086235,
    8.443674909804));
#6264 = CARTESIAN_POINT('',(3.256703812603,-0.938661318772,
    8.432236994835));
#6265 = CARTESIAN_POINT('',(3.155372449794,-1.238891582245,
    8.420799079866));
#6266 = CARTESIAN_POINT('',(3.026597235845,-1.528413948333,
    8.409361164897));
#6267 = CARTESIAN_POINT('',(2.87149119128,-1.804726038437,8.397923249928
    ));
#6268 = CARTESIAN_POINT('',(2.691394917407,-2.065439652029,
    8.386485334959));
#6269 = CARTESIAN_POINT('',(2.487865009007,-2.308301408291,8.37504741999
    ));
#6270 = CARTESIAN_POINT('',(2.262660601691,-2.531212221916,
    8.363609505021));
#6271 = CARTESIAN_POINT('',(2.017728162984,-2.73224544747,8.352171590052
    ));
#6272 = CARTESIAN_POINT('',(1.755184685474,-2.909663525304,
    8.340733675083));
#6273 = CARTESIAN_POINT('',(1.477299327016,-3.061933023101,
    8.329295760114));
#6274 = CARTESIAN_POINT('',(1.283415796221,-3.145802875345,
    8.321670483468));
#6275 = CARTESIAN_POINT('',(1.184736224499,-3.183145824518,
    8.317857845145));
#6276 = ADVANCED_FACE('',(#6277),#6283,.T.);
#6277 = FACE_BOUND('',#6278,.T.);
#6278 = EDGE_LOOP('',(#6279,#6280,#6281,#6282));
#6279 = ORIENTED_EDGE('',*,*,#4569,.F.);
#6280 = ORIENTED_EDGE('',*,*,#6191,.F.);
#6281 = ORIENTED_EDGE('',*,*,#2810,.T.);
#6282 = ORIENTED_EDGE('',*,*,#6097,.T.);
#6283 = ( BOUNDED_SURFACE() B_SPLINE_SURFACE(3,3,(
    (#6284,#6285,#6286,#6287,#6288,#6289,#6290,#6291,#6292,#6293,#6294
      ,#6295,#6296,#6297,#6298,#6299,#6300,#6301,#6302,#6303,#6304,#6305
      ,#6306,#6307,#6308,#6309,#6310,#6311,#6312)
    ,(#6313,#6314,#6315,#6316,#6317,#6318,#6319,#6320,#6321,#6322,#6323
      ,#6324,#6325,#6326,#6327,#6328,#6329,#6330,#6331,#6332,#6333,#6334
      ,#6335,#6336,#6337,#6338,#6339,#6340,#6341)
    ,(#6342,#6343,#6344,#6345,#6346,#6347,#6348,#6349,#6350,#6351,#6352
      ,#6353,#6354,#6355,#6356,#6357,#6358,#6359,#6360,#6361,#6362,#6363
      ,#6364,#6365,#6366,#6367,#6368,#6369,#6370)
    ,(#6371,#6372,#6373,#6374,#6375,#6376,#6377,#6378,#6379,#6380,#6381
      ,#6382,#6383,#6384,#6385,#6386,#6387,#6388,#6389,#6390,#6391,#6392
      ,#6393,#6394,#6395,#6396,#6397,#6398,#6399
)),.UNSPECIFIED.,.F.,.F.,.F.) B_SPLINE_SURFACE_WITH_KNOTS((4,4),(4,1,1,1
    ,1,1,1,1,1,1,1,1,1,1,1,1,1,1,1,1,1,1,1,1,1,1,4),(0.,2.792526803191),
  (30.198871779673,30.292491375624,30.386110971575,30.479730567525,
    30.573350163476,30.666969759427,30.760589355378,30.854208951328,
    30.947828547279,31.04144814323,31.13506773918,31.228687335131,
    31.322306931082,31.415926527033,31.509546122983,31.603165718934,
    31.696785314885,31.790404910836,31.884024506786,31.977644102737,
    32.071263698688,32.164883294638,32.258502890589,32.35212248654,
    32.445742082491,32.539361678441,32.632981274392),.UNSPECIFIED.) 
GEOMETRIC_REPRESENTATION_ITEM() RATIONAL_B_SPLINE_SURFACE((
    (1.,1.,1.,1.,1.,1.,1.,1.,1.,1.,1.,1.,1.,1.,1.,1.,1.,1.,1.,1.,1.,1.
      ,1.,1.,1.,1.,1.,1.,1.)
    ,(0.449098785111,0.449098785111,0.449098785111,0.449098785111
      ,0.449098785111,0.449098785111,0.449098785111,0.449098785111
      ,0.449098785111,0.449098785111,0.449098785111,0.449098785111
      ,0.449098785111,0.449098785111,0.449098785111,0.449098785111
      ,0.449098785111,0.449098785111,0.449098785111,0.449098785111
      ,0.449098785111,0.449098785111,0.449098785111,0.449098785111
      ,0.449098785111,0.449098785111,0.449098785111,0.449098785111
      ,0.449098785111)
    ,(0.449098785111,0.449098785111,0.449098785111,0.449098785111
      ,0.449098785111,0.449098785111,0.449098785111,0.449098785111
      ,0.449098785111,0.449098785111,0.449098785111,0.449098785111
      ,0.449098785111,0.449098785111,0.449098785111,0.449098785111
      ,0.449098785111,0.449098785111,0.449098785111,0.449098785111
      ,0.449098785111,0.449098785111,0.449098785111,0.449098785111
      ,0.449098785111,0.449098785111,0.449098785111,0.449098785111
      ,0.449098785111)
    ,(1.,1.,1.,1.,1.,1.,1.,1.,1.,1.,1.,1.,1.,1.,1.,1.,1.,1.,1.,1.,1.,1.
,1.,1.,1.,1.,1.,1.,1.))) REPRESENTATION_ITEM('') SURFACE() );
#6284 = CARTESIAN_POINT('',(1.159138198241,3.192715480716,8.616231164046
    ));
#6285 = CARTESIAN_POINT('',(1.258771776004,3.1559233478,8.612393204477)
  );
#6286 = CARTESIAN_POINT('',(1.454591802941,3.073004666348,8.604717285338
    ));
#6287 = CARTESIAN_POINT('',(1.735408462661,2.921712521706,8.593203406629
    ));
#6288 = CARTESIAN_POINT('',(2.000852134999,2.744831361273,8.58168952792)
  );
#6289 = CARTESIAN_POINT('',(2.248598043682,2.54391033592,8.570175649211)
  );
#6290 = CARTESIAN_POINT('',(2.476476362519,2.320709161988,8.558661770503
    ));
#6291 = CARTESIAN_POINT('',(2.682491283885,2.077182685416,8.547147891794
    ));
#6292 = CARTESIAN_POINT('',(2.864838481134,1.815463767155,8.535634013085
    ));
#6293 = CARTESIAN_POINT('',(3.021920915955,1.537844601361,8.524120134376
    ));
#6294 = CARTESIAN_POINT('',(3.152362824345,1.246756640301,8.512606255667
    ));
#6295 = CARTESIAN_POINT('',(3.255021766208,0.944749299006,8.501092376959
    ));
#6296 = CARTESIAN_POINT('',(3.328998631011,0.63446762695,8.48957849825)
  );
#6297 = CARTESIAN_POINT('',(3.373645512431,0.318629142088,8.478064619541
    ));
#6298 = CARTESIAN_POINT('',(3.388571382851,3.021652374158E-08,
    8.466550740832));
#6299 = CARTESIAN_POINT('',(3.37364551808,-0.31862908192,8.455036862124)
  );
#6300 = CARTESIAN_POINT('',(3.328998642261,-0.634467567573,
    8.443522983415));
#6301 = CARTESIAN_POINT('',(3.255021782958,-0.944749240941,
    8.432009104706));
#6302 = CARTESIAN_POINT('',(3.15236284645,-1.246756584056,8.420495225997
    ));
#6303 = CARTESIAN_POINT('',(3.021920943221,-1.537844547429,
    8.408981347289));
#6304 = CARTESIAN_POINT('',(2.864838513324,-1.815463716008,8.39746746858
    ));
#6305 = CARTESIAN_POINT('',(2.682491320714,-2.077182637502,
    8.385953589871));
#6306 = CARTESIAN_POINT('',(2.476476403666,-2.320709117726,
    8.374439711162));
#6307 = CARTESIAN_POINT('',(2.248598088787,-2.543910295699,
    8.362925832454));
#6308 = CARTESIAN_POINT('',(2.000852183666,-2.744831325445,
    8.351411953745));
#6309 = CARTESIAN_POINT('',(1.735408514464,-2.921712490584,
    8.339898075036));
#6310 = CARTESIAN_POINT('',(1.454591857427,-3.073004640205,
    8.328384196327));
#6311 = CARTESIAN_POINT('',(1.25877183196,-3.155923325129,8.320708277188
    ));
#6312 = CARTESIAN_POINT('',(1.159138254849,-3.192715459812,
    8.316870317618));
#6313 = CARTESIAN_POINT('',(1.20373557764,3.313485768171,8.63893177414)
  );
#6314 = CARTESIAN_POINT('',(1.307137977241,3.275301905708,8.635093814571
    ));
#6315 = CARTESIAN_POINT('',(1.510365253927,3.189246673863,8.627417895431
    ));
#6316 = CARTESIAN_POINT('',(1.801804316088,3.032231627851,8.615904016723
    ));
#6317 = CARTESIAN_POINT('',(2.077288879575,2.848659614845,8.604390138014
    ));
#6318 = CARTESIAN_POINT('',(2.334406229211,2.640138385173,8.592876259305
    ));
#6319 = CARTESIAN_POINT('',(2.570904461171,2.408494219655,8.581362380596
    ));
#6320 = CARTESIAN_POINT('',(2.784712272766,2.155755909848,8.569848501888
    ));
#6321 = CARTESIAN_POINT('',(2.973957085403,1.884136996056,8.558334623179
    ));
#6322 = CARTESIAN_POINT('',(3.136981449883,1.596016378862,8.54682074447)
  );
#6323 = CARTESIAN_POINT('',(3.27235756142,1.293917484649,8.535306865761)
  );
#6324 = CARTESIAN_POINT('',(3.378899765037,0.980486164725,8.523792987053
    ));
#6325 = CARTESIAN_POINT('',(3.455674939706,0.658467522384,8.512279108344
    ));
#6326 = CARTESIAN_POINT('',(3.502010670863,0.330681870656,8.500765229635
    ));
#6327 = CARTESIAN_POINT('',(3.517501139561,3.13595188491E-08,
    8.489251350926));
#6328 = CARTESIAN_POINT('',(3.502010676726,-0.330681808211,
    8.477737472218));
#6329 = CARTESIAN_POINT('',(3.455674951381,-0.658467460761,
    8.466223593509));
#6330 = CARTESIAN_POINT('',(3.378899782421,-0.980486104463,8.4547097148)
  );
#6331 = CARTESIAN_POINT('',(3.272357584362,-1.293917426277,
    8.443195836091));
#6332 = CARTESIAN_POINT('',(3.136981478181,-1.59601632289,8.431681957382
    ));
#6333 = CARTESIAN_POINT('',(2.97395711881,-1.884136942974,8.420168078674
    ));
#6334 = CARTESIAN_POINT('',(2.784712310989,-2.155755860122,
    8.408654199965));
#6335 = CARTESIAN_POINT('',(2.570904503875,-2.40849417372,8.397140321256
    ));
#6336 = CARTESIAN_POINT('',(2.334406276022,-2.640138343431,
    8.385626442547));
#6337 = CARTESIAN_POINT('',(2.077288930083,-2.848659577662,
    8.374112563839));
#6338 = CARTESIAN_POINT('',(1.801804369851,-3.032231595553,8.36259868513
    ));
#6339 = CARTESIAN_POINT('',(1.510365310474,-3.189246646732,
    8.351084806421));
#6340 = CARTESIAN_POINT('',(1.307138035314,-3.27530188218,8.343408887282
    ));
#6341 = CARTESIAN_POINT('',(1.20373563639,-3.313485746476,8.339570927712
    ));
#6342 = CARTESIAN_POINT('',(1.20373557764,3.313485768171,8.769659377499)
  );
#6343 = CARTESIAN_POINT('',(1.307137977241,3.275301905708,8.765821417929
    ));
#6344 = CARTESIAN_POINT('',(1.510365253927,3.189246673863,8.75814549879)
  );
#6345 = CARTESIAN_POINT('',(1.801804316088,3.032231627851,8.746631620081
    ));
#6346 = CARTESIAN_POINT('',(2.077288879575,2.848659614845,8.735117741372
    ));
#6347 = CARTESIAN_POINT('',(2.334406229211,2.640138385173,8.723603862663
    ));
#6348 = CARTESIAN_POINT('',(2.570904461171,2.408494219655,8.712089983955
    ));
#6349 = CARTESIAN_POINT('',(2.784712272766,2.155755909848,8.700576105246
    ));
#6350 = CARTESIAN_POINT('',(2.973957085403,1.884136996056,8.689062226537
    ));
#6351 = CARTESIAN_POINT('',(3.136981449883,1.596016378862,8.677548347828
    ));
#6352 = CARTESIAN_POINT('',(3.27235756142,1.293917484649,8.66603446912)
  );
#6353 = CARTESIAN_POINT('',(3.378899765037,0.980486164725,8.654520590411
    ));
#6354 = CARTESIAN_POINT('',(3.455674939706,0.658467522384,8.643006711702
    ));
#6355 = CARTESIAN_POINT('',(3.502010670863,0.330681870656,8.631492832993
    ));
#6356 = CARTESIAN_POINT('',(3.517501139561,3.135951882007E-08,
    8.619978954285));
#6357 = CARTESIAN_POINT('',(3.502010676726,-0.330681808211,
    8.608465075576));
#6358 = CARTESIAN_POINT('',(3.455674951381,-0.658467460761,
    8.596951196867));
#6359 = CARTESIAN_POINT('',(3.378899782421,-0.980486104463,
    8.585437318158));
#6360 = CARTESIAN_POINT('',(3.272357584362,-1.293917426277,8.57392343945
    ));
#6361 = CARTESIAN_POINT('',(3.136981478181,-1.59601632289,8.562409560741
    ));
#6362 = CARTESIAN_POINT('',(2.97395711881,-1.884136942974,8.550895682032
    ));
#6363 = CARTESIAN_POINT('',(2.784712310989,-2.155755860122,
    8.539381803323));
#6364 = CARTESIAN_POINT('',(2.570904503875,-2.40849417372,8.527867924614
    ));
#6365 = CARTESIAN_POINT('',(2.334406276022,-2.640138343431,
    8.516354045906));
#6366 = CARTESIAN_POINT('',(2.077288930083,-2.848659577662,
    8.504840167197));
#6367 = CARTESIAN_POINT('',(1.801804369851,-3.032231595553,
    8.493326288488));
#6368 = CARTESIAN_POINT('',(1.510365310474,-3.189246646732,
    8.481812409779));
#6369 = CARTESIAN_POINT('',(1.307138035314,-3.27530188218,8.47413649064)
  );
#6370 = CARTESIAN_POINT('',(1.20373563639,-3.313485746476,8.470298531071
    ));
#6371 = CARTESIAN_POINT('',(1.159138198241,3.192715480716,8.792359987592
    ));
#6372 = CARTESIAN_POINT('',(1.258771776004,3.1559233478,8.788522028023)
  );
#6373 = CARTESIAN_POINT('',(1.454591802941,3.073004666348,8.780846108884
    ));
#6374 = CARTESIAN_POINT('',(1.735408462661,2.921712521706,8.769332230175
    ));
#6375 = CARTESIAN_POINT('',(2.000852134999,2.744831361273,8.757818351466
    ));
#6376 = CARTESIAN_POINT('',(2.248598043682,2.54391033592,8.746304472757)
  );
#6377 = CARTESIAN_POINT('',(2.476476362519,2.320709161988,8.734790594049
    ));
#6378 = CARTESIAN_POINT('',(2.682491283885,2.077182685416,8.72327671534)
  );
#6379 = CARTESIAN_POINT('',(2.864838481134,1.815463767155,8.711762836631
    ));
#6380 = CARTESIAN_POINT('',(3.021920915955,1.537844601361,8.700248957922
    ));
#6381 = CARTESIAN_POINT('',(3.152362824345,1.246756640301,8.688735079214
    ));
#6382 = CARTESIAN_POINT('',(3.255021766208,0.944749299006,8.677221200505
    ));
#6383 = CARTESIAN_POINT('',(3.328998631011,0.63446762695,8.665707321796)
  );
#6384 = CARTESIAN_POINT('',(3.373645512431,0.318629142088,8.654193443087
    ));
#6385 = CARTESIAN_POINT('',(3.388571382851,3.02165236896E-08,
    8.642679564379));
#6386 = CARTESIAN_POINT('',(3.37364551808,-0.31862908192,8.63116568567)
  );
#6387 = CARTESIAN_POINT('',(3.328998642261,-0.634467567573,
    8.619651806961));
#6388 = CARTESIAN_POINT('',(3.255021782958,-0.944749240941,
    8.608137928252));
#6389 = CARTESIAN_POINT('',(3.15236284645,-1.246756584056,8.596624049543
    ));
#6390 = CARTESIAN_POINT('',(3.021920943221,-1.537844547429,
    8.585110170835));
#6391 = CARTESIAN_POINT('',(2.864838513324,-1.815463716008,
    8.573596292126));
#6392 = CARTESIAN_POINT('',(2.682491320714,-2.077182637502,
    8.562082413417));
#6393 = CARTESIAN_POINT('',(2.476476403666,-2.320709117726,
    8.550568534708));
#6394 = CARTESIAN_POINT('',(2.248598088787,-2.543910295699,8.539054656)
  );
#6395 = CARTESIAN_POINT('',(2.000852183666,-2.744831325445,
    8.527540777291));
#6396 = CARTESIAN_POINT('',(1.735408514464,-2.921712490584,
    8.516026898582));
#6397 = CARTESIAN_POINT('',(1.454591857427,-3.073004640205,
    8.504513019873));
#6398 = CARTESIAN_POINT('',(1.25877183196,-3.155923325129,8.496837100734
    ));
#6399 = CARTESIAN_POINT('',(1.159138254849,-3.192715459812,
    8.492999141165));
#6400 = ADVANCED_FACE('',(#6401),#6430,.T.);
#6401 = FACE_BOUND('',#6402,.T.);
#6402 = EDGE_LOOP('',(#6403,#6404,#6423,#6429));
#6403 = ORIENTED_EDGE('',*,*,#2955,.T.);
#6404 = ORIENTED_EDGE('',*,*,#6405,.T.);
#6405 = EDGE_CURVE('',#2956,#6406,#6408,.T.);
#6406 = VERTEX_POINT('',#6407);
#6407 = CARTESIAN_POINT('',(3.383596093652,5.349974285522E-15,
    7.6938083155));
#6408 = B_SPLINE_CURVE_WITH_KNOTS('',3,(#6409,#6410,#6411,#6412,#6413,
    #6414,#6415,#6416,#6417,#6418,#6419,#6420,#6421,#6422),
  .UNSPECIFIED.,.F.,.F.,(4,1,1,1,1,1,1,1,1,1,1,4),(0.,9.090909090909E-02
    ,0.181818181818,0.272727272727,0.363636363636,0.454545454545,
    0.545454545455,0.636363636364,0.727272727273,0.818181818182,
    0.909090909091,1.),.UNSPECIFIED.);
#6409 = CARTESIAN_POINT('',(1.184736224499,3.183145824518,7.842501210097
    ));
#6410 = CARTESIAN_POINT('',(1.301357536534,3.139013248222,7.837995364806
    ));
#6411 = CARTESIAN_POINT('',(1.529744275243,3.037917301741,7.828983674225
    ));
#6412 = CARTESIAN_POINT('',(1.853623594477,2.849610621602,7.815466138352
    ));
#6413 = CARTESIAN_POINT('',(2.154893101016,2.626913858958,7.80194860248)
  );
#6414 = CARTESIAN_POINT('',(2.429917057265,2.372514563267,7.788431066607
    ));
#6415 = CARTESIAN_POINT('',(2.675376352859,2.089482924432,7.774913530735
    ));
#6416 = CARTESIAN_POINT('',(2.888308704593,1.781234665489,7.761395994862
    ));
#6417 = CARTESIAN_POINT('',(3.066144367788,1.451489837978,7.74787845899)
  );
#6418 = CARTESIAN_POINT('',(3.206737159204,1.104227912104,7.734360923117
    ));
#6419 = CARTESIAN_POINT('',(3.308390355165,0.743639793313,7.720843387245
    ));
#6420 = CARTESIAN_POINT('',(3.369877168972,0.374077091001,7.707325851372
    ));
#6421 = CARTESIAN_POINT('',(3.383596093652,0.124692480572,7.69831416079)
  );
#6422 = CARTESIAN_POINT('',(3.383596093652,5.349974285522E-15,
    7.6938083155));
#6423 = ORIENTED_EDGE('',*,*,#6424,.F.);
#6424 = EDGE_CURVE('',#2877,#6406,#6425,.T.);
#6425 = LINE('',#6426,#6427);
#6426 = CARTESIAN_POINT('',(3.225668181818,2.761835114577E-15,
    7.665961363636));
#6427 = VECTOR('',#6428,1.);
#6428 = DIRECTION('',(0.984807753012,5.64463190245E-16,0.173648177667));
#6429 = ORIENTED_EDGE('',*,*,#2876,.F.);
#6430 = B_SPLINE_SURFACE_WITH_KNOTS('',1,3,(
    (#6431,#6432,#6433,#6434,#6435,#6436,#6437,#6438,#6439,#6440,#6441
      ,#6442,#6443,#6444,#6445,#6446)
    ,(#6447,#6448,#6449,#6450,#6451,#6452,#6453,#6454,#6455,#6456,#6457
      ,#6458,#6459,#6460,#6461,#6462
    )),.UNSPECIFIED.,.F.,.F.,.F.,(2,2),(4,1,1,1,1,1,1,1,1,1,1,1,1,4),(0.
    ,1.),(36.490086712184,36.58308864533,36.676090578475,36.769092511621
    ,36.862094444767,36.955096377912,37.048098311058,37.141100244204,
    37.234102177349,37.327104110495,37.420106043641,37.513107976786,
    37.606109909932,37.699111843078),.UNSPECIFIED.);
#6431 = CARTESIAN_POINT('',(1.128840587599,3.035440363847,7.814654258234
    ));
#6432 = CARTESIAN_POINT('',(1.222941194861,2.999830215436,7.810841619911
    ));
#6433 = CARTESIAN_POINT('',(1.407828073347,2.919852121801,7.803216343265
    ));
#6434 = CARTESIAN_POINT('',(1.672818896919,2.774648287205,7.791778428296
    ));
#6435 = CARTESIAN_POINT('',(1.923179738939,2.605462825897,7.780340513327
    ));
#6436 = CARTESIAN_POINT('',(2.156746735819,2.413758015321,7.768902598358
    ));
#6437 = CARTESIAN_POINT('',(2.371501128414,2.201190788273,7.757464683389
    ));
#6438 = CARTESIAN_POINT('',(2.565586769872,1.969598389288,7.74602676842)
  );
#6439 = CARTESIAN_POINT('',(2.737326152618,1.720982501226,7.734588853451
    ));
#6440 = CARTESIAN_POINT('',(2.885234911533,1.457491942526,7.723150938482
    ));
#6441 = CARTESIAN_POINT('',(3.008034652366,1.181404096351,7.711713023512
    ));
#6442 = CARTESIAN_POINT('',(3.104664001365,0.895105222198,7.700275108543
    ));
#6443 = CARTESIAN_POINT('',(3.174287778783,0.601069848215,7.688837193574
    ));
#6444 = CARTESIAN_POINT('',(3.216304217466,0.301839319962,7.677399278605
    ));
#6445 = CARTESIAN_POINT('',(3.225668181818,0.100613154989,7.669774001959
    ));
#6446 = CARTESIAN_POINT('',(3.225668181818,5.143411048051E-15,
    7.665961363636));
#6447 = CARTESIAN_POINT('',(1.184736224499,3.183145824518,7.842501210097
    ));
#6448 = CARTESIAN_POINT('',(1.283415796221,3.145802875345,7.838688571774
    ));
#6449 = CARTESIAN_POINT('',(1.477299327016,3.061933023101,7.831063295128
    ));
#6450 = CARTESIAN_POINT('',(1.755184685474,2.909663525304,7.819625380159
    ));
#6451 = CARTESIAN_POINT('',(2.017728162984,2.73224544747,7.80818746519)
  );
#6452 = CARTESIAN_POINT('',(2.262660601691,2.531212221916,7.796749550221
    ));
#6453 = CARTESIAN_POINT('',(2.487865009007,2.308301408293,7.785311635252
    ));
#6454 = CARTESIAN_POINT('',(2.691394917407,2.065439652022,7.773873720283
    ));
#6455 = CARTESIAN_POINT('',(2.87149119128,1.804726038466,7.762435805314)
  );
#6456 = CARTESIAN_POINT('',(3.026597235845,1.528413948228,7.750997890345
    ));
#6457 = CARTESIAN_POINT('',(3.155372449794,1.238891582637,7.739559975376
    ));
#6458 = CARTESIAN_POINT('',(3.256703812603,0.938661317309,7.728122060407
    ));
#6459 = CARTESIAN_POINT('',(3.32971550442,0.630318091693,7.716684145438)
  );
#6460 = CARTESIAN_POINT('',(3.373776475918,0.316526914004,7.705246230469
    ));
#6461 = CARTESIAN_POINT('',(3.383596093652,0.105509022022,7.697620953823
    ));
#6462 = CARTESIAN_POINT('',(3.383596093652,5.349974285522E-15,
    7.6938083155));
#6463 = ADVANCED_FACE('',(#6464),#6483,.T.);
#6464 = FACE_BOUND('',#6465,.T.);
#6465 = EDGE_LOOP('',(#6466,#6467,#6468,#6477));
#6466 = ORIENTED_EDGE('',*,*,#2895,.T.);
#6467 = ORIENTED_EDGE('',*,*,#6424,.T.);
#6468 = ORIENTED_EDGE('',*,*,#6469,.T.);
#6469 = EDGE_CURVE('',#6406,#6470,#6472,.T.);
#6470 = VERTEX_POINT('',#6471);
#6471 = CARTESIAN_POINT('',(3.383596093652,5.310865830482E-15,
    7.869937139046));
#6472 = CIRCLE('',#6473,8.942294727443E-02);
#6473 = AXIS2_PLACEMENT_3D('',#6474,#6475,#6476);
#6474 = CARTESIAN_POINT('',(3.368067961816,3.370827446795E-16,
    7.781872727273));
#6475 = DIRECTION('',(-1.224646799147E-16,-1.,-2.22044604925E-16));
#6476 = DIRECTION('',(0.173648177667,1.974054799489E-16,-0.984807753012)
  );
#6477 = ORIENTED_EDGE('',*,*,#6478,.T.);
#6478 = EDGE_CURVE('',#6470,#2896,#6479,.T.);
#6479 = LINE('',#6480,#6481);
#6480 = CARTESIAN_POINT('',(3.383596093652,2.813246349973E-15,
    7.869937139046));
#6481 = VECTOR('',#6482,1.);
#6482 = DIRECTION('',(-0.984807753012,-6.415784722571E-16,0.173648177667
    ));
#6483 = PLANE('',#6484);
#6484 = AXIS2_PLACEMENT_3D('',#6485,#6486,#6487);
#6485 = CARTESIAN_POINT('',(-1.985E-02,7.519830334508E-16,7.781872727273
    ));
#6486 = DIRECTION('',(-1.224646799147E-16,-1.,-2.22044604925E-16));
#6487 = DIRECTION('',(-1.,1.224646799147E-16,2.719262146894E-32));
#6488 = ADVANCED_FACE('',(#6489),#6511,.T.);
#6489 = FACE_BOUND('',#6490,.T.);
#6490 = EDGE_LOOP('',(#6491,#6492,#6493,#6494));
#6491 = ORIENTED_EDGE('',*,*,#2968,.T.);
#6492 = ORIENTED_EDGE('',*,*,#2903,.T.);
#6493 = ORIENTED_EDGE('',*,*,#6478,.F.);
#6494 = ORIENTED_EDGE('',*,*,#6495,.F.);
#6495 = EDGE_CURVE('',#2969,#6470,#6496,.T.);
#6496 = B_SPLINE_CURVE_WITH_KNOTS('',3,(#6497,#6498,#6499,#6500,#6501,
    #6502,#6503,#6504,#6505,#6506,#6507,#6508,#6509,#6510),
  .UNSPECIFIED.,.F.,.F.,(4,1,1,1,1,1,1,1,1,1,1,4),(0.,9.090909090909E-02
    ,0.181818181818,0.272727272727,0.363636363636,0.454545454545,
    0.545454545455,0.636363636364,0.727272727273,0.818181818182,
    0.909090909091,1.),.UNSPECIFIED.);
#6497 = CARTESIAN_POINT('',(1.184736224499,3.183145824518,8.018630033643
    ));
#6498 = CARTESIAN_POINT('',(1.301357536534,3.139013248222,8.014124188352
    ));
#6499 = CARTESIAN_POINT('',(1.529744275243,3.037917301741,8.005112497771
    ));
#6500 = CARTESIAN_POINT('',(1.853623594477,2.849610621602,7.991594961898
    ));
#6501 = CARTESIAN_POINT('',(2.154893101016,2.626913858958,7.978077426026
    ));
#6502 = CARTESIAN_POINT('',(2.429917057265,2.372514563267,7.964559890153
    ));
#6503 = CARTESIAN_POINT('',(2.675376352859,2.089482924432,7.951042354281
    ));
#6504 = CARTESIAN_POINT('',(2.888308704593,1.781234665489,7.937524818408
    ));
#6505 = CARTESIAN_POINT('',(3.066144367788,1.451489837978,7.924007282536
    ));
#6506 = CARTESIAN_POINT('',(3.206737159204,1.104227912104,7.910489746663
    ));
#6507 = CARTESIAN_POINT('',(3.308390355165,0.743639793313,7.896972210791
    ));
#6508 = CARTESIAN_POINT('',(3.369877168972,0.374077091001,7.883454674918
    ));
#6509 = CARTESIAN_POINT('',(3.383596093652,0.124692480572,7.874442984337
    ));
#6510 = CARTESIAN_POINT('',(3.383596093652,5.310865830482E-15,
    7.869937139046));
#6511 = B_SPLINE_SURFACE_WITH_KNOTS('',1,3,(
    (#6512,#6513,#6514,#6515,#6516,#6517,#6518,#6519,#6520,#6521,#6522
      ,#6523,#6524,#6525,#6526,#6527)
    ,(#6528,#6529,#6530,#6531,#6532,#6533,#6534,#6535,#6536,#6537,#6538
      ,#6539,#6540,#6541,#6542,#6543
    )),.UNSPECIFIED.,.F.,.F.,.F.,(2,2),(4,1,1,1,1,1,1,1,1,1,1,1,1,4),(0.
    ,1.),(36.490086712184,36.58308864533,36.676090578475,36.769092511621
    ,36.862094444767,36.955096377912,37.048098311058,37.141100244204,
    37.234102177349,37.327104110495,37.420106043641,37.513107976786,
    37.606109909932,37.699111843078),.UNSPECIFIED.);
#6512 = CARTESIAN_POINT('',(1.184736224499,3.183145824518,8.018630033643
    ));
#6513 = CARTESIAN_POINT('',(1.283415796221,3.145802875345,8.01481739532)
  );
#6514 = CARTESIAN_POINT('',(1.477299327016,3.061933023101,8.007192118674
    ));
#6515 = CARTESIAN_POINT('',(1.755184685474,2.909663525304,7.995754203705
    ));
#6516 = CARTESIAN_POINT('',(2.017728162984,2.73224544747,7.984316288736)
  );
#6517 = CARTESIAN_POINT('',(2.262660601691,2.531212221916,7.972878373767
    ));
#6518 = CARTESIAN_POINT('',(2.487865009007,2.308301408293,7.961440458798
    ));
#6519 = CARTESIAN_POINT('',(2.691394917407,2.065439652022,7.950002543829
    ));
#6520 = CARTESIAN_POINT('',(2.87149119128,1.804726038466,7.93856462886)
  );
#6521 = CARTESIAN_POINT('',(3.026597235845,1.528413948228,7.927126713891
    ));
#6522 = CARTESIAN_POINT('',(3.155372449794,1.238891582637,7.915688798922
    ));
#6523 = CARTESIAN_POINT('',(3.256703812603,0.938661317309,7.904250883953
    ));
#6524 = CARTESIAN_POINT('',(3.32971550442,0.630318091693,7.892812968984)
  );
#6525 = CARTESIAN_POINT('',(3.373776475918,0.316526914004,7.881375054015
    ));
#6526 = CARTESIAN_POINT('',(3.383596093652,0.105509022022,7.873749777369
    ));
#6527 = CARTESIAN_POINT('',(3.383596093652,5.310865830482E-15,
    7.869937139046));
#6528 = CARTESIAN_POINT('',(1.128840587599,3.035440363847,8.046476985507
    ));
#6529 = CARTESIAN_POINT('',(1.222941194861,2.999830215436,8.042664347184
    ));
#6530 = CARTESIAN_POINT('',(1.407828073347,2.919852121801,8.035039070537
    ));
#6531 = CARTESIAN_POINT('',(1.672818896919,2.774648287205,8.023601155568
    ));
#6532 = CARTESIAN_POINT('',(1.923179738939,2.605462825897,8.012163240599
    ));
#6533 = CARTESIAN_POINT('',(2.156746735819,2.413758015321,8.00072532563)
  );
#6534 = CARTESIAN_POINT('',(2.371501128414,2.201190788273,7.989287410661
    ));
#6535 = CARTESIAN_POINT('',(2.565586769872,1.969598389288,7.977849495692
    ));
#6536 = CARTESIAN_POINT('',(2.737326152618,1.720982501226,7.966411580723
    ));
#6537 = CARTESIAN_POINT('',(2.885234911533,1.457491942526,7.954973665754
    ));
#6538 = CARTESIAN_POINT('',(3.008034652366,1.181404096351,7.943535750785
    ));
#6539 = CARTESIAN_POINT('',(3.104664001365,0.895105222198,7.932097835816
    ));
#6540 = CARTESIAN_POINT('',(3.174287778783,0.601069848215,7.920659920847
    ));
#6541 = CARTESIAN_POINT('',(3.216304217466,0.301839319962,7.909222005878
    ));
#6542 = CARTESIAN_POINT('',(3.225668181818,0.100613154989,7.901596729232
    ));
#6543 = CARTESIAN_POINT('',(3.225668181818,5.091936062161E-15,
    7.897784090909));
#6544 = ADVANCED_FACE('',(#6545),#6551,.T.);
#6545 = FACE_BOUND('',#6546,.T.);
#6546 = EDGE_LOOP('',(#6547,#6548,#6549,#6550));
#6547 = ORIENTED_EDGE('',*,*,#2980,.T.);
#6548 = ORIENTED_EDGE('',*,*,#6495,.T.);
#6549 = ORIENTED_EDGE('',*,*,#6469,.F.);
#6550 = ORIENTED_EDGE('',*,*,#6405,.F.);
#6551 = ( BOUNDED_SURFACE() B_SPLINE_SURFACE(3,3,(
    (#6552,#6553,#6554,#6555,#6556,#6557,#6558,#6559,#6560,#6561,#6562
      ,#6563,#6564,#6565,#6566,#6567)
    ,(#6568,#6569,#6570,#6571,#6572,#6573,#6574,#6575,#6576,#6577,#6578
      ,#6579,#6580,#6581,#6582,#6583)
    ,(#6584,#6585,#6586,#6587,#6588,#6589,#6590,#6591,#6592,#6593,#6594
      ,#6595,#6596,#6597,#6598,#6599)
    ,(#6600,#6601,#6602,#6603,#6604,#6605,#6606,#6607,#6608,#6609,#6610
      ,#6611,#6612,#6613,#6614,#6615
)),.UNSPECIFIED.,.F.,.F.,.F.) B_SPLINE_SURFACE_WITH_KNOTS((4,4),(4,1,1,1
    ,1,1,1,1,1,1,1,1,1,4),(0.,2.792526803191),(36.482057086853,
    36.575676683485,36.669296280118,36.762915876751,36.856535473384,
    36.950155070016,37.043774666649,37.137394263282,37.231013859914,
    37.324633456547,37.418253053179,37.511872649812,37.605492246445,
37.699111843078),.UNSPECIFIED.) GEOMETRIC_REPRESENTATION_ITEM() 
RATIONAL_B_SPLINE_SURFACE((
    (1.,1.,1.,1.,1.,1.,1.,1.,1.,1.,1.,1.,1.,1.,1.,1.)
    ,(0.449098785111,0.449098785111,0.449098785111,0.449098785111
      ,0.449098785111,0.449098785111,0.449098785111,0.449098785111
      ,0.449098785111,0.449098785111,0.449098785111,0.449098785111
      ,0.449098785111,0.449098785111,0.449098785111,0.449098785111)
    ,(0.449098785111,0.449098785111,0.449098785111,0.449098785111
      ,0.449098785111,0.449098785111,0.449098785111,0.449098785111
      ,0.449098785111,0.449098785111,0.449098785111,0.449098785111
      ,0.449098785111,0.449098785111,0.449098785111,0.449098785111)
    ,(1.,1.,1.,1.,1.,1.,1.,1.,1.,1.,1.,1.,1.,1.,1.,1.
))) REPRESENTATION_ITEM('') SURFACE() );
#6552 = CARTESIAN_POINT('',(1.159138198241,3.192715480716,7.843488739804
    ));
#6553 = CARTESIAN_POINT('',(1.25877177673,3.155923347532,7.839650780206)
  );
#6554 = CARTESIAN_POINT('',(1.454591805068,3.073004665408,7.831974861011
    ));
#6555 = CARTESIAN_POINT('',(1.735408466683,2.921712519374,7.820460982219
    ));
#6556 = CARTESIAN_POINT('',(2.000852140657,2.744831357198,7.808947103426
    ));
#6557 = CARTESIAN_POINT('',(2.248598050669,2.543910329786,7.797433224633
    ));
#6558 = CARTESIAN_POINT('',(2.476476370485,2.320709153527,7.785919345841
    ));
#6559 = CARTESIAN_POINT('',(2.682491292441,2.077182674396,7.774405467048
    ));
#6560 = CARTESIAN_POINT('',(2.864838489862,1.815463753452,7.762891588255
    ));
#6561 = CARTESIAN_POINT('',(3.021920924409,1.537844584691,7.751377709463
    ));
#6562 = CARTESIAN_POINT('',(3.152362832064,1.246756621263,7.73986383067)
  );
#6563 = CARTESIAN_POINT('',(3.25502177272,0.944749275181,7.728349951878)
  );
#6564 = CARTESIAN_POINT('',(3.328998635842,0.634467607485,7.716836073085
    ));
#6565 = CARTESIAN_POINT('',(3.37364551511,0.318629093267,7.705322194292)
  );
#6566 = CARTESIAN_POINT('',(3.383596093652,0.10620975015,7.697646275097)
  );
#6567 = CARTESIAN_POINT('',(3.383596093652,5.349974285522E-15,
    7.6938083155));
#6568 = CARTESIAN_POINT('',(1.20373557764,3.313485768171,7.866189349898)
  );
#6569 = CARTESIAN_POINT('',(1.307137977995,3.27530190543,7.8623513903));
#6570 = CARTESIAN_POINT('',(1.510365256135,3.189246672888,7.854675471105
    ));
#6571 = CARTESIAN_POINT('',(1.801804320263,3.032231625431,7.843161592313
    ));
#6572 = CARTESIAN_POINT('',(2.077288885448,2.848659610616,7.83164771352)
  );
#6573 = CARTESIAN_POINT('',(2.334406236463,2.640138378807,7.820133834727
    ));
#6574 = CARTESIAN_POINT('',(2.570904469439,2.408494210875,7.808619955935
    ));
#6575 = CARTESIAN_POINT('',(2.784712281646,2.155755898411,7.797106077142
    ));
#6576 = CARTESIAN_POINT('',(2.973957094461,1.884136981835,7.785592198349
    ));
#6577 = CARTESIAN_POINT('',(3.136981458657,1.596016361561,7.774078319557
    ));
#6578 = CARTESIAN_POINT('',(3.272357569431,1.293917464891,7.762564440764
    ));
#6579 = CARTESIAN_POINT('',(3.378899771795,0.980486139999,7.751050561971
    ));
#6580 = CARTESIAN_POINT('',(3.455674944719,0.658467502183,7.739536683179
    ));
#6581 = CARTESIAN_POINT('',(3.502010673644,0.330681819987,7.728022804386
    ));
#6582 = CARTESIAN_POINT('',(3.512337650972,0.110227327705,7.720346885191
    ));
#6583 = CARTESIAN_POINT('',(3.512337650972,5.51836296722E-15,
    7.716508925594));
#6584 = CARTESIAN_POINT('',(1.20373557764,3.313485768171,7.996916953256)
  );
#6585 = CARTESIAN_POINT('',(1.307137977995,3.27530190543,7.993078993659)
  );
#6586 = CARTESIAN_POINT('',(1.510365256135,3.189246672888,7.985403074463
    ));
#6587 = CARTESIAN_POINT('',(1.801804320263,3.032231625431,7.973889195671
    ));
#6588 = CARTESIAN_POINT('',(2.077288885448,2.848659610616,7.962375316878
    ));
#6589 = CARTESIAN_POINT('',(2.334406236463,2.640138378807,7.950861438086
    ));
#6590 = CARTESIAN_POINT('',(2.570904469439,2.408494210875,7.939347559293
    ));
#6591 = CARTESIAN_POINT('',(2.784712281646,2.155755898411,7.9278336805)
  );
#6592 = CARTESIAN_POINT('',(2.973957094461,1.884136981835,7.916319801708
    ));
#6593 = CARTESIAN_POINT('',(3.136981458657,1.596016361561,7.904805922915
    ));
#6594 = CARTESIAN_POINT('',(3.272357569431,1.293917464891,7.893292044122
    ));
#6595 = CARTESIAN_POINT('',(3.378899771795,0.980486139999,7.88177816533)
  );
#6596 = CARTESIAN_POINT('',(3.455674944719,0.658467502183,7.870264286537
    ));
#6597 = CARTESIAN_POINT('',(3.502010673644,0.330681819987,7.858750407744
    ));
#6598 = CARTESIAN_POINT('',(3.512337650972,0.110227327705,7.851074488549
    ));
#6599 = CARTESIAN_POINT('',(3.512337650972,5.48933560818E-15,
    7.847236528952));
#6600 = CARTESIAN_POINT('',(1.159138198241,3.192715480716,8.01961756335)
  );
#6601 = CARTESIAN_POINT('',(1.25877177673,3.155923347532,8.015779603752)
  );
#6602 = CARTESIAN_POINT('',(1.454591805068,3.073004665408,8.008103684557
    ));
#6603 = CARTESIAN_POINT('',(1.735408466683,2.921712519374,7.996589805765
    ));
#6604 = CARTESIAN_POINT('',(2.000852140657,2.744831357198,7.985075926972
    ));
#6605 = CARTESIAN_POINT('',(2.248598050669,2.543910329786,7.973562048179
    ));
#6606 = CARTESIAN_POINT('',(2.476476370485,2.320709153527,7.962048169387
    ));
#6607 = CARTESIAN_POINT('',(2.682491292441,2.077182674396,7.950534290594
    ));
#6608 = CARTESIAN_POINT('',(2.864838489862,1.815463753452,7.939020411802
    ));
#6609 = CARTESIAN_POINT('',(3.021920924409,1.537844584691,7.927506533009
    ));
#6610 = CARTESIAN_POINT('',(3.152362832064,1.246756621263,7.915992654216
    ));
#6611 = CARTESIAN_POINT('',(3.25502177272,0.944749275181,7.904478775424)
  );
#6612 = CARTESIAN_POINT('',(3.328998635842,0.634467607485,7.892964896631
    ));
#6613 = CARTESIAN_POINT('',(3.37364551511,0.318629093267,7.881451017838)
  );
#6614 = CARTESIAN_POINT('',(3.383596093652,0.10620975015,7.873775098643)
  );
#6615 = CARTESIAN_POINT('',(3.383596093652,5.310865830482E-15,
    7.869937139046));
#6616 = ADVANCED_FACE('',(#6617),#6644,.F.);
#6617 = FACE_BOUND('',#6618,.F.);
#6618 = EDGE_LOOP('',(#6619,#6630,#6637,#6642,#6643));
#6619 = ORIENTED_EDGE('',*,*,#6620,.T.);
#6620 = EDGE_CURVE('',#6621,#6623,#6625,.T.);
#6621 = VERTEX_POINT('',#6622);
#6622 = CARTESIAN_POINT('',(-1.985E-02,0.927290909091,5.927290909091));
#6623 = VERTEX_POINT('',#6624);
#6624 = CARTESIAN_POINT('',(-0.947140909091,1.611640181472E-15,
    5.927290909091));
#6625 = CIRCLE('',#6626,0.927290909091);
#6626 = AXIS2_PLACEMENT_3D('',#6627,#6628,#6629);
#6627 = CARTESIAN_POINT('',(-1.985E-02,1.838760950211E-15,5.927290909091
    ));
#6628 = DIRECTION('',(-1.094764425254E-47,2.832769448824E-16,-1.));
#6629 = DIRECTION('',(-1.836970198721E-16,1.,2.832769448824E-16));
#6630 = ORIENTED_EDGE('',*,*,#6631,.T.);
#6631 = EDGE_CURVE('',#6623,#6621,#6632,.T.);
#6632 = CIRCLE('',#6633,0.927290909091);
#6633 = AXIS2_PLACEMENT_3D('',#6634,#6635,#6636);
#6634 = CARTESIAN_POINT('',(-1.985E-02,1.838760950211E-15,5.927290909091
    ));
#6635 = DIRECTION('',(-5.473822126269E-48,2.832769448824E-16,-1.));
#6636 = DIRECTION('',(-1.,-1.224646799147E-16,-3.469142038224E-32));
#6637 = ORIENTED_EDGE('',*,*,#6638,.T.);
#6638 = EDGE_CURVE('',#6621,#3050,#6639,.T.);
#6639 = B_SPLINE_CURVE_WITH_KNOTS('',1,(#6640,#6641),.UNSPECIFIED.,.F.,
  .F.,(2,2),(-0.707106781187,0.707106781187),.PIECEWISE_BEZIER_KNOTS.);
#6640 = CARTESIAN_POINT('',(-1.985E-02,0.927290909091,5.927290909091));
#6641 = CARTESIAN_POINT('',(-1.985E-02,1.854581818182,5.));
#6642 = ORIENTED_EDGE('',*,*,#3049,.F.);
#6643 = ORIENTED_EDGE('',*,*,#6638,.F.);
#6644 = CONICAL_SURFACE('',#6645,1.390936363636,0.785398163397);
#6645 = AXIS2_PLACEMENT_3D('',#6646,#6647,#6648);
#6646 = CARTESIAN_POINT('',(-1.985E-02,1.970101018084E-15,5.463645454545
    ));
#6647 = DIRECTION('',(6.842277657836E-49,2.832769448824E-16,-1.));
#6648 = DIRECTION('',(8.217301096052E-33,1.,2.832769448824E-16));
#6649 = ADVANCED_FACE('',(#6650),#6675,.T.);
#6650 = FACE_BOUND('',#6651,.T.);
#6651 = EDGE_LOOP('',(#6652,#6662,#6668,#6669));
#6652 = ORIENTED_EDGE('',*,*,#6653,.F.);
#6653 = EDGE_CURVE('',#6654,#6656,#6658,.T.);
#6654 = VERTEX_POINT('',#6655);
#6655 = CARTESIAN_POINT('',(2.298377272727,0.927290909091,2.218127272727
    ));
#6656 = VERTEX_POINT('',#6657);
#6657 = CARTESIAN_POINT('',(2.762022727273,0.927290909091,2.218127272727
    ));
#6658 = LINE('',#6659,#6660);
#6659 = CARTESIAN_POINT('',(2.298377272727,0.927290909091,2.218127272727
    ));
#6660 = VECTOR('',#6661,1.);
#6661 = DIRECTION('',(1.,4.440892098501E-16,9.860761315263E-32));
#6662 = ORIENTED_EDGE('',*,*,#6663,.F.);
#6663 = EDGE_CURVE('',#3061,#6654,#6664,.T.);
#6664 = LINE('',#6665,#6666);
#6665 = CARTESIAN_POINT('',(2.298377272727,0.927290909091,5.));
#6666 = VECTOR('',#6667,1.);
#6667 = DIRECTION('',(0.,2.960594732334E-16,-1.));
#6668 = ORIENTED_EDGE('',*,*,#3060,.T.);
#6669 = ORIENTED_EDGE('',*,*,#6670,.T.);
#6670 = EDGE_CURVE('',#3063,#6656,#6671,.T.);
#6671 = LINE('',#6672,#6673);
#6672 = CARTESIAN_POINT('',(2.762022727273,0.927290909091,5.));
#6673 = VECTOR('',#6674,1.);
#6674 = DIRECTION('',(0.,2.960594732334E-16,-1.));
#6675 = PLANE('',#6676);
#6676 = AXIS2_PLACEMENT_3D('',#6677,#6678,#6679);
#6677 = CARTESIAN_POINT('',(2.298377272727,0.927290909091,5.));
#6678 = DIRECTION('',(0.,1.,2.775557561563E-16));
#6679 = DIRECTION('',(1.,0.,-0.));
#6680 = ADVANCED_FACE('',(#6681,#6700),#6711,.T.);
#6681 = FACE_BOUND('',#6682,.T.);
#6682 = EDGE_LOOP('',(#6683,#6691,#6692,#6693));
#6683 = ORIENTED_EDGE('',*,*,#6684,.F.);
#6684 = EDGE_CURVE('',#3071,#6685,#6687,.T.);
#6685 = VERTEX_POINT('',#6686);
#6686 = CARTESIAN_POINT('',(2.298377272727,-0.927290909091,
    2.218127272727));
#6687 = LINE('',#6688,#6689);
#6688 = CARTESIAN_POINT('',(2.298377272727,-0.927290909091,5.));
#6689 = VECTOR('',#6690,1.);
#6690 = DIRECTION('',(0.,2.960594732334E-16,-1.));
#6691 = ORIENTED_EDGE('',*,*,#3070,.T.);
#6692 = ORIENTED_EDGE('',*,*,#6663,.T.);
#6693 = ORIENTED_EDGE('',*,*,#6694,.T.);
#6694 = EDGE_CURVE('',#6654,#6685,#6695,.T.);
#6695 = CIRCLE('',#6696,0.927290909091);
#6696 = AXIS2_PLACEMENT_3D('',#6697,#6698,#6699);
#6697 = CARTESIAN_POINT('',(2.298377272727,2.882599209835E-15,
    2.218127272727));
#6698 = DIRECTION('',(-1.,0.,0.));
#6699 = DIRECTION('',(0.,1.,2.22044604925E-16));
#6700 = FACE_BOUND('',#6701,.T.);
#6701 = EDGE_LOOP('',(#6702));
#6702 = ORIENTED_EDGE('',*,*,#6703,.T.);
#6703 = EDGE_CURVE('',#6704,#6704,#6706,.T.);
#6704 = VERTEX_POINT('',#6705);
#6705 = CARTESIAN_POINT('',(2.298377272727,0.463645454545,2.218127272727
    ));
#6706 = CIRCLE('',#6707,0.463645454545);
#6707 = AXIS2_PLACEMENT_3D('',#6708,#6709,#6710);
#6708 = CARTESIAN_POINT('',(2.298377272727,2.882599209835E-15,
    2.218127272727));
#6709 = DIRECTION('',(1.,0.,-0.));
#6710 = DIRECTION('',(0.,1.,9.95799250103E-17));
#6711 = PLANE('',#6712);
#6712 = AXIS2_PLACEMENT_3D('',#6713,#6714,#6715);
#6713 = CARTESIAN_POINT('',(2.298377272727,-0.927290909091,5.));
#6714 = DIRECTION('',(-1.,-0.,0.));
#6715 = DIRECTION('',(0.,1.,2.22044604925E-16));
#6716 = ADVANCED_FACE('',(#6717),#6735,.T.);
#6717 = FACE_BOUND('',#6718,.T.);
#6718 = EDGE_LOOP('',(#6719,#6727,#6733,#6734));
#6719 = ORIENTED_EDGE('',*,*,#6720,.F.);
#6720 = EDGE_CURVE('',#6721,#6685,#6723,.T.);
#6721 = VERTEX_POINT('',#6722);
#6722 = CARTESIAN_POINT('',(2.762022727273,-0.927290909091,
    2.218127272727));
#6723 = LINE('',#6724,#6725);
#6724 = CARTESIAN_POINT('',(2.762022727273,-0.927290909091,
    2.218127272727));
#6725 = VECTOR('',#6726,1.);
#6726 = DIRECTION('',(-1.,-4.440892098501E-16,-9.860761315263E-32));
#6727 = ORIENTED_EDGE('',*,*,#6728,.F.);
#6728 = EDGE_CURVE('',#3079,#6721,#6729,.T.);
#6729 = LINE('',#6730,#6731);
#6730 = CARTESIAN_POINT('',(2.762022727273,-0.927290909091,5.));
#6731 = VECTOR('',#6732,1.);
#6732 = DIRECTION('',(0.,3.330669073875E-16,-1.));
#6733 = ORIENTED_EDGE('',*,*,#3078,.T.);
#6734 = ORIENTED_EDGE('',*,*,#6684,.T.);
#6735 = PLANE('',#6736);
#6736 = AXIS2_PLACEMENT_3D('',#6737,#6738,#6739);
#6737 = CARTESIAN_POINT('',(2.762022727273,-0.927290909091,5.));
#6738 = DIRECTION('',(4.440892098501E-16,-1.,-3.053113317719E-16));
#6739 = DIRECTION('',(-1.,-4.440892098501E-16,-9.860761315263E-32));
#6740 = ADVANCED_FACE('',(#6741,#6753),#6764,.T.);
#6741 = FACE_BOUND('',#6742,.T.);
#6742 = EDGE_LOOP('',(#6743,#6750,#6751,#6752));
#6743 = ORIENTED_EDGE('',*,*,#6744,.T.);
#6744 = EDGE_CURVE('',#6721,#6656,#6745,.T.);
#6745 = CIRCLE('',#6746,0.927290909091);
#6746 = AXIS2_PLACEMENT_3D('',#6747,#6748,#6749);
#6747 = CARTESIAN_POINT('',(2.762022727273,2.882599209835E-15,
    2.218127272727));
#6748 = DIRECTION('',(1.,0.,0.));
#6749 = DIRECTION('',(0.,-1.,-2.22044604925E-16));
#6750 = ORIENTED_EDGE('',*,*,#6670,.F.);
#6751 = ORIENTED_EDGE('',*,*,#3086,.T.);
#6752 = ORIENTED_EDGE('',*,*,#6728,.T.);
#6753 = FACE_BOUND('',#6754,.T.);
#6754 = EDGE_LOOP('',(#6755));
#6755 = ORIENTED_EDGE('',*,*,#6756,.F.);
#6756 = EDGE_CURVE('',#6757,#6757,#6759,.T.);
#6757 = VERTEX_POINT('',#6758);
#6758 = CARTESIAN_POINT('',(2.762022727273,0.463645454545,2.218127272727
    ));
#6759 = CIRCLE('',#6760,0.463645454545);
#6760 = AXIS2_PLACEMENT_3D('',#6761,#6762,#6763);
#6761 = CARTESIAN_POINT('',(2.762022727273,2.779649238055E-15,
    2.218127272727));
#6762 = DIRECTION('',(1.,0.,-0.));
#6763 = DIRECTION('',(0.,1.,9.95799250103E-17));
#6764 = PLANE('',#6765);
#6765 = AXIS2_PLACEMENT_3D('',#6766,#6767,#6768);
#6766 = CARTESIAN_POINT('',(2.762022727273,0.927290909091,5.));
#6767 = DIRECTION('',(1.,0.,0.));
#6768 = DIRECTION('',(0.,-1.,-2.22044604925E-16));
#6769 = ADVANCED_FACE('',(#6770,#6796),#6807,.T.);
#6770 = FACE_BOUND('',#6771,.T.);
#6771 = EDGE_LOOP('',(#6772,#6783,#6789,#6790));
#6772 = ORIENTED_EDGE('',*,*,#6773,.T.);
#6773 = EDGE_CURVE('',#6774,#6776,#6778,.T.);
#6774 = VERTEX_POINT('',#6775);
#6775 = CARTESIAN_POINT('',(-2.338077272727,-0.927290909091,
    0.363545454545));
#6776 = VERTEX_POINT('',#6777);
#6777 = CARTESIAN_POINT('',(-2.338077272727,0.927290909091,
    0.363545454545));
#6778 = CIRCLE('',#6779,0.927290909091);
#6779 = AXIS2_PLACEMENT_3D('',#6780,#6781,#6782);
#6780 = CARTESIAN_POINT('',(-2.338077272727,3.191449125175E-15,
    0.363545454545));
#6781 = DIRECTION('',(1.,0.,0.));
#6782 = DIRECTION('',(0.,-1.,-2.22044604925E-16));
#6783 = ORIENTED_EDGE('',*,*,#6784,.F.);
#6784 = EDGE_CURVE('',#3095,#6776,#6785,.T.);
#6785 = LINE('',#6786,#6787);
#6786 = CARTESIAN_POINT('',(-2.338077272727,0.927290909091,5.));
#6787 = VECTOR('',#6788,1.);
#6788 = DIRECTION('',(0.,2.6645352591E-16,-1.));
#6789 = ORIENTED_EDGE('',*,*,#3094,.T.);
#6790 = ORIENTED_EDGE('',*,*,#6791,.T.);
#6791 = EDGE_CURVE('',#3097,#6774,#6792,.T.);
#6792 = LINE('',#6793,#6794);
#6793 = CARTESIAN_POINT('',(-2.338077272727,-0.927290909091,5.));
#6794 = VECTOR('',#6795,1.);
#6795 = DIRECTION('',(0.,3.10862446895E-16,-1.));
#6796 = FACE_BOUND('',#6797,.T.);
#6797 = EDGE_LOOP('',(#6798));
#6798 = ORIENTED_EDGE('',*,*,#6799,.T.);
#6799 = EDGE_CURVE('',#6800,#6800,#6802,.T.);
#6800 = VERTEX_POINT('',#6801);
#6801 = CARTESIAN_POINT('',(-2.338077272727,-0.463645454545,
    0.363545454545));
#6802 = CIRCLE('',#6803,0.463645454545);
#6803 = AXIS2_PLACEMENT_3D('',#6804,#6805,#6806);
#6804 = CARTESIAN_POINT('',(-2.338077272727,3.088499153395E-15,
    0.363545454545));
#6805 = DIRECTION('',(-1.,-0.,0.));
#6806 = DIRECTION('',(0.,-1.,-3.445092848398E-16));
#6807 = PLANE('',#6808);
#6808 = AXIS2_PLACEMENT_3D('',#6809,#6810,#6811);
#6809 = CARTESIAN_POINT('',(-2.338077272727,0.927290909091,5.));
#6810 = DIRECTION('',(1.,0.,0.));
#6811 = DIRECTION('',(0.,-1.,-2.22044604925E-16));
#6812 = ADVANCED_FACE('',(#6813),#6831,.T.);
#6813 = FACE_BOUND('',#6814,.T.);
#6814 = EDGE_LOOP('',(#6815,#6823,#6829,#6830));
#6815 = ORIENTED_EDGE('',*,*,#6816,.F.);
#6816 = EDGE_CURVE('',#6817,#6776,#6819,.T.);
#6817 = VERTEX_POINT('',#6818);
#6818 = CARTESIAN_POINT('',(-2.801722727273,0.927290909091,
    0.363545454545));
#6819 = LINE('',#6820,#6821);
#6820 = CARTESIAN_POINT('',(-2.801722727273,0.927290909091,
    0.363545454545));
#6821 = VECTOR('',#6822,1.);
#6822 = DIRECTION('',(1.,0.,0.));
#6823 = ORIENTED_EDGE('',*,*,#6824,.F.);
#6824 = EDGE_CURVE('',#3105,#6817,#6825,.T.);
#6825 = LINE('',#6826,#6827);
#6826 = CARTESIAN_POINT('',(-2.801722727273,0.927290909091,5.));
#6827 = VECTOR('',#6828,1.);
#6828 = DIRECTION('',(0.,3.10862446895E-16,-1.));
#6829 = ORIENTED_EDGE('',*,*,#3104,.T.);
#6830 = ORIENTED_EDGE('',*,*,#6784,.T.);
#6831 = PLANE('',#6832);
#6832 = AXIS2_PLACEMENT_3D('',#6833,#6834,#6835);
#6833 = CARTESIAN_POINT('',(-2.801722727273,0.927290909091,5.));
#6834 = DIRECTION('',(0.,1.,2.775557561563E-16));
#6835 = DIRECTION('',(1.,0.,-0.));
#6836 = ADVANCED_FACE('',(#6837,#6856),#6867,.T.);
#6837 = FACE_BOUND('',#6838,.T.);
#6838 = EDGE_LOOP('',(#6839,#6847,#6848,#6849));
#6839 = ORIENTED_EDGE('',*,*,#6840,.F.);
#6840 = EDGE_CURVE('',#3113,#6841,#6843,.T.);
#6841 = VERTEX_POINT('',#6842);
#6842 = CARTESIAN_POINT('',(-2.801722727273,-0.927290909091,
    0.363545454545));
#6843 = LINE('',#6844,#6845);
#6844 = CARTESIAN_POINT('',(-2.801722727273,-0.927290909091,5.));
#6845 = VECTOR('',#6846,1.);
#6846 = DIRECTION('',(0.,3.10862446895E-16,-1.));
#6847 = ORIENTED_EDGE('',*,*,#3112,.T.);
#6848 = ORIENTED_EDGE('',*,*,#6824,.T.);
#6849 = ORIENTED_EDGE('',*,*,#6850,.T.);
#6850 = EDGE_CURVE('',#6817,#6841,#6851,.T.);
#6851 = CIRCLE('',#6852,0.927290909091);
#6852 = AXIS2_PLACEMENT_3D('',#6853,#6854,#6855);
#6853 = CARTESIAN_POINT('',(-2.801722727273,3.088499153395E-15,
    0.363545454545));
#6854 = DIRECTION('',(-1.,0.,0.));
#6855 = DIRECTION('',(0.,1.,2.22044604925E-16));
#6856 = FACE_BOUND('',#6857,.T.);
#6857 = EDGE_LOOP('',(#6858));
#6858 = ORIENTED_EDGE('',*,*,#6859,.F.);
#6859 = EDGE_CURVE('',#6860,#6860,#6862,.T.);
#6860 = VERTEX_POINT('',#6861);
#6861 = CARTESIAN_POINT('',(-2.801722727273,-0.463645454545,
    0.363545454545));
#6862 = CIRCLE('',#6863,0.463645454545);
#6863 = AXIS2_PLACEMENT_3D('',#6864,#6865,#6866);
#6864 = CARTESIAN_POINT('',(-2.801722727273,3.088499153395E-15,
    0.363545454545));
#6865 = DIRECTION('',(-1.,-0.,0.));
#6866 = DIRECTION('',(0.,-1.,-3.445092848398E-16));
#6867 = PLANE('',#6868);
#6868 = AXIS2_PLACEMENT_3D('',#6869,#6870,#6871);
#6869 = CARTESIAN_POINT('',(-2.801722727273,-0.927290909091,5.));
#6870 = DIRECTION('',(-1.,-0.,0.));
#6871 = DIRECTION('',(0.,1.,2.22044604925E-16));
#6872 = ADVANCED_FACE('',(#6873),#6884,.T.);
#6873 = FACE_BOUND('',#6874,.T.);
#6874 = EDGE_LOOP('',(#6875,#6881,#6882,#6883));
#6875 = ORIENTED_EDGE('',*,*,#6876,.F.);
#6876 = EDGE_CURVE('',#6774,#6841,#6877,.T.);
#6877 = LINE('',#6878,#6879);
#6878 = CARTESIAN_POINT('',(-2.338077272727,-0.927290909091,
    0.363545454545));
#6879 = VECTOR('',#6880,1.);
#6880 = DIRECTION('',(-1.,-0.,0.));
#6881 = ORIENTED_EDGE('',*,*,#6791,.F.);
#6882 = ORIENTED_EDGE('',*,*,#3120,.T.);
#6883 = ORIENTED_EDGE('',*,*,#6840,.T.);
#6884 = PLANE('',#6885);
#6885 = AXIS2_PLACEMENT_3D('',#6886,#6887,#6888);
#6886 = CARTESIAN_POINT('',(-2.338077272727,-0.927290909091,5.));
#6887 = DIRECTION('',(0.,-1.,-3.053113317719E-16));
#6888 = DIRECTION('',(-1.,-0.,0.));
#6889 = ADVANCED_FACE('',(#6890),#6922,.T.);
#6890 = FACE_BOUND('',#6891,.T.);
#6891 = EDGE_LOOP('',(#6892,#6893,#6920,#6921));
#6892 = ORIENTED_EDGE('',*,*,#4475,.T.);
#6893 = ORIENTED_EDGE('',*,*,#6894,.T.);
#6894 = EDGE_CURVE('',#4476,#3172,#6895,.T.);
#6895 = B_SPLINE_CURVE_WITH_KNOTS('',3,(#6896,#6897,#6898,#6899,#6900,
    #6901,#6902,#6903,#6904,#6905,#6906,#6907,#6908,#6909,#6910,#6911,
    #6912,#6913,#6914,#6915,#6916,#6917,#6918,#6919),.UNSPECIFIED.,.F.,
  .F.,(4,1,1,1,1,1,1,1,1,1,1,1,1,1,1,1,1,1,1,1,1,4),(0.,
    4.761904761905E-02,9.52380952381E-02,0.142857142857,0.190476190476,
    0.238095238095,0.285714285714,0.333333333333,0.380952380952,
    0.428571428571,0.47619047619,0.52380952381,0.571428571429,
    0.619047619048,0.666666666667,0.714285714286,0.761904761905,
    0.809523809524,0.857142857143,0.904761904762,0.952380952381,1.),
  .UNSPECIFIED.);
#6896 = CARTESIAN_POINT('',(-1.224436224499,-3.183145824518,
    8.228872422218));
#6897 = CARTESIAN_POINT('',(-1.346610932345,-3.13691169697,
    8.224152012866));
#6898 = CARTESIAN_POINT('',(-1.585630409344,-3.030360211207,
    8.214711194161));
#6899 = CARTESIAN_POINT('',(-1.923423095631,-2.830399413645,
    8.200549966105));
#6900 = CARTESIAN_POINT('',(-2.236005177528,-2.592953444571,
    8.186388738048));
#6901 = CARTESIAN_POINT('',(-2.519236997526,-2.321166944984,
    8.172227509991));
#6902 = CARTESIAN_POINT('',(-2.769367463682,-2.018639408662,
    8.158066281934));
#6903 = CARTESIAN_POINT('',(-2.983083909635,-1.689377442602,
    8.143905053877));
#6904 = CARTESIAN_POINT('',(-3.157555918261,-1.337741722766,
    8.12974382582));
#6905 = CARTESIAN_POINT('',(-3.290472820132,-0.968389237286,
    8.115582597763));
#6906 = CARTESIAN_POINT('',(-3.380074292038,-0.586211611635,
    8.101421369706));
#6907 = CARTESIAN_POINT('',(-3.425173671268,-0.196270324628,
    8.087260141649));
#6908 = CARTESIAN_POINT('',(-3.425173671268,0.196270324628,
    8.073098913592));
#6909 = CARTESIAN_POINT('',(-3.380074292038,0.586211611635,
    8.058937685536));
#6910 = CARTESIAN_POINT('',(-3.290472820132,0.968389237286,
    8.044776457479));
#6911 = CARTESIAN_POINT('',(-3.157555918261,1.337741722766,
    8.030615229422));
#6912 = CARTESIAN_POINT('',(-2.983083909635,1.689377442602,
    8.016454001365));
#6913 = CARTESIAN_POINT('',(-2.769367463682,2.018639408662,
    8.002292773308));
#6914 = CARTESIAN_POINT('',(-2.519236997526,2.321166944984,
    7.988131545251));
#6915 = CARTESIAN_POINT('',(-2.236005177528,2.592953444571,
    7.973970317194));
#6916 = CARTESIAN_POINT('',(-1.92342309563,2.830399413645,7.959809089137
    ));
#6917 = CARTESIAN_POINT('',(-1.585630409344,3.030360211207,7.94564786108
    ));
#6918 = CARTESIAN_POINT('',(-1.346610932345,3.13691169697,7.936207042376
    ));
#6919 = CARTESIAN_POINT('',(-1.224436224499,3.183145824518,
    7.931486633023));
#6920 = ORIENTED_EDGE('',*,*,#3171,.F.);
#6921 = ORIENTED_EDGE('',*,*,#3135,.F.);
#6922 = B_SPLINE_SURFACE_WITH_KNOTS('',1,3,(
    (#6923,#6924,#6925,#6926,#6927,#6928,#6929,#6930,#6931,#6932,#6933
      ,#6934,#6935,#6936,#6937,#6938,#6939,#6940,#6941,#6942,#6943,#6944
      ,#6945,#6946,#6947,#6948,#6949,#6950,#6951)
    ,(#6952,#6953,#6954,#6955,#6956,#6957,#6958,#6959,#6960,#6961,#6962
      ,#6963,#6964,#6965,#6966,#6967,#6968,#6969,#6970,#6971,#6972,#6973
      ,#6974,#6975,#6976,#6977,#6978,#6979,#6980
  )),.UNSPECIFIED.,.F.,.F.,.F.,(2,2),(4,1,1,1,1,1,1,1,1,1,1,1,1,1,1,1,1,
    1,1,1,1,1,1,1,1,1,4),(0.,1.),(33.348494058594,33.44149599174,
    33.534497924886,33.627499858031,33.720501791177,33.813503724323,
    33.906505657468,33.999507590614,34.09250952376,34.185511456905,
    34.278513390051,34.371515323196,34.464517256342,34.557519189488,
    34.650521122633,34.743523055779,34.836524988925,34.92952692207,
    35.022528855216,35.115530788362,35.208532721507,35.301534654653,
    35.394536587798,35.487538520944,35.58054045409,35.673542387235,
    35.766544320381),.UNSPECIFIED.);
#6923 = CARTESIAN_POINT('',(-1.168540587599,-3.035440363847,
    8.201025470355));
#6924 = CARTESIAN_POINT('',(-1.262641194861,-2.999830215436,
    8.197212832032));
#6925 = CARTESIAN_POINT('',(-1.447528073347,-2.919852121801,
    8.189587555386));
#6926 = CARTESIAN_POINT('',(-1.712518896919,-2.774648287205,
    8.178149640417));
#6927 = CARTESIAN_POINT('',(-1.962879738939,-2.605462825897,
    8.166711725448));
#6928 = CARTESIAN_POINT('',(-2.196446735819,-2.413758015322,
    8.155273810479));
#6929 = CARTESIAN_POINT('',(-2.411201128414,-2.201190788271,
    8.14383589551));
#6930 = CARTESIAN_POINT('',(-2.605286769872,-1.969598389295,
    8.132397980541));
#6931 = CARTESIAN_POINT('',(-2.777026152618,-1.720982501199,
    8.120960065572));
#6932 = CARTESIAN_POINT('',(-2.924934911533,-1.457491942626,
    8.109522150603));
#6933 = CARTESIAN_POINT('',(-3.047734652366,-1.181404095978,
    8.098084235634));
#6934 = CARTESIAN_POINT('',(-3.144364001365,-0.895105223593,
    8.086646320665));
#6935 = CARTESIAN_POINT('',(-3.213987778783,-0.60106984301,
    8.075208405696));
#6936 = CARTESIAN_POINT('',(-3.256004217466,-0.301839339389,
    8.063770490727));
#6937 = CARTESIAN_POINT('',(-3.270050163994,-3.79842500046E-14,
    8.052332575758));
#6938 = CARTESIAN_POINT('',(-3.256004217466,0.301839339389,
    8.040894660789));
#6939 = CARTESIAN_POINT('',(-3.213987778783,0.60106984301,8.02945674582)
  );
#6940 = CARTESIAN_POINT('',(-3.144364001365,0.895105223592,8.01801883085
    ));
#6941 = CARTESIAN_POINT('',(-3.047734652366,1.181404095977,
    8.006580915881));
#6942 = CARTESIAN_POINT('',(-2.924934911533,1.457491942626,
    7.995143000912));
#6943 = CARTESIAN_POINT('',(-2.777026152618,1.720982501199,
    7.983705085943));
#6944 = CARTESIAN_POINT('',(-2.605286769872,1.969598389295,
    7.972267170974));
#6945 = CARTESIAN_POINT('',(-2.411201128414,2.201190788271,
    7.960829256005));
#6946 = CARTESIAN_POINT('',(-2.196446735819,2.413758015322,
    7.949391341036));
#6947 = CARTESIAN_POINT('',(-1.962879738939,2.605462825897,
    7.937953426067));
#6948 = CARTESIAN_POINT('',(-1.712518896919,2.774648287205,
    7.926515511098));
#6949 = CARTESIAN_POINT('',(-1.447528073347,2.919852121801,
    7.915077596129));
#6950 = CARTESIAN_POINT('',(-1.262641194861,2.999830215436,
    7.907452319483));
#6951 = CARTESIAN_POINT('',(-1.168540587599,3.035440363847,7.90363968116
    ));
#6952 = CARTESIAN_POINT('',(-1.224436224499,-3.183145824518,
    8.228872422218));
#6953 = CARTESIAN_POINT('',(-1.323115796221,-3.145802875345,
    8.225059783895));
#6954 = CARTESIAN_POINT('',(-1.516999327016,-3.061933023101,
    8.217434507249));
#6955 = CARTESIAN_POINT('',(-1.794884685474,-2.909663525304,
    8.20599659228));
#6956 = CARTESIAN_POINT('',(-2.057428162984,-2.73224544747,
    8.194558677311));
#6957 = CARTESIAN_POINT('',(-2.302360601691,-2.531212221916,
    8.183120762342));
#6958 = CARTESIAN_POINT('',(-2.527565009007,-2.308301408291,
    8.171682847373));
#6959 = CARTESIAN_POINT('',(-2.731094917407,-2.065439652029,
    8.160244932404));
#6960 = CARTESIAN_POINT('',(-2.91119119128,-1.804726038438,
    8.148807017435));
#6961 = CARTESIAN_POINT('',(-3.066297235845,-1.528413948333,
    8.137369102466));
#6962 = CARTESIAN_POINT('',(-3.195072449794,-1.238891582246,
    8.125931187497));
#6963 = CARTESIAN_POINT('',(-3.296403812603,-0.938661318772,
    8.114493272528));
#6964 = CARTESIAN_POINT('',(-3.369415504421,-0.630318086235,
    8.103055357559));
#6965 = CARTESIAN_POINT('',(-3.413476475918,-0.316526934376,
    8.09161744259));
#6966 = CARTESIAN_POINT('',(-3.428205902519,-3.984353276206E-14,
    8.080179527621));
#6967 = CARTESIAN_POINT('',(-3.413476475918,0.316526934376,
    8.068741612652));
#6968 = CARTESIAN_POINT('',(-3.369415504421,0.630318086235,
    8.057303697683));
#6969 = CARTESIAN_POINT('',(-3.296403812603,0.938661318772,
    8.045865782714));
#6970 = CARTESIAN_POINT('',(-3.195072449794,1.238891582245,
    8.034427867745));
#6971 = CARTESIAN_POINT('',(-3.066297235845,1.528413948333,
    8.022989952776));
#6972 = CARTESIAN_POINT('',(-2.91119119128,1.804726038437,8.011552037807
    ));
#6973 = CARTESIAN_POINT('',(-2.731094917407,2.065439652029,
    8.000114122838));
#6974 = CARTESIAN_POINT('',(-2.527565009008,2.308301408291,
    7.988676207869));
#6975 = CARTESIAN_POINT('',(-2.302360601691,2.531212221916,7.9772382929)
  );
#6976 = CARTESIAN_POINT('',(-2.057428162984,2.73224544747,7.965800377931
    ));
#6977 = CARTESIAN_POINT('',(-1.794884685474,2.909663525304,
    7.954362462962));
#6978 = CARTESIAN_POINT('',(-1.516999327016,3.061933023101,
    7.942924547992));
#6979 = CARTESIAN_POINT('',(-1.323115796221,3.145802875345,
    7.935299271346));
#6980 = CARTESIAN_POINT('',(-1.224436224499,3.183145824518,
    7.931486633023));
#6981 = ADVANCED_FACE('',(#6982),#7014,.T.);
#6982 = FACE_BOUND('',#6983,.T.);
#6983 = EDGE_LOOP('',(#6984,#6985,#7012,#7013));
#6984 = ORIENTED_EDGE('',*,*,#4500,.T.);
#6985 = ORIENTED_EDGE('',*,*,#6986,.T.);
#6986 = EDGE_CURVE('',#4489,#3184,#6987,.T.);
#6987 = B_SPLINE_CURVE_WITH_KNOTS('',3,(#6988,#6989,#6990,#6991,#6992,
    #6993,#6994,#6995,#6996,#6997,#6998,#6999,#7000,#7001,#7002,#7003,
    #7004,#7005,#7006,#7007,#7008,#7009,#7010,#7011),.UNSPECIFIED.,.F.,
  .F.,(4,1,1,1,1,1,1,1,1,1,1,1,1,1,1,1,1,1,1,1,1,4),(0.,
    4.761904761905E-02,9.52380952381E-02,0.142857142857,0.190476190476,
    0.238095238095,0.285714285714,0.333333333333,0.380952380952,
    0.428571428571,0.47619047619,0.52380952381,0.571428571429,
    0.619047619048,0.666666666667,0.714285714286,0.761904761905,
    0.809523809524,0.857142857143,0.904761904762,0.952380952381,1.),
  .UNSPECIFIED.);
#6988 = CARTESIAN_POINT('',(-1.224436224499,-3.183145824518,
    8.405001245764));
#6989 = CARTESIAN_POINT('',(-1.346610932345,-3.13691169697,
    8.400280836412));
#6990 = CARTESIAN_POINT('',(-1.585630409344,-3.030360211207,
    8.390840017708));
#6991 = CARTESIAN_POINT('',(-1.923423095631,-2.830399413645,
    8.376678789651));
#6992 = CARTESIAN_POINT('',(-2.236005177528,-2.592953444571,
    8.362517561594));
#6993 = CARTESIAN_POINT('',(-2.519236997526,-2.321166944984,
    8.348356333537));
#6994 = CARTESIAN_POINT('',(-2.769367463682,-2.018639408662,
    8.33419510548));
#6995 = CARTESIAN_POINT('',(-2.983083909635,-1.689377442602,
    8.320033877423));
#6996 = CARTESIAN_POINT('',(-3.157555918261,-1.337741722766,
    8.305872649366));
#6997 = CARTESIAN_POINT('',(-3.290472820132,-0.968389237286,
    8.291711421309));
#6998 = CARTESIAN_POINT('',(-3.380074292038,-0.586211611635,
    8.277550193252));
#6999 = CARTESIAN_POINT('',(-3.425173671268,-0.196270324628,
    8.263388965195));
#7000 = CARTESIAN_POINT('',(-3.425173671268,0.196270324628,
    8.249227737139));
#7001 = CARTESIAN_POINT('',(-3.380074292038,0.586211611635,
    8.235066509082));
#7002 = CARTESIAN_POINT('',(-3.290472820132,0.968389237286,
    8.220905281025));
#7003 = CARTESIAN_POINT('',(-3.157555918261,1.337741722766,
    8.206744052968));
#7004 = CARTESIAN_POINT('',(-2.983083909635,1.689377442602,
    8.192582824911));
#7005 = CARTESIAN_POINT('',(-2.769367463682,2.018639408662,
    8.178421596854));
#7006 = CARTESIAN_POINT('',(-2.519236997526,2.321166944984,
    8.164260368797));
#7007 = CARTESIAN_POINT('',(-2.236005177528,2.592953444571,8.15009914074
    ));
#7008 = CARTESIAN_POINT('',(-1.92342309563,2.830399413645,8.135937912683
    ));
#7009 = CARTESIAN_POINT('',(-1.585630409344,3.030360211207,
    8.121776684626));
#7010 = CARTESIAN_POINT('',(-1.346610932345,3.13691169697,8.112335865922
    ));
#7011 = CARTESIAN_POINT('',(-1.224436224499,3.183145824518,8.10761545657
    ));
#7012 = ORIENTED_EDGE('',*,*,#3183,.F.);
#7013 = ORIENTED_EDGE('',*,*,#6894,.F.);
#7014 = ( BOUNDED_SURFACE() B_SPLINE_SURFACE(3,3,(
    (#7015,#7016,#7017,#7018,#7019,#7020,#7021,#7022,#7023,#7024,#7025
      ,#7026,#7027,#7028,#7029,#7030,#7031,#7032,#7033,#7034,#7035,#7036
      ,#7037,#7038,#7039,#7040,#7041,#7042,#7043)
    ,(#7044,#7045,#7046,#7047,#7048,#7049,#7050,#7051,#7052,#7053,#7054
      ,#7055,#7056,#7057,#7058,#7059,#7060,#7061,#7062,#7063,#7064,#7065
      ,#7066,#7067,#7068,#7069,#7070,#7071,#7072)
    ,(#7073,#7074,#7075,#7076,#7077,#7078,#7079,#7080,#7081,#7082,#7083
      ,#7084,#7085,#7086,#7087,#7088,#7089,#7090,#7091,#7092,#7093,#7094
      ,#7095,#7096,#7097,#7098,#7099,#7100,#7101)
    ,(#7102,#7103,#7104,#7105,#7106,#7107,#7108,#7109,#7110,#7111,#7112
      ,#7113,#7114,#7115,#7116,#7117,#7118,#7119,#7120,#7121,#7122,#7123
      ,#7124,#7125,#7126,#7127,#7128,#7129,#7130
)),.UNSPECIFIED.,.F.,.F.,.F.) B_SPLINE_SURFACE_WITH_KNOTS((4,4),(4,1,1,1
    ,1,1,1,1,1,1,1,1,1,1,1,1,1,1,1,1,1,1,1,1,1,1,4),(0.,2.792526803191),
  (33.340464433263,33.434084029214,33.527703625164,33.621323221115,
    33.714942817066,33.808562413017,33.902182008967,33.995801604918,
    34.089421200869,34.183040796819,34.27666039277,34.370279988721,
    34.463899584672,34.557519180622,34.651138776573,34.744758372524,
    34.838377968475,34.931997564425,35.025617160376,35.119236756327,
    35.212856352277,35.306475948228,35.400095544179,35.49371514013,
    35.58733473608,35.680954332031,35.774573927982),.UNSPECIFIED.) 
GEOMETRIC_REPRESENTATION_ITEM() RATIONAL_B_SPLINE_SURFACE((
    (1.,1.,1.,1.,1.,1.,1.,1.,1.,1.,1.,1.,1.,1.,1.,1.,1.,1.,1.,1.,1.,1.
      ,1.,1.,1.,1.,1.,1.,1.)
    ,(0.449098785111,0.449098785111,0.449098785111,0.449098785111
      ,0.449098785111,0.449098785111,0.449098785111,0.449098785111
      ,0.449098785111,0.449098785111,0.449098785111,0.449098785111
      ,0.449098785111,0.449098785111,0.449098785111,0.449098785111
      ,0.449098785111,0.449098785111,0.449098785111,0.449098785111
      ,0.449098785111,0.449098785111,0.449098785111,0.449098785111
      ,0.449098785111,0.449098785111,0.449098785111,0.449098785111
      ,0.449098785111)
    ,(0.449098785111,0.449098785111,0.449098785111,0.449098785111
      ,0.449098785111,0.449098785111,0.449098785111,0.449098785111
      ,0.449098785111,0.449098785111,0.449098785111,0.449098785111
      ,0.449098785111,0.449098785111,0.449098785111,0.449098785111
      ,0.449098785111,0.449098785111,0.449098785111,0.449098785111
      ,0.449098785111,0.449098785111,0.449098785111,0.449098785111
      ,0.449098785111,0.449098785111,0.449098785111,0.449098785111
      ,0.449098785111)
    ,(1.,1.,1.,1.,1.,1.,1.,1.,1.,1.,1.,1.,1.,1.,1.,1.,1.,1.,1.,1.,1.,1.
,1.,1.,1.,1.,1.,1.,1.))) REPRESENTATION_ITEM('') SURFACE() );
#7015 = CARTESIAN_POINT('',(-1.198838198241,-3.192715480716,
    8.229859951925));
#7016 = CARTESIAN_POINT('',(-1.298471776004,-3.1559233478,8.226021992356
    ));
#7017 = CARTESIAN_POINT('',(-1.494291802941,-3.073004666348,
    8.218346073216));
#7018 = CARTESIAN_POINT('',(-1.775108462661,-2.921712521706,
    8.206832194508));
#7019 = CARTESIAN_POINT('',(-2.040552134999,-2.744831361273,
    8.195318315799));
#7020 = CARTESIAN_POINT('',(-2.288298043682,-2.54391033592,8.18380443709
    ));
#7021 = CARTESIAN_POINT('',(-2.516176362519,-2.320709161988,
    8.172290558381));
#7022 = CARTESIAN_POINT('',(-2.722191283885,-2.077182685416,
    8.160776679673));
#7023 = CARTESIAN_POINT('',(-2.904538481134,-1.815463767155,
    8.149262800964));
#7024 = CARTESIAN_POINT('',(-3.061620915955,-1.537844601361,
    8.137748922255));
#7025 = CARTESIAN_POINT('',(-3.192062824345,-1.246756640301,
    8.126235043546));
#7026 = CARTESIAN_POINT('',(-3.294721766207,-0.944749299006,
    8.114721164837));
#7027 = CARTESIAN_POINT('',(-3.368698631011,-0.63446762695,
    8.103207286129));
#7028 = CARTESIAN_POINT('',(-3.413345512431,-0.318629142089,
    8.09169340742));
#7029 = CARTESIAN_POINT('',(-3.428271382851,-3.021666814128E-08,
    8.080179528711));
#7030 = CARTESIAN_POINT('',(-3.41334551808,0.31862908192,8.068665650002)
  );
#7031 = CARTESIAN_POINT('',(-3.368698642261,0.634467567573,
    8.057151771294));
#7032 = CARTESIAN_POINT('',(-3.294721782958,0.944749240941,
    8.045637892585));
#7033 = CARTESIAN_POINT('',(-3.192062846451,1.246756584056,
    8.034124013876));
#7034 = CARTESIAN_POINT('',(-3.061620943222,1.537844547429,
    8.022610135167));
#7035 = CARTESIAN_POINT('',(-2.904538513324,1.815463716008,
    8.011096256459));
#7036 = CARTESIAN_POINT('',(-2.722191320714,2.077182637502,7.99958237775
    ));
#7037 = CARTESIAN_POINT('',(-2.516176403667,2.320709117726,
    7.988068499041));
#7038 = CARTESIAN_POINT('',(-2.288298088787,2.543910295699,
    7.976554620332));
#7039 = CARTESIAN_POINT('',(-2.040552183666,2.744831325445,
    7.965040741624));
#7040 = CARTESIAN_POINT('',(-1.775108514465,2.921712490584,
    7.953526862915));
#7041 = CARTESIAN_POINT('',(-1.494291857427,3.073004640205,
    7.942012984206));
#7042 = CARTESIAN_POINT('',(-1.29847183196,3.155923325129,7.934337065067
    ));
#7043 = CARTESIAN_POINT('',(-1.198838254849,3.192715459812,
    7.930499105497));
#7044 = CARTESIAN_POINT('',(-1.24343557764,-3.313485768171,
    8.252560562019));
#7045 = CARTESIAN_POINT('',(-1.346837977241,-3.275301905708,
    8.248722602449));
#7046 = CARTESIAN_POINT('',(-1.550065253927,-3.189246673863,
    8.24104668331));
#7047 = CARTESIAN_POINT('',(-1.841504316088,-3.032231627851,
    8.229532804602));
#7048 = CARTESIAN_POINT('',(-2.116988879575,-2.848659614845,
    8.218018925893));
#7049 = CARTESIAN_POINT('',(-2.374106229211,-2.640138385173,
    8.206505047184));
#7050 = CARTESIAN_POINT('',(-2.610604461171,-2.408494219655,
    8.194991168475));
#7051 = CARTESIAN_POINT('',(-2.824412272766,-2.155755909848,
    8.183477289766));
#7052 = CARTESIAN_POINT('',(-3.013657085403,-1.884136996056,
    8.171963411058));
#7053 = CARTESIAN_POINT('',(-3.176681449883,-1.596016378862,
    8.160449532349));
#7054 = CARTESIAN_POINT('',(-3.31205756142,-1.293917484649,8.14893565364
    ));
#7055 = CARTESIAN_POINT('',(-3.418599765037,-0.980486164725,
    8.137421774931));
#7056 = CARTESIAN_POINT('',(-3.495374939706,-0.658467522384,
    8.125907896223));
#7057 = CARTESIAN_POINT('',(-3.541710670863,-0.330681870656,
    8.114394017514));
#7058 = CARTESIAN_POINT('',(-3.557201139561,-3.13596687281E-08,
    8.102880138805));
#7059 = CARTESIAN_POINT('',(-3.541710676726,0.330681808211,
    8.091366260096));
#7060 = CARTESIAN_POINT('',(-3.495374951381,0.658467460761,
    8.079852381388));
#7061 = CARTESIAN_POINT('',(-3.418599782421,0.980486104463,
    8.068338502679));
#7062 = CARTESIAN_POINT('',(-3.312057584362,1.293917426277,8.05682462397
    ));
#7063 = CARTESIAN_POINT('',(-3.176681478181,1.59601632289,8.045310745261
    ));
#7064 = CARTESIAN_POINT('',(-3.01365711881,1.884136942974,8.033796866553
    ));
#7065 = CARTESIAN_POINT('',(-2.824412310989,2.155755860122,
    8.022282987844));
#7066 = CARTESIAN_POINT('',(-2.610604503875,2.40849417372,8.010769109135
    ));
#7067 = CARTESIAN_POINT('',(-2.374106276022,2.64013834343,7.999255230426
    ));
#7068 = CARTESIAN_POINT('',(-2.116988930083,2.848659577662,
    7.987741351717));
#7069 = CARTESIAN_POINT('',(-1.841504369851,3.032231595552,
    7.976227473009));
#7070 = CARTESIAN_POINT('',(-1.550065310474,3.189246646732,7.9647135943)
  );
#7071 = CARTESIAN_POINT('',(-1.346838035314,3.27530188218,7.957037675161
    ));
#7072 = CARTESIAN_POINT('',(-1.24343563639,3.313485746476,7.953199715591
    ));
#7073 = CARTESIAN_POINT('',(-1.24343557764,-3.313485768171,
    8.383288165377));
#7074 = CARTESIAN_POINT('',(-1.346837977241,-3.275301905708,
    8.379450205808));
#7075 = CARTESIAN_POINT('',(-1.550065253927,-3.189246673863,
    8.371774286669));
#7076 = CARTESIAN_POINT('',(-1.841504316088,-3.032231627851,
    8.36026040796));
#7077 = CARTESIAN_POINT('',(-2.116988879575,-2.848659614845,
    8.348746529251));
#7078 = CARTESIAN_POINT('',(-2.374106229211,-2.640138385173,
    8.337232650542));
#7079 = CARTESIAN_POINT('',(-2.610604461171,-2.408494219655,
    8.325718771833));
#7080 = CARTESIAN_POINT('',(-2.824412272766,-2.155755909848,
    8.314204893125));
#7081 = CARTESIAN_POINT('',(-3.013657085403,-1.884136996056,
    8.302691014416));
#7082 = CARTESIAN_POINT('',(-3.176681449883,-1.596016378862,
    8.291177135707));
#7083 = CARTESIAN_POINT('',(-3.31205756142,-1.293917484649,
    8.279663256998));
#7084 = CARTESIAN_POINT('',(-3.418599765037,-0.980486164725,
    8.26814937829));
#7085 = CARTESIAN_POINT('',(-3.495374939706,-0.658467522384,
    8.256635499581));
#7086 = CARTESIAN_POINT('',(-3.541710670863,-0.330681870656,
    8.245121620872));
#7087 = CARTESIAN_POINT('',(-3.557201139561,-3.135966875713E-08,
    8.233607742163));
#7088 = CARTESIAN_POINT('',(-3.541710676726,0.330681808211,
    8.222093863455));
#7089 = CARTESIAN_POINT('',(-3.495374951381,0.658467460761,
    8.210579984746));
#7090 = CARTESIAN_POINT('',(-3.418599782421,0.980486104463,
    8.199066106037));
#7091 = CARTESIAN_POINT('',(-3.312057584362,1.293917426277,
    8.187552227328));
#7092 = CARTESIAN_POINT('',(-3.176681478181,1.59601632289,8.17603834862)
  );
#7093 = CARTESIAN_POINT('',(-3.01365711881,1.884136942974,8.164524469911
    ));
#7094 = CARTESIAN_POINT('',(-2.824412310989,2.155755860122,
    8.153010591202));
#7095 = CARTESIAN_POINT('',(-2.610604503875,2.40849417372,8.141496712493
    ));
#7096 = CARTESIAN_POINT('',(-2.374106276022,2.64013834343,8.129982833785
    ));
#7097 = CARTESIAN_POINT('',(-2.116988930083,2.848659577662,
    8.118468955076));
#7098 = CARTESIAN_POINT('',(-1.841504369851,3.032231595552,
    8.106955076367));
#7099 = CARTESIAN_POINT('',(-1.550065310474,3.189246646732,
    8.095441197658));
#7100 = CARTESIAN_POINT('',(-1.346838035314,3.27530188218,8.087765278519
    ));
#7101 = CARTESIAN_POINT('',(-1.24343563639,3.313485746476,8.083927318949
    ));
#7102 = CARTESIAN_POINT('',(-1.198838198241,-3.192715480716,
    8.405988775471));
#7103 = CARTESIAN_POINT('',(-1.298471776004,-3.1559233478,8.402150815902
    ));
#7104 = CARTESIAN_POINT('',(-1.494291802941,-3.073004666348,
    8.394474896762));
#7105 = CARTESIAN_POINT('',(-1.775108462661,-2.921712521706,
    8.382961018054));
#7106 = CARTESIAN_POINT('',(-2.040552134999,-2.744831361273,
    8.371447139345));
#7107 = CARTESIAN_POINT('',(-2.288298043682,-2.54391033592,
    8.359933260636));
#7108 = CARTESIAN_POINT('',(-2.516176362519,-2.320709161988,
    8.348419381927));
#7109 = CARTESIAN_POINT('',(-2.722191283885,-2.077182685416,
    8.336905503219));
#7110 = CARTESIAN_POINT('',(-2.904538481134,-1.815463767155,
    8.32539162451));
#7111 = CARTESIAN_POINT('',(-3.061620915955,-1.537844601361,
    8.313877745801));
#7112 = CARTESIAN_POINT('',(-3.192062824345,-1.246756640301,
    8.302363867092));
#7113 = CARTESIAN_POINT('',(-3.294721766207,-0.944749299006,
    8.290849988384));
#7114 = CARTESIAN_POINT('',(-3.368698631011,-0.63446762695,
    8.279336109675));
#7115 = CARTESIAN_POINT('',(-3.413345512431,-0.318629142089,
    8.267822230966));
#7116 = CARTESIAN_POINT('',(-3.428271382851,-3.021666811604E-08,
    8.256308352257));
#7117 = CARTESIAN_POINT('',(-3.41334551808,0.31862908192,8.244794473549)
  );
#7118 = CARTESIAN_POINT('',(-3.368698642261,0.634467567573,8.23328059484
    ));
#7119 = CARTESIAN_POINT('',(-3.294721782958,0.944749240941,
    8.221766716131));
#7120 = CARTESIAN_POINT('',(-3.192062846451,1.246756584056,
    8.210252837422));
#7121 = CARTESIAN_POINT('',(-3.061620943222,1.537844547429,
    8.198738958713));
#7122 = CARTESIAN_POINT('',(-2.904538513324,1.815463716008,
    8.187225080005));
#7123 = CARTESIAN_POINT('',(-2.722191320714,2.077182637502,
    8.175711201296));
#7124 = CARTESIAN_POINT('',(-2.516176403667,2.320709117726,
    8.164197322587));
#7125 = CARTESIAN_POINT('',(-2.288298088787,2.543910295699,
    8.152683443878));
#7126 = CARTESIAN_POINT('',(-2.040552183666,2.744831325445,8.14116956517
    ));
#7127 = CARTESIAN_POINT('',(-1.775108514465,2.921712490584,
    8.129655686461));
#7128 = CARTESIAN_POINT('',(-1.494291857427,3.073004640205,
    8.118141807752));
#7129 = CARTESIAN_POINT('',(-1.29847183196,3.155923325129,8.110465888613
    ));
#7130 = CARTESIAN_POINT('',(-1.198838254849,3.192715459812,
    8.106627929043));
#7131 = ADVANCED_FACE('',(#7132),#7138,.T.);
#7132 = FACE_BOUND('',#7133,.T.);
#7133 = EDGE_LOOP('',(#7134,#7135,#7136,#7137));
#7134 = ORIENTED_EDGE('',*,*,#4488,.T.);
#7135 = ORIENTED_EDGE('',*,*,#3281,.T.);
#7136 = ORIENTED_EDGE('',*,*,#3234,.F.);
#7137 = ORIENTED_EDGE('',*,*,#6986,.F.);
#7138 = B_SPLINE_SURFACE_WITH_KNOTS('',1,3,(
    (#7139,#7140,#7141,#7142,#7143,#7144,#7145,#7146,#7147,#7148,#7149
      ,#7150,#7151,#7152,#7153,#7154,#7155,#7156,#7157,#7158,#7159,#7160
      ,#7161,#7162,#7163,#7164,#7165,#7166,#7167)
    ,(#7168,#7169,#7170,#7171,#7172,#7173,#7174,#7175,#7176,#7177,#7178
      ,#7179,#7180,#7181,#7182,#7183,#7184,#7185,#7186,#7187,#7188,#7189
      ,#7190,#7191,#7192,#7193,#7194,#7195,#7196
  )),.UNSPECIFIED.,.F.,.F.,.F.,(2,2),(4,1,1,1,1,1,1,1,1,1,1,1,1,1,1,1,1,
    1,1,1,1,1,1,1,1,1,4),(0.,1.),(33.348494058594,33.44149599174,
    33.534497924886,33.627499858031,33.720501791177,33.813503724323,
    33.906505657468,33.999507590614,34.09250952376,34.185511456905,
    34.278513390051,34.371515323196,34.464517256342,34.557519189488,
    34.650521122633,34.743523055779,34.836524988925,34.92952692207,
    35.022528855216,35.115530788362,35.208532721507,35.301534654653,
    35.394536587798,35.487538520944,35.58054045409,35.673542387235,
    35.766544320381),.UNSPECIFIED.);
#7139 = CARTESIAN_POINT('',(-1.224436224499,-3.183145824518,
    8.405001245764));
#7140 = CARTESIAN_POINT('',(-1.323115796221,-3.145802875345,
    8.401188607441));
#7141 = CARTESIAN_POINT('',(-1.516999327016,-3.061933023101,
    8.393563330795));
#7142 = CARTESIAN_POINT('',(-1.794884685474,-2.909663525304,
    8.382125415826));
#7143 = CARTESIAN_POINT('',(-2.057428162984,-2.73224544747,
    8.370687500857));
#7144 = CARTESIAN_POINT('',(-2.302360601691,-2.531212221916,
    8.359249585888));
#7145 = CARTESIAN_POINT('',(-2.527565009007,-2.308301408291,
    8.347811670919));
#7146 = CARTESIAN_POINT('',(-2.731094917407,-2.065439652029,
    8.33637375595));
#7147 = CARTESIAN_POINT('',(-2.91119119128,-1.804726038438,
    8.324935840981));
#7148 = CARTESIAN_POINT('',(-3.066297235845,-1.528413948333,
    8.313497926012));
#7149 = CARTESIAN_POINT('',(-3.195072449794,-1.238891582246,
    8.302060011043));
#7150 = CARTESIAN_POINT('',(-3.296403812603,-0.938661318772,
    8.290622096074));
#7151 = CARTESIAN_POINT('',(-3.369415504421,-0.630318086235,
    8.279184181105));
#7152 = CARTESIAN_POINT('',(-3.413476475918,-0.316526934376,
    8.267746266136));
#7153 = CARTESIAN_POINT('',(-3.428205902519,-3.985690372416E-14,
    8.256308351167));
#7154 = CARTESIAN_POINT('',(-3.413476475918,0.316526934376,
    8.244870436198));
#7155 = CARTESIAN_POINT('',(-3.369415504421,0.630318086235,
    8.233432521229));
#7156 = CARTESIAN_POINT('',(-3.296403812603,0.938661318772,8.22199460626
    ));
#7157 = CARTESIAN_POINT('',(-3.195072449794,1.238891582245,
    8.210556691291));
#7158 = CARTESIAN_POINT('',(-3.066297235845,1.528413948333,
    8.199118776322));
#7159 = CARTESIAN_POINT('',(-2.91119119128,1.804726038437,8.187680861353
    ));
#7160 = CARTESIAN_POINT('',(-2.731094917407,2.065439652029,
    8.176242946384));
#7161 = CARTESIAN_POINT('',(-2.527565009008,2.308301408291,
    8.164805031415));
#7162 = CARTESIAN_POINT('',(-2.302360601691,2.531212221916,
    8.153367116446));
#7163 = CARTESIAN_POINT('',(-2.057428162984,2.73224544747,8.141929201477
    ));
#7164 = CARTESIAN_POINT('',(-1.794884685474,2.909663525304,
    8.130491286508));
#7165 = CARTESIAN_POINT('',(-1.516999327016,3.061933023101,
    8.119053371539));
#7166 = CARTESIAN_POINT('',(-1.323115796221,3.145802875345,
    8.111428094893));
#7167 = CARTESIAN_POINT('',(-1.224436224499,3.183145824518,8.10761545657
    ));
#7168 = CARTESIAN_POINT('',(-1.168540587599,-3.035440363847,
    8.432848197628));
#7169 = CARTESIAN_POINT('',(-1.262641194861,-2.999830215436,
    8.429035559305));
#7170 = CARTESIAN_POINT('',(-1.447528073347,-2.919852121801,
    8.421410282659));
#7171 = CARTESIAN_POINT('',(-1.712518896919,-2.774648287205,
    8.40997236769));
#7172 = CARTESIAN_POINT('',(-1.962879738939,-2.605462825897,
    8.398534452721));
#7173 = CARTESIAN_POINT('',(-2.196446735819,-2.413758015322,
    8.387096537752));
#7174 = CARTESIAN_POINT('',(-2.411201128414,-2.201190788271,
    8.375658622783));
#7175 = CARTESIAN_POINT('',(-2.605286769872,-1.969598389295,
    8.364220707814));
#7176 = CARTESIAN_POINT('',(-2.777026152618,-1.720982501199,
    8.352782792844));
#7177 = CARTESIAN_POINT('',(-2.924934911533,-1.457491942626,
    8.341344877875));
#7178 = CARTESIAN_POINT('',(-3.047734652366,-1.181404095978,
    8.329906962906));
#7179 = CARTESIAN_POINT('',(-3.144364001365,-0.895105223593,
    8.318469047937));
#7180 = CARTESIAN_POINT('',(-3.213987778783,-0.60106984301,
    8.307031132968));
#7181 = CARTESIAN_POINT('',(-3.256004217466,-0.301839339389,
    8.295593217999));
#7182 = CARTESIAN_POINT('',(-3.270050163994,-3.799711875107E-14,
    8.28415530303));
#7183 = CARTESIAN_POINT('',(-3.256004217466,0.301839339389,
    8.272717388061));
#7184 = CARTESIAN_POINT('',(-3.213987778783,0.60106984301,8.261279473092
    ));
#7185 = CARTESIAN_POINT('',(-3.144364001365,0.895105223592,
    8.249841558123));
#7186 = CARTESIAN_POINT('',(-3.047734652366,1.181404095977,
    8.238403643154));
#7187 = CARTESIAN_POINT('',(-2.924934911533,1.457491942626,
    8.226965728185));
#7188 = CARTESIAN_POINT('',(-2.777026152618,1.720982501199,
    8.215527813216));
#7189 = CARTESIAN_POINT('',(-2.605286769872,1.969598389295,
    8.204089898247));
#7190 = CARTESIAN_POINT('',(-2.411201128414,2.201190788271,
    8.192651983278));
#7191 = CARTESIAN_POINT('',(-2.196446735819,2.413758015322,
    8.181214068309));
#7192 = CARTESIAN_POINT('',(-1.962879738939,2.605462825897,8.16977615334
    ));
#7193 = CARTESIAN_POINT('',(-1.712518896919,2.774648287205,
    8.158338238371));
#7194 = CARTESIAN_POINT('',(-1.447528073347,2.919852121801,
    8.146900323402));
#7195 = CARTESIAN_POINT('',(-1.262641194861,2.999830215436,
    8.139275046756));
#7196 = CARTESIAN_POINT('',(-1.168540587599,3.035440363847,
    8.135462408433));
#7197 = ADVANCED_FACE('',(#7198),#7230,.T.);
#7198 = FACE_BOUND('',#7199,.T.);
#7199 = EDGE_LOOP('',(#7200,#7201,#7228,#7229));
#7200 = ORIENTED_EDGE('',*,*,#4393,.T.);
#7201 = ORIENTED_EDGE('',*,*,#7202,.T.);
#7202 = EDGE_CURVE('',#4394,#3316,#7203,.T.);
#7203 = B_SPLINE_CURVE_WITH_KNOTS('',3,(#7204,#7205,#7206,#7207,#7208,
    #7209,#7210,#7211,#7212,#7213,#7214,#7215,#7216,#7217,#7218,#7219,
    #7220,#7221,#7222,#7223,#7224,#7225,#7226,#7227),.UNSPECIFIED.,.F.,
  .F.,(4,1,1,1,1,1,1,1,1,1,1,1,1,1,1,1,1,1,1,1,1,4),(0.,
    4.761904761905E-02,9.523809523809E-02,0.142857142857,0.190476190476,
    0.238095238095,0.285714285714,0.333333333333,0.380952380952,
    0.428571428571,0.47619047619,0.52380952381,0.571428571429,
    0.619047619048,0.666666666667,0.714285714286,0.761904761905,
    0.809523809524,0.857142857143,0.904761904762,0.952380952381,1.),
  .UNSPECIFIED.);
#7204 = CARTESIAN_POINT('',(-1.224436224499,-3.183145824518,
    9.001614846461));
#7205 = CARTESIAN_POINT('',(-1.346610932345,-3.13691169697,
    8.996894437108));
#7206 = CARTESIAN_POINT('',(-1.585630409344,-3.030360211207,
    8.987453618404));
#7207 = CARTESIAN_POINT('',(-1.923423095631,-2.830399413645,
    8.973292390347));
#7208 = CARTESIAN_POINT('',(-2.236005177528,-2.592953444571,
    8.95913116229));
#7209 = CARTESIAN_POINT('',(-2.519236997526,-2.321166944984,
    8.944969934233));
#7210 = CARTESIAN_POINT('',(-2.769367463682,-2.018639408662,
    8.930808706176));
#7211 = CARTESIAN_POINT('',(-2.983083909635,-1.689377442602,
    8.916647478119));
#7212 = CARTESIAN_POINT('',(-3.157555918261,-1.337741722766,
    8.902486250062));
#7213 = CARTESIAN_POINT('',(-3.290472820132,-0.968389237286,
    8.888325022006));
#7214 = CARTESIAN_POINT('',(-3.380074292038,-0.586211611635,
    8.874163793949));
#7215 = CARTESIAN_POINT('',(-3.425173671268,-0.196270324628,
    8.860002565892));
#7216 = CARTESIAN_POINT('',(-3.425173671268,0.196270324628,
    8.845841337835));
#7217 = CARTESIAN_POINT('',(-3.380074292038,0.586211611635,
    8.831680109778));
#7218 = CARTESIAN_POINT('',(-3.290472820132,0.968389237286,
    8.817518881721));
#7219 = CARTESIAN_POINT('',(-3.157555918261,1.337741722766,
    8.803357653664));
#7220 = CARTESIAN_POINT('',(-2.983083909635,1.689377442602,
    8.789196425607));
#7221 = CARTESIAN_POINT('',(-2.769367463682,2.018639408662,8.77503519755
    ));
#7222 = CARTESIAN_POINT('',(-2.519236997526,2.321166944984,
    8.760873969493));
#7223 = CARTESIAN_POINT('',(-2.236005177528,2.592953444571,
    8.746712741437));
#7224 = CARTESIAN_POINT('',(-1.923423095631,2.830399413645,8.73255151338
    ));
#7225 = CARTESIAN_POINT('',(-1.585630409344,3.030360211207,
    8.718390285323));
#7226 = CARTESIAN_POINT('',(-1.346610932345,3.13691169697,8.708949466618
    ));
#7227 = CARTESIAN_POINT('',(-1.224436224499,3.183145824518,
    8.704229057266));
#7228 = ORIENTED_EDGE('',*,*,#3315,.F.);
#7229 = ORIENTED_EDGE('',*,*,#3254,.F.);
#7230 = B_SPLINE_SURFACE_WITH_KNOTS('',1,3,(
    (#7231,#7232,#7233,#7234,#7235,#7236,#7237,#7238,#7239,#7240,#7241
      ,#7242,#7243,#7244,#7245,#7246,#7247,#7248,#7249,#7250,#7251,#7252
      ,#7253,#7254,#7255,#7256,#7257,#7258,#7259)
    ,(#7260,#7261,#7262,#7263,#7264,#7265,#7266,#7267,#7268,#7269,#7270
      ,#7271,#7272,#7273,#7274,#7275,#7276,#7277,#7278,#7279,#7280,#7281
      ,#7282,#7283,#7284,#7285,#7286,#7287,#7288
  )),.UNSPECIFIED.,.F.,.F.,.F.,(2,2),(4,1,1,1,1,1,1,1,1,1,1,1,1,1,1,1,1,
    1,1,1,1,1,1,1,1,1,4),(0.,1.),(27.065308751415,27.15831068456,
    27.251312617706,27.344314550852,27.437316483997,27.530318417143,
    27.623320350289,27.716322283434,27.80932421658,27.902326149725,
    27.995328082871,28.088330016017,28.181331949163,28.274333882308,
    28.367335815454,28.460337748599,28.553339681745,28.646341614891,
    28.739343548036,28.832345481182,28.925347414328,29.018349347473,
    29.111351280619,29.204353213765,29.29735514691,29.390357080056,
    29.483359013202),.UNSPECIFIED.);
#7231 = CARTESIAN_POINT('',(-1.168540587599,-3.035440363847,
    8.973767894597));
#7232 = CARTESIAN_POINT('',(-1.262641194861,-2.999830215436,
    8.969955256274));
#7233 = CARTESIAN_POINT('',(-1.447528073347,-2.919852121801,
    8.962329979628));
#7234 = CARTESIAN_POINT('',(-1.712518896919,-2.774648287205,
    8.950892064659));
#7235 = CARTESIAN_POINT('',(-1.962879738939,-2.605462825897,
    8.93945414969));
#7236 = CARTESIAN_POINT('',(-2.196446735819,-2.413758015322,
    8.928016234721));
#7237 = CARTESIAN_POINT('',(-2.411201128414,-2.201190788271,
    8.916578319752));
#7238 = CARTESIAN_POINT('',(-2.605286769872,-1.969598389295,
    8.905140404783));
#7239 = CARTESIAN_POINT('',(-2.777026152618,-1.720982501199,
    8.893702489814));
#7240 = CARTESIAN_POINT('',(-2.924934911533,-1.457491942626,
    8.882264574845));
#7241 = CARTESIAN_POINT('',(-3.047734652366,-1.181404095978,
    8.870826659876));
#7242 = CARTESIAN_POINT('',(-3.144364001365,-0.895105223593,
    8.859388744907));
#7243 = CARTESIAN_POINT('',(-3.213987778783,-0.60106984301,
    8.847950829938));
#7244 = CARTESIAN_POINT('',(-3.256004217466,-0.301839339389,
    8.836512914969));
#7245 = CARTESIAN_POINT('',(-3.270050163994,-6.03672897024E-14,8.825075)
  );
#7246 = CARTESIAN_POINT('',(-3.256004217466,0.301839339389,
    8.813637085031));
#7247 = CARTESIAN_POINT('',(-3.213987778783,0.60106984301,8.802199170062
    ));
#7248 = CARTESIAN_POINT('',(-3.144364001365,0.895105223592,
    8.790761255093));
#7249 = CARTESIAN_POINT('',(-3.047734652366,1.181404095977,
    8.779323340124));
#7250 = CARTESIAN_POINT('',(-2.924934911533,1.457491942626,
    8.767885425155));
#7251 = CARTESIAN_POINT('',(-2.777026152618,1.720982501199,
    8.756447510186));
#7252 = CARTESIAN_POINT('',(-2.605286769872,1.969598389295,
    8.745009595217));
#7253 = CARTESIAN_POINT('',(-2.411201128414,2.201190788271,
    8.733571680248));
#7254 = CARTESIAN_POINT('',(-2.196446735819,2.413758015322,
    8.722133765279));
#7255 = CARTESIAN_POINT('',(-1.962879738939,2.605462825897,8.71069585031
    ));
#7256 = CARTESIAN_POINT('',(-1.712518896919,2.774648287205,
    8.699257935341));
#7257 = CARTESIAN_POINT('',(-1.447528073347,2.919852121801,
    8.687820020372));
#7258 = CARTESIAN_POINT('',(-1.262641194861,2.999830215436,
    8.680194743726));
#7259 = CARTESIAN_POINT('',(-1.168540587599,3.035440363847,
    8.676382105403));
#7260 = CARTESIAN_POINT('',(-1.224436224499,-3.183145824518,
    9.001614846461));
#7261 = CARTESIAN_POINT('',(-1.323115796221,-3.145802875345,
    8.997802208138));
#7262 = CARTESIAN_POINT('',(-1.516999327016,-3.061933023101,
    8.990176931492));
#7263 = CARTESIAN_POINT('',(-1.794884685474,-2.909663525304,
    8.978739016523));
#7264 = CARTESIAN_POINT('',(-2.057428162984,-2.73224544747,
    8.967301101554));
#7265 = CARTESIAN_POINT('',(-2.302360601691,-2.531212221916,
    8.955863186585));
#7266 = CARTESIAN_POINT('',(-2.527565009007,-2.308301408291,
    8.944425271616));
#7267 = CARTESIAN_POINT('',(-2.731094917407,-2.065439652029,
    8.932987356647));
#7268 = CARTESIAN_POINT('',(-2.91119119128,-1.804726038438,
    8.921549441677));
#7269 = CARTESIAN_POINT('',(-3.066297235845,-1.528413948333,
    8.910111526708));
#7270 = CARTESIAN_POINT('',(-3.195072449794,-1.238891582246,
    8.898673611739));
#7271 = CARTESIAN_POINT('',(-3.296403812603,-0.938661318772,
    8.88723569677));
#7272 = CARTESIAN_POINT('',(-3.36941550442,-0.630318086235,
    8.875797781801));
#7273 = CARTESIAN_POINT('',(-3.413476475918,-0.316526934377,
    8.864359866832));
#7274 = CARTESIAN_POINT('',(-3.428205902519,-6.334615340297E-14,
    8.852921951863));
#7275 = CARTESIAN_POINT('',(-3.413476475918,0.316526934376,
    8.841484036894));
#7276 = CARTESIAN_POINT('',(-3.369415504421,0.630318086235,
    8.830046121925));
#7277 = CARTESIAN_POINT('',(-3.296403812603,0.938661318772,
    8.818608206956));
#7278 = CARTESIAN_POINT('',(-3.195072449794,1.238891582245,
    8.807170291987));
#7279 = CARTESIAN_POINT('',(-3.066297235845,1.528413948333,
    8.795732377018));
#7280 = CARTESIAN_POINT('',(-2.91119119128,1.804726038437,8.784294462049
    ));
#7281 = CARTESIAN_POINT('',(-2.731094917407,2.065439652029,8.77285654708
    ));
#7282 = CARTESIAN_POINT('',(-2.527565009008,2.30830140829,8.761418632111
    ));
#7283 = CARTESIAN_POINT('',(-2.302360601691,2.531212221916,
    8.749980717142));
#7284 = CARTESIAN_POINT('',(-2.057428162985,2.73224544747,8.738542802173
    ));
#7285 = CARTESIAN_POINT('',(-1.794884685474,2.909663525304,
    8.727104887204));
#7286 = CARTESIAN_POINT('',(-1.516999327016,3.061933023101,
    8.715666972235));
#7287 = CARTESIAN_POINT('',(-1.323115796221,3.145802875345,
    8.708041695589));
#7288 = CARTESIAN_POINT('',(-1.224436224499,3.183145824518,
    8.704229057266));
#7289 = ADVANCED_FACE('',(#7290),#7322,.T.);
#7290 = FACE_BOUND('',#7291,.T.);
#7291 = EDGE_LOOP('',(#7292,#7293,#7320,#7321));
#7292 = ORIENTED_EDGE('',*,*,#4418,.T.);
#7293 = ORIENTED_EDGE('',*,*,#7294,.T.);
#7294 = EDGE_CURVE('',#4407,#3328,#7295,.T.);
#7295 = B_SPLINE_CURVE_WITH_KNOTS('',3,(#7296,#7297,#7298,#7299,#7300,
    #7301,#7302,#7303,#7304,#7305,#7306,#7307,#7308,#7309,#7310,#7311,
    #7312,#7313,#7314,#7315,#7316,#7317,#7318,#7319),.UNSPECIFIED.,.F.,
  .F.,(4,1,1,1,1,1,1,1,1,1,1,1,1,1,1,1,1,1,1,1,1,4),(0.,
    4.761904761905E-02,9.523809523809E-02,0.142857142857,0.190476190476,
    0.238095238095,0.285714285714,0.333333333333,0.380952380952,
    0.428571428571,0.47619047619,0.52380952381,0.571428571429,
    0.619047619048,0.666666666667,0.714285714286,0.761904761905,
    0.809523809524,0.857142857143,0.904761904762,0.952380952381,1.),
  .UNSPECIFIED.);
#7296 = CARTESIAN_POINT('',(-1.224436224499,-3.183145824518,
    9.177743670007));
#7297 = CARTESIAN_POINT('',(-1.346610932345,-3.13691169697,
    9.173023260655));
#7298 = CARTESIAN_POINT('',(-1.585630409344,-3.030360211207,
    9.16358244195));
#7299 = CARTESIAN_POINT('',(-1.923423095631,-2.830399413645,
    9.149421213893));
#7300 = CARTESIAN_POINT('',(-2.236005177528,-2.592953444571,
    9.135259985836));
#7301 = CARTESIAN_POINT('',(-2.519236997526,-2.321166944984,
    9.121098757779));
#7302 = CARTESIAN_POINT('',(-2.769367463682,-2.018639408662,
    9.106937529722));
#7303 = CARTESIAN_POINT('',(-2.983083909635,-1.689377442602,
    9.092776301665));
#7304 = CARTESIAN_POINT('',(-3.157555918261,-1.337741722766,
    9.078615073609));
#7305 = CARTESIAN_POINT('',(-3.290472820132,-0.968389237286,
    9.064453845552));
#7306 = CARTESIAN_POINT('',(-3.380074292038,-0.586211611635,
    9.050292617495));
#7307 = CARTESIAN_POINT('',(-3.425173671268,-0.196270324628,
    9.036131389438));
#7308 = CARTESIAN_POINT('',(-3.425173671268,0.196270324628,
    9.021970161381));
#7309 = CARTESIAN_POINT('',(-3.380074292038,0.586211611635,
    9.007808933324));
#7310 = CARTESIAN_POINT('',(-3.290472820132,0.968389237286,
    8.993647705267));
#7311 = CARTESIAN_POINT('',(-3.157555918261,1.337741722766,8.97948647721
    ));
#7312 = CARTESIAN_POINT('',(-2.983083909635,1.689377442602,
    8.965325249153));
#7313 = CARTESIAN_POINT('',(-2.769367463682,2.018639408662,
    8.951164021096));
#7314 = CARTESIAN_POINT('',(-2.519236997526,2.321166944984,8.93700279304
    ));
#7315 = CARTESIAN_POINT('',(-2.236005177528,2.592953444571,
    8.922841564983));
#7316 = CARTESIAN_POINT('',(-1.923423095631,2.830399413645,
    8.908680336926));
#7317 = CARTESIAN_POINT('',(-1.585630409344,3.030360211207,
    8.894519108869));
#7318 = CARTESIAN_POINT('',(-1.346610932345,3.13691169697,8.885078290164
    ));
#7319 = CARTESIAN_POINT('',(-1.224436224499,3.183145824518,
    8.880357880812));
#7320 = ORIENTED_EDGE('',*,*,#3327,.F.);
#7321 = ORIENTED_EDGE('',*,*,#7202,.F.);
#7322 = ( BOUNDED_SURFACE() B_SPLINE_SURFACE(3,3,(
    (#7323,#7324,#7325,#7326,#7327,#7328,#7329,#7330,#7331,#7332,#7333
      ,#7334,#7335,#7336,#7337,#7338,#7339,#7340,#7341,#7342,#7343,#7344
      ,#7345,#7346,#7347,#7348,#7349,#7350,#7351)
    ,(#7352,#7353,#7354,#7355,#7356,#7357,#7358,#7359,#7360,#7361,#7362
      ,#7363,#7364,#7365,#7366,#7367,#7368,#7369,#7370,#7371,#7372,#7373
      ,#7374,#7375,#7376,#7377,#7378,#7379,#7380)
    ,(#7381,#7382,#7383,#7384,#7385,#7386,#7387,#7388,#7389,#7390,#7391
      ,#7392,#7393,#7394,#7395,#7396,#7397,#7398,#7399,#7400,#7401,#7402
      ,#7403,#7404,#7405,#7406,#7407,#7408,#7409)
    ,(#7410,#7411,#7412,#7413,#7414,#7415,#7416,#7417,#7418,#7419,#7420
      ,#7421,#7422,#7423,#7424,#7425,#7426,#7427,#7428,#7429,#7430,#7431
      ,#7432,#7433,#7434,#7435,#7436,#7437,#7438
)),.UNSPECIFIED.,.F.,.F.,.F.) B_SPLINE_SURFACE_WITH_KNOTS((4,4),(4,1,1,1
    ,1,1,1,1,1,1,1,1,1,1,1,1,1,1,1,1,1,1,1,1,1,1,4),(0.,2.792526803191),
  (27.057279126084,27.150898722034,27.244518317985,27.338137913936,
    27.431757509886,27.525377105837,27.618996701788,27.712616297738,
    27.806235893689,27.89985548964,27.993475085591,28.087094681541,
    28.180714277492,28.274333873443,28.367953469394,28.461573065344,
    28.555192661295,28.648812257246,28.742431853196,28.836051449147,
    28.929671045098,29.023290641049,29.116910236999,29.21052983295,
    29.304149428901,29.397769024852,29.491388620802),.UNSPECIFIED.) 
GEOMETRIC_REPRESENTATION_ITEM() RATIONAL_B_SPLINE_SURFACE((
    (1.,1.,1.,1.,1.,1.,1.,1.,1.,1.,1.,1.,1.,1.,1.,1.,1.,1.,1.,1.,1.,1.
      ,1.,1.,1.,1.,1.,1.,1.)
    ,(0.449098785111,0.449098785111,0.449098785111,0.449098785111
      ,0.449098785111,0.449098785111,0.449098785111,0.449098785111
      ,0.449098785111,0.449098785111,0.449098785111,0.449098785111
      ,0.449098785111,0.449098785111,0.449098785111,0.449098785111
      ,0.449098785111,0.449098785111,0.449098785111,0.449098785111
      ,0.449098785111,0.449098785111,0.449098785111,0.449098785111
      ,0.449098785111,0.449098785111,0.449098785111,0.449098785111
      ,0.449098785111)
    ,(0.449098785111,0.449098785111,0.449098785111,0.449098785111
      ,0.449098785111,0.449098785111,0.449098785111,0.449098785111
      ,0.449098785111,0.449098785111,0.449098785111,0.449098785111
      ,0.449098785111,0.449098785111,0.449098785111,0.449098785111
      ,0.449098785111,0.449098785111,0.449098785111,0.449098785111
      ,0.449098785111,0.449098785111,0.449098785111,0.449098785111
      ,0.449098785111,0.449098785111,0.449098785111,0.449098785111
      ,0.449098785111)
    ,(1.,1.,1.,1.,1.,1.,1.,1.,1.,1.,1.,1.,1.,1.,1.,1.,1.,1.,1.,1.,1.,1.
,1.,1.,1.,1.,1.,1.,1.))) REPRESENTATION_ITEM('') SURFACE() );
#7323 = CARTESIAN_POINT('',(-1.198838198241,-3.192715480716,
    9.002602376168));
#7324 = CARTESIAN_POINT('',(-1.298471776004,-3.1559233478,8.998764416598
    ));
#7325 = CARTESIAN_POINT('',(-1.494291802941,-3.073004666348,
    8.991088497459));
#7326 = CARTESIAN_POINT('',(-1.775108462661,-2.921712521706,
    8.97957461875));
#7327 = CARTESIAN_POINT('',(-2.040552134999,-2.744831361273,
    8.968060740041));
#7328 = CARTESIAN_POINT('',(-2.288298043682,-2.54391033592,
    8.956546861332));
#7329 = CARTESIAN_POINT('',(-2.516176362519,-2.320709161988,
    8.945032982624));
#7330 = CARTESIAN_POINT('',(-2.722191283885,-2.077182685416,
    8.933519103915));
#7331 = CARTESIAN_POINT('',(-2.904538481134,-1.815463767155,
    8.922005225206));
#7332 = CARTESIAN_POINT('',(-3.061620915955,-1.537844601361,
    8.910491346497));
#7333 = CARTESIAN_POINT('',(-3.192062824345,-1.246756640301,
    8.898977467789));
#7334 = CARTESIAN_POINT('',(-3.294721766208,-0.944749299006,
    8.88746358908));
#7335 = CARTESIAN_POINT('',(-3.368698631011,-0.63446762695,
    8.875949710371));
#7336 = CARTESIAN_POINT('',(-3.413345512431,-0.318629142088,
    8.864435831662));
#7337 = CARTESIAN_POINT('',(-3.428271382851,-3.021649787918E-08,
    8.852921952954));
#7338 = CARTESIAN_POINT('',(-3.41334551808,0.31862908192,8.841408074245)
  );
#7339 = CARTESIAN_POINT('',(-3.368698642261,0.634467567573,
    8.829894195536));
#7340 = CARTESIAN_POINT('',(-3.294721782958,0.944749240941,
    8.818380316827));
#7341 = CARTESIAN_POINT('',(-3.19206284645,1.246756584056,8.806866438119
    ));
#7342 = CARTESIAN_POINT('',(-3.061620943221,1.537844547429,8.79535255941
    ));
#7343 = CARTESIAN_POINT('',(-2.904538513324,1.815463716008,
    8.783838680701));
#7344 = CARTESIAN_POINT('',(-2.722191320714,2.077182637502,
    8.772324801992));
#7345 = CARTESIAN_POINT('',(-2.516176403666,2.320709117726,
    8.760810923283));
#7346 = CARTESIAN_POINT('',(-2.288298088787,2.543910295699,
    8.749297044575));
#7347 = CARTESIAN_POINT('',(-2.040552183666,2.744831325445,
    8.737783165866));
#7348 = CARTESIAN_POINT('',(-1.775108514464,2.921712490584,
    8.726269287157));
#7349 = CARTESIAN_POINT('',(-1.494291857427,3.073004640205,
    8.714755408448));
#7350 = CARTESIAN_POINT('',(-1.29847183196,3.155923325129,8.707079489309
    ));
#7351 = CARTESIAN_POINT('',(-1.198838254849,3.192715459812,8.70324152974
    ));
#7352 = CARTESIAN_POINT('',(-1.24343557764,-3.313485768171,
    9.025302986261));
#7353 = CARTESIAN_POINT('',(-1.346837977241,-3.275301905708,
    9.021465026692));
#7354 = CARTESIAN_POINT('',(-1.550065253927,-3.189246673863,
    9.013789107553));
#7355 = CARTESIAN_POINT('',(-1.841504316088,-3.032231627851,
    9.002275228844));
#7356 = CARTESIAN_POINT('',(-2.116988879575,-2.848659614845,
    8.990761350135));
#7357 = CARTESIAN_POINT('',(-2.374106229211,-2.640138385173,
    8.979247471426));
#7358 = CARTESIAN_POINT('',(-2.610604461171,-2.408494219655,
    8.967733592718));
#7359 = CARTESIAN_POINT('',(-2.824412272766,-2.155755909848,
    8.956219714009));
#7360 = CARTESIAN_POINT('',(-3.013657085404,-1.884136996056,8.9447058353
    ));
#7361 = CARTESIAN_POINT('',(-3.176681449883,-1.596016378862,
    8.933191956591));
#7362 = CARTESIAN_POINT('',(-3.31205756142,-1.293917484649,
    8.921678077883));
#7363 = CARTESIAN_POINT('',(-3.418599765037,-0.980486164725,
    8.910164199174));
#7364 = CARTESIAN_POINT('',(-3.495374939706,-0.658467522384,
    8.898650320465));
#7365 = CARTESIAN_POINT('',(-3.541710670863,-0.330681870656,
    8.887136441756));
#7366 = CARTESIAN_POINT('',(-3.557201139561,-3.135949207024E-08,
    8.875622563048));
#7367 = CARTESIAN_POINT('',(-3.541710676726,0.330681808211,
    8.864108684339));
#7368 = CARTESIAN_POINT('',(-3.495374951381,0.658467460761,8.85259480563
    ));
#7369 = CARTESIAN_POINT('',(-3.418599782421,0.980486104463,
    8.841080926921));
#7370 = CARTESIAN_POINT('',(-3.312057584362,1.293917426277,
    8.829567048212));
#7371 = CARTESIAN_POINT('',(-3.176681478181,1.59601632289,8.818053169504
    ));
#7372 = CARTESIAN_POINT('',(-3.01365711881,1.884136942974,8.806539290795
    ));
#7373 = CARTESIAN_POINT('',(-2.824412310989,2.155755860122,
    8.795025412086));
#7374 = CARTESIAN_POINT('',(-2.610604503875,2.40849417372,8.783511533377
    ));
#7375 = CARTESIAN_POINT('',(-2.374106276022,2.640138343431,
    8.771997654669));
#7376 = CARTESIAN_POINT('',(-2.116988930083,2.848659577662,8.76048377596
    ));
#7377 = CARTESIAN_POINT('',(-1.841504369851,3.032231595553,
    8.748969897251));
#7378 = CARTESIAN_POINT('',(-1.550065310474,3.189246646732,
    8.737456018542));
#7379 = CARTESIAN_POINT('',(-1.346838035314,3.27530188218,8.729780099403
    ));
#7380 = CARTESIAN_POINT('',(-1.24343563639,3.313485746476,8.725942139834
    ));
#7381 = CARTESIAN_POINT('',(-1.24343557764,-3.313485768171,9.15603058962
    ));
#7382 = CARTESIAN_POINT('',(-1.346837977241,-3.275301905708,
    9.15219263005));
#7383 = CARTESIAN_POINT('',(-1.550065253927,-3.189246673863,
    9.144516710911));
#7384 = CARTESIAN_POINT('',(-1.841504316088,-3.032231627851,
    9.133002832202));
#7385 = CARTESIAN_POINT('',(-2.116988879575,-2.848659614845,
    9.121488953493));
#7386 = CARTESIAN_POINT('',(-2.374106229211,-2.640138385173,
    9.109975074785));
#7387 = CARTESIAN_POINT('',(-2.610604461171,-2.408494219655,
    9.098461196076));
#7388 = CARTESIAN_POINT('',(-2.824412272766,-2.155755909848,
    9.086947317367));
#7389 = CARTESIAN_POINT('',(-3.013657085404,-1.884136996056,
    9.075433438658));
#7390 = CARTESIAN_POINT('',(-3.176681449883,-1.596016378862,
    9.06391955995));
#7391 = CARTESIAN_POINT('',(-3.31205756142,-1.293917484649,
    9.052405681241));
#7392 = CARTESIAN_POINT('',(-3.418599765037,-0.980486164725,
    9.040891802532));
#7393 = CARTESIAN_POINT('',(-3.495374939706,-0.658467522384,
    9.029377923823));
#7394 = CARTESIAN_POINT('',(-3.541710670863,-0.330681870656,
    9.017864045115));
#7395 = CARTESIAN_POINT('',(-3.557201139561,-3.135949207353E-08,
    9.006350166406));
#7396 = CARTESIAN_POINT('',(-3.541710676726,0.330681808211,
    8.994836287697));
#7397 = CARTESIAN_POINT('',(-3.495374951381,0.658467460761,
    8.983322408988));
#7398 = CARTESIAN_POINT('',(-3.418599782421,0.980486104463,8.97180853028
    ));
#7399 = CARTESIAN_POINT('',(-3.312057584362,1.293917426277,
    8.960294651571));
#7400 = CARTESIAN_POINT('',(-3.176681478181,1.59601632289,8.948780772862
    ));
#7401 = CARTESIAN_POINT('',(-3.01365711881,1.884136942974,8.937266894153
    ));
#7402 = CARTESIAN_POINT('',(-2.824412310989,2.155755860122,
    8.925753015444));
#7403 = CARTESIAN_POINT('',(-2.610604503875,2.40849417372,8.914239136736
    ));
#7404 = CARTESIAN_POINT('',(-2.374106276022,2.640138343431,
    8.902725258027));
#7405 = CARTESIAN_POINT('',(-2.116988930083,2.848659577662,
    8.891211379318));
#7406 = CARTESIAN_POINT('',(-1.841504369851,3.032231595553,
    8.879697500609));
#7407 = CARTESIAN_POINT('',(-1.550065310474,3.189246646732,
    8.868183621901));
#7408 = CARTESIAN_POINT('',(-1.346838035314,3.27530188218,8.860507702761
    ));
#7409 = CARTESIAN_POINT('',(-1.24343563639,3.313485746476,8.856669743192
    ));
#7410 = CARTESIAN_POINT('',(-1.198838198241,-3.192715480716,
    9.178731199714));
#7411 = CARTESIAN_POINT('',(-1.298471776004,-3.1559233478,9.174893240144
    ));
#7412 = CARTESIAN_POINT('',(-1.494291802941,-3.073004666348,
    9.167217321005));
#7413 = CARTESIAN_POINT('',(-1.775108462661,-2.921712521706,
    9.155703442296));
#7414 = CARTESIAN_POINT('',(-2.040552134999,-2.744831361273,
    9.144189563587));
#7415 = CARTESIAN_POINT('',(-2.288298043682,-2.54391033592,
    9.132675684879));
#7416 = CARTESIAN_POINT('',(-2.516176362519,-2.320709161988,
    9.12116180617));
#7417 = CARTESIAN_POINT('',(-2.722191283885,-2.077182685416,
    9.109647927461));
#7418 = CARTESIAN_POINT('',(-2.904538481134,-1.815463767155,
    9.098134048752));
#7419 = CARTESIAN_POINT('',(-3.061620915955,-1.537844601361,
    9.086620170044));
#7420 = CARTESIAN_POINT('',(-3.192062824345,-1.246756640301,
    9.075106291335));
#7421 = CARTESIAN_POINT('',(-3.294721766208,-0.944749299006,
    9.063592412626));
#7422 = CARTESIAN_POINT('',(-3.368698631011,-0.63446762695,
    9.052078533917));
#7423 = CARTESIAN_POINT('',(-3.413345512431,-0.318629142088,
    9.040564655208));
#7424 = CARTESIAN_POINT('',(-3.428271382851,-3.021649791829E-08,
    9.0290507765));
#7425 = CARTESIAN_POINT('',(-3.41334551808,0.31862908192,9.017536897791)
  );
#7426 = CARTESIAN_POINT('',(-3.368698642261,0.634467567573,
    9.006023019082));
#7427 = CARTESIAN_POINT('',(-3.294721782958,0.944749240941,
    8.994509140373));
#7428 = CARTESIAN_POINT('',(-3.19206284645,1.246756584056,8.982995261665
    ));
#7429 = CARTESIAN_POINT('',(-3.061620943221,1.537844547429,
    8.971481382956));
#7430 = CARTESIAN_POINT('',(-2.904538513324,1.815463716008,
    8.959967504247));
#7431 = CARTESIAN_POINT('',(-2.722191320714,2.077182637502,
    8.948453625538));
#7432 = CARTESIAN_POINT('',(-2.516176403666,2.320709117726,8.93693974683
    ));
#7433 = CARTESIAN_POINT('',(-2.288298088787,2.543910295699,
    8.925425868121));
#7434 = CARTESIAN_POINT('',(-2.040552183666,2.744831325445,
    8.913911989412));
#7435 = CARTESIAN_POINT('',(-1.775108514464,2.921712490584,
    8.902398110703));
#7436 = CARTESIAN_POINT('',(-1.494291857427,3.073004640205,
    8.890884231995));
#7437 = CARTESIAN_POINT('',(-1.29847183196,3.155923325129,8.883208312855
    ));
#7438 = CARTESIAN_POINT('',(-1.198838254849,3.192715459812,
    8.879370353286));
#7439 = ADVANCED_FACE('',(#7440),#7446,.T.);
#7440 = FACE_BOUND('',#7441,.T.);
#7441 = EDGE_LOOP('',(#7442,#7443,#7444,#7445));
#7442 = ORIENTED_EDGE('',*,*,#4406,.T.);
#7443 = ORIENTED_EDGE('',*,*,#3425,.T.);
#7444 = ORIENTED_EDGE('',*,*,#3378,.F.);
#7445 = ORIENTED_EDGE('',*,*,#7294,.F.);
#7446 = B_SPLINE_SURFACE_WITH_KNOTS('',1,3,(
    (#7447,#7448,#7449,#7450,#7451,#7452,#7453,#7454,#7455,#7456,#7457
      ,#7458,#7459,#7460,#7461,#7462,#7463,#7464,#7465,#7466,#7467,#7468
      ,#7469,#7470,#7471,#7472,#7473,#7474,#7475)
    ,(#7476,#7477,#7478,#7479,#7480,#7481,#7482,#7483,#7484,#7485,#7486
      ,#7487,#7488,#7489,#7490,#7491,#7492,#7493,#7494,#7495,#7496,#7497
      ,#7498,#7499,#7500,#7501,#7502,#7503,#7504
  )),.UNSPECIFIED.,.F.,.F.,.F.,(2,2),(4,1,1,1,1,1,1,1,1,1,1,1,1,1,1,1,1,
    1,1,1,1,1,1,1,1,1,4),(0.,1.),(27.065308751415,27.15831068456,
    27.251312617706,27.344314550852,27.437316483997,27.530318417143,
    27.623320350289,27.716322283434,27.80932421658,27.902326149725,
    27.995328082871,28.088330016017,28.181331949163,28.274333882308,
    28.367335815454,28.460337748599,28.553339681745,28.646341614891,
    28.739343548036,28.832345481182,28.925347414328,29.018349347473,
    29.111351280619,29.204353213765,29.29735514691,29.390357080056,
    29.483359013202),.UNSPECIFIED.);
#7447 = CARTESIAN_POINT('',(-1.224436224499,-3.183145824518,
    9.177743670007));
#7448 = CARTESIAN_POINT('',(-1.323115796221,-3.145802875345,
    9.173931031684));
#7449 = CARTESIAN_POINT('',(-1.516999327016,-3.061933023101,
    9.166305755038));
#7450 = CARTESIAN_POINT('',(-1.794884685474,-2.909663525304,
    9.154867840069));
#7451 = CARTESIAN_POINT('',(-2.057428162984,-2.73224544747,9.1434299251)
  );
#7452 = CARTESIAN_POINT('',(-2.302360601691,-2.531212221916,
    9.131992010131));
#7453 = CARTESIAN_POINT('',(-2.527565009007,-2.308301408291,
    9.120554095162));
#7454 = CARTESIAN_POINT('',(-2.731094917407,-2.065439652029,
    9.109116180193));
#7455 = CARTESIAN_POINT('',(-2.91119119128,-1.804726038438,
    9.097678265224));
#7456 = CARTESIAN_POINT('',(-3.066297235845,-1.528413948333,
    9.086240350255));
#7457 = CARTESIAN_POINT('',(-3.195072449794,-1.238891582246,
    9.074802435286));
#7458 = CARTESIAN_POINT('',(-3.296403812603,-0.938661318772,
    9.063364520317));
#7459 = CARTESIAN_POINT('',(-3.36941550442,-0.630318086235,
    9.051926605347));
#7460 = CARTESIAN_POINT('',(-3.413476475918,-0.316526934377,
    9.040488690378));
#7461 = CARTESIAN_POINT('',(-3.428205902519,-6.334665561859E-14,
    9.029050775409));
#7462 = CARTESIAN_POINT('',(-3.413476475918,0.316526934376,9.01761286044
    ));
#7463 = CARTESIAN_POINT('',(-3.369415504421,0.630318086235,
    9.006174945471));
#7464 = CARTESIAN_POINT('',(-3.296403812603,0.938661318772,
    8.994737030502));
#7465 = CARTESIAN_POINT('',(-3.195072449794,1.238891582245,
    8.983299115533));
#7466 = CARTESIAN_POINT('',(-3.066297235845,1.528413948333,
    8.971861200564));
#7467 = CARTESIAN_POINT('',(-2.91119119128,1.804726038437,8.960423285595
    ));
#7468 = CARTESIAN_POINT('',(-2.731094917407,2.065439652029,
    8.948985370626));
#7469 = CARTESIAN_POINT('',(-2.527565009008,2.30830140829,8.937547455657
    ));
#7470 = CARTESIAN_POINT('',(-2.302360601691,2.531212221916,
    8.926109540688));
#7471 = CARTESIAN_POINT('',(-2.057428162985,2.73224544747,8.914671625719
    ));
#7472 = CARTESIAN_POINT('',(-1.794884685474,2.909663525304,8.90323371075
    ));
#7473 = CARTESIAN_POINT('',(-1.516999327016,3.061933023101,
    8.891795795781));
#7474 = CARTESIAN_POINT('',(-1.323115796221,3.145802875345,
    8.884170519135));
#7475 = CARTESIAN_POINT('',(-1.224436224499,3.183145824518,
    8.880357880812));
#7476 = CARTESIAN_POINT('',(-1.168540587599,-3.035440363847,
    9.20559062187));
#7477 = CARTESIAN_POINT('',(-1.262641194861,-2.999830215436,
    9.201777983547));
#7478 = CARTESIAN_POINT('',(-1.447528073347,-2.919852121801,
    9.194152706901));
#7479 = CARTESIAN_POINT('',(-1.712518896919,-2.774648287205,
    9.182714791932));
#7480 = CARTESIAN_POINT('',(-1.962879738939,-2.605462825897,
    9.171276876963));
#7481 = CARTESIAN_POINT('',(-2.196446735819,-2.413758015322,
    9.159838961994));
#7482 = CARTESIAN_POINT('',(-2.411201128414,-2.201190788271,
    9.148401047025));
#7483 = CARTESIAN_POINT('',(-2.605286769872,-1.969598389295,
    9.136963132056));
#7484 = CARTESIAN_POINT('',(-2.777026152618,-1.720982501199,
    9.125525217087));
#7485 = CARTESIAN_POINT('',(-2.924934911533,-1.457491942626,
    9.114087302118));
#7486 = CARTESIAN_POINT('',(-3.047734652366,-1.181404095978,
    9.102649387149));
#7487 = CARTESIAN_POINT('',(-3.144364001365,-0.895105223593,
    9.09121147218));
#7488 = CARTESIAN_POINT('',(-3.213987778783,-0.60106984301,
    9.079773557211));
#7489 = CARTESIAN_POINT('',(-3.256004217466,-0.301839339389,
    9.068335642242));
#7490 = CARTESIAN_POINT('',(-3.270050163994,-6.03672897024E-14,
    9.056897727273));
#7491 = CARTESIAN_POINT('',(-3.256004217466,0.301839339389,
    9.045459812304));
#7492 = CARTESIAN_POINT('',(-3.213987778783,0.60106984301,9.034021897335
    ));
#7493 = CARTESIAN_POINT('',(-3.144364001365,0.895105223592,
    9.022583982366));
#7494 = CARTESIAN_POINT('',(-3.047734652366,1.181404095977,
    9.011146067397));
#7495 = CARTESIAN_POINT('',(-2.924934911533,1.457491942626,
    8.999708152428));
#7496 = CARTESIAN_POINT('',(-2.777026152618,1.720982501199,
    8.988270237459));
#7497 = CARTESIAN_POINT('',(-2.605286769872,1.969598389295,
    8.976832322489));
#7498 = CARTESIAN_POINT('',(-2.411201128414,2.201190788271,8.96539440752
    ));
#7499 = CARTESIAN_POINT('',(-2.196446735819,2.413758015322,
    8.953956492551));
#7500 = CARTESIAN_POINT('',(-1.962879738939,2.605462825897,
    8.942518577582));
#7501 = CARTESIAN_POINT('',(-1.712518896919,2.774648287205,
    8.931080662613));
#7502 = CARTESIAN_POINT('',(-1.447528073347,2.919852121801,
    8.919642747644));
#7503 = CARTESIAN_POINT('',(-1.262641194861,2.999830215436,
    8.912017470998));
#7504 = CARTESIAN_POINT('',(-1.168540587599,3.035440363847,
    8.908204832675));
#7505 = ADVANCED_FACE('',(#7506),#7538,.T.);
#7506 = FACE_BOUND('',#7507,.T.);
#7507 = EDGE_LOOP('',(#7508,#7509,#7536,#7537));
#7508 = ORIENTED_EDGE('',*,*,#4311,.T.);
#7509 = ORIENTED_EDGE('',*,*,#7510,.T.);
#7510 = EDGE_CURVE('',#4312,#3460,#7511,.T.);
#7511 = B_SPLINE_CURVE_WITH_KNOTS('',3,(#7512,#7513,#7514,#7515,#7516,
    #7517,#7518,#7519,#7520,#7521,#7522,#7523,#7524,#7525,#7526,#7527,
    #7528,#7529,#7530,#7531,#7532,#7533,#7534,#7535),.UNSPECIFIED.,.F.,
  .F.,(4,1,1,1,1,1,1,1,1,1,1,1,1,1,1,1,1,1,1,1,1,4),(0.,
    4.761904761905E-02,9.523809523809E-02,0.142857142857,0.190476190476,
    0.238095238095,0.285714285714,0.333333333333,0.380952380952,
    0.428571428571,0.47619047619,0.52380952381,0.571428571429,
    0.619047619048,0.666666666667,0.714285714286,0.761904761905,
    0.809523809524,0.857142857143,0.904761904762,0.952380952381,1.),
  .UNSPECIFIED.);
#7512 = CARTESIAN_POINT('',(-1.224436224499,-3.183145824518,
    9.774357270703));
#7513 = CARTESIAN_POINT('',(-1.346610932345,-3.13691169697,
    9.769636861351));
#7514 = CARTESIAN_POINT('',(-1.585630409344,-3.030360211207,
    9.760196042646));
#7515 = CARTESIAN_POINT('',(-1.923423095631,-2.830399413645,
    9.746034814589));
#7516 = CARTESIAN_POINT('',(-2.236005177528,-2.592953444571,
    9.731873586532));
#7517 = CARTESIAN_POINT('',(-2.519236997526,-2.321166944984,
    9.717712358476));
#7518 = CARTESIAN_POINT('',(-2.769367463682,-2.018639408662,
    9.703551130419));
#7519 = CARTESIAN_POINT('',(-2.983083909635,-1.689377442602,
    9.689389902362));
#7520 = CARTESIAN_POINT('',(-3.157555918261,-1.337741722766,
    9.675228674305));
#7521 = CARTESIAN_POINT('',(-3.290472820132,-0.968389237286,
    9.661067446248));
#7522 = CARTESIAN_POINT('',(-3.380074292038,-0.586211611635,
    9.646906218191));
#7523 = CARTESIAN_POINT('',(-3.425173671268,-0.196270324628,
    9.632744990134));
#7524 = CARTESIAN_POINT('',(-3.425173671268,0.196270324628,
    9.618583762077));
#7525 = CARTESIAN_POINT('',(-3.380074292038,0.586211611635,9.60442253402
    ));
#7526 = CARTESIAN_POINT('',(-3.290472820132,0.968389237286,
    9.590261305963));
#7527 = CARTESIAN_POINT('',(-3.157555918261,1.337741722766,
    9.576100077907));
#7528 = CARTESIAN_POINT('',(-2.983083909635,1.689377442602,9.56193884985
    ));
#7529 = CARTESIAN_POINT('',(-2.769367463682,2.018639408662,
    9.547777621793));
#7530 = CARTESIAN_POINT('',(-2.519236997526,2.321166944984,
    9.533616393736));
#7531 = CARTESIAN_POINT('',(-2.236005177528,2.592953444571,
    9.519455165679));
#7532 = CARTESIAN_POINT('',(-1.923423095631,2.830399413645,
    9.505293937622));
#7533 = CARTESIAN_POINT('',(-1.585630409344,3.030360211207,
    9.491132709565));
#7534 = CARTESIAN_POINT('',(-1.346610932345,3.13691169697,9.481691890861
    ));
#7535 = CARTESIAN_POINT('',(-1.224436224499,3.183145824518,
    9.476971481508));
#7536 = ORIENTED_EDGE('',*,*,#3459,.F.);
#7537 = ORIENTED_EDGE('',*,*,#3398,.F.);
#7538 = B_SPLINE_SURFACE_WITH_KNOTS('',1,3,(
    (#7539,#7540,#7541,#7542,#7543,#7544,#7545,#7546,#7547,#7548,#7549
      ,#7550,#7551,#7552,#7553,#7554,#7555,#7556,#7557,#7558,#7559,#7560
      ,#7561,#7562,#7563,#7564,#7565,#7566,#7567)
    ,(#7568,#7569,#7570,#7571,#7572,#7573,#7574,#7575,#7576,#7577,#7578
      ,#7579,#7580,#7581,#7582,#7583,#7584,#7585,#7586,#7587,#7588,#7589
      ,#7590,#7591,#7592,#7593,#7594,#7595,#7596
  )),.UNSPECIFIED.,.F.,.F.,.F.,(2,2),(4,1,1,1,1,1,1,1,1,1,1,1,1,1,1,1,1,
    1,1,1,1,1,1,1,1,1,4),(0.,1.),(20.782123444235,20.875125377381,
    20.968127310527,21.061129243672,21.154131176818,21.247133109963,
    21.340135043109,21.433136976255,21.5261389094,21.619140842546,
    21.712142775692,21.805144708837,21.898146641983,21.991148575128,
    22.084150508274,22.17715244142,22.270154374566,22.363156307711,
    22.456158240857,22.549160174002,22.642162107148,22.735164040294,
    22.828165973439,22.921167906585,23.014169839731,23.107171772876,
    23.200173706022),.UNSPECIFIED.);
#7539 = CARTESIAN_POINT('',(-1.168540587599,-3.035440363847,
    9.74651031884));
#7540 = CARTESIAN_POINT('',(-1.262641194861,-2.999830215436,
    9.742697680517));
#7541 = CARTESIAN_POINT('',(-1.447528073347,-2.919852121801,
    9.735072403871));
#7542 = CARTESIAN_POINT('',(-1.712518896919,-2.774648287205,
    9.723634488902));
#7543 = CARTESIAN_POINT('',(-1.962879738939,-2.605462825897,
    9.712196573933));
#7544 = CARTESIAN_POINT('',(-2.196446735819,-2.413758015322,
    9.700758658964));
#7545 = CARTESIAN_POINT('',(-2.411201128414,-2.201190788271,
    9.689320743995));
#7546 = CARTESIAN_POINT('',(-2.605286769872,-1.969598389295,
    9.677882829026));
#7547 = CARTESIAN_POINT('',(-2.777026152618,-1.720982501199,
    9.666444914057));
#7548 = CARTESIAN_POINT('',(-2.924934911533,-1.457491942626,
    9.655006999088));
#7549 = CARTESIAN_POINT('',(-3.047734652366,-1.181404095978,
    9.643569084119));
#7550 = CARTESIAN_POINT('',(-3.144364001365,-0.895105223593,
    9.63213116915));
#7551 = CARTESIAN_POINT('',(-3.213987778783,-0.60106984301,9.62069325418
    ));
#7552 = CARTESIAN_POINT('',(-3.256004217466,-0.301839339389,
    9.609255339211));
#7553 = CARTESIAN_POINT('',(-3.270050163994,-5.968953572152E-14,
    9.597817424242));
#7554 = CARTESIAN_POINT('',(-3.256004217466,0.301839339389,
    9.586379509273));
#7555 = CARTESIAN_POINT('',(-3.213987778783,0.60106984301,9.574941594304
    ));
#7556 = CARTESIAN_POINT('',(-3.144364001365,0.895105223592,
    9.563503679335));
#7557 = CARTESIAN_POINT('',(-3.047734652366,1.181404095977,
    9.552065764366));
#7558 = CARTESIAN_POINT('',(-2.924934911533,1.457491942626,
    9.540627849397));
#7559 = CARTESIAN_POINT('',(-2.777026152618,1.720982501199,
    9.529189934428));
#7560 = CARTESIAN_POINT('',(-2.605286769872,1.969598389295,
    9.517752019459));
#7561 = CARTESIAN_POINT('',(-2.411201128414,2.201190788271,9.50631410449
    ));
#7562 = CARTESIAN_POINT('',(-2.196446735819,2.413758015322,
    9.494876189521));
#7563 = CARTESIAN_POINT('',(-1.962879738939,2.605462825897,
    9.483438274552));
#7564 = CARTESIAN_POINT('',(-1.712518896919,2.774648287205,
    9.472000359583));
#7565 = CARTESIAN_POINT('',(-1.447528073347,2.919852121801,
    9.460562444614));
#7566 = CARTESIAN_POINT('',(-1.262641194861,2.999830215436,
    9.452937167968));
#7567 = CARTESIAN_POINT('',(-1.168540587599,3.035440363847,
    9.449124529645));
#7568 = CARTESIAN_POINT('',(-1.224436224499,-3.183145824518,
    9.774357270703));
#7569 = CARTESIAN_POINT('',(-1.323115796221,-3.145802875345,
    9.77054463238));
#7570 = CARTESIAN_POINT('',(-1.516999327016,-3.061933023101,
    9.762919355734));
#7571 = CARTESIAN_POINT('',(-1.794884685474,-2.909663525304,
    9.751481440765));
#7572 = CARTESIAN_POINT('',(-2.057428162984,-2.73224544747,
    9.740043525796));
#7573 = CARTESIAN_POINT('',(-2.302360601691,-2.531212221916,
    9.728605610827));
#7574 = CARTESIAN_POINT('',(-2.527565009007,-2.308301408291,
    9.717167695858));
#7575 = CARTESIAN_POINT('',(-2.731094917407,-2.065439652029,
    9.705729780889));
#7576 = CARTESIAN_POINT('',(-2.91119119128,-1.804726038438,9.69429186592
    ));
#7577 = CARTESIAN_POINT('',(-3.066297235845,-1.528413948333,
    9.682853950951));
#7578 = CARTESIAN_POINT('',(-3.195072449794,-1.238891582246,
    9.671416035982));
#7579 = CARTESIAN_POINT('',(-3.296403812603,-0.938661318772,
    9.659978121013));
#7580 = CARTESIAN_POINT('',(-3.36941550442,-0.630318086235,
    9.648540206044));
#7581 = CARTESIAN_POINT('',(-3.413476475918,-0.316526934377,
    9.637102291075));
#7582 = CARTESIAN_POINT('',(-3.428205902519,-6.260405568972E-14,
    9.625664376106));
#7583 = CARTESIAN_POINT('',(-3.413476475918,0.316526934376,
    9.614226461137));
#7584 = CARTESIAN_POINT('',(-3.369415504421,0.630318086235,
    9.602788546168));
#7585 = CARTESIAN_POINT('',(-3.296403812603,0.938661318772,
    9.591350631199));
#7586 = CARTESIAN_POINT('',(-3.195072449794,1.238891582245,9.57991271623
    ));
#7587 = CARTESIAN_POINT('',(-3.066297235845,1.528413948333,
    9.568474801261));
#7588 = CARTESIAN_POINT('',(-2.91119119128,1.804726038437,9.557036886292
    ));
#7589 = CARTESIAN_POINT('',(-2.731094917407,2.065439652029,
    9.545598971322));
#7590 = CARTESIAN_POINT('',(-2.527565009008,2.30830140829,9.534161056353
    ));
#7591 = CARTESIAN_POINT('',(-2.302360601691,2.531212221916,
    9.522723141384));
#7592 = CARTESIAN_POINT('',(-2.057428162985,2.73224544747,9.511285226415
    ));
#7593 = CARTESIAN_POINT('',(-1.794884685474,2.909663525304,
    9.499847311446));
#7594 = CARTESIAN_POINT('',(-1.516999327016,3.061933023101,
    9.488409396477));
#7595 = CARTESIAN_POINT('',(-1.323115796221,3.145802875345,
    9.480784119831));
#7596 = CARTESIAN_POINT('',(-1.224436224499,3.183145824518,
    9.476971481508));
#7597 = ADVANCED_FACE('',(#7598),#7630,.T.);
#7598 = FACE_BOUND('',#7599,.T.);
#7599 = EDGE_LOOP('',(#7600,#7601,#7628,#7629));
#7600 = ORIENTED_EDGE('',*,*,#4336,.T.);
#7601 = ORIENTED_EDGE('',*,*,#7602,.T.);
#7602 = EDGE_CURVE('',#4325,#3472,#7603,.T.);
#7603 = B_SPLINE_CURVE_WITH_KNOTS('',3,(#7604,#7605,#7606,#7607,#7608,
    #7609,#7610,#7611,#7612,#7613,#7614,#7615,#7616,#7617,#7618,#7619,
    #7620,#7621,#7622,#7623,#7624,#7625,#7626,#7627),.UNSPECIFIED.,.F.,
  .F.,(4,1,1,1,1,1,1,1,1,1,1,1,1,1,1,1,1,1,1,1,1,4),(0.,
    4.761904761905E-02,9.523809523809E-02,0.142857142857,0.190476190476,
    0.238095238095,0.285714285714,0.333333333333,0.380952380952,
    0.428571428571,0.47619047619,0.52380952381,0.571428571429,
    0.619047619048,0.666666666667,0.714285714286,0.761904761905,
    0.809523809524,0.857142857143,0.904761904762,0.952380952381,1.),
  .UNSPECIFIED.);
#7604 = CARTESIAN_POINT('',(-1.224436224499,-3.183145824518,
    9.950486094249));
#7605 = CARTESIAN_POINT('',(-1.346610932345,-3.13691169697,
    9.945765684897));
#7606 = CARTESIAN_POINT('',(-1.585630409344,-3.030360211207,
    9.936324866192));
#7607 = CARTESIAN_POINT('',(-1.923423095631,-2.830399413645,
    9.922163638135));
#7608 = CARTESIAN_POINT('',(-2.236005177528,-2.592953444571,
    9.908002410079));
#7609 = CARTESIAN_POINT('',(-2.519236997526,-2.321166944984,
    9.893841182022));
#7610 = CARTESIAN_POINT('',(-2.769367463682,-2.018639408662,
    9.879679953965));
#7611 = CARTESIAN_POINT('',(-2.983083909635,-1.689377442602,
    9.865518725908));
#7612 = CARTESIAN_POINT('',(-3.157555918261,-1.337741722766,
    9.851357497851));
#7613 = CARTESIAN_POINT('',(-3.290472820132,-0.968389237286,
    9.837196269794));
#7614 = CARTESIAN_POINT('',(-3.380074292038,-0.586211611635,
    9.823035041737));
#7615 = CARTESIAN_POINT('',(-3.425173671268,-0.196270324628,
    9.80887381368));
#7616 = CARTESIAN_POINT('',(-3.425173671268,0.196270324628,
    9.794712585623));
#7617 = CARTESIAN_POINT('',(-3.380074292038,0.586211611635,
    9.780551357567));
#7618 = CARTESIAN_POINT('',(-3.290472820132,0.968389237286,9.76639012951
    ));
#7619 = CARTESIAN_POINT('',(-3.157555918261,1.337741722766,
    9.752228901453));
#7620 = CARTESIAN_POINT('',(-2.983083909635,1.689377442602,
    9.738067673396));
#7621 = CARTESIAN_POINT('',(-2.769367463682,2.018639408662,
    9.723906445339));
#7622 = CARTESIAN_POINT('',(-2.519236997526,2.321166944984,
    9.709745217282));
#7623 = CARTESIAN_POINT('',(-2.236005177528,2.592953444571,
    9.695583989225));
#7624 = CARTESIAN_POINT('',(-1.923423095631,2.830399413645,
    9.681422761168));
#7625 = CARTESIAN_POINT('',(-1.585630409344,3.030360211207,
    9.667261533111));
#7626 = CARTESIAN_POINT('',(-1.346610932345,3.13691169697,9.657820714407
    ));
#7627 = CARTESIAN_POINT('',(-1.224436224499,3.183145824518,
    9.653100305054));
#7628 = ORIENTED_EDGE('',*,*,#3471,.F.);
#7629 = ORIENTED_EDGE('',*,*,#7510,.F.);
#7630 = ( BOUNDED_SURFACE() B_SPLINE_SURFACE(3,3,(
    (#7631,#7632,#7633,#7634,#7635,#7636,#7637,#7638,#7639,#7640,#7641
      ,#7642,#7643,#7644,#7645,#7646,#7647,#7648,#7649,#7650,#7651,#7652
      ,#7653,#7654,#7655,#7656,#7657,#7658,#7659)
    ,(#7660,#7661,#7662,#7663,#7664,#7665,#7666,#7667,#7668,#7669,#7670
      ,#7671,#7672,#7673,#7674,#7675,#7676,#7677,#7678,#7679,#7680,#7681
      ,#7682,#7683,#7684,#7685,#7686,#7687,#7688)
    ,(#7689,#7690,#7691,#7692,#7693,#7694,#7695,#7696,#7697,#7698,#7699
      ,#7700,#7701,#7702,#7703,#7704,#7705,#7706,#7707,#7708,#7709,#7710
      ,#7711,#7712,#7713,#7714,#7715,#7716,#7717)
    ,(#7718,#7719,#7720,#7721,#7722,#7723,#7724,#7725,#7726,#7727,#7728
      ,#7729,#7730,#7731,#7732,#7733,#7734,#7735,#7736,#7737,#7738,#7739
      ,#7740,#7741,#7742,#7743,#7744,#7745,#7746
)),.UNSPECIFIED.,.F.,.F.,.F.) B_SPLINE_SURFACE_WITH_KNOTS((4,4),(4,1,1,1
    ,1,1,1,1,1,1,1,1,1,1,1,1,1,1,1,1,1,1,1,1,1,1,4),(0.,2.792526803191),
  (20.774093818904,20.867713414855,20.961333010805,21.054952606756,
    21.148572202707,21.242191798658,21.335811394608,21.429430990559,
    21.52305058651,21.61667018246,21.710289778411,21.803909374362,
    21.897528970313,21.991148566263,22.084768162214,22.178387758165,
    22.272007354116,22.365626950066,22.459246546017,22.552866141968,
    22.646485737918,22.740105333869,22.83372492982,22.927344525771,
    23.020964121721,23.114583717672,23.208203313623),.UNSPECIFIED.) 
GEOMETRIC_REPRESENTATION_ITEM() RATIONAL_B_SPLINE_SURFACE((
    (1.,1.,1.,1.,1.,1.,1.,1.,1.,1.,1.,1.,1.,1.,1.,1.,1.,1.,1.,1.,1.,1.
      ,1.,1.,1.,1.,1.,1.,1.)
    ,(0.449098785111,0.449098785111,0.449098785111,0.449098785111
      ,0.449098785111,0.449098785111,0.449098785111,0.449098785111
      ,0.449098785111,0.449098785111,0.449098785111,0.449098785111
      ,0.449098785111,0.449098785111,0.449098785111,0.449098785111
      ,0.449098785111,0.449098785111,0.449098785111,0.449098785111
      ,0.449098785111,0.449098785111,0.449098785111,0.449098785111
      ,0.449098785111,0.449098785111,0.449098785111,0.449098785111
      ,0.449098785111)
    ,(0.449098785111,0.449098785111,0.449098785111,0.449098785111
      ,0.449098785111,0.449098785111,0.449098785111,0.449098785111
      ,0.449098785111,0.449098785111,0.449098785111,0.449098785111
      ,0.449098785111,0.449098785111,0.449098785111,0.449098785111
      ,0.449098785111,0.449098785111,0.449098785111,0.449098785111
      ,0.449098785111,0.449098785111,0.449098785111,0.449098785111
      ,0.449098785111,0.449098785111,0.449098785111,0.449098785111
      ,0.449098785111)
    ,(1.,1.,1.,1.,1.,1.,1.,1.,1.,1.,1.,1.,1.,1.,1.,1.,1.,1.,1.,1.,1.,1.
,1.,1.,1.,1.,1.,1.,1.))) REPRESENTATION_ITEM('') SURFACE() );
#7631 = CARTESIAN_POINT('',(-1.198838198241,-3.192715480716,
    9.77534480041));
#7632 = CARTESIAN_POINT('',(-1.298471776004,-3.1559233478,9.77150684084)
  );
#7633 = CARTESIAN_POINT('',(-1.494291802941,-3.073004666348,
    9.763830921701));
#7634 = CARTESIAN_POINT('',(-1.775108462661,-2.921712521706,
    9.752317042992));
#7635 = CARTESIAN_POINT('',(-2.040552134999,-2.744831361273,
    9.740803164284));
#7636 = CARTESIAN_POINT('',(-2.288298043682,-2.54391033592,
    9.729289285575));
#7637 = CARTESIAN_POINT('',(-2.516176362519,-2.320709161988,
    9.717775406866));
#7638 = CARTESIAN_POINT('',(-2.722191283885,-2.077182685416,
    9.706261528157));
#7639 = CARTESIAN_POINT('',(-2.904538481134,-1.815463767155,
    9.694747649449));
#7640 = CARTESIAN_POINT('',(-3.061620915955,-1.537844601361,
    9.68323377074));
#7641 = CARTESIAN_POINT('',(-3.192062824345,-1.246756640301,
    9.671719892031));
#7642 = CARTESIAN_POINT('',(-3.294721766208,-0.944749299006,
    9.660206013322));
#7643 = CARTESIAN_POINT('',(-3.368698631011,-0.63446762695,
    9.648692134614));
#7644 = CARTESIAN_POINT('',(-3.413345512431,-0.318629142088,
    9.637178255905));
#7645 = CARTESIAN_POINT('',(-3.428271382851,-3.021650931092E-08,
    9.625664377196));
#7646 = CARTESIAN_POINT('',(-3.41334551808,0.31862908192,9.614150498487)
  );
#7647 = CARTESIAN_POINT('',(-3.368698642261,0.634467567573,
    9.602636619778));
#7648 = CARTESIAN_POINT('',(-3.294721782958,0.944749240941,9.59112274107
    ));
#7649 = CARTESIAN_POINT('',(-3.19206284645,1.246756584056,9.579608862361
    ));
#7650 = CARTESIAN_POINT('',(-3.061620943221,1.537844547429,
    9.568094983652));
#7651 = CARTESIAN_POINT('',(-2.904538513324,1.815463716008,
    9.556581104943));
#7652 = CARTESIAN_POINT('',(-2.722191320714,2.077182637502,
    9.545067226235));
#7653 = CARTESIAN_POINT('',(-2.516176403666,2.320709117726,
    9.533553347526));
#7654 = CARTESIAN_POINT('',(-2.288298088787,2.543910295699,
    9.522039468817));
#7655 = CARTESIAN_POINT('',(-2.040552183666,2.744831325445,
    9.510525590108));
#7656 = CARTESIAN_POINT('',(-1.775108514464,2.921712490584,9.4990117114)
  );
#7657 = CARTESIAN_POINT('',(-1.494291857427,3.073004640205,
    9.487497832691));
#7658 = CARTESIAN_POINT('',(-1.29847183196,3.155923325129,9.479821913552
    ));
#7659 = CARTESIAN_POINT('',(-1.198838254849,3.192715459812,
    9.475983953982));
#7660 = CARTESIAN_POINT('',(-1.24343557764,-3.313485768171,
    9.798045410504));
#7661 = CARTESIAN_POINT('',(-1.346837977241,-3.275301905708,
    9.794207450934));
#7662 = CARTESIAN_POINT('',(-1.550065253927,-3.189246673863,
    9.786531531795));
#7663 = CARTESIAN_POINT('',(-1.841504316088,-3.032231627851,
    9.775017653086));
#7664 = CARTESIAN_POINT('',(-2.116988879575,-2.848659614845,
    9.763503774378));
#7665 = CARTESIAN_POINT('',(-2.374106229211,-2.640138385173,
    9.751989895669));
#7666 = CARTESIAN_POINT('',(-2.610604461171,-2.408494219655,
    9.74047601696));
#7667 = CARTESIAN_POINT('',(-2.824412272766,-2.155755909848,
    9.728962138251));
#7668 = CARTESIAN_POINT('',(-3.013657085403,-1.884136996056,
    9.717448259543));
#7669 = CARTESIAN_POINT('',(-3.176681449883,-1.596016378862,
    9.705934380834));
#7670 = CARTESIAN_POINT('',(-3.31205756142,-1.293917484649,
    9.694420502125));
#7671 = CARTESIAN_POINT('',(-3.418599765037,-0.980486164725,
    9.682906623416));
#7672 = CARTESIAN_POINT('',(-3.495374939706,-0.658467522384,
    9.671392744707));
#7673 = CARTESIAN_POINT('',(-3.541710670863,-0.330681870656,
    9.659878865999));
#7674 = CARTESIAN_POINT('',(-3.557201139561,-3.135950388804E-08,
    9.64836498729));
#7675 = CARTESIAN_POINT('',(-3.541710676726,0.330681808211,
    9.636851108581));
#7676 = CARTESIAN_POINT('',(-3.495374951381,0.658467460761,
    9.625337229872));
#7677 = CARTESIAN_POINT('',(-3.418599782421,0.980486104463,
    9.613823351164));
#7678 = CARTESIAN_POINT('',(-3.312057584362,1.293917426277,
    9.602309472455));
#7679 = CARTESIAN_POINT('',(-3.176681478181,1.59601632289,9.590795593746
    ));
#7680 = CARTESIAN_POINT('',(-3.01365711881,1.884136942974,9.579281715037
    ));
#7681 = CARTESIAN_POINT('',(-2.824412310989,2.155755860122,
    9.567767836329));
#7682 = CARTESIAN_POINT('',(-2.610604503875,2.40849417372,9.55625395762)
  );
#7683 = CARTESIAN_POINT('',(-2.374106276022,2.640138343431,
    9.544740078911));
#7684 = CARTESIAN_POINT('',(-2.116988930083,2.848659577662,
    9.533226200202));
#7685 = CARTESIAN_POINT('',(-1.841504369851,3.032231595553,
    9.521712321494));
#7686 = CARTESIAN_POINT('',(-1.550065310474,3.189246646732,
    9.510198442785));
#7687 = CARTESIAN_POINT('',(-1.346838035314,3.27530188218,9.502522523646
    ));
#7688 = CARTESIAN_POINT('',(-1.24343563639,3.313485746476,9.498684564076
    ));
#7689 = CARTESIAN_POINT('',(-1.24343557764,-3.313485768171,
    9.928773013862));
#7690 = CARTESIAN_POINT('',(-1.346837977241,-3.275301905708,
    9.924935054293));
#7691 = CARTESIAN_POINT('',(-1.550065253927,-3.189246673863,
    9.917259135153));
#7692 = CARTESIAN_POINT('',(-1.841504316088,-3.032231627851,
    9.905745256445));
#7693 = CARTESIAN_POINT('',(-2.116988879575,-2.848659614845,
    9.894231377736));
#7694 = CARTESIAN_POINT('',(-2.374106229211,-2.640138385173,
    9.882717499027));
#7695 = CARTESIAN_POINT('',(-2.610604461171,-2.408494219655,
    9.871203620318));
#7696 = CARTESIAN_POINT('',(-2.824412272766,-2.155755909848,
    9.85968974161));
#7697 = CARTESIAN_POINT('',(-3.013657085403,-1.884136996056,
    9.848175862901));
#7698 = CARTESIAN_POINT('',(-3.176681449883,-1.596016378862,
    9.836661984192));
#7699 = CARTESIAN_POINT('',(-3.31205756142,-1.293917484649,
    9.825148105483));
#7700 = CARTESIAN_POINT('',(-3.418599765037,-0.980486164725,
    9.813634226775));
#7701 = CARTESIAN_POINT('',(-3.495374939706,-0.658467522384,
    9.802120348066));
#7702 = CARTESIAN_POINT('',(-3.541710670863,-0.330681870656,
    9.790606469357));
#7703 = CARTESIAN_POINT('',(-3.557201139561,-3.135950392993E-08,
    9.779092590648));
#7704 = CARTESIAN_POINT('',(-3.541710676726,0.330681808211,
    9.767578711939));
#7705 = CARTESIAN_POINT('',(-3.495374951381,0.658467460761,
    9.756064833231));
#7706 = CARTESIAN_POINT('',(-3.418599782421,0.980486104463,
    9.744550954522));
#7707 = CARTESIAN_POINT('',(-3.312057584362,1.293917426277,
    9.733037075813));
#7708 = CARTESIAN_POINT('',(-3.176681478181,1.59601632289,9.721523197104
    ));
#7709 = CARTESIAN_POINT('',(-3.01365711881,1.884136942974,9.710009318396
    ));
#7710 = CARTESIAN_POINT('',(-2.824412310989,2.155755860122,
    9.698495439687));
#7711 = CARTESIAN_POINT('',(-2.610604503875,2.40849417372,9.686981560978
    ));
#7712 = CARTESIAN_POINT('',(-2.374106276022,2.640138343431,
    9.675467682269));
#7713 = CARTESIAN_POINT('',(-2.116988930083,2.848659577662,
    9.663953803561));
#7714 = CARTESIAN_POINT('',(-1.841504369851,3.032231595553,
    9.652439924852));
#7715 = CARTESIAN_POINT('',(-1.550065310474,3.189246646732,
    9.640926046143));
#7716 = CARTESIAN_POINT('',(-1.346838035314,3.27530188218,9.633250127004
    ));
#7717 = CARTESIAN_POINT('',(-1.24343563639,3.313485746476,9.629412167434
    ));
#7718 = CARTESIAN_POINT('',(-1.198838198241,-3.192715480716,
    9.951473623956));
#7719 = CARTESIAN_POINT('',(-1.298471776004,-3.1559233478,9.947635664386
    ));
#7720 = CARTESIAN_POINT('',(-1.494291802941,-3.073004666348,
    9.939959745247));
#7721 = CARTESIAN_POINT('',(-1.775108462661,-2.921712521706,
    9.928445866539));
#7722 = CARTESIAN_POINT('',(-2.040552134999,-2.744831361273,
    9.91693198783));
#7723 = CARTESIAN_POINT('',(-2.288298043682,-2.54391033592,
    9.905418109121));
#7724 = CARTESIAN_POINT('',(-2.516176362519,-2.320709161988,
    9.893904230412));
#7725 = CARTESIAN_POINT('',(-2.722191283885,-2.077182685416,
    9.882390351704));
#7726 = CARTESIAN_POINT('',(-2.904538481134,-1.815463767155,
    9.870876472995));
#7727 = CARTESIAN_POINT('',(-3.061620915955,-1.537844601361,
    9.859362594286));
#7728 = CARTESIAN_POINT('',(-3.192062824345,-1.246756640301,
    9.847848715577));
#7729 = CARTESIAN_POINT('',(-3.294721766208,-0.944749299006,
    9.836334836868));
#7730 = CARTESIAN_POINT('',(-3.368698631011,-0.63446762695,9.82482095816
    ));
#7731 = CARTESIAN_POINT('',(-3.413345512431,-0.318629142088,
    9.813307079451));
#7732 = CARTESIAN_POINT('',(-3.428271382851,-3.021650931142E-08,
    9.801793200742));
#7733 = CARTESIAN_POINT('',(-3.41334551808,0.31862908192,9.790279322033)
  );
#7734 = CARTESIAN_POINT('',(-3.368698642261,0.634467567573,
    9.778765443325));
#7735 = CARTESIAN_POINT('',(-3.294721782958,0.944749240941,
    9.767251564616));
#7736 = CARTESIAN_POINT('',(-3.19206284645,1.246756584056,9.755737685907
    ));
#7737 = CARTESIAN_POINT('',(-3.061620943221,1.537844547429,
    9.744223807198));
#7738 = CARTESIAN_POINT('',(-2.904538513324,1.815463716008,9.73270992849
    ));
#7739 = CARTESIAN_POINT('',(-2.722191320714,2.077182637502,
    9.721196049781));
#7740 = CARTESIAN_POINT('',(-2.516176403666,2.320709117726,
    9.709682171072));
#7741 = CARTESIAN_POINT('',(-2.288298088787,2.543910295699,
    9.698168292363));
#7742 = CARTESIAN_POINT('',(-2.040552183666,2.744831325445,
    9.686654413655));
#7743 = CARTESIAN_POINT('',(-1.775108514464,2.921712490584,
    9.675140534946));
#7744 = CARTESIAN_POINT('',(-1.494291857427,3.073004640205,
    9.663626656237));
#7745 = CARTESIAN_POINT('',(-1.29847183196,3.155923325129,9.655950737098
    ));
#7746 = CARTESIAN_POINT('',(-1.198838254849,3.192715459812,
    9.652112777528));
#7747 = ADVANCED_FACE('',(#7748),#7754,.T.);
#7748 = FACE_BOUND('',#7749,.T.);
#7749 = EDGE_LOOP('',(#7750,#7751,#7752,#7753));
#7750 = ORIENTED_EDGE('',*,*,#4324,.T.);
#7751 = ORIENTED_EDGE('',*,*,#3569,.T.);
#7752 = ORIENTED_EDGE('',*,*,#3522,.F.);
#7753 = ORIENTED_EDGE('',*,*,#7602,.F.);
#7754 = B_SPLINE_SURFACE_WITH_KNOTS('',1,3,(
    (#7755,#7756,#7757,#7758,#7759,#7760,#7761,#7762,#7763,#7764,#7765
      ,#7766,#7767,#7768,#7769,#7770,#7771,#7772,#7773,#7774,#7775,#7776
      ,#7777,#7778,#7779,#7780,#7781,#7782,#7783)
    ,(#7784,#7785,#7786,#7787,#7788,#7789,#7790,#7791,#7792,#7793,#7794
      ,#7795,#7796,#7797,#7798,#7799,#7800,#7801,#7802,#7803,#7804,#7805
      ,#7806,#7807,#7808,#7809,#7810,#7811,#7812
  )),.UNSPECIFIED.,.F.,.F.,.F.,(2,2),(4,1,1,1,1,1,1,1,1,1,1,1,1,1,1,1,1,
    1,1,1,1,1,1,1,1,1,4),(0.,1.),(20.782123444235,20.875125377381,
    20.968127310527,21.061129243672,21.154131176818,21.247133109963,
    21.340135043109,21.433136976255,21.5261389094,21.619140842546,
    21.712142775692,21.805144708837,21.898146641983,21.991148575128,
    22.084150508274,22.17715244142,22.270154374566,22.363156307711,
    22.456158240857,22.549160174002,22.642162107148,22.735164040294,
    22.828165973439,22.921167906585,23.014169839731,23.107171772876,
    23.200173706022),.UNSPECIFIED.);
#7755 = CARTESIAN_POINT('',(-1.224436224499,-3.183145824518,
    9.950486094249));
#7756 = CARTESIAN_POINT('',(-1.323115796221,-3.145802875345,
    9.946673455926));
#7757 = CARTESIAN_POINT('',(-1.516999327016,-3.061933023101,
    9.93904817928));
#7758 = CARTESIAN_POINT('',(-1.794884685474,-2.909663525304,
    9.927610264311));
#7759 = CARTESIAN_POINT('',(-2.057428162984,-2.73224544747,
    9.916172349342));
#7760 = CARTESIAN_POINT('',(-2.302360601691,-2.531212221916,
    9.904734434373));
#7761 = CARTESIAN_POINT('',(-2.527565009007,-2.308301408291,
    9.893296519404));
#7762 = CARTESIAN_POINT('',(-2.731094917407,-2.065439652029,
    9.881858604435));
#7763 = CARTESIAN_POINT('',(-2.91119119128,-1.804726038438,
    9.870420689466));
#7764 = CARTESIAN_POINT('',(-3.066297235845,-1.528413948333,
    9.858982774497));
#7765 = CARTESIAN_POINT('',(-3.195072449794,-1.238891582246,
    9.847544859528));
#7766 = CARTESIAN_POINT('',(-3.296403812603,-0.938661318772,
    9.836106944559));
#7767 = CARTESIAN_POINT('',(-3.36941550442,-0.630318086235,9.82466902959
    ));
#7768 = CARTESIAN_POINT('',(-3.413476475918,-0.316526934377,
    9.813231114621));
#7769 = CARTESIAN_POINT('',(-3.428205902519,-6.265603289123E-14,
    9.801793199652));
#7770 = CARTESIAN_POINT('',(-3.413476475918,0.316526934376,
    9.790355284683));
#7771 = CARTESIAN_POINT('',(-3.369415504421,0.630318086235,
    9.778917369714));
#7772 = CARTESIAN_POINT('',(-3.296403812603,0.938661318772,
    9.767479454745));
#7773 = CARTESIAN_POINT('',(-3.195072449794,1.238891582245,
    9.756041539776));
#7774 = CARTESIAN_POINT('',(-3.066297235845,1.528413948333,
    9.744603624807));
#7775 = CARTESIAN_POINT('',(-2.91119119128,1.804726038437,9.733165709838
    ));
#7776 = CARTESIAN_POINT('',(-2.731094917407,2.065439652029,
    9.721727794869));
#7777 = CARTESIAN_POINT('',(-2.527565009008,2.30830140829,9.7102898799)
  );
#7778 = CARTESIAN_POINT('',(-2.302360601691,2.531212221916,
    9.698851964931));
#7779 = CARTESIAN_POINT('',(-2.057428162985,2.73224544747,9.687414049962
    ));
#7780 = CARTESIAN_POINT('',(-1.794884685474,2.909663525304,
    9.675976134992));
#7781 = CARTESIAN_POINT('',(-1.516999327016,3.061933023101,
    9.664538220023));
#7782 = CARTESIAN_POINT('',(-1.323115796221,3.145802875345,
    9.656912943377));
#7783 = CARTESIAN_POINT('',(-1.224436224499,3.183145824518,
    9.653100305054));
#7784 = CARTESIAN_POINT('',(-1.168540587599,-3.035440363847,
    9.978333046113));
#7785 = CARTESIAN_POINT('',(-1.262641194861,-2.999830215436,
    9.97452040779));
#7786 = CARTESIAN_POINT('',(-1.447528073347,-2.919852121801,
    9.966895131144));
#7787 = CARTESIAN_POINT('',(-1.712518896919,-2.774648287205,
    9.955457216175));
#7788 = CARTESIAN_POINT('',(-1.962879738939,-2.605462825897,
    9.944019301205));
#7789 = CARTESIAN_POINT('',(-2.196446735819,-2.413758015322,
    9.932581386236));
#7790 = CARTESIAN_POINT('',(-2.411201128414,-2.201190788271,
    9.921143471267));
#7791 = CARTESIAN_POINT('',(-2.605286769872,-1.969598389295,
    9.909705556298));
#7792 = CARTESIAN_POINT('',(-2.777026152618,-1.720982501199,
    9.898267641329));
#7793 = CARTESIAN_POINT('',(-2.924934911533,-1.457491942626,
    9.88682972636));
#7794 = CARTESIAN_POINT('',(-3.047734652366,-1.181404095978,
    9.875391811391));
#7795 = CARTESIAN_POINT('',(-3.144364001365,-0.895105223593,
    9.863953896422));
#7796 = CARTESIAN_POINT('',(-3.213987778783,-0.60106984301,
    9.852515981453));
#7797 = CARTESIAN_POINT('',(-3.256004217466,-0.301839339389,
    9.841078066484));
#7798 = CARTESIAN_POINT('',(-3.270050163994,-5.970240446799E-14,
    9.829640151515));
#7799 = CARTESIAN_POINT('',(-3.256004217466,0.301839339389,
    9.818202236546));
#7800 = CARTESIAN_POINT('',(-3.213987778783,0.60106984301,9.806764321577
    ));
#7801 = CARTESIAN_POINT('',(-3.144364001365,0.895105223592,
    9.795326406608));
#7802 = CARTESIAN_POINT('',(-3.047734652366,1.181404095977,
    9.783888491639));
#7803 = CARTESIAN_POINT('',(-2.924934911533,1.457491942626,9.77245057667
    ));
#7804 = CARTESIAN_POINT('',(-2.777026152618,1.720982501199,
    9.761012661701));
#7805 = CARTESIAN_POINT('',(-2.605286769872,1.969598389295,
    9.749574746732));
#7806 = CARTESIAN_POINT('',(-2.411201128414,2.201190788271,
    9.738136831763));
#7807 = CARTESIAN_POINT('',(-2.196446735819,2.413758015322,
    9.726698916794));
#7808 = CARTESIAN_POINT('',(-1.962879738939,2.605462825897,
    9.715261001825));
#7809 = CARTESIAN_POINT('',(-1.712518896919,2.774648287205,
    9.703823086856));
#7810 = CARTESIAN_POINT('',(-1.447528073347,2.919852121801,
    9.692385171887));
#7811 = CARTESIAN_POINT('',(-1.262641194861,2.999830215436,
    9.684759895241));
#7812 = CARTESIAN_POINT('',(-1.168540587599,3.035440363847,
    9.680947256918));
#7813 = ADVANCED_FACE('',(#7814),#7846,.T.);
#7814 = FACE_BOUND('',#7815,.T.);
#7815 = EDGE_LOOP('',(#7816,#7817,#7844,#7845));
#7816 = ORIENTED_EDGE('',*,*,#4229,.T.);
#7817 = ORIENTED_EDGE('',*,*,#7818,.T.);
#7818 = EDGE_CURVE('',#4230,#3604,#7819,.T.);
#7819 = B_SPLINE_CURVE_WITH_KNOTS('',3,(#7820,#7821,#7822,#7823,#7824,
    #7825,#7826,#7827,#7828,#7829,#7830,#7831,#7832,#7833,#7834,#7835,
    #7836,#7837,#7838,#7839,#7840,#7841,#7842,#7843),.UNSPECIFIED.,.F.,
  .F.,(4,1,1,1,1,1,1,1,1,1,1,1,1,1,1,1,1,1,1,1,1,4),(0.,
    4.761904761905E-02,9.52380952381E-02,0.142857142857,0.190476190476,
    0.238095238095,0.285714285714,0.333333333333,0.380952380952,
    0.428571428571,0.47619047619,0.52380952381,0.571428571429,
    0.619047619048,0.666666666667,0.714285714286,0.761904761905,
    0.809523809524,0.857142857143,0.904761904762,0.952380952381,1.),
  .UNSPECIFIED.);
#7820 = CARTESIAN_POINT('',(-1.224436224499,-3.183145824518,
    10.547099694946));
#7821 = CARTESIAN_POINT('',(-1.346610932345,-3.13691169697,
    10.542379285593));
#7822 = CARTESIAN_POINT('',(-1.585630409344,-3.030360211207,
    10.532938466889));
#7823 = CARTESIAN_POINT('',(-1.923423095631,-2.830399413645,
    10.518777238832));
#7824 = CARTESIAN_POINT('',(-2.236005177528,-2.592953444571,
    10.504616010775));
#7825 = CARTESIAN_POINT('',(-2.519236997526,-2.321166944984,
    10.490454782718));
#7826 = CARTESIAN_POINT('',(-2.769367463682,-2.018639408662,
    10.476293554661));
#7827 = CARTESIAN_POINT('',(-2.983083909635,-1.689377442602,
    10.462132326604));
#7828 = CARTESIAN_POINT('',(-3.157555918261,-1.337741722766,
    10.447971098547));
#7829 = CARTESIAN_POINT('',(-3.290472820132,-0.968389237286,
    10.43380987049));
#7830 = CARTESIAN_POINT('',(-3.380074292038,-0.586211611635,
    10.419648642433));
#7831 = CARTESIAN_POINT('',(-3.425173671268,-0.196270324628,
    10.405487414377));
#7832 = CARTESIAN_POINT('',(-3.425173671268,0.196270324628,
    10.39132618632));
#7833 = CARTESIAN_POINT('',(-3.380074292038,0.586211611635,
    10.377164958263));
#7834 = CARTESIAN_POINT('',(-3.290472820132,0.968389237286,
    10.363003730206));
#7835 = CARTESIAN_POINT('',(-3.157555918261,1.337741722766,
    10.348842502149));
#7836 = CARTESIAN_POINT('',(-2.983083909635,1.689377442602,
    10.334681274092));
#7837 = CARTESIAN_POINT('',(-2.769367463682,2.018639408662,
    10.320520046035));
#7838 = CARTESIAN_POINT('',(-2.519236997526,2.321166944984,
    10.306358817978));
#7839 = CARTESIAN_POINT('',(-2.236005177528,2.592953444571,
    10.292197589921));
#7840 = CARTESIAN_POINT('',(-1.923423095631,2.830399413645,
    10.278036361865));
#7841 = CARTESIAN_POINT('',(-1.585630409344,3.030360211207,
    10.263875133808));
#7842 = CARTESIAN_POINT('',(-1.346610932345,3.13691169697,
    10.254434315103));
#7843 = CARTESIAN_POINT('',(-1.224436224499,3.183145824518,
    10.249713905751));
#7844 = ORIENTED_EDGE('',*,*,#3603,.F.);
#7845 = ORIENTED_EDGE('',*,*,#3542,.F.);
#7846 = B_SPLINE_SURFACE_WITH_KNOTS('',1,3,(
    (#7847,#7848,#7849,#7850,#7851,#7852,#7853,#7854,#7855,#7856,#7857
      ,#7858,#7859,#7860,#7861,#7862,#7863,#7864,#7865,#7866,#7867,#7868
      ,#7869,#7870,#7871,#7872,#7873,#7874,#7875)
    ,(#7876,#7877,#7878,#7879,#7880,#7881,#7882,#7883,#7884,#7885,#7886
      ,#7887,#7888,#7889,#7890,#7891,#7892,#7893,#7894,#7895,#7896,#7897
      ,#7898,#7899,#7900,#7901,#7902,#7903,#7904
  )),.UNSPECIFIED.,.F.,.F.,.F.,(2,2),(4,1,1,1,1,1,1,1,1,1,1,1,1,1,1,1,1,
    1,1,1,1,1,1,1,1,1,4),(0.,1.),(14.498938137056,14.591940070201,
    14.684942003347,14.777943936493,14.870945869638,14.963947802784,
    15.056949735929,15.149951669075,15.242953602221,15.335955535366,
    15.428957468512,15.521959401658,15.614961334803,15.707963267949,
    15.800965201095,15.89396713424,15.986969067386,16.079971000532,
    16.172972933677,16.265974866823,16.358976799968,16.451978733114,
    16.54498066626,16.637982599405,16.730984532551,16.823986465697,
    16.916988398842),.UNSPECIFIED.);
#7847 = CARTESIAN_POINT('',(-1.168540587599,-3.035440363847,
    10.519252743082));
#7848 = CARTESIAN_POINT('',(-1.262641194861,-2.999830215436,
    10.515440104759));
#7849 = CARTESIAN_POINT('',(-1.447528073347,-2.919852121801,
    10.507814828113));
#7850 = CARTESIAN_POINT('',(-1.712518896919,-2.774648287205,
    10.496376913144));
#7851 = CARTESIAN_POINT('',(-1.962879738939,-2.605462825897,
    10.484938998175));
#7852 = CARTESIAN_POINT('',(-2.196446735819,-2.413758015322,
    10.473501083206));
#7853 = CARTESIAN_POINT('',(-2.411201128414,-2.201190788271,
    10.462063168237));
#7854 = CARTESIAN_POINT('',(-2.605286769872,-1.969598389295,
    10.450625253268));
#7855 = CARTESIAN_POINT('',(-2.777026152618,-1.720982501199,
    10.439187338299));
#7856 = CARTESIAN_POINT('',(-2.924934911533,-1.457491942626,
    10.42774942333));
#7857 = CARTESIAN_POINT('',(-3.047734652366,-1.181404095977,
    10.416311508361));
#7858 = CARTESIAN_POINT('',(-3.144364001365,-0.895105223593,
    10.404873593392));
#7859 = CARTESIAN_POINT('',(-3.213987778783,-0.60106984301,
    10.393435678423));
#7860 = CARTESIAN_POINT('',(-3.256004217466,-0.301839339389,
    10.381997763454));
#7861 = CARTESIAN_POINT('',(-3.270050163994,2.755627577973E-14,
    10.370559848485));
#7862 = CARTESIAN_POINT('',(-3.256004217466,0.301839339389,
    10.359121933516));
#7863 = CARTESIAN_POINT('',(-3.213987778783,0.60106984301,
    10.347684018547));
#7864 = CARTESIAN_POINT('',(-3.144364001365,0.895105223593,
    10.336246103578));
#7865 = CARTESIAN_POINT('',(-3.047734652366,1.181404095978,
    10.324808188609));
#7866 = CARTESIAN_POINT('',(-2.924934911533,1.457491942626,
    10.31337027364));
#7867 = CARTESIAN_POINT('',(-2.777026152618,1.720982501199,
    10.301932358671));
#7868 = CARTESIAN_POINT('',(-2.605286769872,1.969598389295,
    10.290494443702));
#7869 = CARTESIAN_POINT('',(-2.411201128414,2.201190788271,
    10.279056528733));
#7870 = CARTESIAN_POINT('',(-2.196446735819,2.413758015322,
    10.267618613764));
#7871 = CARTESIAN_POINT('',(-1.962879738939,2.605462825897,
    10.256180698795));
#7872 = CARTESIAN_POINT('',(-1.712518896919,2.774648287205,
    10.244742783825));
#7873 = CARTESIAN_POINT('',(-1.447528073347,2.919852121801,
    10.233304868856));
#7874 = CARTESIAN_POINT('',(-1.262641194861,2.999830215436,
    10.22567959221));
#7875 = CARTESIAN_POINT('',(-1.168540587599,3.035440363847,
    10.221866953887));
#7876 = CARTESIAN_POINT('',(-1.224436224499,-3.183145824518,
    10.547099694946));
#7877 = CARTESIAN_POINT('',(-1.323115796221,-3.145802875345,
    10.543287056623));
#7878 = CARTESIAN_POINT('',(-1.516999327016,-3.061933023101,
    10.535661779977));
#7879 = CARTESIAN_POINT('',(-1.794884685474,-2.909663525304,
    10.524223865008));
#7880 = CARTESIAN_POINT('',(-2.057428162984,-2.73224544747,
    10.512785950038));
#7881 = CARTESIAN_POINT('',(-2.302360601691,-2.531212221916,
    10.501348035069));
#7882 = CARTESIAN_POINT('',(-2.527565009007,-2.308301408291,
    10.4899101201));
#7883 = CARTESIAN_POINT('',(-2.731094917407,-2.065439652029,
    10.478472205131));
#7884 = CARTESIAN_POINT('',(-2.91119119128,-1.804726038437,
    10.467034290162));
#7885 = CARTESIAN_POINT('',(-3.066297235845,-1.528413948333,
    10.455596375193));
#7886 = CARTESIAN_POINT('',(-3.195072449794,-1.238891582246,
    10.444158460224));
#7887 = CARTESIAN_POINT('',(-3.296403812603,-0.938661318772,
    10.432720545255));
#7888 = CARTESIAN_POINT('',(-3.369415504421,-0.630318086235,
    10.421282630286));
#7889 = CARTESIAN_POINT('',(-3.413476475918,-0.316526934376,
    10.409844715317));
#7890 = CARTESIAN_POINT('',(-3.428205902519,2.887557340098E-14,
    10.398406800348));
#7891 = CARTESIAN_POINT('',(-3.413476475918,0.316526934376,
    10.386968885379));
#7892 = CARTESIAN_POINT('',(-3.369415504421,0.630318086235,
    10.37553097041));
#7893 = CARTESIAN_POINT('',(-3.296403812603,0.938661318772,
    10.364093055441));
#7894 = CARTESIAN_POINT('',(-3.195072449794,1.238891582246,
    10.352655140472));
#7895 = CARTESIAN_POINT('',(-3.066297235845,1.528413948333,
    10.341217225503));
#7896 = CARTESIAN_POINT('',(-2.91119119128,1.804726038438,
    10.329779310534));
#7897 = CARTESIAN_POINT('',(-2.731094917407,2.065439652029,
    10.318341395565));
#7898 = CARTESIAN_POINT('',(-2.527565009007,2.308301408291,
    10.306903480596));
#7899 = CARTESIAN_POINT('',(-2.302360601691,2.531212221916,
    10.295465565627));
#7900 = CARTESIAN_POINT('',(-2.057428162984,2.73224544747,
    10.284027650658));
#7901 = CARTESIAN_POINT('',(-1.794884685474,2.909663525304,
    10.272589735689));
#7902 = CARTESIAN_POINT('',(-1.516999327016,3.061933023101,
    10.26115182072));
#7903 = CARTESIAN_POINT('',(-1.323115796221,3.145802875345,
    10.253526544074));
#7904 = CARTESIAN_POINT('',(-1.224436224499,3.183145824518,
    10.249713905751));
#7905 = ADVANCED_FACE('',(#7906),#7938,.T.);
#7906 = FACE_BOUND('',#7907,.T.);
#7907 = EDGE_LOOP('',(#7908,#7909,#7936,#7937));
#7908 = ORIENTED_EDGE('',*,*,#4254,.T.);
#7909 = ORIENTED_EDGE('',*,*,#7910,.T.);
#7910 = EDGE_CURVE('',#4243,#3616,#7911,.T.);
#7911 = B_SPLINE_CURVE_WITH_KNOTS('',3,(#7912,#7913,#7914,#7915,#7916,
    #7917,#7918,#7919,#7920,#7921,#7922,#7923,#7924,#7925,#7926,#7927,
    #7928,#7929,#7930,#7931,#7932,#7933,#7934,#7935),.UNSPECIFIED.,.F.,
  .F.,(4,1,1,1,1,1,1,1,1,1,1,1,1,1,1,1,1,1,1,1,1,4),(0.,
    4.761904761905E-02,9.52380952381E-02,0.142857142857,0.190476190476,
    0.238095238095,0.285714285714,0.333333333333,0.380952380952,
    0.428571428571,0.47619047619,0.52380952381,0.571428571429,
    0.619047619048,0.666666666667,0.714285714286,0.761904761905,
    0.809523809524,0.857142857143,0.904761904762,0.952380952381,1.),
  .UNSPECIFIED.);
#7912 = CARTESIAN_POINT('',(-1.224436224499,-3.183145824518,
    10.723228518492));
#7913 = CARTESIAN_POINT('',(-1.346610932345,-3.13691169697,
    10.718508109139));
#7914 = CARTESIAN_POINT('',(-1.585630409344,-3.030360211207,
    10.709067290435));
#7915 = CARTESIAN_POINT('',(-1.923423095631,-2.830399413645,
    10.694906062378));
#7916 = CARTESIAN_POINT('',(-2.236005177528,-2.592953444571,
    10.680744834321));
#7917 = CARTESIAN_POINT('',(-2.519236997526,-2.321166944984,
    10.666583606264));
#7918 = CARTESIAN_POINT('',(-2.769367463682,-2.018639408662,
    10.652422378207));
#7919 = CARTESIAN_POINT('',(-2.983083909635,-1.689377442602,
    10.63826115015));
#7920 = CARTESIAN_POINT('',(-3.157555918261,-1.337741722766,
    10.624099922093));
#7921 = CARTESIAN_POINT('',(-3.290472820132,-0.968389237286,
    10.609938694037));
#7922 = CARTESIAN_POINT('',(-3.380074292038,-0.586211611635,
    10.59577746598));
#7923 = CARTESIAN_POINT('',(-3.425173671268,-0.196270324628,
    10.581616237923));
#7924 = CARTESIAN_POINT('',(-3.425173671268,0.196270324628,
    10.567455009866));
#7925 = CARTESIAN_POINT('',(-3.380074292038,0.586211611635,
    10.553293781809));
#7926 = CARTESIAN_POINT('',(-3.290472820132,0.968389237286,
    10.539132553752));
#7927 = CARTESIAN_POINT('',(-3.157555918261,1.337741722766,
    10.524971325695));
#7928 = CARTESIAN_POINT('',(-2.983083909635,1.689377442602,
    10.510810097638));
#7929 = CARTESIAN_POINT('',(-2.769367463682,2.018639408662,
    10.496648869581));
#7930 = CARTESIAN_POINT('',(-2.519236997526,2.321166944984,
    10.482487641524));
#7931 = CARTESIAN_POINT('',(-2.236005177528,2.592953444571,
    10.468326413468));
#7932 = CARTESIAN_POINT('',(-1.923423095631,2.830399413645,
    10.454165185411));
#7933 = CARTESIAN_POINT('',(-1.585630409344,3.030360211207,
    10.440003957354));
#7934 = CARTESIAN_POINT('',(-1.346610932345,3.13691169697,
    10.430563138649));
#7935 = CARTESIAN_POINT('',(-1.224436224499,3.183145824518,
    10.425842729297));
#7936 = ORIENTED_EDGE('',*,*,#3615,.F.);
#7937 = ORIENTED_EDGE('',*,*,#7818,.F.);
#7938 = ( BOUNDED_SURFACE() B_SPLINE_SURFACE(3,3,(
    (#7939,#7940,#7941,#7942,#7943,#7944,#7945,#7946,#7947,#7948,#7949
      ,#7950,#7951,#7952,#7953,#7954,#7955,#7956,#7957,#7958,#7959,#7960
      ,#7961,#7962,#7963,#7964,#7965,#7966,#7967)
    ,(#7968,#7969,#7970,#7971,#7972,#7973,#7974,#7975,#7976,#7977,#7978
      ,#7979,#7980,#7981,#7982,#7983,#7984,#7985,#7986,#7987,#7988,#7989
      ,#7990,#7991,#7992,#7993,#7994,#7995,#7996)
    ,(#7997,#7998,#7999,#8000,#8001,#8002,#8003,#8004,#8005,#8006,#8007
      ,#8008,#8009,#8010,#8011,#8012,#8013,#8014,#8015,#8016,#8017,#8018
      ,#8019,#8020,#8021,#8022,#8023,#8024,#8025)
    ,(#8026,#8027,#8028,#8029,#8030,#8031,#8032,#8033,#8034,#8035,#8036
      ,#8037,#8038,#8039,#8040,#8041,#8042,#8043,#8044,#8045,#8046,#8047
      ,#8048,#8049,#8050,#8051,#8052,#8053,#8054
)),.UNSPECIFIED.,.F.,.F.,.F.) B_SPLINE_SURFACE_WITH_KNOTS((4,4),(4,1,1,1
    ,1,1,1,1,1,1,1,1,1,1,1,1,1,1,1,1,1,1,1,1,1,1,4),(0.,2.792526803191),
  (14.490908511724,14.584528107675,14.678147703626,14.771767299576,
    14.865386895527,14.959006491478,15.052626087429,15.146245683379,
    15.23986527933,15.333484875281,15.427104471231,15.520724067182,
    15.614343663133,15.707963259084,15.801582855034,15.895202450985,
    15.988822046936,16.082441642887,16.176061238837,16.269680834788,
    16.363300430739,16.456920026689,16.55053962264,16.644159218591,
    16.737778814542,16.831398410492,16.925018006443),.UNSPECIFIED.) 
GEOMETRIC_REPRESENTATION_ITEM() RATIONAL_B_SPLINE_SURFACE((
    (1.,1.,1.,1.,1.,1.,1.,1.,1.,1.,1.,1.,1.,1.,1.,1.,1.,1.,1.,1.,1.,1.
      ,1.,1.,1.,1.,1.,1.,1.)
    ,(0.449098785111,0.449098785111,0.449098785111,0.449098785111
      ,0.449098785111,0.449098785111,0.449098785111,0.449098785111
      ,0.449098785111,0.449098785111,0.449098785111,0.449098785111
      ,0.449098785111,0.449098785111,0.449098785111,0.449098785111
      ,0.449098785111,0.449098785111,0.449098785111,0.449098785111
      ,0.449098785111,0.449098785111,0.449098785111,0.449098785111
      ,0.449098785111,0.449098785111,0.449098785111,0.449098785111
      ,0.449098785111)
    ,(0.449098785111,0.449098785111,0.449098785111,0.449098785111
      ,0.449098785111,0.449098785111,0.449098785111,0.449098785111
      ,0.449098785111,0.449098785111,0.449098785111,0.449098785111
      ,0.449098785111,0.449098785111,0.449098785111,0.449098785111
      ,0.449098785111,0.449098785111,0.449098785111,0.449098785111
      ,0.449098785111,0.449098785111,0.449098785111,0.449098785111
      ,0.449098785111,0.449098785111,0.449098785111,0.449098785111
      ,0.449098785111)
    ,(1.,1.,1.,1.,1.,1.,1.,1.,1.,1.,1.,1.,1.,1.,1.,1.,1.,1.,1.,1.,1.,1.
,1.,1.,1.,1.,1.,1.,1.))) REPRESENTATION_ITEM('') SURFACE() );
#7939 = CARTESIAN_POINT('',(-1.198838198241,-3.192715480716,
    10.548087224652));
#7940 = CARTESIAN_POINT('',(-1.298471776004,-3.1559233478,
    10.544249265083));
#7941 = CARTESIAN_POINT('',(-1.494291802941,-3.073004666348,
    10.536573345944));
#7942 = CARTESIAN_POINT('',(-1.775108462661,-2.921712521706,
    10.525059467235));
#7943 = CARTESIAN_POINT('',(-2.040552134999,-2.744831361273,
    10.513545588526));
#7944 = CARTESIAN_POINT('',(-2.288298043682,-2.54391033592,
    10.502031709817));
#7945 = CARTESIAN_POINT('',(-2.516176362519,-2.320709161988,
    10.490517831109));
#7946 = CARTESIAN_POINT('',(-2.722191283885,-2.077182685416,
    10.4790039524));
#7947 = CARTESIAN_POINT('',(-2.904538481134,-1.815463767155,
    10.467490073691));
#7948 = CARTESIAN_POINT('',(-3.061620915955,-1.537844601361,
    10.455976194982));
#7949 = CARTESIAN_POINT('',(-3.192062824345,-1.246756640301,
    10.444462316274));
#7950 = CARTESIAN_POINT('',(-3.294721766208,-0.944749299006,
    10.432948437565));
#7951 = CARTESIAN_POINT('',(-3.368698631011,-0.63446762695,
    10.421434558856));
#7952 = CARTESIAN_POINT('',(-3.413345512431,-0.318629142088,
    10.409920680147));
#7953 = CARTESIAN_POINT('',(-3.428271382851,-3.021652069118E-08,
    10.398406801438));
#7954 = CARTESIAN_POINT('',(-3.41334551808,0.31862908192,10.38689292273)
  );
#7955 = CARTESIAN_POINT('',(-3.368698642261,0.634467567573,
    10.375379044021));
#7956 = CARTESIAN_POINT('',(-3.294721782958,0.944749240941,
    10.363865165312));
#7957 = CARTESIAN_POINT('',(-3.19206284645,1.246756584056,
    10.352351286603));
#7958 = CARTESIAN_POINT('',(-3.061620943221,1.537844547429,
    10.340837407895));
#7959 = CARTESIAN_POINT('',(-2.904538513324,1.815463716008,
    10.329323529186));
#7960 = CARTESIAN_POINT('',(-2.722191320714,2.077182637502,
    10.317809650477));
#7961 = CARTESIAN_POINT('',(-2.516176403666,2.320709117726,
    10.306295771768));
#7962 = CARTESIAN_POINT('',(-2.288298088787,2.543910295699,
    10.29478189306));
#7963 = CARTESIAN_POINT('',(-2.040552183666,2.744831325445,
    10.283268014351));
#7964 = CARTESIAN_POINT('',(-1.775108514464,2.921712490584,
    10.271754135642));
#7965 = CARTESIAN_POINT('',(-1.494291857427,3.073004640205,
    10.260240256933));
#7966 = CARTESIAN_POINT('',(-1.29847183196,3.155923325129,
    10.252564337794));
#7967 = CARTESIAN_POINT('',(-1.198838254849,3.192715459812,
    10.248726378225));
#7968 = CARTESIAN_POINT('',(-1.24343557764,-3.313485768171,
    10.570787834746));
#7969 = CARTESIAN_POINT('',(-1.346837977241,-3.275301905708,
    10.566949875177));
#7970 = CARTESIAN_POINT('',(-1.550065253927,-3.189246673863,
    10.559273956038));
#7971 = CARTESIAN_POINT('',(-1.841504316088,-3.032231627851,
    10.547760077329));
#7972 = CARTESIAN_POINT('',(-2.116988879575,-2.848659614845,
    10.53624619862));
#7973 = CARTESIAN_POINT('',(-2.374106229211,-2.640138385173,
    10.524732319911));
#7974 = CARTESIAN_POINT('',(-2.610604461171,-2.408494219655,
    10.513218441202));
#7975 = CARTESIAN_POINT('',(-2.824412272766,-2.155755909848,
    10.501704562494));
#7976 = CARTESIAN_POINT('',(-3.013657085403,-1.884136996056,
    10.490190683785));
#7977 = CARTESIAN_POINT('',(-3.176681449883,-1.596016378862,
    10.478676805076));
#7978 = CARTESIAN_POINT('',(-3.31205756142,-1.293917484649,
    10.467162926367));
#7979 = CARTESIAN_POINT('',(-3.418599765037,-0.980486164725,
    10.455649047659));
#7980 = CARTESIAN_POINT('',(-3.495374939706,-0.658467522384,
    10.44413516895));
#7981 = CARTESIAN_POINT('',(-3.541710670863,-0.330681870656,
    10.432621290241));
#7982 = CARTESIAN_POINT('',(-3.557201139561,-3.135951573157E-08,
    10.421107411532));
#7983 = CARTESIAN_POINT('',(-3.541710676726,0.330681808211,
    10.409593532824));
#7984 = CARTESIAN_POINT('',(-3.495374951381,0.658467460761,
    10.398079654115));
#7985 = CARTESIAN_POINT('',(-3.418599782421,0.980486104463,
    10.386565775406));
#7986 = CARTESIAN_POINT('',(-3.312057584362,1.293917426277,
    10.375051896697));
#7987 = CARTESIAN_POINT('',(-3.176681478181,1.59601632289,
    10.363538017989));
#7988 = CARTESIAN_POINT('',(-3.01365711881,1.884136942974,10.35202413928
    ));
#7989 = CARTESIAN_POINT('',(-2.824412310989,2.155755860122,
    10.340510260571));
#7990 = CARTESIAN_POINT('',(-2.610604503875,2.40849417372,
    10.328996381862));
#7991 = CARTESIAN_POINT('',(-2.374106276022,2.640138343431,
    10.317482503153));
#7992 = CARTESIAN_POINT('',(-2.116988930083,2.848659577662,
    10.305968624445));
#7993 = CARTESIAN_POINT('',(-1.841504369851,3.032231595553,
    10.294454745736));
#7994 = CARTESIAN_POINT('',(-1.550065310474,3.189246646732,
    10.282940867027));
#7995 = CARTESIAN_POINT('',(-1.346838035314,3.27530188218,
    10.275264947888));
#7996 = CARTESIAN_POINT('',(-1.24343563639,3.313485746476,
    10.271426988318));
#7997 = CARTESIAN_POINT('',(-1.24343557764,-3.313485768171,
    10.701515438105));
#7998 = CARTESIAN_POINT('',(-1.346837977241,-3.275301905708,
    10.697677478535));
#7999 = CARTESIAN_POINT('',(-1.550065253927,-3.189246673863,
    10.690001559396));
#8000 = CARTESIAN_POINT('',(-1.841504316088,-3.032231627851,
    10.678487680687));
#8001 = CARTESIAN_POINT('',(-2.116988879575,-2.848659614845,
    10.666973801978));
#8002 = CARTESIAN_POINT('',(-2.374106229211,-2.640138385173,
    10.65545992327));
#8003 = CARTESIAN_POINT('',(-2.610604461171,-2.408494219655,
    10.643946044561));
#8004 = CARTESIAN_POINT('',(-2.824412272766,-2.155755909848,
    10.632432165852));
#8005 = CARTESIAN_POINT('',(-3.013657085403,-1.884136996056,
    10.620918287143));
#8006 = CARTESIAN_POINT('',(-3.176681449883,-1.596016378862,
    10.609404408434));
#8007 = CARTESIAN_POINT('',(-3.31205756142,-1.293917484649,
    10.597890529726));
#8008 = CARTESIAN_POINT('',(-3.418599765037,-0.980486164725,
    10.586376651017));
#8009 = CARTESIAN_POINT('',(-3.495374939706,-0.658467522384,
    10.574862772308));
#8010 = CARTESIAN_POINT('',(-3.541710670863,-0.330681870656,
    10.563348893599));
#8011 = CARTESIAN_POINT('',(-3.557201139561,-3.135951570912E-08,
    10.551835014891));
#8012 = CARTESIAN_POINT('',(-3.541710676726,0.330681808211,
    10.540321136182));
#8013 = CARTESIAN_POINT('',(-3.495374951381,0.658467460761,
    10.528807257473));
#8014 = CARTESIAN_POINT('',(-3.418599782421,0.980486104463,
    10.517293378764));
#8015 = CARTESIAN_POINT('',(-3.312057584362,1.293917426277,
    10.505779500056));
#8016 = CARTESIAN_POINT('',(-3.176681478181,1.59601632289,
    10.494265621347));
#8017 = CARTESIAN_POINT('',(-3.01365711881,1.884136942974,
    10.482751742638));
#8018 = CARTESIAN_POINT('',(-2.824412310989,2.155755860122,
    10.471237863929));
#8019 = CARTESIAN_POINT('',(-2.610604503875,2.40849417372,
    10.459723985221));
#8020 = CARTESIAN_POINT('',(-2.374106276022,2.640138343431,
    10.448210106512));
#8021 = CARTESIAN_POINT('',(-2.116988930083,2.848659577662,
    10.436696227803));
#8022 = CARTESIAN_POINT('',(-1.841504369851,3.032231595553,
    10.425182349094));
#8023 = CARTESIAN_POINT('',(-1.550065310474,3.189246646732,
    10.413668470385));
#8024 = CARTESIAN_POINT('',(-1.346838035314,3.27530188218,
    10.405992551246));
#8025 = CARTESIAN_POINT('',(-1.24343563639,3.313485746476,
    10.402154591677));
#8026 = CARTESIAN_POINT('',(-1.198838198241,-3.192715480716,
    10.724216048199));
#8027 = CARTESIAN_POINT('',(-1.298471776004,-3.1559233478,
    10.720378088629));
#8028 = CARTESIAN_POINT('',(-1.494291802941,-3.073004666348,
    10.71270216949));
#8029 = CARTESIAN_POINT('',(-1.775108462661,-2.921712521706,
    10.701188290781));
#8030 = CARTESIAN_POINT('',(-2.040552134999,-2.744831361273,
    10.689674412072));
#8031 = CARTESIAN_POINT('',(-2.288298043682,-2.54391033592,
    10.678160533363));
#8032 = CARTESIAN_POINT('',(-2.516176362519,-2.320709161988,
    10.666646654655));
#8033 = CARTESIAN_POINT('',(-2.722191283885,-2.077182685416,
    10.655132775946));
#8034 = CARTESIAN_POINT('',(-2.904538481134,-1.815463767155,
    10.643618897237));
#8035 = CARTESIAN_POINT('',(-3.061620915955,-1.537844601361,
    10.632105018528));
#8036 = CARTESIAN_POINT('',(-3.192062824345,-1.246756640301,
    10.62059113982));
#8037 = CARTESIAN_POINT('',(-3.294721766208,-0.944749299006,
    10.609077261111));
#8038 = CARTESIAN_POINT('',(-3.368698631011,-0.63446762695,
    10.597563382402));
#8039 = CARTESIAN_POINT('',(-3.413345512431,-0.318629142088,
    10.586049503693));
#8040 = CARTESIAN_POINT('',(-3.428271382851,-3.021652069168E-08,
    10.574535624985));
#8041 = CARTESIAN_POINT('',(-3.41334551808,0.31862908192,10.563021746276
    ));
#8042 = CARTESIAN_POINT('',(-3.368698642261,0.634467567573,
    10.551507867567));
#8043 = CARTESIAN_POINT('',(-3.294721782958,0.944749240941,
    10.539993988858));
#8044 = CARTESIAN_POINT('',(-3.19206284645,1.246756584056,10.52848011015
    ));
#8045 = CARTESIAN_POINT('',(-3.061620943221,1.537844547429,
    10.516966231441));
#8046 = CARTESIAN_POINT('',(-2.904538513324,1.815463716008,
    10.505452352732));
#8047 = CARTESIAN_POINT('',(-2.722191320714,2.077182637502,
    10.493938474023));
#8048 = CARTESIAN_POINT('',(-2.516176403666,2.320709117726,
    10.482424595314));
#8049 = CARTESIAN_POINT('',(-2.288298088787,2.543910295699,
    10.470910716606));
#8050 = CARTESIAN_POINT('',(-2.040552183666,2.744831325445,
    10.459396837897));
#8051 = CARTESIAN_POINT('',(-1.775108514464,2.921712490584,
    10.447882959188));
#8052 = CARTESIAN_POINT('',(-1.494291857427,3.073004640205,
    10.436369080479));
#8053 = CARTESIAN_POINT('',(-1.29847183196,3.155923325129,10.42869316134
    ));
#8054 = CARTESIAN_POINT('',(-1.198838254849,3.192715459812,
    10.424855201771));
#8055 = ADVANCED_FACE('',(#8056),#8062,.T.);
#8056 = FACE_BOUND('',#8057,.T.);
#8057 = EDGE_LOOP('',(#8058,#8059,#8060,#8061));
#8058 = ORIENTED_EDGE('',*,*,#4242,.T.);
#8059 = ORIENTED_EDGE('',*,*,#3713,.T.);
#8060 = ORIENTED_EDGE('',*,*,#3666,.F.);
#8061 = ORIENTED_EDGE('',*,*,#7910,.F.);
#8062 = B_SPLINE_SURFACE_WITH_KNOTS('',1,3,(
    (#8063,#8064,#8065,#8066,#8067,#8068,#8069,#8070,#8071,#8072,#8073
      ,#8074,#8075,#8076,#8077,#8078,#8079,#8080,#8081,#8082,#8083,#8084
      ,#8085,#8086,#8087,#8088,#8089,#8090,#8091)
    ,(#8092,#8093,#8094,#8095,#8096,#8097,#8098,#8099,#8100,#8101,#8102
      ,#8103,#8104,#8105,#8106,#8107,#8108,#8109,#8110,#8111,#8112,#8113
      ,#8114,#8115,#8116,#8117,#8118,#8119,#8120
  )),.UNSPECIFIED.,.F.,.F.,.F.,(2,2),(4,1,1,1,1,1,1,1,1,1,1,1,1,1,1,1,1,
    1,1,1,1,1,1,1,1,1,4),(0.,1.),(14.498938137056,14.591940070201,
    14.684942003347,14.777943936493,14.870945869638,14.963947802784,
    15.056949735929,15.149951669075,15.242953602221,15.335955535366,
    15.428957468512,15.521959401658,15.614961334803,15.707963267949,
    15.800965201095,15.89396713424,15.986969067386,16.079971000532,
    16.172972933677,16.265974866823,16.358976799968,16.451978733114,
    16.54498066626,16.637982599405,16.730984532551,16.823986465697,
    16.916988398842),.UNSPECIFIED.);
#8063 = CARTESIAN_POINT('',(-1.224436224499,-3.183145824518,
    10.723228518492));
#8064 = CARTESIAN_POINT('',(-1.323115796221,-3.145802875345,
    10.719415880169));
#8065 = CARTESIAN_POINT('',(-1.516999327016,-3.061933023101,
    10.711790603523));
#8066 = CARTESIAN_POINT('',(-1.794884685474,-2.909663525304,
    10.700352688554));
#8067 = CARTESIAN_POINT('',(-2.057428162984,-2.73224544747,
    10.688914773585));
#8068 = CARTESIAN_POINT('',(-2.302360601691,-2.531212221916,
    10.677476858616));
#8069 = CARTESIAN_POINT('',(-2.527565009007,-2.308301408291,
    10.666038943647));
#8070 = CARTESIAN_POINT('',(-2.731094917407,-2.065439652029,
    10.654601028677));
#8071 = CARTESIAN_POINT('',(-2.91119119128,-1.804726038437,
    10.643163113708));
#8072 = CARTESIAN_POINT('',(-3.066297235845,-1.528413948333,
    10.631725198739));
#8073 = CARTESIAN_POINT('',(-3.195072449794,-1.238891582246,
    10.62028728377));
#8074 = CARTESIAN_POINT('',(-3.296403812603,-0.938661318772,
    10.608849368801));
#8075 = CARTESIAN_POINT('',(-3.369415504421,-0.630318086235,
    10.597411453832));
#8076 = CARTESIAN_POINT('',(-3.413476475918,-0.316526934376,
    10.585973538863));
#8077 = CARTESIAN_POINT('',(-3.428205902519,2.887507118535E-14,
    10.574535623894));
#8078 = CARTESIAN_POINT('',(-3.413476475918,0.316526934376,
    10.563097708925));
#8079 = CARTESIAN_POINT('',(-3.369415504421,0.630318086235,
    10.551659793956));
#8080 = CARTESIAN_POINT('',(-3.296403812603,0.938661318772,
    10.540221878987));
#8081 = CARTESIAN_POINT('',(-3.195072449794,1.238891582246,
    10.528783964018));
#8082 = CARTESIAN_POINT('',(-3.066297235845,1.528413948333,
    10.517346049049));
#8083 = CARTESIAN_POINT('',(-2.91119119128,1.804726038438,10.50590813408
    ));
#8084 = CARTESIAN_POINT('',(-2.731094917407,2.065439652029,
    10.494470219111));
#8085 = CARTESIAN_POINT('',(-2.527565009007,2.308301408291,
    10.483032304142));
#8086 = CARTESIAN_POINT('',(-2.302360601691,2.531212221916,
    10.471594389173));
#8087 = CARTESIAN_POINT('',(-2.057428162984,2.73224544747,
    10.460156474204));
#8088 = CARTESIAN_POINT('',(-1.794884685474,2.909663525304,
    10.448718559235));
#8089 = CARTESIAN_POINT('',(-1.516999327016,3.061933023101,
    10.437280644266));
#8090 = CARTESIAN_POINT('',(-1.323115796221,3.145802875345,
    10.42965536762));
#8091 = CARTESIAN_POINT('',(-1.224436224499,3.183145824518,
    10.425842729297));
#8092 = CARTESIAN_POINT('',(-1.168540587599,-3.035440363847,
    10.751075470355));
#8093 = CARTESIAN_POINT('',(-1.262641194861,-2.999830215436,
    10.747262832032));
#8094 = CARTESIAN_POINT('',(-1.447528073347,-2.919852121801,
    10.739637555386));
#8095 = CARTESIAN_POINT('',(-1.712518896919,-2.774648287205,
    10.728199640417));
#8096 = CARTESIAN_POINT('',(-1.962879738939,-2.605462825897,
    10.716761725448));
#8097 = CARTESIAN_POINT('',(-2.196446735819,-2.413758015322,
    10.705323810479));
#8098 = CARTESIAN_POINT('',(-2.411201128414,-2.201190788271,
    10.69388589551));
#8099 = CARTESIAN_POINT('',(-2.605286769872,-1.969598389295,
    10.682447980541));
#8100 = CARTESIAN_POINT('',(-2.777026152618,-1.720982501199,
    10.671010065572));
#8101 = CARTESIAN_POINT('',(-2.924934911533,-1.457491942626,
    10.659572150603));
#8102 = CARTESIAN_POINT('',(-3.047734652366,-1.181404095977,
    10.648134235634));
#8103 = CARTESIAN_POINT('',(-3.144364001365,-0.895105223593,
    10.636696320665));
#8104 = CARTESIAN_POINT('',(-3.213987778783,-0.60106984301,
    10.625258405696));
#8105 = CARTESIAN_POINT('',(-3.256004217466,-0.301839339389,
    10.613820490727));
#8106 = CARTESIAN_POINT('',(-3.270050163994,2.758201327268E-14,
    10.602382575758));
#8107 = CARTESIAN_POINT('',(-3.256004217466,0.301839339389,
    10.590944660789));
#8108 = CARTESIAN_POINT('',(-3.213987778783,0.60106984301,10.57950674582
    ));
#8109 = CARTESIAN_POINT('',(-3.144364001365,0.895105223593,
    10.56806883085));
#8110 = CARTESIAN_POINT('',(-3.047734652366,1.181404095978,
    10.556630915881));
#8111 = CARTESIAN_POINT('',(-2.924934911533,1.457491942626,
    10.545193000912));
#8112 = CARTESIAN_POINT('',(-2.777026152618,1.720982501199,
    10.533755085943));
#8113 = CARTESIAN_POINT('',(-2.605286769872,1.969598389295,
    10.522317170974));
#8114 = CARTESIAN_POINT('',(-2.411201128414,2.201190788271,
    10.510879256005));
#8115 = CARTESIAN_POINT('',(-2.196446735819,2.413758015322,
    10.499441341036));
#8116 = CARTESIAN_POINT('',(-1.962879738939,2.605462825897,
    10.488003426067));
#8117 = CARTESIAN_POINT('',(-1.712518896919,2.774648287205,
    10.476565511098));
#8118 = CARTESIAN_POINT('',(-1.447528073347,2.919852121801,
    10.465127596129));
#8119 = CARTESIAN_POINT('',(-1.262641194861,2.999830215436,
    10.457502319483));
#8120 = CARTESIAN_POINT('',(-1.168540587599,3.035440363847,
    10.45368968116));
#8121 = ADVANCED_FACE('',(#8122),#8154,.T.);
#8122 = FACE_BOUND('',#8123,.T.);
#8123 = EDGE_LOOP('',(#8124,#8125,#8152,#8153));
#8124 = ORIENTED_EDGE('',*,*,#4147,.T.);
#8125 = ORIENTED_EDGE('',*,*,#8126,.T.);
#8126 = EDGE_CURVE('',#4148,#3748,#8127,.T.);
#8127 = B_SPLINE_CURVE_WITH_KNOTS('',3,(#8128,#8129,#8130,#8131,#8132,
    #8133,#8134,#8135,#8136,#8137,#8138,#8139,#8140,#8141,#8142,#8143,
    #8144,#8145,#8146,#8147,#8148,#8149,#8150,#8151),.UNSPECIFIED.,.F.,
  .F.,(4,1,1,1,1,1,1,1,1,1,1,1,1,1,1,1,1,1,1,1,1,4),(0.,
    4.761904761905E-02,9.52380952381E-02,0.142857142857,0.190476190476,
    0.238095238095,0.285714285714,0.333333333333,0.380952380952,
    0.428571428571,0.47619047619,0.52380952381,0.571428571429,
    0.619047619048,0.666666666667,0.714285714286,0.761904761905,
    0.809523809524,0.857142857143,0.904761904762,0.952380952381,1.),
  .UNSPECIFIED.);
#8128 = CARTESIAN_POINT('',(-1.224436224499,-3.183145824518,
    11.319842119188));
#8129 = CARTESIAN_POINT('',(-1.346610932345,-3.13691169697,
    11.315121709836));
#8130 = CARTESIAN_POINT('',(-1.585630409344,-3.030360211207,
    11.305680891131));
#8131 = CARTESIAN_POINT('',(-1.923423095631,-2.830399413645,
    11.291519663074));
#8132 = CARTESIAN_POINT('',(-2.236005177528,-2.592953444571,
    11.277358435017));
#8133 = CARTESIAN_POINT('',(-2.519236997526,-2.321166944984,
    11.26319720696));
#8134 = CARTESIAN_POINT('',(-2.769367463682,-2.018639408662,
    11.249035978904));
#8135 = CARTESIAN_POINT('',(-2.983083909635,-1.689377442602,
    11.234874750847));
#8136 = CARTESIAN_POINT('',(-3.157555918261,-1.337741722766,
    11.22071352279));
#8137 = CARTESIAN_POINT('',(-3.290472820132,-0.968389237286,
    11.206552294733));
#8138 = CARTESIAN_POINT('',(-3.380074292038,-0.586211611635,
    11.192391066676));
#8139 = CARTESIAN_POINT('',(-3.425173671268,-0.196270324628,
    11.178229838619));
#8140 = CARTESIAN_POINT('',(-3.425173671268,0.196270324628,
    11.164068610562));
#8141 = CARTESIAN_POINT('',(-3.380074292038,0.586211611635,
    11.149907382505));
#8142 = CARTESIAN_POINT('',(-3.290472820132,0.968389237286,
    11.135746154448));
#8143 = CARTESIAN_POINT('',(-3.157555918261,1.337741722766,
    11.121584926391));
#8144 = CARTESIAN_POINT('',(-2.983083909635,1.689377442602,
    11.107423698335));
#8145 = CARTESIAN_POINT('',(-2.769367463682,2.018639408662,
    11.093262470278));
#8146 = CARTESIAN_POINT('',(-2.519236997526,2.321166944984,
    11.079101242221));
#8147 = CARTESIAN_POINT('',(-2.236005177528,2.592953444571,
    11.064940014164));
#8148 = CARTESIAN_POINT('',(-1.923423095631,2.830399413645,
    11.050778786107));
#8149 = CARTESIAN_POINT('',(-1.585630409344,3.030360211207,
    11.03661755805));
#8150 = CARTESIAN_POINT('',(-1.346610932345,3.13691169697,
    11.027176739345));
#8151 = CARTESIAN_POINT('',(-1.224436224499,3.183145824518,
    11.022456329993));
#8152 = ORIENTED_EDGE('',*,*,#3747,.F.);
#8153 = ORIENTED_EDGE('',*,*,#3686,.F.);
#8154 = B_SPLINE_SURFACE_WITH_KNOTS('',1,3,(
    (#8155,#8156,#8157,#8158,#8159,#8160,#8161,#8162,#8163,#8164,#8165
      ,#8166,#8167,#8168,#8169,#8170,#8171,#8172,#8173,#8174,#8175,#8176
      ,#8177,#8178,#8179,#8180,#8181,#8182,#8183)
    ,(#8184,#8185,#8186,#8187,#8188,#8189,#8190,#8191,#8192,#8193,#8194
      ,#8195,#8196,#8197,#8198,#8199,#8200,#8201,#8202,#8203,#8204,#8205
      ,#8206,#8207,#8208,#8209,#8210,#8211,#8212
  )),.UNSPECIFIED.,.F.,.F.,.F.,(2,2),(4,1,1,1,1,1,1,1,1,1,1,1,1,1,1,1,1,
    1,1,1,1,1,1,1,1,1,4),(0.,1.),(8.215752829876,8.308754763022,
    8.401756696167,8.494758629313,8.587760562459,8.680762495604,
    8.77376442875,8.866766361896,8.959768295041,9.052770228187,
    9.145772161332,9.238774094478,9.331776027624,9.424777960769,
    9.517779893915,9.610781827061,9.703783760206,9.796785693352,
    9.889787626498,9.982789559643,10.075791492789,10.168793425935,
    10.26179535908,10.354797292226,10.447799225372,10.540801158517,
    10.633803091663),.UNSPECIFIED.);
#8155 = CARTESIAN_POINT('',(-1.168540587599,-3.035440363847,
    11.291995167325));
#8156 = CARTESIAN_POINT('',(-1.262641194861,-2.999830215436,
    11.288182529002));
#8157 = CARTESIAN_POINT('',(-1.447528073347,-2.919852121801,
    11.280557252356));
#8158 = CARTESIAN_POINT('',(-1.712518896919,-2.774648287205,
    11.269119337387));
#8159 = CARTESIAN_POINT('',(-1.962879738939,-2.605462825897,
    11.257681422418));
#8160 = CARTESIAN_POINT('',(-2.196446735819,-2.413758015322,
    11.246243507449));
#8161 = CARTESIAN_POINT('',(-2.411201128414,-2.201190788271,
    11.23480559248));
#8162 = CARTESIAN_POINT('',(-2.605286769872,-1.969598389295,
    11.22336767751));
#8163 = CARTESIAN_POINT('',(-2.777026152618,-1.720982501199,
    11.211929762541));
#8164 = CARTESIAN_POINT('',(-2.924934911533,-1.457491942626,
    11.200491847572));
#8165 = CARTESIAN_POINT('',(-3.047734652366,-1.181404095977,
    11.189053932603));
#8166 = CARTESIAN_POINT('',(-3.144364001365,-0.895105223593,
    11.177616017634));
#8167 = CARTESIAN_POINT('',(-3.213987778783,-0.60106984301,
    11.166178102665));
#8168 = CARTESIAN_POINT('',(-3.256004217466,-0.301839339389,
    11.154740187696));
#8169 = CARTESIAN_POINT('',(-3.270050163994,2.820829226767E-14,
    11.143302272727));
#8170 = CARTESIAN_POINT('',(-3.256004217466,0.301839339389,
    11.131864357758));
#8171 = CARTESIAN_POINT('',(-3.213987778783,0.60106984301,
    11.120426442789));
#8172 = CARTESIAN_POINT('',(-3.144364001365,0.895105223593,
    11.10898852782));
#8173 = CARTESIAN_POINT('',(-3.047734652366,1.181404095978,
    11.097550612851));
#8174 = CARTESIAN_POINT('',(-2.924934911533,1.457491942626,
    11.086112697882));
#8175 = CARTESIAN_POINT('',(-2.777026152618,1.720982501199,
    11.074674782913));
#8176 = CARTESIAN_POINT('',(-2.605286769872,1.969598389295,
    11.063236867944));
#8177 = CARTESIAN_POINT('',(-2.411201128414,2.201190788271,
    11.051798952975));
#8178 = CARTESIAN_POINT('',(-2.196446735819,2.413758015322,
    11.040361038006));
#8179 = CARTESIAN_POINT('',(-1.962879738939,2.605462825897,
    11.028923123037));
#8180 = CARTESIAN_POINT('',(-1.712518896919,2.774648287205,
    11.017485208068));
#8181 = CARTESIAN_POINT('',(-1.447528073347,2.919852121801,
    11.006047293099));
#8182 = CARTESIAN_POINT('',(-1.262641194861,2.999830215436,
    10.998422016453));
#8183 = CARTESIAN_POINT('',(-1.168540587599,3.035440363847,
    10.99460937813));
#8184 = CARTESIAN_POINT('',(-1.224436224499,-3.183145824518,
    11.319842119188));
#8185 = CARTESIAN_POINT('',(-1.323115796221,-3.145802875345,
    11.316029480865));
#8186 = CARTESIAN_POINT('',(-1.516999327016,-3.061933023101,
    11.308404204219));
#8187 = CARTESIAN_POINT('',(-1.794884685474,-2.909663525304,
    11.29696628925));
#8188 = CARTESIAN_POINT('',(-2.057428162984,-2.73224544747,
    11.285528374281));
#8189 = CARTESIAN_POINT('',(-2.302360601691,-2.531212221916,
    11.274090459312));
#8190 = CARTESIAN_POINT('',(-2.527565009007,-2.308301408291,
    11.262652544343));
#8191 = CARTESIAN_POINT('',(-2.731094917407,-2.065439652029,
    11.251214629374));
#8192 = CARTESIAN_POINT('',(-2.91119119128,-1.804726038437,
    11.239776714405));
#8193 = CARTESIAN_POINT('',(-3.066297235845,-1.528413948333,
    11.228338799436));
#8194 = CARTESIAN_POINT('',(-3.195072449794,-1.238891582246,
    11.216900884467));
#8195 = CARTESIAN_POINT('',(-3.296403812603,-0.938661318772,
    11.205462969498));
#8196 = CARTESIAN_POINT('',(-3.369415504421,-0.630318086235,
    11.194025054529));
#8197 = CARTESIAN_POINT('',(-3.413476475918,-0.316526934376,
    11.18258713956));
#8198 = CARTESIAN_POINT('',(-3.428205902519,2.964340860717E-14,
    11.171149224591));
#8199 = CARTESIAN_POINT('',(-3.413476475918,0.316526934376,
    11.159711309622));
#8200 = CARTESIAN_POINT('',(-3.369415504421,0.630318086235,
    11.148273394653));
#8201 = CARTESIAN_POINT('',(-3.296403812603,0.938661318772,
    11.136835479683));
#8202 = CARTESIAN_POINT('',(-3.195072449794,1.238891582246,
    11.125397564714));
#8203 = CARTESIAN_POINT('',(-3.066297235845,1.528413948333,
    11.113959649745));
#8204 = CARTESIAN_POINT('',(-2.91119119128,1.804726038438,
    11.102521734776));
#8205 = CARTESIAN_POINT('',(-2.731094917407,2.065439652029,
    11.091083819807));
#8206 = CARTESIAN_POINT('',(-2.527565009007,2.308301408291,
    11.079645904838));
#8207 = CARTESIAN_POINT('',(-2.302360601691,2.531212221916,
    11.068207989869));
#8208 = CARTESIAN_POINT('',(-2.057428162984,2.73224544747,11.0567700749)
  );
#8209 = CARTESIAN_POINT('',(-1.794884685474,2.909663525304,
    11.045332159931));
#8210 = CARTESIAN_POINT('',(-1.516999327016,3.061933023101,
    11.033894244962));
#8211 = CARTESIAN_POINT('',(-1.323115796221,3.145802875345,
    11.026268968316));
#8212 = CARTESIAN_POINT('',(-1.224436224499,3.183145824518,
    11.022456329993));
#8213 = ADVANCED_FACE('',(#8214),#8246,.T.);
#8214 = FACE_BOUND('',#8215,.T.);
#8215 = EDGE_LOOP('',(#8216,#8217,#8244,#8245));
#8216 = ORIENTED_EDGE('',*,*,#4172,.T.);
#8217 = ORIENTED_EDGE('',*,*,#8218,.T.);
#8218 = EDGE_CURVE('',#4161,#3760,#8219,.T.);
#8219 = B_SPLINE_CURVE_WITH_KNOTS('',3,(#8220,#8221,#8222,#8223,#8224,
    #8225,#8226,#8227,#8228,#8229,#8230,#8231,#8232,#8233,#8234,#8235,
    #8236,#8237,#8238,#8239,#8240,#8241,#8242,#8243),.UNSPECIFIED.,.F.,
  .F.,(4,1,1,1,1,1,1,1,1,1,1,1,1,1,1,1,1,1,1,1,1,4),(0.,
    4.761904761905E-02,9.52380952381E-02,0.142857142857,0.190476190476,
    0.238095238095,0.285714285714,0.333333333333,0.380952380952,
    0.428571428571,0.47619047619,0.52380952381,0.571428571429,
    0.619047619048,0.666666666667,0.714285714286,0.761904761905,
    0.809523809524,0.857142857143,0.904761904762,0.952380952381,1.),
  .UNSPECIFIED.);
#8220 = CARTESIAN_POINT('',(-1.224436224499,-3.183145824518,
    11.495970942734));
#8221 = CARTESIAN_POINT('',(-1.346610932345,-3.13691169697,
    11.491250533382));
#8222 = CARTESIAN_POINT('',(-1.585630409344,-3.030360211207,
    11.481809714677));
#8223 = CARTESIAN_POINT('',(-1.923423095631,-2.830399413645,
    11.46764848662));
#8224 = CARTESIAN_POINT('',(-2.236005177528,-2.592953444571,
    11.453487258563));
#8225 = CARTESIAN_POINT('',(-2.519236997526,-2.321166944984,
    11.439326030507));
#8226 = CARTESIAN_POINT('',(-2.769367463682,-2.018639408662,
    11.42516480245));
#8227 = CARTESIAN_POINT('',(-2.983083909635,-1.689377442602,
    11.411003574393));
#8228 = CARTESIAN_POINT('',(-3.157555918261,-1.337741722766,
    11.396842346336));
#8229 = CARTESIAN_POINT('',(-3.290472820132,-0.968389237286,
    11.382681118279));
#8230 = CARTESIAN_POINT('',(-3.380074292038,-0.586211611635,
    11.368519890222));
#8231 = CARTESIAN_POINT('',(-3.425173671268,-0.196270324628,
    11.354358662165));
#8232 = CARTESIAN_POINT('',(-3.425173671268,0.196270324628,
    11.340197434108));
#8233 = CARTESIAN_POINT('',(-3.380074292038,0.586211611635,
    11.326036206051));
#8234 = CARTESIAN_POINT('',(-3.290472820132,0.968389237286,
    11.311874977994));
#8235 = CARTESIAN_POINT('',(-3.157555918261,1.337741722766,
    11.297713749938));
#8236 = CARTESIAN_POINT('',(-2.983083909635,1.689377442602,
    11.283552521881));
#8237 = CARTESIAN_POINT('',(-2.769367463682,2.018639408662,
    11.269391293824));
#8238 = CARTESIAN_POINT('',(-2.519236997526,2.321166944984,
    11.255230065767));
#8239 = CARTESIAN_POINT('',(-2.236005177528,2.592953444571,
    11.24106883771));
#8240 = CARTESIAN_POINT('',(-1.923423095631,2.830399413645,
    11.226907609653));
#8241 = CARTESIAN_POINT('',(-1.585630409344,3.030360211207,
    11.212746381596));
#8242 = CARTESIAN_POINT('',(-1.346610932345,3.13691169697,
    11.203305562892));
#8243 = CARTESIAN_POINT('',(-1.224436224499,3.183145824518,
    11.198585153539));
#8244 = ORIENTED_EDGE('',*,*,#3759,.F.);
#8245 = ORIENTED_EDGE('',*,*,#8126,.F.);
#8246 = ( BOUNDED_SURFACE() B_SPLINE_SURFACE(3,3,(
    (#8247,#8248,#8249,#8250,#8251,#8252,#8253,#8254,#8255,#8256,#8257
      ,#8258,#8259,#8260,#8261,#8262,#8263,#8264,#8265,#8266,#8267,#8268
      ,#8269,#8270,#8271,#8272,#8273,#8274,#8275)
    ,(#8276,#8277,#8278,#8279,#8280,#8281,#8282,#8283,#8284,#8285,#8286
      ,#8287,#8288,#8289,#8290,#8291,#8292,#8293,#8294,#8295,#8296,#8297
      ,#8298,#8299,#8300,#8301,#8302,#8303,#8304)
    ,(#8305,#8306,#8307,#8308,#8309,#8310,#8311,#8312,#8313,#8314,#8315
      ,#8316,#8317,#8318,#8319,#8320,#8321,#8322,#8323,#8324,#8325,#8326
      ,#8327,#8328,#8329,#8330,#8331,#8332,#8333)
    ,(#8334,#8335,#8336,#8337,#8338,#8339,#8340,#8341,#8342,#8343,#8344
      ,#8345,#8346,#8347,#8348,#8349,#8350,#8351,#8352,#8353,#8354,#8355
      ,#8356,#8357,#8358,#8359,#8360,#8361,#8362
)),.UNSPECIFIED.,.F.,.F.,.F.) B_SPLINE_SURFACE_WITH_KNOTS((4,4),(4,1,1,1
    ,1,1,1,1,1,1,1,1,1,1,1,1,1,1,1,1,1,1,1,1,1,1,4),(0.,2.792526803191),
  (8.207723204545,8.301342800495,8.394962396446,8.488581992397,
    8.582201588348,8.675821184298,8.769440780249,8.8630603762,
    8.956679972151,9.050299568101,9.143919164052,9.237538760003,
    9.331158355953,9.424777951904,9.518397547855,9.612017143806,
    9.705636739756,9.799256335707,9.892875931658,9.986495527608,
    10.080115123559,10.17373471951,10.267354315461,10.360973911411,
    10.454593507362,10.548213103313,10.641832699263),.UNSPECIFIED.) 
GEOMETRIC_REPRESENTATION_ITEM() RATIONAL_B_SPLINE_SURFACE((
    (1.,1.,1.,1.,1.,1.,1.,1.,1.,1.,1.,1.,1.,1.,1.,1.,1.,1.,1.,1.,1.,1.
      ,1.,1.,1.,1.,1.,1.,1.)
    ,(0.449098785111,0.449098785111,0.449098785111,0.449098785111
      ,0.449098785111,0.449098785111,0.449098785111,0.449098785111
      ,0.449098785111,0.449098785111,0.449098785111,0.449098785111
      ,0.449098785111,0.449098785111,0.449098785111,0.449098785111
      ,0.449098785111,0.449098785111,0.449098785111,0.449098785111
      ,0.449098785111,0.449098785111,0.449098785111,0.449098785111
      ,0.449098785111,0.449098785111,0.449098785111,0.449098785111
      ,0.449098785111)
    ,(0.449098785111,0.449098785111,0.449098785111,0.449098785111
      ,0.449098785111,0.449098785111,0.449098785111,0.449098785111
      ,0.449098785111,0.449098785111,0.449098785111,0.449098785111
      ,0.449098785111,0.449098785111,0.449098785111,0.449098785111
      ,0.449098785111,0.449098785111,0.449098785111,0.449098785111
      ,0.449098785111,0.449098785111,0.449098785111,0.449098785111
      ,0.449098785111,0.449098785111,0.449098785111,0.449098785111
      ,0.449098785111)
    ,(1.,1.,1.,1.,1.,1.,1.,1.,1.,1.,1.,1.,1.,1.,1.,1.,1.,1.,1.,1.,1.,1.
,1.,1.,1.,1.,1.,1.,1.))) REPRESENTATION_ITEM('') SURFACE() );
#8247 = CARTESIAN_POINT('',(-1.198838198241,-3.192715480716,
    11.320829648895));
#8248 = CARTESIAN_POINT('',(-1.298471776004,-3.1559233478,
    11.316991689325));
#8249 = CARTESIAN_POINT('',(-1.494291802941,-3.073004666348,
    11.309315770186));
#8250 = CARTESIAN_POINT('',(-1.775108462661,-2.921712521706,
    11.297801891477));
#8251 = CARTESIAN_POINT('',(-2.040552134999,-2.744831361273,
    11.286288012769));
#8252 = CARTESIAN_POINT('',(-2.288298043682,-2.54391033592,
    11.27477413406));
#8253 = CARTESIAN_POINT('',(-2.516176362519,-2.320709161988,
    11.263260255351));
#8254 = CARTESIAN_POINT('',(-2.722191283885,-2.077182685416,
    11.251746376642));
#8255 = CARTESIAN_POINT('',(-2.904538481134,-1.815463767155,
    11.240232497933));
#8256 = CARTESIAN_POINT('',(-3.061620915955,-1.537844601361,
    11.228718619225));
#8257 = CARTESIAN_POINT('',(-3.192062824345,-1.246756640301,
    11.217204740516));
#8258 = CARTESIAN_POINT('',(-3.294721766208,-0.944749299006,
    11.205690861807));
#8259 = CARTESIAN_POINT('',(-3.368698631011,-0.63446762695,
    11.194176983098));
#8260 = CARTESIAN_POINT('',(-3.413345512431,-0.318629142088,
    11.18266310439));
#8261 = CARTESIAN_POINT('',(-3.428271382851,-3.021651392651E-08,
    11.171149225681));
#8262 = CARTESIAN_POINT('',(-3.41334551808,0.31862908192,11.159635346972
    ));
#8263 = CARTESIAN_POINT('',(-3.368698642261,0.634467567573,
    11.148121468263));
#8264 = CARTESIAN_POINT('',(-3.294721782958,0.944749240941,
    11.136607589555));
#8265 = CARTESIAN_POINT('',(-3.19206284645,1.246756584056,
    11.125093710846));
#8266 = CARTESIAN_POINT('',(-3.061620943221,1.537844547429,
    11.113579832137));
#8267 = CARTESIAN_POINT('',(-2.904538513324,1.815463716008,
    11.102065953428));
#8268 = CARTESIAN_POINT('',(-2.722191320714,2.077182637502,
    11.09055207472));
#8269 = CARTESIAN_POINT('',(-2.516176403666,2.320709117726,
    11.079038196011));
#8270 = CARTESIAN_POINT('',(-2.288298088787,2.543910295699,
    11.067524317302));
#8271 = CARTESIAN_POINT('',(-2.040552183666,2.744831325445,
    11.056010438593));
#8272 = CARTESIAN_POINT('',(-1.775108514464,2.921712490584,
    11.044496559884));
#8273 = CARTESIAN_POINT('',(-1.494291857427,3.073004640205,
    11.032982681176));
#8274 = CARTESIAN_POINT('',(-1.29847183196,3.155923325129,
    11.025306762037));
#8275 = CARTESIAN_POINT('',(-1.198838254849,3.192715459812,
    11.021468802467));
#8276 = CARTESIAN_POINT('',(-1.24343557764,-3.313485768171,
    11.343530258989));
#8277 = CARTESIAN_POINT('',(-1.346837977241,-3.275301905708,
    11.339692299419));
#8278 = CARTESIAN_POINT('',(-1.550065253927,-3.189246673863,
    11.33201638028));
#8279 = CARTESIAN_POINT('',(-1.841504316088,-3.032231627851,
    11.320502501571));
#8280 = CARTESIAN_POINT('',(-2.116988879575,-2.848659614845,
    11.308988622862));
#8281 = CARTESIAN_POINT('',(-2.374106229211,-2.640138385173,
    11.297474744154));
#8282 = CARTESIAN_POINT('',(-2.610604461171,-2.408494219655,
    11.285960865445));
#8283 = CARTESIAN_POINT('',(-2.824412272766,-2.155755909848,
    11.274446986736));
#8284 = CARTESIAN_POINT('',(-3.013657085403,-1.884136996056,
    11.262933108027));
#8285 = CARTESIAN_POINT('',(-3.176681449883,-1.596016378862,
    11.251419229319));
#8286 = CARTESIAN_POINT('',(-3.31205756142,-1.293917484649,
    11.23990535061));
#8287 = CARTESIAN_POINT('',(-3.418599765037,-0.980486164725,
    11.228391471901));
#8288 = CARTESIAN_POINT('',(-3.495374939706,-0.658467522384,
    11.216877593192));
#8289 = CARTESIAN_POINT('',(-3.541710670863,-0.330681870656,
    11.205363714484));
#8290 = CARTESIAN_POINT('',(-3.557201139561,-3.135950869666E-08,
    11.193849835775));
#8291 = CARTESIAN_POINT('',(-3.541710676726,0.330681808211,
    11.182335957066));
#8292 = CARTESIAN_POINT('',(-3.495374951381,0.658467460761,
    11.170822078357));
#8293 = CARTESIAN_POINT('',(-3.418599782421,0.980486104463,
    11.159308199649));
#8294 = CARTESIAN_POINT('',(-3.312057584362,1.293917426277,
    11.14779432094));
#8295 = CARTESIAN_POINT('',(-3.176681478181,1.59601632289,
    11.136280442231));
#8296 = CARTESIAN_POINT('',(-3.01365711881,1.884136942974,
    11.124766563522));
#8297 = CARTESIAN_POINT('',(-2.824412310989,2.155755860122,
    11.113252684813));
#8298 = CARTESIAN_POINT('',(-2.610604503875,2.40849417372,
    11.101738806105));
#8299 = CARTESIAN_POINT('',(-2.374106276022,2.640138343431,
    11.090224927396));
#8300 = CARTESIAN_POINT('',(-2.116988930083,2.848659577662,
    11.078711048687));
#8301 = CARTESIAN_POINT('',(-1.841504369851,3.032231595553,
    11.067197169978));
#8302 = CARTESIAN_POINT('',(-1.550065310474,3.189246646732,
    11.05568329127));
#8303 = CARTESIAN_POINT('',(-1.346838035314,3.27530188218,11.04800737213
    ));
#8304 = CARTESIAN_POINT('',(-1.24343563639,3.313485746476,
    11.044169412561));
#8305 = CARTESIAN_POINT('',(-1.24343557764,-3.313485768171,
    11.474257862347));
#8306 = CARTESIAN_POINT('',(-1.346837977241,-3.275301905708,
    11.470419902777));
#8307 = CARTESIAN_POINT('',(-1.550065253927,-3.189246673863,
    11.462743983638));
#8308 = CARTESIAN_POINT('',(-1.841504316088,-3.032231627851,
    11.451230104929));
#8309 = CARTESIAN_POINT('',(-2.116988879575,-2.848659614845,
    11.439716226221));
#8310 = CARTESIAN_POINT('',(-2.374106229211,-2.640138385173,
    11.428202347512));
#8311 = CARTESIAN_POINT('',(-2.610604461171,-2.408494219655,
    11.416688468803));
#8312 = CARTESIAN_POINT('',(-2.824412272766,-2.155755909848,
    11.405174590094));
#8313 = CARTESIAN_POINT('',(-3.013657085403,-1.884136996056,
    11.393660711386));
#8314 = CARTESIAN_POINT('',(-3.176681449883,-1.596016378862,
    11.382146832677));
#8315 = CARTESIAN_POINT('',(-3.31205756142,-1.293917484649,
    11.370632953968));
#8316 = CARTESIAN_POINT('',(-3.418599765037,-0.980486164725,
    11.359119075259));
#8317 = CARTESIAN_POINT('',(-3.495374939706,-0.658467522384,
    11.347605196551));
#8318 = CARTESIAN_POINT('',(-3.541710670863,-0.330681870656,
    11.336091317842));
#8319 = CARTESIAN_POINT('',(-3.557201139561,-3.135950869995E-08,
    11.324577439133));
#8320 = CARTESIAN_POINT('',(-3.541710676726,0.330681808211,
    11.313063560424));
#8321 = CARTESIAN_POINT('',(-3.495374951381,0.658467460761,
    11.301549681716));
#8322 = CARTESIAN_POINT('',(-3.418599782421,0.980486104463,
    11.290035803007));
#8323 = CARTESIAN_POINT('',(-3.312057584362,1.293917426277,
    11.278521924298));
#8324 = CARTESIAN_POINT('',(-3.176681478181,1.59601632289,
    11.267008045589));
#8325 = CARTESIAN_POINT('',(-3.01365711881,1.884136942974,11.25549416688
    ));
#8326 = CARTESIAN_POINT('',(-2.824412310989,2.155755860122,
    11.243980288172));
#8327 = CARTESIAN_POINT('',(-2.610604503875,2.40849417372,
    11.232466409463));
#8328 = CARTESIAN_POINT('',(-2.374106276022,2.640138343431,
    11.220952530754));
#8329 = CARTESIAN_POINT('',(-2.116988930083,2.848659577662,
    11.209438652045));
#8330 = CARTESIAN_POINT('',(-1.841504369851,3.032231595553,
    11.197924773337));
#8331 = CARTESIAN_POINT('',(-1.550065310474,3.189246646732,
    11.186410894628));
#8332 = CARTESIAN_POINT('',(-1.346838035314,3.27530188218,
    11.178734975489));
#8333 = CARTESIAN_POINT('',(-1.24343563639,3.313485746476,
    11.174897015919));
#8334 = CARTESIAN_POINT('',(-1.198838198241,-3.192715480716,
    11.496958472441));
#8335 = CARTESIAN_POINT('',(-1.298471776004,-3.1559233478,
    11.493120512871));
#8336 = CARTESIAN_POINT('',(-1.494291802941,-3.073004666348,
    11.485444593732));
#8337 = CARTESIAN_POINT('',(-1.775108462661,-2.921712521706,
    11.473930715023));
#8338 = CARTESIAN_POINT('',(-2.040552134999,-2.744831361273,
    11.462416836315));
#8339 = CARTESIAN_POINT('',(-2.288298043682,-2.54391033592,
    11.450902957606));
#8340 = CARTESIAN_POINT('',(-2.516176362519,-2.320709161988,
    11.439389078897));
#8341 = CARTESIAN_POINT('',(-2.722191283885,-2.077182685416,
    11.427875200188));
#8342 = CARTESIAN_POINT('',(-2.904538481134,-1.815463767155,
    11.41636132148));
#8343 = CARTESIAN_POINT('',(-3.061620915955,-1.537844601361,
    11.404847442771));
#8344 = CARTESIAN_POINT('',(-3.192062824345,-1.246756640301,
    11.393333564062));
#8345 = CARTESIAN_POINT('',(-3.294721766208,-0.944749299006,
    11.381819685353));
#8346 = CARTESIAN_POINT('',(-3.368698631011,-0.63446762695,
    11.370305806645));
#8347 = CARTESIAN_POINT('',(-3.413345512431,-0.318629142088,
    11.358791927936));
#8348 = CARTESIAN_POINT('',(-3.428271382851,-3.021651388841E-08,
    11.347278049227));
#8349 = CARTESIAN_POINT('',(-3.41334551808,0.31862908192,11.335764170518
    ));
#8350 = CARTESIAN_POINT('',(-3.368698642261,0.634467567573,
    11.324250291809));
#8351 = CARTESIAN_POINT('',(-3.294721782958,0.944749240941,
    11.312736413101));
#8352 = CARTESIAN_POINT('',(-3.19206284645,1.246756584056,
    11.301222534392));
#8353 = CARTESIAN_POINT('',(-3.061620943221,1.537844547429,
    11.289708655683));
#8354 = CARTESIAN_POINT('',(-2.904538513324,1.815463716008,
    11.278194776974));
#8355 = CARTESIAN_POINT('',(-2.722191320714,2.077182637502,
    11.266680898266));
#8356 = CARTESIAN_POINT('',(-2.516176403666,2.320709117726,
    11.255167019557));
#8357 = CARTESIAN_POINT('',(-2.288298088787,2.543910295699,
    11.243653140848));
#8358 = CARTESIAN_POINT('',(-2.040552183666,2.744831325445,
    11.232139262139));
#8359 = CARTESIAN_POINT('',(-1.775108514464,2.921712490584,
    11.220625383431));
#8360 = CARTESIAN_POINT('',(-1.494291857427,3.073004640205,
    11.209111504722));
#8361 = CARTESIAN_POINT('',(-1.29847183196,3.155923325129,
    11.201435585583));
#8362 = CARTESIAN_POINT('',(-1.198838254849,3.192715459812,
    11.197597626013));
#8363 = ADVANCED_FACE('',(#8364),#8370,.T.);
#8364 = FACE_BOUND('',#8365,.T.);
#8365 = EDGE_LOOP('',(#8366,#8367,#8368,#8369));
#8366 = ORIENTED_EDGE('',*,*,#4160,.T.);
#8367 = ORIENTED_EDGE('',*,*,#3857,.T.);
#8368 = ORIENTED_EDGE('',*,*,#3810,.F.);
#8369 = ORIENTED_EDGE('',*,*,#8218,.F.);
#8370 = B_SPLINE_SURFACE_WITH_KNOTS('',1,3,(
    (#8371,#8372,#8373,#8374,#8375,#8376,#8377,#8378,#8379,#8380,#8381
      ,#8382,#8383,#8384,#8385,#8386,#8387,#8388,#8389,#8390,#8391,#8392
      ,#8393,#8394,#8395,#8396,#8397,#8398,#8399)
    ,(#8400,#8401,#8402,#8403,#8404,#8405,#8406,#8407,#8408,#8409,#8410
      ,#8411,#8412,#8413,#8414,#8415,#8416,#8417,#8418,#8419,#8420,#8421
      ,#8422,#8423,#8424,#8425,#8426,#8427,#8428
  )),.UNSPECIFIED.,.F.,.F.,.F.,(2,2),(4,1,1,1,1,1,1,1,1,1,1,1,1,1,1,1,1,
    1,1,1,1,1,1,1,1,1,4),(0.,1.),(8.215752829876,8.308754763022,
    8.401756696167,8.494758629313,8.587760562459,8.680762495604,
    8.77376442875,8.866766361896,8.959768295041,9.052770228187,
    9.145772161332,9.238774094478,9.331776027624,9.424777960769,
    9.517779893915,9.610781827061,9.703783760206,9.796785693352,
    9.889787626498,9.982789559643,10.075791492789,10.168793425935,
    10.26179535908,10.354797292226,10.447799225372,10.540801158517,
    10.633803091663),.UNSPECIFIED.);
#8371 = CARTESIAN_POINT('',(-1.224436224499,-3.183145824518,
    11.495970942734));
#8372 = CARTESIAN_POINT('',(-1.323115796221,-3.145802875345,
    11.492158304411));
#8373 = CARTESIAN_POINT('',(-1.516999327016,-3.061933023101,
    11.484533027765));
#8374 = CARTESIAN_POINT('',(-1.794884685474,-2.909663525304,
    11.473095112796));
#8375 = CARTESIAN_POINT('',(-2.057428162984,-2.73224544747,
    11.461657197827));
#8376 = CARTESIAN_POINT('',(-2.302360601691,-2.531212221916,
    11.450219282858));
#8377 = CARTESIAN_POINT('',(-2.527565009007,-2.308301408291,
    11.438781367889));
#8378 = CARTESIAN_POINT('',(-2.731094917407,-2.065439652029,
    11.42734345292));
#8379 = CARTESIAN_POINT('',(-2.91119119128,-1.804726038437,
    11.415905537951));
#8380 = CARTESIAN_POINT('',(-3.066297235845,-1.528413948333,
    11.404467622982));
#8381 = CARTESIAN_POINT('',(-3.195072449794,-1.238891582246,
    11.393029708013));
#8382 = CARTESIAN_POINT('',(-3.296403812603,-0.938661318772,
    11.381591793044));
#8383 = CARTESIAN_POINT('',(-3.369415504421,-0.630318086235,
    11.370153878075));
#8384 = CARTESIAN_POINT('',(-3.413476475918,-0.316526934376,
    11.358715963106));
#8385 = CARTESIAN_POINT('',(-3.428205902519,2.96171688986E-14,
    11.347278048137));
#8386 = CARTESIAN_POINT('',(-3.413476475918,0.316526934376,
    11.335840133168));
#8387 = CARTESIAN_POINT('',(-3.369415504421,0.630318086235,
    11.324402218199));
#8388 = CARTESIAN_POINT('',(-3.296403812603,0.938661318772,
    11.31296430323));
#8389 = CARTESIAN_POINT('',(-3.195072449794,1.238891582246,
    11.301526388261));
#8390 = CARTESIAN_POINT('',(-3.066297235845,1.528413948333,
    11.290088473292));
#8391 = CARTESIAN_POINT('',(-2.91119119128,1.804726038438,
    11.278650558323));
#8392 = CARTESIAN_POINT('',(-2.731094917407,2.065439652029,
    11.267212643353));
#8393 = CARTESIAN_POINT('',(-2.527565009007,2.308301408291,
    11.255774728384));
#8394 = CARTESIAN_POINT('',(-2.302360601691,2.531212221916,
    11.244336813415));
#8395 = CARTESIAN_POINT('',(-2.057428162984,2.73224544747,
    11.232898898446));
#8396 = CARTESIAN_POINT('',(-1.794884685474,2.909663525304,
    11.221460983477));
#8397 = CARTESIAN_POINT('',(-1.516999327016,3.061933023101,
    11.210023068508));
#8398 = CARTESIAN_POINT('',(-1.323115796221,3.145802875345,
    11.202397791862));
#8399 = CARTESIAN_POINT('',(-1.224436224499,3.183145824518,
    11.198585153539));
#8400 = CARTESIAN_POINT('',(-1.168540587599,-3.035440363847,
    11.523817894597));
#8401 = CARTESIAN_POINT('',(-1.262641194861,-2.999830215436,
    11.520005256274));
#8402 = CARTESIAN_POINT('',(-1.447528073347,-2.919852121801,
    11.512379979628));
#8403 = CARTESIAN_POINT('',(-1.712518896919,-2.774648287205,
    11.500942064659));
#8404 = CARTESIAN_POINT('',(-1.962879738939,-2.605462825897,
    11.48950414969));
#8405 = CARTESIAN_POINT('',(-2.196446735819,-2.413758015322,
    11.478066234721));
#8406 = CARTESIAN_POINT('',(-2.411201128414,-2.201190788271,
    11.466628319752));
#8407 = CARTESIAN_POINT('',(-2.605286769872,-1.969598389295,
    11.455190404783));
#8408 = CARTESIAN_POINT('',(-2.777026152618,-1.720982501199,
    11.443752489814));
#8409 = CARTESIAN_POINT('',(-2.924934911533,-1.457491942626,
    11.432314574845));
#8410 = CARTESIAN_POINT('',(-3.047734652366,-1.181404095977,
    11.420876659876));
#8411 = CARTESIAN_POINT('',(-3.144364001365,-0.895105223593,
    11.409438744907));
#8412 = CARTESIAN_POINT('',(-3.213987778783,-0.60106984301,
    11.398000829938));
#8413 = CARTESIAN_POINT('',(-3.256004217466,-0.301839339389,
    11.386562914969));
#8414 = CARTESIAN_POINT('',(-3.270050163994,2.824689850709E-14,11.375125
    ));
#8415 = CARTESIAN_POINT('',(-3.256004217466,0.301839339389,
    11.363687085031));
#8416 = CARTESIAN_POINT('',(-3.213987778783,0.60106984301,
    11.352249170062));
#8417 = CARTESIAN_POINT('',(-3.144364001365,0.895105223593,
    11.340811255093));
#8418 = CARTESIAN_POINT('',(-3.047734652366,1.181404095978,
    11.329373340124));
#8419 = CARTESIAN_POINT('',(-2.924934911533,1.457491942626,
    11.317935425155));
#8420 = CARTESIAN_POINT('',(-2.777026152618,1.720982501199,
    11.306497510186));
#8421 = CARTESIAN_POINT('',(-2.605286769872,1.969598389295,
    11.295059595217));
#8422 = CARTESIAN_POINT('',(-2.411201128414,2.201190788271,
    11.283621680248));
#8423 = CARTESIAN_POINT('',(-2.196446735819,2.413758015322,
    11.272183765279));
#8424 = CARTESIAN_POINT('',(-1.962879738939,2.605462825897,
    11.26074585031));
#8425 = CARTESIAN_POINT('',(-1.712518896919,2.774648287205,
    11.249307935341));
#8426 = CARTESIAN_POINT('',(-1.447528073347,2.919852121801,
    11.237870020372));
#8427 = CARTESIAN_POINT('',(-1.262641194861,2.999830215436,
    11.230244743726));
#8428 = CARTESIAN_POINT('',(-1.168540587599,3.035440363847,
    11.226432105403));
#8429 = ADVANCED_FACE('',(#8430),#8462,.T.);
#8430 = FACE_BOUND('',#8431,.T.);
#8431 = EDGE_LOOP('',(#8432,#8433,#8460,#8461));
#8432 = ORIENTED_EDGE('',*,*,#4076,.T.);
#8433 = ORIENTED_EDGE('',*,*,#8434,.T.);
#8434 = EDGE_CURVE('',#4077,#3892,#8435,.T.);
#8435 = B_SPLINE_CURVE_WITH_KNOTS('',3,(#8436,#8437,#8438,#8439,#8440,
    #8441,#8442,#8443,#8444,#8445,#8446,#8447,#8448,#8449,#8450,#8451,
    #8452,#8453,#8454,#8455,#8456,#8457,#8458,#8459),.UNSPECIFIED.,.F.,
  .F.,(4,1,1,1,1,1,1,1,1,1,1,1,1,1,1,1,1,1,1,1,1,4),(0.,
    4.761904761905E-02,9.52380952381E-02,0.142857142857,0.190476190476,
    0.238095238095,0.285714285714,0.333333333333,0.380952380952,
    0.428571428571,0.47619047619,0.52380952381,0.571428571429,
    0.619047619048,0.666666666667,0.714285714286,0.761904761905,
    0.809523809524,0.857142857143,0.904761904762,0.952380952381,1.),
  .UNSPECIFIED.);
#8436 = CARTESIAN_POINT('',(-1.224436224499,-3.183145824518,
    12.09258454343));
#8437 = CARTESIAN_POINT('',(-1.346610932345,-3.13691169697,
    12.087864134078));
#8438 = CARTESIAN_POINT('',(-1.585630409344,-3.030360211207,
    12.078423315374));
#8439 = CARTESIAN_POINT('',(-1.923423095631,-2.830399413645,
    12.064262087317));
#8440 = CARTESIAN_POINT('',(-2.236005177528,-2.592953444571,
    12.05010085926));
#8441 = CARTESIAN_POINT('',(-2.519236997526,-2.321166944984,
    12.035939631203));
#8442 = CARTESIAN_POINT('',(-2.769367463682,-2.018639408662,
    12.021778403146));
#8443 = CARTESIAN_POINT('',(-2.983083909635,-1.689377442602,
    12.007617175089));
#8444 = CARTESIAN_POINT('',(-3.157555918261,-1.337741722766,
    11.993455947032));
#8445 = CARTESIAN_POINT('',(-3.290472820132,-0.968389237286,
    11.979294718975));
#8446 = CARTESIAN_POINT('',(-3.380074292038,-0.586211611635,
    11.965133490918));
#8447 = CARTESIAN_POINT('',(-3.425173671268,-0.196270324628,
    11.950972262861));
#8448 = CARTESIAN_POINT('',(-3.425173671268,0.196270324628,
    11.936811034805));
#8449 = CARTESIAN_POINT('',(-3.380074292038,0.586211611635,
    11.922649806748));
#8450 = CARTESIAN_POINT('',(-3.290472820132,0.968389237286,
    11.908488578691));
#8451 = CARTESIAN_POINT('',(-3.157555918261,1.337741722766,
    11.894327350634));
#8452 = CARTESIAN_POINT('',(-2.983083909635,1.689377442602,
    11.880166122577));
#8453 = CARTESIAN_POINT('',(-2.769367463682,2.018639408662,
    11.86600489452));
#8454 = CARTESIAN_POINT('',(-2.519236997526,2.321166944984,
    11.851843666463));
#8455 = CARTESIAN_POINT('',(-2.236005177528,2.592953444571,
    11.837682438406));
#8456 = CARTESIAN_POINT('',(-1.923423095631,2.830399413645,
    11.823521210349));
#8457 = CARTESIAN_POINT('',(-1.585630409344,3.030360211207,
    11.809359982292));
#8458 = CARTESIAN_POINT('',(-1.346610932345,3.13691169697,
    11.799919163588));
#8459 = CARTESIAN_POINT('',(-1.224436224499,3.183145824518,
    11.795198754236));
#8460 = ORIENTED_EDGE('',*,*,#3891,.F.);
#8461 = ORIENTED_EDGE('',*,*,#3830,.F.);
#8462 = B_SPLINE_SURFACE_WITH_KNOTS('',1,3,(
    (#8463,#8464,#8465,#8466,#8467,#8468,#8469,#8470,#8471,#8472,#8473
      ,#8474,#8475,#8476,#8477,#8478,#8479,#8480,#8481,#8482,#8483,#8484
      ,#8485,#8486,#8487,#8488,#8489,#8490,#8491)
    ,(#8492,#8493,#8494,#8495,#8496,#8497,#8498,#8499,#8500,#8501,#8502
      ,#8503,#8504,#8505,#8506,#8507,#8508,#8509,#8510,#8511,#8512,#8513
      ,#8514,#8515,#8516,#8517,#8518,#8519,#8520
  )),.UNSPECIFIED.,.F.,.F.,.F.,(2,2),(4,1,1,1,1,1,1,1,1,1,1,1,1,1,1,1,1,
    1,1,1,1,1,1,1,1,1,4),(0.,1.),(1.932567522696,2.025569455842,
    2.118571388988,2.211573322133,2.304575255279,2.397577188425,
    2.49057912157,2.583581054716,2.676582987862,2.769584921007,
    2.862586854153,2.955588787298,3.048590720444,3.14159265359,
    3.234594586735,3.327596519881,3.420598453027,3.513600386172,
    3.606602319318,3.699604252464,3.792606185609,3.885608118755,
    3.978610051901,4.071611985046,4.164613918192,4.257615851338,
    4.350617784483),.UNSPECIFIED.);
#8463 = CARTESIAN_POINT('',(-1.168540587599,-3.035440363847,
    12.064737591567));
#8464 = CARTESIAN_POINT('',(-1.262641194861,-2.999830215436,
    12.060924953244));
#8465 = CARTESIAN_POINT('',(-1.447528073347,-2.919852121801,
    12.053299676598));
#8466 = CARTESIAN_POINT('',(-1.712518896919,-2.774648287205,
    12.041861761629));
#8467 = CARTESIAN_POINT('',(-1.962879738939,-2.605462825897,
    12.03042384666));
#8468 = CARTESIAN_POINT('',(-2.196446735819,-2.413758015322,
    12.018985931691));
#8469 = CARTESIAN_POINT('',(-2.411201128414,-2.201190788271,
    12.007548016722));
#8470 = CARTESIAN_POINT('',(-2.605286769872,-1.969598389295,
    11.996110101753));
#8471 = CARTESIAN_POINT('',(-2.777026152618,-1.720982501199,
    11.984672186784));
#8472 = CARTESIAN_POINT('',(-2.924934911533,-1.457491942626,
    11.973234271815));
#8473 = CARTESIAN_POINT('',(-3.047734652366,-1.181404095977,
    11.961796356846));
#8474 = CARTESIAN_POINT('',(-3.144364001365,-0.895105223593,
    11.950358441877));
#8475 = CARTESIAN_POINT('',(-3.213987778783,-0.60106984301,
    11.938920526908));
#8476 = CARTESIAN_POINT('',(-3.256004217466,-0.301839339389,
    11.927482611939));
#8477 = CARTESIAN_POINT('',(-3.270050163994,-8.574874732829E-15,
    11.91604469697));
#8478 = CARTESIAN_POINT('',(-3.256004217466,0.301839339389,
    11.904606782001));
#8479 = CARTESIAN_POINT('',(-3.213987778783,0.60106984301,
    11.893168867032));
#8480 = CARTESIAN_POINT('',(-3.144364001365,0.895105223593,
    11.881730952063));
#8481 = CARTESIAN_POINT('',(-3.047734652366,1.181404095977,
    11.870293037094));
#8482 = CARTESIAN_POINT('',(-2.924934911533,1.457491942626,
    11.858855122125));
#8483 = CARTESIAN_POINT('',(-2.777026152618,1.720982501199,
    11.847417207155));
#8484 = CARTESIAN_POINT('',(-2.605286769872,1.969598389295,
    11.835979292186));
#8485 = CARTESIAN_POINT('',(-2.411201128414,2.201190788271,
    11.824541377217));
#8486 = CARTESIAN_POINT('',(-2.196446735819,2.413758015322,
    11.813103462248));
#8487 = CARTESIAN_POINT('',(-1.962879738939,2.605462825897,
    11.801665547279));
#8488 = CARTESIAN_POINT('',(-1.712518896919,2.774648287205,
    11.79022763231));
#8489 = CARTESIAN_POINT('',(-1.447528073347,2.919852121801,
    11.778789717341));
#8490 = CARTESIAN_POINT('',(-1.262641194861,2.999830215436,
    11.771164440695));
#8491 = CARTESIAN_POINT('',(-1.168540587599,3.035440363847,
    11.767351802372));
#8492 = CARTESIAN_POINT('',(-1.224436224499,-3.183145824518,
    12.09258454343));
#8493 = CARTESIAN_POINT('',(-1.323115796221,-3.145802875345,
    12.088771905107));
#8494 = CARTESIAN_POINT('',(-1.516999327016,-3.061933023101,
    12.081146628461));
#8495 = CARTESIAN_POINT('',(-1.794884685474,-2.909663525304,
    12.069708713492));
#8496 = CARTESIAN_POINT('',(-2.057428162984,-2.73224544747,
    12.058270798523));
#8497 = CARTESIAN_POINT('',(-2.302360601691,-2.531212221916,
    12.046832883554));
#8498 = CARTESIAN_POINT('',(-2.527565009007,-2.308301408291,
    12.035394968585));
#8499 = CARTESIAN_POINT('',(-2.731094917407,-2.065439652029,
    12.023957053616));
#8500 = CARTESIAN_POINT('',(-2.91119119128,-1.804726038437,
    12.012519138647));
#8501 = CARTESIAN_POINT('',(-3.066297235845,-1.528413948333,
    12.001081223678));
#8502 = CARTESIAN_POINT('',(-3.195072449794,-1.238891582246,
    11.989643308709));
#8503 = CARTESIAN_POINT('',(-3.296403812603,-0.938661318772,
    11.97820539374));
#8504 = CARTESIAN_POINT('',(-3.369415504421,-0.630318086235,
    11.966767478771));
#8505 = CARTESIAN_POINT('',(-3.413476475918,-0.316526934376,
    11.955329563802));
#8506 = CARTESIAN_POINT('',(-3.428205902519,-9.018595378318E-15,
    11.943891648833));
#8507 = CARTESIAN_POINT('',(-3.413476475918,0.316526934376,
    11.932453733864));
#8508 = CARTESIAN_POINT('',(-3.369415504421,0.630318086235,
    11.921015818895));
#8509 = CARTESIAN_POINT('',(-3.296403812603,0.938661318772,
    11.909577903926));
#8510 = CARTESIAN_POINT('',(-3.195072449794,1.238891582246,
    11.898139988957));
#8511 = CARTESIAN_POINT('',(-3.066297235845,1.528413948333,
    11.886702073988));
#8512 = CARTESIAN_POINT('',(-2.91119119128,1.804726038437,
    11.875264159019));
#8513 = CARTESIAN_POINT('',(-2.731094917407,2.065439652029,
    11.86382624405));
#8514 = CARTESIAN_POINT('',(-2.527565009007,2.308301408291,
    11.852388329081));
#8515 = CARTESIAN_POINT('',(-2.302360601691,2.531212221916,
    11.840950414112));
#8516 = CARTESIAN_POINT('',(-2.057428162984,2.73224544747,
    11.829512499143));
#8517 = CARTESIAN_POINT('',(-1.794884685474,2.909663525304,
    11.818074584174));
#8518 = CARTESIAN_POINT('',(-1.516999327016,3.061933023101,
    11.806636669205));
#8519 = CARTESIAN_POINT('',(-1.323115796221,3.145802875345,
    11.799011392559));
#8520 = CARTESIAN_POINT('',(-1.224436224499,3.183145824518,
    11.795198754236));
#8521 = ADVANCED_FACE('',(#8522),#8528,.T.);
#8522 = FACE_BOUND('',#8523,.T.);
#8523 = EDGE_LOOP('',(#8524,#8525,#8526,#8527));
#8524 = ORIENTED_EDGE('',*,*,#4090,.T.);
#8525 = ORIENTED_EDGE('',*,*,#3987,.T.);
#8526 = ORIENTED_EDGE('',*,*,#3903,.F.);
#8527 = ORIENTED_EDGE('',*,*,#8434,.F.);
#8528 = ( BOUNDED_SURFACE() B_SPLINE_SURFACE(3,3,(
    (#8529,#8530,#8531,#8532,#8533,#8534,#8535,#8536,#8537,#8538,#8539
      ,#8540,#8541,#8542,#8543,#8544,#8545,#8546,#8547,#8548,#8549,#8550
      ,#8551,#8552,#8553,#8554,#8555,#8556,#8557)
    ,(#8558,#8559,#8560,#8561,#8562,#8563,#8564,#8565,#8566,#8567,#8568
      ,#8569,#8570,#8571,#8572,#8573,#8574,#8575,#8576,#8577,#8578,#8579
      ,#8580,#8581,#8582,#8583,#8584,#8585,#8586)
    ,(#8587,#8588,#8589,#8590,#8591,#8592,#8593,#8594,#8595,#8596,#8597
      ,#8598,#8599,#8600,#8601,#8602,#8603,#8604,#8605,#8606,#8607,#8608
      ,#8609,#8610,#8611,#8612,#8613,#8614,#8615)
    ,(#8616,#8617,#8618,#8619,#8620,#8621,#8622,#8623,#8624,#8625,#8626
      ,#8627,#8628,#8629,#8630,#8631,#8632,#8633,#8634,#8635,#8636,#8637
      ,#8638,#8639,#8640,#8641,#8642,#8643,#8644
)),.UNSPECIFIED.,.F.,.F.,.F.) B_SPLINE_SURFACE_WITH_KNOTS((4,4),(4,1,1,1
    ,1,1,1,1,1,1,1,1,1,1,1,1,1,1,1,1,1,1,1,1,1,1,4),(0.,2.792526803191),
  (1.924537897365,2.018157493316,2.111777089267,2.205396685217,
    2.299016281168,2.392635877119,2.486255473069,2.57987506902,
    2.673494664971,2.767114260922,2.860733856872,2.954353452823,
    3.047973048774,3.141592644725,3.235212240675,3.328831836626,
    3.422451432577,3.516071028527,3.609690624478,3.703310220429,
    3.79692981638,3.89054941233,3.984169008281,4.077788604232,
    4.171408200183,4.265027796133,4.358647392084),.UNSPECIFIED.) 
GEOMETRIC_REPRESENTATION_ITEM() RATIONAL_B_SPLINE_SURFACE((
    (1.,1.,1.,1.,1.,1.,1.,1.,1.,1.,1.,1.,1.,1.,1.,1.,1.,1.,1.,1.,1.,1.
      ,1.,1.,1.,1.,1.,1.,1.)
    ,(0.449098785111,0.449098785111,0.449098785111,0.449098785111
      ,0.449098785111,0.449098785111,0.449098785111,0.449098785111
      ,0.449098785111,0.449098785111,0.449098785111,0.449098785111
      ,0.449098785111,0.449098785111,0.449098785111,0.449098785111
      ,0.449098785111,0.449098785111,0.449098785111,0.449098785111
      ,0.449098785111,0.449098785111,0.449098785111,0.449098785111
      ,0.449098785111,0.449098785111,0.449098785111,0.449098785111
      ,0.449098785111)
    ,(0.449098785111,0.449098785111,0.449098785111,0.449098785111
      ,0.449098785111,0.449098785111,0.449098785111,0.449098785111
      ,0.449098785111,0.449098785111,0.449098785111,0.449098785111
      ,0.449098785111,0.449098785111,0.449098785111,0.449098785111
      ,0.449098785111,0.449098785111,0.449098785111,0.449098785111
      ,0.449098785111,0.449098785111,0.449098785111,0.449098785111
      ,0.449098785111,0.449098785111,0.449098785111,0.449098785111
      ,0.449098785111)
    ,(1.,1.,1.,1.,1.,1.,1.,1.,1.,1.,1.,1.,1.,1.,1.,1.,1.,1.,1.,1.,1.,1.
,1.,1.,1.,1.,1.,1.,1.))) REPRESENTATION_ITEM('') SURFACE() );
#8529 = CARTESIAN_POINT('',(-1.198838198241,-3.192715480716,
    12.093572073137));
#8530 = CARTESIAN_POINT('',(-1.298471776004,-3.1559233478,
    12.089734113568));
#8531 = CARTESIAN_POINT('',(-1.494291802941,-3.073004666348,
    12.082058194428));
#8532 = CARTESIAN_POINT('',(-1.775108462661,-2.921712521706,
    12.07054431572));
#8533 = CARTESIAN_POINT('',(-2.040552134999,-2.744831361273,
    12.059030437011));
#8534 = CARTESIAN_POINT('',(-2.288298043682,-2.54391033592,
    12.047516558302));
#8535 = CARTESIAN_POINT('',(-2.516176362519,-2.320709161988,
    12.036002679593));
#8536 = CARTESIAN_POINT('',(-2.722191283885,-2.077182685416,
    12.024488800885));
#8537 = CARTESIAN_POINT('',(-2.904538481134,-1.815463767155,
    12.012974922176));
#8538 = CARTESIAN_POINT('',(-3.061620915955,-1.537844601361,
    12.001461043467));
#8539 = CARTESIAN_POINT('',(-3.192062824345,-1.246756640301,
    11.989947164758));
#8540 = CARTESIAN_POINT('',(-3.294721766208,-0.944749299006,
    11.97843328605));
#8541 = CARTESIAN_POINT('',(-3.368698631011,-0.63446762695,
    11.966919407341));
#8542 = CARTESIAN_POINT('',(-3.413345512431,-0.318629142088,
    11.955405528632));
#8543 = CARTESIAN_POINT('',(-3.428271382851,-3.021651319728E-08,
    11.943891649923));
#8544 = CARTESIAN_POINT('',(-3.41334551808,0.31862908192,11.932377771215
    ));
#8545 = CARTESIAN_POINT('',(-3.368698642261,0.634467567573,
    11.920863892506));
#8546 = CARTESIAN_POINT('',(-3.294721782958,0.944749240941,
    11.909350013797));
#8547 = CARTESIAN_POINT('',(-3.19206284645,1.246756584056,
    11.897836135088));
#8548 = CARTESIAN_POINT('',(-3.061620943221,1.537844547429,
    11.886322256379));
#8549 = CARTESIAN_POINT('',(-2.904538513324,1.815463716008,
    11.874808377671));
#8550 = CARTESIAN_POINT('',(-2.722191320714,2.077182637502,
    11.863294498962));
#8551 = CARTESIAN_POINT('',(-2.516176403666,2.320709117726,
    11.851780620253));
#8552 = CARTESIAN_POINT('',(-2.288298088787,2.543910295699,
    11.840266741544));
#8553 = CARTESIAN_POINT('',(-2.040552183666,2.744831325445,
    11.828752862836));
#8554 = CARTESIAN_POINT('',(-1.775108514464,2.921712490584,
    11.817238984127));
#8555 = CARTESIAN_POINT('',(-1.494291857427,3.073004640205,
    11.805725105418));
#8556 = CARTESIAN_POINT('',(-1.29847183196,3.155923325129,
    11.798049186279));
#8557 = CARTESIAN_POINT('',(-1.198838254849,3.192715459812,
    11.794211226709));
#8558 = CARTESIAN_POINT('',(-1.24343557764,-3.313485768171,
    12.116272683231));
#8559 = CARTESIAN_POINT('',(-1.346837977241,-3.275301905708,
    12.112434723662));
#8560 = CARTESIAN_POINT('',(-1.550065253927,-3.189246673863,
    12.104758804522));
#8561 = CARTESIAN_POINT('',(-1.841504316088,-3.032231627851,
    12.093244925814));
#8562 = CARTESIAN_POINT('',(-2.116988879575,-2.848659614845,
    12.081731047105));
#8563 = CARTESIAN_POINT('',(-2.374106229211,-2.640138385173,
    12.070217168396));
#8564 = CARTESIAN_POINT('',(-2.610604461171,-2.408494219655,
    12.058703289687));
#8565 = CARTESIAN_POINT('',(-2.824412272766,-2.155755909848,
    12.047189410979));
#8566 = CARTESIAN_POINT('',(-3.013657085403,-1.884136996056,
    12.03567553227));
#8567 = CARTESIAN_POINT('',(-3.176681449883,-1.596016378862,
    12.024161653561));
#8568 = CARTESIAN_POINT('',(-3.31205756142,-1.293917484649,
    12.012647774852));
#8569 = CARTESIAN_POINT('',(-3.418599765037,-0.980486164725,
    12.001133896144));
#8570 = CARTESIAN_POINT('',(-3.495374939706,-0.658467522384,
    11.989620017435));
#8571 = CARTESIAN_POINT('',(-3.541710670863,-0.330681870656,
    11.978106138726));
#8572 = CARTESIAN_POINT('',(-3.557201139561,-3.135950795456E-08,
    11.966592260017));
#8573 = CARTESIAN_POINT('',(-3.541710676726,0.330681808211,
    11.955078381308));
#8574 = CARTESIAN_POINT('',(-3.495374951381,0.658467460761,11.9435645026
    ));
#8575 = CARTESIAN_POINT('',(-3.418599782421,0.980486104463,
    11.932050623891));
#8576 = CARTESIAN_POINT('',(-3.312057584362,1.293917426277,
    11.920536745182));
#8577 = CARTESIAN_POINT('',(-3.176681478181,1.59601632289,
    11.909022866473));
#8578 = CARTESIAN_POINT('',(-3.01365711881,1.884136942974,
    11.897508987765));
#8579 = CARTESIAN_POINT('',(-2.824412310989,2.155755860122,
    11.885995109056));
#8580 = CARTESIAN_POINT('',(-2.610604503875,2.40849417372,
    11.874481230347));
#8581 = CARTESIAN_POINT('',(-2.374106276022,2.640138343431,
    11.862967351638));
#8582 = CARTESIAN_POINT('',(-2.116988930083,2.848659577662,
    11.85145347293));
#8583 = CARTESIAN_POINT('',(-1.841504369851,3.032231595553,
    11.839939594221));
#8584 = CARTESIAN_POINT('',(-1.550065310474,3.189246646732,
    11.828425715512));
#8585 = CARTESIAN_POINT('',(-1.346838035314,3.27530188218,
    11.820749796373));
#8586 = CARTESIAN_POINT('',(-1.24343563639,3.313485746476,
    11.816911836803));
#8587 = CARTESIAN_POINT('',(-1.24343557764,-3.313485768171,
    12.247000286589));
#8588 = CARTESIAN_POINT('',(-1.346837977241,-3.275301905708,
    12.24316232702));
#8589 = CARTESIAN_POINT('',(-1.550065253927,-3.189246673863,
    12.235486407881));
#8590 = CARTESIAN_POINT('',(-1.841504316088,-3.032231627851,
    12.223972529172));
#8591 = CARTESIAN_POINT('',(-2.116988879575,-2.848659614845,
    12.212458650463));
#8592 = CARTESIAN_POINT('',(-2.374106229211,-2.640138385173,
    12.200944771754));
#8593 = CARTESIAN_POINT('',(-2.610604461171,-2.408494219655,
    12.189430893046));
#8594 = CARTESIAN_POINT('',(-2.824412272766,-2.155755909848,
    12.177917014337));
#8595 = CARTESIAN_POINT('',(-3.013657085403,-1.884136996056,
    12.166403135628));
#8596 = CARTESIAN_POINT('',(-3.176681449883,-1.596016378862,
    12.154889256919));
#8597 = CARTESIAN_POINT('',(-3.31205756142,-1.293917484649,
    12.143375378211));
#8598 = CARTESIAN_POINT('',(-3.418599765037,-0.980486164725,
    12.131861499502));
#8599 = CARTESIAN_POINT('',(-3.495374939706,-0.658467522384,
    12.120347620793));
#8600 = CARTESIAN_POINT('',(-3.541710670863,-0.330681870656,
    12.108833742084));
#8601 = CARTESIAN_POINT('',(-3.557201139561,-3.135950797072E-08,
    12.097319863375));
#8602 = CARTESIAN_POINT('',(-3.541710676726,0.330681808211,
    12.085805984667));
#8603 = CARTESIAN_POINT('',(-3.495374951381,0.658467460761,
    12.074292105958));
#8604 = CARTESIAN_POINT('',(-3.418599782421,0.980486104463,
    12.062778227249));
#8605 = CARTESIAN_POINT('',(-3.312057584362,1.293917426277,
    12.05126434854));
#8606 = CARTESIAN_POINT('',(-3.176681478181,1.59601632289,
    12.039750469832));
#8607 = CARTESIAN_POINT('',(-3.01365711881,1.884136942974,
    12.028236591123));
#8608 = CARTESIAN_POINT('',(-2.824412310989,2.155755860122,
    12.016722712414));
#8609 = CARTESIAN_POINT('',(-2.610604503875,2.40849417372,
    12.005208833705));
#8610 = CARTESIAN_POINT('',(-2.374106276022,2.640138343431,
    11.993694954997));
#8611 = CARTESIAN_POINT('',(-2.116988930083,2.848659577662,
    11.982181076288));
#8612 = CARTESIAN_POINT('',(-1.841504369851,3.032231595553,
    11.970667197579));
#8613 = CARTESIAN_POINT('',(-1.550065310474,3.189246646732,
    11.95915331887));
#8614 = CARTESIAN_POINT('',(-1.346838035314,3.27530188218,
    11.951477399731));
#8615 = CARTESIAN_POINT('',(-1.24343563639,3.313485746476,
    11.947639440162));
#8616 = CARTESIAN_POINT('',(-1.198838198241,-3.192715480716,
    12.269700896683));
#8617 = CARTESIAN_POINT('',(-1.298471776004,-3.1559233478,
    12.265862937114));
#8618 = CARTESIAN_POINT('',(-1.494291802941,-3.073004666348,
    12.258187017975));
#8619 = CARTESIAN_POINT('',(-1.775108462661,-2.921712521706,
    12.246673139266));
#8620 = CARTESIAN_POINT('',(-2.040552134999,-2.744831361273,
    12.235159260557));
#8621 = CARTESIAN_POINT('',(-2.288298043682,-2.54391033592,
    12.223645381848));
#8622 = CARTESIAN_POINT('',(-2.516176362519,-2.320709161988,
    12.21213150314));
#8623 = CARTESIAN_POINT('',(-2.722191283885,-2.077182685416,
    12.200617624431));
#8624 = CARTESIAN_POINT('',(-2.904538481134,-1.815463767155,
    12.189103745722));
#8625 = CARTESIAN_POINT('',(-3.061620915955,-1.537844601361,
    12.177589867013));
#8626 = CARTESIAN_POINT('',(-3.192062824345,-1.246756640301,
    12.166075988304));
#8627 = CARTESIAN_POINT('',(-3.294721766208,-0.944749299006,
    12.154562109596));
#8628 = CARTESIAN_POINT('',(-3.368698631011,-0.63446762695,
    12.143048230887));
#8629 = CARTESIAN_POINT('',(-3.413345512431,-0.318629142088,
    12.131534352178));
#8630 = CARTESIAN_POINT('',(-3.428271382851,-3.021651323639E-08,
    12.120020473469));
#8631 = CARTESIAN_POINT('',(-3.41334551808,0.31862908192,12.108506594761
    ));
#8632 = CARTESIAN_POINT('',(-3.368698642261,0.634467567573,
    12.096992716052));
#8633 = CARTESIAN_POINT('',(-3.294721782958,0.944749240941,
    12.085478837343));
#8634 = CARTESIAN_POINT('',(-3.19206284645,1.246756584056,
    12.073964958634));
#8635 = CARTESIAN_POINT('',(-3.061620943221,1.537844547429,
    12.062451079926));
#8636 = CARTESIAN_POINT('',(-2.904538513324,1.815463716008,
    12.050937201217));
#8637 = CARTESIAN_POINT('',(-2.722191320714,2.077182637502,
    12.039423322508));
#8638 = CARTESIAN_POINT('',(-2.516176403666,2.320709117726,
    12.027909443799));
#8639 = CARTESIAN_POINT('',(-2.288298088787,2.543910295699,
    12.016395565091));
#8640 = CARTESIAN_POINT('',(-2.040552183666,2.744831325445,
    12.004881686382));
#8641 = CARTESIAN_POINT('',(-1.775108514464,2.921712490584,
    11.993367807673));
#8642 = CARTESIAN_POINT('',(-1.494291857427,3.073004640205,
    11.981853928964));
#8643 = CARTESIAN_POINT('',(-1.29847183196,3.155923325129,
    11.974178009825));
#8644 = CARTESIAN_POINT('',(-1.198838254849,3.192715459812,
    11.970340050255));
#8645 = ADVANCED_FACE('',(#8646),#8674,.T.);
#8646 = FACE_BOUND('',#8647,.T.);
#8647 = EDGE_LOOP('',(#8648,#8659,#8664,#8665,#8666,#8667));
#8648 = ORIENTED_EDGE('',*,*,#8649,.T.);
#8649 = EDGE_CURVE('',#8650,#8652,#8654,.T.);
#8650 = VERTEX_POINT('',#8651);
#8651 = CARTESIAN_POINT('',(0.907440909091,1.389509203616E-15,
    5.649103636364));
#8652 = VERTEX_POINT('',#8653);
#8653 = CARTESIAN_POINT('',(-0.947140909091,1.690444222195E-15,
    5.649103636364));
#8654 = CIRCLE('',#8655,0.927290909091);
#8655 = AXIS2_PLACEMENT_3D('',#8656,#8657,#8658);
#8656 = CARTESIAN_POINT('',(-1.985E-02,1.917564990935E-15,5.649103636364
    ));
#8657 = DIRECTION('',(0.,-2.832769448824E-16,1.));
#8658 = DIRECTION('',(1.,2.449293598295E-16,6.93828407645E-32));
#8659 = ORIENTED_EDGE('',*,*,#8660,.F.);
#8660 = EDGE_CURVE('',#6623,#8652,#8661,.T.);
#8661 = B_SPLINE_CURVE_WITH_KNOTS('',1,(#8662,#8663),.UNSPECIFIED.,.F.,
  .F.,(2,2),(1.,1.3),.PIECEWISE_BEZIER_KNOTS.);
#8662 = CARTESIAN_POINT('',(-0.947140909091,1.498079797102E-15,
    5.927290909091));
#8663 = CARTESIAN_POINT('',(-0.947140909091,1.576883837826E-15,
    5.649103636364));
#8664 = ORIENTED_EDGE('',*,*,#6631,.T.);
#8665 = ORIENTED_EDGE('',*,*,#6620,.T.);
#8666 = ORIENTED_EDGE('',*,*,#8660,.T.);
#8667 = ORIENTED_EDGE('',*,*,#8668,.T.);
#8668 = EDGE_CURVE('',#8652,#8650,#8669,.T.);
#8669 = CIRCLE('',#8670,0.927290909091);
#8670 = AXIS2_PLACEMENT_3D('',#8671,#8672,#8673);
#8671 = CARTESIAN_POINT('',(-1.985E-02,1.917564990935E-15,5.649103636364
    ));
#8672 = DIRECTION('',(2.189528850508E-47,-2.832769448824E-16,1.));
#8673 = DIRECTION('',(-1.,-3.673940397442E-16,-1.040742611467E-31));
#8674 = CYLINDRICAL_SURFACE('',#8675,0.927290909091);
#8675 = AXIS2_PLACEMENT_3D('',#8676,#8677,#8678);
#8676 = CARTESIAN_POINT('',(-1.985E-02,1.576080814467E-15,6.854581818182
    ));
#8677 = DIRECTION('',(0.,2.832769448824E-16,-1.));
#8678 = DIRECTION('',(-1.,-1.224646799147E-16,-3.469142038224E-32));
#8679 = ADVANCED_FACE('',(#8680),#8686,.T.);
#8680 = FACE_BOUND('',#8681,.T.);
#8681 = EDGE_LOOP('',(#8682,#8683,#8684,#8685));
#8682 = ORIENTED_EDGE('',*,*,#6720,.T.);
#8683 = ORIENTED_EDGE('',*,*,#6694,.F.);
#8684 = ORIENTED_EDGE('',*,*,#6653,.T.);
#8685 = ORIENTED_EDGE('',*,*,#6744,.F.);
#8686 = CYLINDRICAL_SURFACE('',#8687,0.927290909091);
#8687 = AXIS2_PLACEMENT_3D('',#8688,#8689,#8690);
#8688 = CARTESIAN_POINT('',(6.007540909091,4.323898814753E-15,
    2.218127272727));
#8689 = DIRECTION('',(-1.,-4.440892098501E-16,2.368475785867E-16));
#8690 = DIRECTION('',(-2.368475785867E-16,2.832769448824E-16,-1.));
#8691 = ADVANCED_FACE('',(#8692),#8702,.F.);
#8692 = FACE_BOUND('',#8693,.F.);
#8693 = EDGE_LOOP('',(#8694,#8695,#8700,#8701));
#8694 = ORIENTED_EDGE('',*,*,#6756,.F.);
#8695 = ORIENTED_EDGE('',*,*,#8696,.F.);
#8696 = EDGE_CURVE('',#6704,#6757,#8697,.T.);
#8697 = B_SPLINE_CURVE_WITH_KNOTS('',1,(#8698,#8699),.UNSPECIFIED.,.F.,
  .F.,(2,2),(0.5,1.),.PIECEWISE_BEZIER_KNOTS.);
#8698 = CARTESIAN_POINT('',(2.298377272727,0.463645454545,2.218127272727
    ));
#8699 = CARTESIAN_POINT('',(2.762022727273,0.463645454545,2.218127272727
    ));
#8700 = ORIENTED_EDGE('',*,*,#6703,.T.);
#8701 = ORIENTED_EDGE('',*,*,#8696,.T.);
#8702 = CYLINDRICAL_SURFACE('',#8703,0.463645454545);
#8703 = AXIS2_PLACEMENT_3D('',#8704,#8705,#8706);
#8704 = CARTESIAN_POINT('',(1.834731818182,2.817359657237E-15,
    2.218127272727));
#8705 = DIRECTION('',(1.,0.,0.));
#8706 = DIRECTION('',(-0.,1.,9.95799250103E-17));
#8707 = ADVANCED_FACE('',(#8708),#8714,.T.);
#8708 = FACE_BOUND('',#8709,.T.);
#8709 = EDGE_LOOP('',(#8710,#8711,#8712,#8713));
#8710 = ORIENTED_EDGE('',*,*,#6876,.T.);
#8711 = ORIENTED_EDGE('',*,*,#6850,.F.);
#8712 = ORIENTED_EDGE('',*,*,#6816,.T.);
#8713 = ORIENTED_EDGE('',*,*,#6773,.F.);
#8714 = CYLINDRICAL_SURFACE('',#8715,0.927290909091);
#8715 = AXIS2_PLACEMENT_3D('',#8716,#8717,#8718);
#8716 = CARTESIAN_POINT('',(0.907440909091,3.139974139285E-15,
    0.363545454545));
#8717 = DIRECTION('',(-1.,-0.,0.));
#8718 = DIRECTION('',(-0.,3.885780586188E-16,-1.));
#8719 = ADVANCED_FACE('',(#8720),#8730,.F.);
#8720 = FACE_BOUND('',#8721,.F.);
#8721 = EDGE_LOOP('',(#8722,#8723,#8728,#8729));
#8722 = ORIENTED_EDGE('',*,*,#6799,.T.);
#8723 = ORIENTED_EDGE('',*,*,#8724,.T.);
#8724 = EDGE_CURVE('',#6800,#6860,#8725,.T.);
#8725 = B_SPLINE_CURVE_WITH_KNOTS('',1,(#8726,#8727),.UNSPECIFIED.,.F.,
  .F.,(2,2),(0.5,1.),.PIECEWISE_BEZIER_KNOTS.);
#8726 = CARTESIAN_POINT('',(-2.338077272727,-0.463645454545,
    0.363545454545));
#8727 = CARTESIAN_POINT('',(-2.801722727273,-0.463645454545,
    0.363545454545));
#8728 = ORIENTED_EDGE('',*,*,#6859,.F.);
#8729 = ORIENTED_EDGE('',*,*,#8724,.F.);
#8730 = CYLINDRICAL_SURFACE('',#8731,0.463645454545);
#8731 = AXIS2_PLACEMENT_3D('',#8732,#8733,#8734);
#8732 = CARTESIAN_POINT('',(-1.874431818182,3.123484545283E-15,
    0.363545454545));
#8733 = DIRECTION('',(-1.,-0.,0.));
#8734 = DIRECTION('',(0.,-1.,-3.445092848398E-16));
#8735 = ADVANCED_FACE('',(#8736),#8755,.T.);
#8736 = FACE_BOUND('',#8737,.T.);
#8737 = EDGE_LOOP('',(#8738,#8739,#8740,#8747,#8754));
#8738 = ORIENTED_EDGE('',*,*,#8668,.F.);
#8739 = ORIENTED_EDGE('',*,*,#8649,.F.);
#8740 = ORIENTED_EDGE('',*,*,#8741,.F.);
#8741 = EDGE_CURVE('',#8742,#8650,#8744,.T.);
#8742 = VERTEX_POINT('',#8743);
#8743 = CARTESIAN_POINT('',(0.721982727273,1.453401269202E-15,
    5.463645454545));
#8744 = B_SPLINE_CURVE_WITH_KNOTS('',1,(#8745,#8746),.UNSPECIFIED.,.F.,
  .F.,(2,2),(-0.141421356237,0.141421356237),.PIECEWISE_BEZIER_KNOTS.);
#8745 = CARTESIAN_POINT('',(0.721982727273,1.27170465421E-15,
    5.463645454545));
#8746 = CARTESIAN_POINT('',(0.907440909091,1.162388434877E-15,
    5.649103636364));
#8747 = ORIENTED_EDGE('',*,*,#8748,.T.);
#8748 = EDGE_CURVE('',#8742,#8742,#8749,.T.);
#8749 = CIRCLE('',#8750,0.741832727273);
#8750 = AXIS2_PLACEMENT_3D('',#8751,#8752,#8753);
#8751 = CARTESIAN_POINT('',(-1.985E-02,1.544249576697E-15,5.463645454545
    ));
#8752 = DIRECTION('',(0.,-2.22044604925E-16,1.));
#8753 = DIRECTION('',(1.,-1.224646799147E-16,-2.719262146893E-32));
#8754 = ORIENTED_EDGE('',*,*,#8741,.T.);
#8755 = CONICAL_SURFACE('',#8756,0.834561818182,0.785398163397);
#8756 = AXIS2_PLACEMENT_3D('',#8757,#8758,#8759);
#8757 = CARTESIAN_POINT('',(-1.985E-02,1.523659582342E-15,5.556374545455
    ));
#8758 = DIRECTION('',(0.,-2.22044604925E-16,1.));
#8759 = DIRECTION('',(1.,-1.224646799147E-16,-2.719262146893E-32));
#8760 = ADVANCED_FACE('',(#8761),#8776,.F.);
#8761 = FACE_BOUND('',#8762,.F.);
#8762 = EDGE_LOOP('',(#8763,#8764,#8775));
#8763 = ORIENTED_EDGE('',*,*,#8748,.T.);
#8764 = ORIENTED_EDGE('',*,*,#8765,.T.);
#8765 = EDGE_CURVE('',#8742,#8766,#8768,.T.);
#8766 = VERTEX_POINT('',#8767);
#8767 = CARTESIAN_POINT('',(-1.985E-02,1.461889599274E-15,5.834561818182
    ));
#8768 = B_SPLINE_CURVE_WITH_KNOTS('',5,(#8769,#8770,#8771,#8772,#8773,
    #8774),.UNSPECIFIED.,.F.,.F.,(6,6),(0.643501108793,1.570796326795),
  .PIECEWISE_BEZIER_KNOTS.);
#8769 = CARTESIAN_POINT('',(0.721982727273,1.453401269202E-15,
    5.463645454545));
#8770 = CARTESIAN_POINT('',(0.618798036189,1.435488944079E-15,
    5.601225042657));
#8771 = CARTESIAN_POINT('',(0.483728270243,1.426789319737E-15,
    5.71489995047));
#8772 = CARTESIAN_POINT('',(0.324106270958,1.428615774902E-15,
    5.794710950113));
#8773 = CARTESIAN_POINT('',(0.152124485139,1.440828798998E-15,
    5.834561818182));
#8774 = CARTESIAN_POINT('',(-1.985E-02,1.461889599274E-15,5.834561818182
    ));
#8775 = ORIENTED_EDGE('',*,*,#8765,.F.);
#8776 = SPHERICAL_SURFACE('',#8777,0.927290909091);
#8777 = AXIS2_PLACEMENT_3D('',#8778,#8779,#8780);
#8778 = CARTESIAN_POINT('',(-1.985E-02,1.667789542833E-15,4.907270909091
    ));
#8779 = DIRECTION('',(0.,-2.22044604925E-16,1.));
#8780 = DIRECTION('',(1.,-1.224646799147E-16,-2.719262146893E-32));
#8781 = ( GEOMETRIC_REPRESENTATION_CONTEXT(3) 
GLOBAL_UNCERTAINTY_ASSIGNED_CONTEXT((#8785)) 
GLOBAL_UNIT_ASSIGNED_CONTEXT((#8782,#8783,#8784)) REPRESENTATION_CONTEXT
('Context #1','3D Context with UNIT and UNCERTAINTY') );
#8782 = ( LENGTH_UNIT() NAMED_UNIT(*) SI_UNIT(.MILLI.,.METRE.) );
#8783 = ( NAMED_UNIT(*) PLANE_ANGLE_UNIT() SI_UNIT($,.RADIAN.) );
#8784 = ( NAMED_UNIT(*) SI_UNIT($,.STERADIAN.) SOLID_ANGLE_UNIT() );
#8785 = UNCERTAINTY_MEASURE_WITH_UNIT(LENGTH_MEASURE(1.E-06),#8782,
  'distance_accuracy_value','confusion accuracy');
#8786 = CONTEXT_DEPENDENT_SHAPE_REPRESENTATION(#8787,#8789);
#8787 = ( REPRESENTATION_RELATIONSHIP('','',#32,#10) 
REPRESENTATION_RELATIONSHIP_WITH_TRANSFORMATION(#8788) 
SHAPE_REPRESENTATION_RELATIONSHIP() );
#8788 = ITEM_DEFINED_TRANSFORMATION('','',#11,#15);
#8789 = PRODUCT_DEFINITION_SHAPE('Placement','Placement of an item',
  #8790);
#8790 = NEXT_ASSEMBLY_USAGE_OCCURRENCE('1','dc022b','',#5,#27,$);
#8791 = PRODUCT_RELATED_PRODUCT_CATEGORY('part',$,(#29));
#8792 = MECHANICAL_DESIGN_GEOMETRIC_PRESENTATION_REPRESENTATION('',(
    #8793),#8781);
#8793 = STYLED_ITEM('color',(#8794),#33);
#8794 = PRESENTATION_STYLE_ASSIGNMENT((#8795,#8803));
#8795 = SURFACE_STYLE_USAGE(.BOTH.,#8796);
#8796 = SURFACE_SIDE_STYLE('',(#8797,#8801));
#8797 = SURFACE_STYLE_FILL_AREA(#8798);
#8798 = FILL_AREA_STYLE('',(#8799));
#8799 = FILL_AREA_STYLE_COLOUR('',#8800);
#8800 = COLOUR_RGB('',0.447058818107,0.474509808674,0.501960817233);
#8801 = SURFACE_STYLE_RENDERING_WITH_PROPERTIES(.NORMAL_SHADING.,#8800,(
    #8802));
#8802 = SURFACE_STYLE_TRANSPARENT(0.);
#8803 = CURVE_STYLE('',#8804,POSITIVE_LENGTH_MEASURE(0.1),#8805);
#8804 = DRAUGHTING_PRE_DEFINED_CURVE_FONT('continuous');
#8805 = COLOUR_RGB('',9.803921802644E-02,9.803921802644E-02,
  9.803921802644E-02);
ENDSEC;
END-ISO-10303-21;
