ISO-10303-21;
HEADER;
FILE_DESCRIPTION(('FreeCAD Model'),'2;1');
FILE_NAME('Open CASCADE Shape Model','2026-09-22T14:50:38',('Author'),(
    ''),'Open CASCADE STEP processor 7.8','FreeCAD','Unknown');
FILE_SCHEMA(('AUTOMOTIVE_DESIGN { 1 0 10303 214 1 1 1 1 }'));
ENDSEC;
DATA;
#1 = APPLICATION_PROTOCOL_DEFINITION('international standard',
  'automotive_design',2000,#2);
#2 = APPLICATION_CONTEXT(
  'core data for automotive mechanical design processes');
#3 = SHAPE_DEFINITION_REPRESENTATION(#4,#10);
#4 = PRODUCT_DEFINITION_SHAPE('','',#5);
#5 = PRODUCT_DEFINITION('design','',#6,#9);
#6 = PRODUCT_DEFINITION_FORMATION('','',#7);
#7 = PRODUCT('Mini360 module (native schematic)',
  'Mini360 module (native schematic)','',(#8));
#8 = PRODUCT_CONTEXT('',#2,'mechanical');
#9 = PRODUCT_DEFINITION_CONTEXT('part definition',#2,'design');
#10 = SHAPE_REPRESENTATION('',(#11,#15,#19,#23),#27);
#11 = AXIS2_PLACEMENT_3D('',#12,#13,#14);
#12 = CARTESIAN_POINT('',(0.,0.,0.));
#13 = DIRECTION('',(0.,0.,1.));
#14 = DIRECTION('',(1.,0.,-0.));
#15 = AXIS2_PLACEMENT_3D('',#16,#17,#18);
#16 = CARTESIAN_POINT('',(0.,0.,0.));
#17 = DIRECTION('',(0.,0.,1.));
#18 = DIRECTION('',(1.,0.,0.));
#19 = AXIS2_PLACEMENT_3D('',#20,#21,#22);
#20 = CARTESIAN_POINT('',(0.,0.,0.));
#21 = DIRECTION('',(0.,0.,1.));
#22 = DIRECTION('',(1.,0.,0.));
#23 = AXIS2_PLACEMENT_3D('',#24,#25,#26);
#24 = CARTESIAN_POINT('',(0.,0.,0.));
#25 = DIRECTION('',(0.,0.,1.));
#26 = DIRECTION('',(1.,0.,0.));
#27 = ( GEOMETRIC_REPRESENTATION_CONTEXT(3) 
GLOBAL_UNCERTAINTY_ASSIGNED_CONTEXT((#31)) GLOBAL_UNIT_ASSIGNED_CONTEXT(
(#28,#29,#30)) REPRESENTATION_CONTEXT('Context #1',
  '3D Context with UNIT and UNCERTAINTY') );
#28 = ( LENGTH_UNIT() NAMED_UNIT(*) SI_UNIT(.MILLI.,.METRE.) );
#29 = ( NAMED_UNIT(*) PLANE_ANGLE_UNIT() SI_UNIT($,.RADIAN.) );
#30 = ( NAMED_UNIT(*) SI_UNIT($,.STERADIAN.) SOLID_ANGLE_UNIT() );
#31 = UNCERTAINTY_MEASURE_WITH_UNIT(LENGTH_MEASURE(1.E-07),#28,
  'distance_accuracy_value','confusion accuracy');
#32 = PRODUCT_RELATED_PRODUCT_CATEGORY('part',$,(#7));
#33 = SHAPE_DEFINITION_REPRESENTATION(#34,#40);
#34 = PRODUCT_DEFINITION_SHAPE('','',#35);
#35 = PRODUCT_DEFINITION('design','',#36,#39);
#36 = PRODUCT_DEFINITION_FORMATION('','',#37);
#37 = PRODUCT('PCB','PCB','',(#38));
#38 = PRODUCT_CONTEXT('',#2,'mechanical');
#39 = PRODUCT_DEFINITION_CONTEXT('part definition',#2,'design');
#40 = SHAPE_REPRESENTATION('',(#11,#41),#45);
#41 = AXIS2_PLACEMENT_3D('',#42,#43,#44);
#42 = CARTESIAN_POINT('',(0.,0.,0.));
#43 = DIRECTION('',(0.,0.,1.));
#44 = DIRECTION('',(1.,0.,0.));
#45 = ( GEOMETRIC_REPRESENTATION_CONTEXT(3) 
GLOBAL_UNCERTAINTY_ASSIGNED_CONTEXT((#49)) GLOBAL_UNIT_ASSIGNED_CONTEXT(
(#46,#47,#48)) REPRESENTATION_CONTEXT('Context #1',
  '3D Context with UNIT and UNCERTAINTY') );
#46 = ( LENGTH_UNIT() NAMED_UNIT(*) SI_UNIT(.MILLI.,.METRE.) );
#47 = ( NAMED_UNIT(*) PLANE_ANGLE_UNIT() SI_UNIT($,.RADIAN.) );
#48 = ( NAMED_UNIT(*) SI_UNIT($,.STERADIAN.) SOLID_ANGLE_UNIT() );
#49 = UNCERTAINTY_MEASURE_WITH_UNIT(LENGTH_MEASURE(1.E-07),#46,
  'distance_accuracy_value','confusion accuracy');
#50 = CONTEXT_DEPENDENT_SHAPE_REPRESENTATION(#51,#53);
#51 = ( REPRESENTATION_RELATIONSHIP('','',#40,#10) 
REPRESENTATION_RELATIONSHIP_WITH_TRANSFORMATION(#52) 
SHAPE_REPRESENTATION_RELATIONSHIP() );
#52 = ITEM_DEFINED_TRANSFORMATION('','',#11,#15);
#53 = PRODUCT_DEFINITION_SHAPE('Placement','Placement of an item',#54);
#54 = NEXT_ASSEMBLY_USAGE_OCCURRENCE('2','PCB','',#5,#35,$);
#55 = PRODUCT_RELATED_PRODUCT_CATEGORY('part',$,(#37));
#56 = SHAPE_DEFINITION_REPRESENTATION(#57,#63);
#57 = PRODUCT_DEFINITION_SHAPE('','',#58);
#58 = PRODUCT_DEFINITION('design','',#59,#62);
#59 = PRODUCT_DEFINITION_FORMATION('','',#60);
#60 = PRODUCT('Mini360 PCB from KiCad footprint 17.27 x 11.5 mm',
  'Mini360 PCB from KiCad footprint 17.27 x 11.5 mm','',(#61));
#61 = PRODUCT_CONTEXT('',#2,'mechanical');
#62 = PRODUCT_DEFINITION_CONTEXT('part definition',#2,'design');
#63 = ADVANCED_BREP_SHAPE_REPRESENTATION('',(#11,#64),#370);
#64 = MANIFOLD_SOLID_BREP('',#65);
#65 = CLOSED_SHELL('',(#66,#106,#137,#205,#229,#290,#302,#319,#336,#353)
  );
#66 = ADVANCED_FACE('',(#67),#101,.F.);
#67 = FACE_BOUND('',#68,.F.);
#68 = EDGE_LOOP('',(#69,#79,#87,#95));
#69 = ORIENTED_EDGE('',*,*,#70,.F.);
#70 = EDGE_CURVE('',#71,#73,#75,.T.);
#71 = VERTEX_POINT('',#72);
#72 = CARTESIAN_POINT('',(-1.016,-1.016,2.54));
#73 = VERTEX_POINT('',#74);
#74 = CARTESIAN_POINT('',(-1.016,-1.016,3.7905));
#75 = LINE('',#76,#77);
#76 = CARTESIAN_POINT('',(-1.016,-1.016,2.54));
#77 = VECTOR('',#78,1.);
#78 = DIRECTION('',(0.,0.,1.));
#79 = ORIENTED_EDGE('',*,*,#80,.T.);
#80 = EDGE_CURVE('',#71,#81,#83,.T.);
#81 = VERTEX_POINT('',#82);
#82 = CARTESIAN_POINT('',(-1.016,10.668,2.54));
#83 = LINE('',#84,#85);
#84 = CARTESIAN_POINT('',(-1.016,-1.016,2.54));
#85 = VECTOR('',#86,1.);
#86 = DIRECTION('',(-0.,1.,0.));
#87 = ORIENTED_EDGE('',*,*,#88,.T.);
#88 = EDGE_CURVE('',#81,#89,#91,.T.);
#89 = VERTEX_POINT('',#90);
#90 = CARTESIAN_POINT('',(-1.016,10.668,3.7905));
#91 = LINE('',#92,#93);
#92 = CARTESIAN_POINT('',(-1.016,10.668,2.54));
#93 = VECTOR('',#94,1.);
#94 = DIRECTION('',(0.,0.,1.));
#95 = ORIENTED_EDGE('',*,*,#96,.F.);
#96 = EDGE_CURVE('',#73,#89,#97,.T.);
#97 = LINE('',#98,#99);
#98 = CARTESIAN_POINT('',(-1.016,-1.016,3.7905));
#99 = VECTOR('',#100,1.);
#100 = DIRECTION('',(-0.,1.,0.));
#101 = PLANE('',#102);
#102 = AXIS2_PLACEMENT_3D('',#103,#104,#105);
#103 = CARTESIAN_POINT('',(-1.016,-1.016,2.54));
#104 = DIRECTION('',(1.,0.,-0.));
#105 = DIRECTION('',(0.,0.,1.));
#106 = ADVANCED_FACE('',(#107),#132,.F.);
#107 = FACE_BOUND('',#108,.F.);
#108 = EDGE_LOOP('',(#109,#117,#118,#126));
#109 = ORIENTED_EDGE('',*,*,#110,.F.);
#110 = EDGE_CURVE('',#71,#111,#113,.T.);
#111 = VERTEX_POINT('',#112);
#112 = CARTESIAN_POINT('',(16.51,-1.016,2.54));
#113 = LINE('',#114,#115);
#114 = CARTESIAN_POINT('',(-1.016,-1.016,2.54));
#115 = VECTOR('',#116,1.);
#116 = DIRECTION('',(1.,0.,-0.));
#117 = ORIENTED_EDGE('',*,*,#70,.T.);
#118 = ORIENTED_EDGE('',*,*,#119,.T.);
#119 = EDGE_CURVE('',#73,#120,#122,.T.);
#120 = VERTEX_POINT('',#121);
#121 = CARTESIAN_POINT('',(16.51,-1.016,3.7905));
#122 = LINE('',#123,#124);
#123 = CARTESIAN_POINT('',(-1.016,-1.016,3.7905));
#124 = VECTOR('',#125,1.);
#125 = DIRECTION('',(1.,0.,-0.));
#126 = ORIENTED_EDGE('',*,*,#127,.F.);
#127 = EDGE_CURVE('',#111,#120,#128,.T.);
#128 = LINE('',#129,#130);
#129 = CARTESIAN_POINT('',(16.51,-1.016,2.54));
#130 = VECTOR('',#131,1.);
#131 = DIRECTION('',(0.,0.,1.));
#132 = PLANE('',#133);
#133 = AXIS2_PLACEMENT_3D('',#134,#135,#136);
#134 = CARTESIAN_POINT('',(-1.016,-1.016,2.54));
#135 = DIRECTION('',(-0.,1.,0.));
#136 = DIRECTION('',(0.,0.,1.));
#137 = ADVANCED_FACE('',(#138,#156,#167,#178,#189),#200,.T.);
#138 = FACE_BOUND('',#139,.T.);
#139 = EDGE_LOOP('',(#140,#141,#142,#150));
#140 = ORIENTED_EDGE('',*,*,#96,.F.);
#141 = ORIENTED_EDGE('',*,*,#119,.T.);
#142 = ORIENTED_EDGE('',*,*,#143,.T.);
#143 = EDGE_CURVE('',#120,#144,#146,.T.);
#144 = VERTEX_POINT('',#145);
#145 = CARTESIAN_POINT('',(16.51,10.668,3.7905));
#146 = LINE('',#147,#148);
#147 = CARTESIAN_POINT('',(16.51,-1.016,3.7905));
#148 = VECTOR('',#149,1.);
#149 = DIRECTION('',(-0.,1.,0.));
#150 = ORIENTED_EDGE('',*,*,#151,.F.);
#151 = EDGE_CURVE('',#89,#144,#152,.T.);
#152 = LINE('',#153,#154);
#153 = CARTESIAN_POINT('',(-1.016,10.668,3.7905));
#154 = VECTOR('',#155,1.);
#155 = DIRECTION('',(1.,0.,-0.));
#156 = FACE_BOUND('',#157,.T.);
#157 = EDGE_LOOP('',(#158));
#158 = ORIENTED_EDGE('',*,*,#159,.F.);
#159 = EDGE_CURVE('',#160,#160,#162,.T.);
#160 = VERTEX_POINT('',#161);
#161 = CARTESIAN_POINT('',(0.45,-1.102182119233E-16,3.7905));
#162 = CIRCLE('',#163,0.45);
#163 = AXIS2_PLACEMENT_3D('',#164,#165,#166);
#164 = CARTESIAN_POINT('',(0.,0.,3.7905));
#165 = DIRECTION('',(0.,0.,1.));
#166 = DIRECTION('',(1.,0.,-0.));
#167 = FACE_BOUND('',#168,.T.);
#168 = EDGE_LOOP('',(#169));
#169 = ORIENTED_EDGE('',*,*,#170,.F.);
#170 = EDGE_CURVE('',#171,#171,#173,.T.);
#171 = VERTEX_POINT('',#172);
#172 = CARTESIAN_POINT('',(15.9501,-1.102182119233E-16,3.7905));
#173 = CIRCLE('',#174,0.45);
#174 = AXIS2_PLACEMENT_3D('',#175,#176,#177);
#175 = CARTESIAN_POINT('',(15.5001,0.,3.7905));
#176 = DIRECTION('',(0.,0.,1.));
#177 = DIRECTION('',(1.,0.,-0.));
#178 = FACE_BOUND('',#179,.T.);
#179 = EDGE_LOOP('',(#180));
#180 = ORIENTED_EDGE('',*,*,#181,.F.);
#181 = EDGE_CURVE('',#182,#182,#184,.T.);
#182 = VERTEX_POINT('',#183);
#183 = CARTESIAN_POINT('',(0.45,9.5001,3.7905));
#184 = CIRCLE('',#185,0.45);
#185 = AXIS2_PLACEMENT_3D('',#186,#187,#188);
#186 = CARTESIAN_POINT('',(0.,9.5001,3.7905));
#187 = DIRECTION('',(0.,0.,1.));
#188 = DIRECTION('',(1.,0.,-0.));
#189 = FACE_BOUND('',#190,.T.);
#190 = EDGE_LOOP('',(#191));
#191 = ORIENTED_EDGE('',*,*,#192,.F.);
#192 = EDGE_CURVE('',#193,#193,#195,.T.);
#193 = VERTEX_POINT('',#194);
#194 = CARTESIAN_POINT('',(15.9501,9.5001,3.7905));
#195 = CIRCLE('',#196,0.45);
#196 = AXIS2_PLACEMENT_3D('',#197,#198,#199);
#197 = CARTESIAN_POINT('',(15.5001,9.5001,3.7905));
#198 = DIRECTION('',(0.,0.,1.));
#199 = DIRECTION('',(1.,0.,-0.));
#200 = PLANE('',#201);
#201 = AXIS2_PLACEMENT_3D('',#202,#203,#204);
#202 = CARTESIAN_POINT('',(-1.016,-1.016,3.7905));
#203 = DIRECTION('',(0.,0.,1.));
#204 = DIRECTION('',(1.,0.,-0.));
#205 = ADVANCED_FACE('',(#206),#224,.T.);
#206 = FACE_BOUND('',#207,.T.);
#207 = EDGE_LOOP('',(#208,#216,#217,#218));
#208 = ORIENTED_EDGE('',*,*,#209,.F.);
#209 = EDGE_CURVE('',#81,#210,#212,.T.);
#210 = VERTEX_POINT('',#211);
#211 = CARTESIAN_POINT('',(16.51,10.668,2.54));
#212 = LINE('',#213,#214);
#213 = CARTESIAN_POINT('',(-1.016,10.668,2.54));
#214 = VECTOR('',#215,1.);
#215 = DIRECTION('',(1.,0.,-0.));
#216 = ORIENTED_EDGE('',*,*,#88,.T.);
#217 = ORIENTED_EDGE('',*,*,#151,.T.);
#218 = ORIENTED_EDGE('',*,*,#219,.F.);
#219 = EDGE_CURVE('',#210,#144,#220,.T.);
#220 = LINE('',#221,#222);
#221 = CARTESIAN_POINT('',(16.51,10.668,2.54));
#222 = VECTOR('',#223,1.);
#223 = DIRECTION('',(0.,0.,1.));
#224 = PLANE('',#225);
#225 = AXIS2_PLACEMENT_3D('',#226,#227,#228);
#226 = CARTESIAN_POINT('',(-1.016,10.668,2.54));
#227 = DIRECTION('',(-0.,1.,0.));
#228 = DIRECTION('',(0.,0.,1.));
#229 = ADVANCED_FACE('',(#230,#241,#252,#263,#274),#285,.F.);
#230 = FACE_BOUND('',#231,.F.);
#231 = EDGE_LOOP('',(#232,#233,#234,#240));
#232 = ORIENTED_EDGE('',*,*,#80,.F.);
#233 = ORIENTED_EDGE('',*,*,#110,.T.);
#234 = ORIENTED_EDGE('',*,*,#235,.T.);
#235 = EDGE_CURVE('',#111,#210,#236,.T.);
#236 = LINE('',#237,#238);
#237 = CARTESIAN_POINT('',(16.51,-1.016,2.54));
#238 = VECTOR('',#239,1.);
#239 = DIRECTION('',(-0.,1.,0.));
#240 = ORIENTED_EDGE('',*,*,#209,.F.);
#241 = FACE_BOUND('',#242,.F.);
#242 = EDGE_LOOP('',(#243));
#243 = ORIENTED_EDGE('',*,*,#244,.F.);
#244 = EDGE_CURVE('',#245,#245,#247,.T.);
#245 = VERTEX_POINT('',#246);
#246 = CARTESIAN_POINT('',(0.45,-1.102182119233E-16,2.54));
#247 = CIRCLE('',#248,0.45);
#248 = AXIS2_PLACEMENT_3D('',#249,#250,#251);
#249 = CARTESIAN_POINT('',(0.,0.,2.54));
#250 = DIRECTION('',(0.,0.,1.));
#251 = DIRECTION('',(1.,0.,-0.));
#252 = FACE_BOUND('',#253,.F.);
#253 = EDGE_LOOP('',(#254));
#254 = ORIENTED_EDGE('',*,*,#255,.F.);
#255 = EDGE_CURVE('',#256,#256,#258,.T.);
#256 = VERTEX_POINT('',#257);
#257 = CARTESIAN_POINT('',(15.9501,-1.102182119233E-16,2.54));
#258 = CIRCLE('',#259,0.45);
#259 = AXIS2_PLACEMENT_3D('',#260,#261,#262);
#260 = CARTESIAN_POINT('',(15.5001,0.,2.54));
#261 = DIRECTION('',(0.,0.,1.));
#262 = DIRECTION('',(1.,0.,-0.));
#263 = FACE_BOUND('',#264,.F.);
#264 = EDGE_LOOP('',(#265));
#265 = ORIENTED_EDGE('',*,*,#266,.F.);
#266 = EDGE_CURVE('',#267,#267,#269,.T.);
#267 = VERTEX_POINT('',#268);
#268 = CARTESIAN_POINT('',(0.45,9.5001,2.54));
#269 = CIRCLE('',#270,0.45);
#270 = AXIS2_PLACEMENT_3D('',#271,#272,#273);
#271 = CARTESIAN_POINT('',(0.,9.5001,2.54));
#272 = DIRECTION('',(0.,0.,1.));
#273 = DIRECTION('',(1.,0.,-0.));
#274 = FACE_BOUND('',#275,.F.);
#275 = EDGE_LOOP('',(#276));
#276 = ORIENTED_EDGE('',*,*,#277,.F.);
#277 = EDGE_CURVE('',#278,#278,#280,.T.);
#278 = VERTEX_POINT('',#279);
#279 = CARTESIAN_POINT('',(15.9501,9.5001,2.54));
#280 = CIRCLE('',#281,0.45);
#281 = AXIS2_PLACEMENT_3D('',#282,#283,#284);
#282 = CARTESIAN_POINT('',(15.5001,9.5001,2.54));
#283 = DIRECTION('',(0.,0.,1.));
#284 = DIRECTION('',(1.,0.,-0.));
#285 = PLANE('',#286);
#286 = AXIS2_PLACEMENT_3D('',#287,#288,#289);
#287 = CARTESIAN_POINT('',(-1.016,-1.016,2.54));
#288 = DIRECTION('',(0.,0.,1.));
#289 = DIRECTION('',(1.,0.,-0.));
#290 = ADVANCED_FACE('',(#291),#297,.T.);
#291 = FACE_BOUND('',#292,.T.);
#292 = EDGE_LOOP('',(#293,#294,#295,#296));
#293 = ORIENTED_EDGE('',*,*,#127,.F.);
#294 = ORIENTED_EDGE('',*,*,#235,.T.);
#295 = ORIENTED_EDGE('',*,*,#219,.T.);
#296 = ORIENTED_EDGE('',*,*,#143,.F.);
#297 = PLANE('',#298);
#298 = AXIS2_PLACEMENT_3D('',#299,#300,#301);
#299 = CARTESIAN_POINT('',(16.51,-1.016,2.54));
#300 = DIRECTION('',(1.,0.,-0.));
#301 = DIRECTION('',(0.,0.,1.));
#302 = ADVANCED_FACE('',(#303),#314,.F.);
#303 = FACE_BOUND('',#304,.F.);
#304 = EDGE_LOOP('',(#305,#306,#312,#313));
#305 = ORIENTED_EDGE('',*,*,#159,.F.);
#306 = ORIENTED_EDGE('',*,*,#307,.F.);
#307 = EDGE_CURVE('',#245,#160,#308,.T.);
#308 = LINE('',#309,#310);
#309 = CARTESIAN_POINT('',(0.45,-1.102182119233E-16,1.54));
#310 = VECTOR('',#311,1.);
#311 = DIRECTION('',(0.,0.,1.));
#312 = ORIENTED_EDGE('',*,*,#244,.T.);
#313 = ORIENTED_EDGE('',*,*,#307,.T.);
#314 = CYLINDRICAL_SURFACE('',#315,0.45);
#315 = AXIS2_PLACEMENT_3D('',#316,#317,#318);
#316 = CARTESIAN_POINT('',(0.,0.,1.54));
#317 = DIRECTION('',(0.,0.,1.));
#318 = DIRECTION('',(1.,0.,-0.));
#319 = ADVANCED_FACE('',(#320),#331,.F.);
#320 = FACE_BOUND('',#321,.F.);
#321 = EDGE_LOOP('',(#322,#323,#329,#330));
#322 = ORIENTED_EDGE('',*,*,#170,.F.);
#323 = ORIENTED_EDGE('',*,*,#324,.F.);
#324 = EDGE_CURVE('',#256,#171,#325,.T.);
#325 = LINE('',#326,#327);
#326 = CARTESIAN_POINT('',(15.9501,-1.102182119233E-16,1.54));
#327 = VECTOR('',#328,1.);
#328 = DIRECTION('',(0.,0.,1.));
#329 = ORIENTED_EDGE('',*,*,#255,.T.);
#330 = ORIENTED_EDGE('',*,*,#324,.T.);
#331 = CYLINDRICAL_SURFACE('',#332,0.45);
#332 = AXIS2_PLACEMENT_3D('',#333,#334,#335);
#333 = CARTESIAN_POINT('',(15.5001,0.,1.54));
#334 = DIRECTION('',(0.,0.,1.));
#335 = DIRECTION('',(1.,0.,-0.));
#336 = ADVANCED_FACE('',(#337),#348,.F.);
#337 = FACE_BOUND('',#338,.F.);
#338 = EDGE_LOOP('',(#339,#340,#346,#347));
#339 = ORIENTED_EDGE('',*,*,#181,.F.);
#340 = ORIENTED_EDGE('',*,*,#341,.F.);
#341 = EDGE_CURVE('',#267,#182,#342,.T.);
#342 = LINE('',#343,#344);
#343 = CARTESIAN_POINT('',(0.45,9.5001,1.54));
#344 = VECTOR('',#345,1.);
#345 = DIRECTION('',(0.,0.,1.));
#346 = ORIENTED_EDGE('',*,*,#266,.T.);
#347 = ORIENTED_EDGE('',*,*,#341,.T.);
#348 = CYLINDRICAL_SURFACE('',#349,0.45);
#349 = AXIS2_PLACEMENT_3D('',#350,#351,#352);
#350 = CARTESIAN_POINT('',(0.,9.5001,1.54));
#351 = DIRECTION('',(0.,0.,1.));
#352 = DIRECTION('',(1.,0.,-0.));
#353 = ADVANCED_FACE('',(#354),#365,.F.);
#354 = FACE_BOUND('',#355,.F.);
#355 = EDGE_LOOP('',(#356,#357,#363,#364));
#356 = ORIENTED_EDGE('',*,*,#192,.F.);
#357 = ORIENTED_EDGE('',*,*,#358,.F.);
#358 = EDGE_CURVE('',#278,#193,#359,.T.);
#359 = LINE('',#360,#361);
#360 = CARTESIAN_POINT('',(15.9501,9.5001,1.54));
#361 = VECTOR('',#362,1.);
#362 = DIRECTION('',(0.,0.,1.));
#363 = ORIENTED_EDGE('',*,*,#277,.T.);
#364 = ORIENTED_EDGE('',*,*,#358,.T.);
#365 = CYLINDRICAL_SURFACE('',#366,0.45);
#366 = AXIS2_PLACEMENT_3D('',#367,#368,#369);
#367 = CARTESIAN_POINT('',(15.5001,9.5001,1.54));
#368 = DIRECTION('',(0.,0.,1.));
#369 = DIRECTION('',(1.,0.,-0.));
#370 = ( GEOMETRIC_REPRESENTATION_CONTEXT(3) 
GLOBAL_UNCERTAINTY_ASSIGNED_CONTEXT((#374)) GLOBAL_UNIT_ASSIGNED_CONTEXT
((#371,#372,#373)) REPRESENTATION_CONTEXT('Context #1',
  '3D Context with UNIT and UNCERTAINTY') );
#371 = ( LENGTH_UNIT() NAMED_UNIT(*) SI_UNIT(.MILLI.,.METRE.) );
#372 = ( NAMED_UNIT(*) PLANE_ANGLE_UNIT() SI_UNIT($,.RADIAN.) );
#373 = ( NAMED_UNIT(*) SI_UNIT($,.STERADIAN.) SOLID_ANGLE_UNIT() );
#374 = UNCERTAINTY_MEASURE_WITH_UNIT(LENGTH_MEASURE(1.E-07),#371,
  'distance_accuracy_value','confusion accuracy');
#375 = CONTEXT_DEPENDENT_SHAPE_REPRESENTATION(#376,#378);
#376 = ( REPRESENTATION_RELATIONSHIP('','',#63,#40) 
REPRESENTATION_RELATIONSHIP_WITH_TRANSFORMATION(#377) 
SHAPE_REPRESENTATION_RELATIONSHIP() );
#377 = ITEM_DEFINED_TRANSFORMATION('','',#11,#41);
#378 = PRODUCT_DEFINITION_SHAPE('Placement','Placement of an item',#379
  );
#379 = NEXT_ASSEMBLY_USAGE_OCCURRENCE('1',
  'Mini360 PCB from KiCad footprint 17.27 x 11.5 mm','',#35,#58,$);
#380 = PRODUCT_RELATED_PRODUCT_CATEGORY('part',$,(#60));
#381 = SHAPE_DEFINITION_REPRESENTATION(#382,#388);
#382 = PRODUCT_DEFINITION_SHAPE('','',#383);
#383 = PRODUCT_DEFINITION('design','',#384,#387);
#384 = PRODUCT_DEFINITION_FORMATION('','',#385);
#385 = PRODUCT('PLS x 4','PLS x 4','',(#386));
#386 = PRODUCT_CONTEXT('',#2,'mechanical');
#387 = PRODUCT_DEFINITION_CONTEXT('part definition',#2,'design');
#388 = SHAPE_REPRESENTATION('',(#11,#389,#393,#397,#401),#405);
#389 = AXIS2_PLACEMENT_3D('',#390,#391,#392);
#390 = CARTESIAN_POINT('',(0.,19.0002,0.));
#391 = DIRECTION('',(0.,0.,1.));
#392 = DIRECTION('',(1.,0.,0.));
#393 = AXIS2_PLACEMENT_3D('',#394,#395,#396);
#394 = CARTESIAN_POINT('',(0.,19.0002,0.));
#395 = DIRECTION('',(0.,0.,1.));
#396 = DIRECTION('',(1.,0.,0.));
#397 = AXIS2_PLACEMENT_3D('',#398,#399,#400);
#398 = CARTESIAN_POINT('',(0.,0.,0.));
#399 = DIRECTION('',(0.,0.,1.));
#400 = DIRECTION('',(1.,0.,0.));
#401 = AXIS2_PLACEMENT_3D('',#402,#403,#404);
#402 = CARTESIAN_POINT('',(0.,0.,0.));
#403 = DIRECTION('',(0.,0.,1.));
#404 = DIRECTION('',(1.,0.,0.));
#405 = ( GEOMETRIC_REPRESENTATION_CONTEXT(3) 
GLOBAL_UNCERTAINTY_ASSIGNED_CONTEXT((#409)) GLOBAL_UNIT_ASSIGNED_CONTEXT
((#406,#407,#408)) REPRESENTATION_CONTEXT('Context #1',
  '3D Context with UNIT and UNCERTAINTY') );
#406 = ( LENGTH_UNIT() NAMED_UNIT(*) SI_UNIT(.MILLI.,.METRE.) );
#407 = ( NAMED_UNIT(*) PLANE_ANGLE_UNIT() SI_UNIT($,.RADIAN.) );
#408 = ( NAMED_UNIT(*) SI_UNIT($,.STERADIAN.) SOLID_ANGLE_UNIT() );
#409 = UNCERTAINTY_MEASURE_WITH_UNIT(LENGTH_MEASURE(1.E-07),#406,
  'distance_accuracy_value','confusion accuracy');
#410 = CONTEXT_DEPENDENT_SHAPE_REPRESENTATION(#411,#413);
#411 = ( REPRESENTATION_RELATIONSHIP('','',#388,#10) 
REPRESENTATION_RELATIONSHIP_WITH_TRANSFORMATION(#412) 
SHAPE_REPRESENTATION_RELATIONSHIP() );
#412 = ITEM_DEFINED_TRANSFORMATION('','',#11,#19);
#413 = PRODUCT_DEFINITION_SHAPE('Placement','Placement of an item',#414
  );
#414 = NEXT_ASSEMBLY_USAGE_OCCURRENCE('7','PLS x 4','',#5,#383,$);
#415 = PRODUCT_RELATED_PRODUCT_CATEGORY('part',$,(#385));
#416 = SHAPE_DEFINITION_REPRESENTATION(#417,#423);
#417 = PRODUCT_DEFINITION_SHAPE('','',#418);
#418 = PRODUCT_DEFINITION('design','',#419,#422);
#419 = PRODUCT_DEFINITION_FORMATION('','',#420);
#420 = PRODUCT('PLS_1x01 01','PLS_1x01 01','',(#421));
#421 = PRODUCT_CONTEXT('',#2,'mechanical');
#422 = PRODUCT_DEFINITION_CONTEXT('part definition',#2,'design');
#423 = ADVANCED_BREP_SHAPE_REPRESENTATION('',(#11,#424),#1182);
#424 = MANIFOLD_SOLID_BREP('',#425);
#425 = CLOSED_SHELL('',(#426,#466,#497,#528,#611,#694,#711,#728,#745,
    #762,#774,#805,#829,#853,#870,#901,#925,#949,#966,#997,#1021,#1045,
    #1062,#1093,#1117,#1141,#1158,#1170));
#426 = ADVANCED_FACE('',(#427),#461,.F.);
#427 = FACE_BOUND('',#428,.F.);
#428 = EDGE_LOOP('',(#429,#439,#447,#455));
#429 = ORIENTED_EDGE('',*,*,#430,.T.);
#430 = EDGE_CURVE('',#431,#433,#435,.T.);
#431 = VERTEX_POINT('',#432);
#432 = CARTESIAN_POINT('',(16.7701,-10.5161,2.54));
#433 = VERTEX_POINT('',#434);
#434 = CARTESIAN_POINT('',(16.7701,-10.5161,0.));
#435 = LINE('',#436,#437);
#436 = CARTESIAN_POINT('',(16.7701,-10.5161,2.54));
#437 = VECTOR('',#438,1.);
#438 = DIRECTION('',(0.,0.,-1.));
#439 = ORIENTED_EDGE('',*,*,#440,.T.);
#440 = EDGE_CURVE('',#433,#441,#443,.T.);
#441 = VERTEX_POINT('',#442);
#442 = CARTESIAN_POINT('',(16.5161,-10.7701,0.));
#443 = LINE('',#444,#445);
#444 = CARTESIAN_POINT('',(16.7701,-10.5161,0.));
#445 = VECTOR('',#446,1.);
#446 = DIRECTION('',(-0.707106781187,-0.707106781187,-0.));
#447 = ORIENTED_EDGE('',*,*,#448,.F.);
#448 = EDGE_CURVE('',#449,#441,#451,.T.);
#449 = VERTEX_POINT('',#450);
#450 = CARTESIAN_POINT('',(16.5161,-10.7701,2.54));
#451 = LINE('',#452,#453);
#452 = CARTESIAN_POINT('',(16.5161,-10.7701,2.54));
#453 = VECTOR('',#454,1.);
#454 = DIRECTION('',(0.,0.,-1.));
#455 = ORIENTED_EDGE('',*,*,#456,.F.);
#456 = EDGE_CURVE('',#431,#449,#457,.T.);
#457 = LINE('',#458,#459);
#458 = CARTESIAN_POINT('',(16.7701,-10.5161,2.54));
#459 = VECTOR('',#460,1.);
#460 = DIRECTION('',(-0.707106781187,-0.707106781187,-0.));
#461 = PLANE('',#462);
#462 = AXIS2_PLACEMENT_3D('',#463,#464,#465);
#463 = CARTESIAN_POINT('',(16.7701,-10.5161,2.54));
#464 = DIRECTION('',(-0.707106781187,0.707106781187,0.));
#465 = DIRECTION('',(-0.707106781187,-0.707106781187,-0.));
#466 = ADVANCED_FACE('',(#467),#492,.F.);
#467 = FACE_BOUND('',#468,.F.);
#468 = EDGE_LOOP('',(#469,#479,#485,#486));
#469 = ORIENTED_EDGE('',*,*,#470,.T.);
#470 = EDGE_CURVE('',#471,#473,#475,.T.);
#471 = VERTEX_POINT('',#472);
#472 = CARTESIAN_POINT('',(16.7701,-8.4841,2.54));
#473 = VERTEX_POINT('',#474);
#474 = CARTESIAN_POINT('',(16.7701,-8.4841,0.));
#475 = LINE('',#476,#477);
#476 = CARTESIAN_POINT('',(16.7701,-8.4841,2.54));
#477 = VECTOR('',#478,1.);
#478 = DIRECTION('',(0.,0.,-1.));
#479 = ORIENTED_EDGE('',*,*,#480,.T.);
#480 = EDGE_CURVE('',#473,#433,#481,.T.);
#481 = LINE('',#482,#483);
#482 = CARTESIAN_POINT('',(16.7701,-8.4841,0.));
#483 = VECTOR('',#484,1.);
#484 = DIRECTION('',(-2.22044604925E-16,-1.,0.));
#485 = ORIENTED_EDGE('',*,*,#430,.F.);
#486 = ORIENTED_EDGE('',*,*,#487,.F.);
#487 = EDGE_CURVE('',#471,#431,#488,.T.);
#488 = LINE('',#489,#490);
#489 = CARTESIAN_POINT('',(16.7701,-8.4841,2.54));
#490 = VECTOR('',#491,1.);
#491 = DIRECTION('',(-2.22044604925E-16,-1.,0.));
#492 = PLANE('',#493);
#493 = AXIS2_PLACEMENT_3D('',#494,#495,#496);
#494 = CARTESIAN_POINT('',(16.7701,-8.4841,2.54));
#495 = DIRECTION('',(-1.,2.22044604925E-16,0.));
#496 = DIRECTION('',(-2.22044604925E-16,-1.,0.));
#497 = ADVANCED_FACE('',(#498),#523,.F.);
#498 = FACE_BOUND('',#499,.F.);
#499 = EDGE_LOOP('',(#500,#501,#509,#517));
#500 = ORIENTED_EDGE('',*,*,#448,.T.);
#501 = ORIENTED_EDGE('',*,*,#502,.T.);
#502 = EDGE_CURVE('',#441,#503,#505,.T.);
#503 = VERTEX_POINT('',#504);
#504 = CARTESIAN_POINT('',(14.4841,-10.7701,0.));
#505 = LINE('',#506,#507);
#506 = CARTESIAN_POINT('',(16.5161,-10.7701,0.));
#507 = VECTOR('',#508,1.);
#508 = DIRECTION('',(-1.,2.22044604925E-16,0.));
#509 = ORIENTED_EDGE('',*,*,#510,.F.);
#510 = EDGE_CURVE('',#511,#503,#513,.T.);
#511 = VERTEX_POINT('',#512);
#512 = CARTESIAN_POINT('',(14.4841,-10.7701,2.54));
#513 = LINE('',#514,#515);
#514 = CARTESIAN_POINT('',(14.4841,-10.7701,2.54));
#515 = VECTOR('',#516,1.);
#516 = DIRECTION('',(0.,0.,-1.));
#517 = ORIENTED_EDGE('',*,*,#518,.F.);
#518 = EDGE_CURVE('',#449,#511,#519,.T.);
#519 = LINE('',#520,#521);
#520 = CARTESIAN_POINT('',(16.5161,-10.7701,2.54));
#521 = VECTOR('',#522,1.);
#522 = DIRECTION('',(-1.,2.22044604925E-16,0.));
#523 = PLANE('',#524);
#524 = AXIS2_PLACEMENT_3D('',#525,#526,#527);
#525 = CARTESIAN_POINT('',(16.5161,-10.7701,2.54));
#526 = DIRECTION('',(2.22044604925E-16,1.,0.));
#527 = DIRECTION('',(-1.,2.22044604925E-16,0.));
#528 = ADVANCED_FACE('',(#529,#572),#606,.F.);
#529 = FACE_BOUND('',#530,.F.);
#530 = EDGE_LOOP('',(#531,#532,#533,#541,#549,#557,#565,#571));
#531 = ORIENTED_EDGE('',*,*,#456,.T.);
#532 = ORIENTED_EDGE('',*,*,#518,.T.);
#533 = ORIENTED_EDGE('',*,*,#534,.T.);
#534 = EDGE_CURVE('',#511,#535,#537,.T.);
#535 = VERTEX_POINT('',#536);
#536 = CARTESIAN_POINT('',(14.2301,-10.5161,2.54));
#537 = LINE('',#538,#539);
#538 = CARTESIAN_POINT('',(14.4841,-10.7701,2.54));
#539 = VECTOR('',#540,1.);
#540 = DIRECTION('',(-0.707106781187,0.707106781187,0.));
#541 = ORIENTED_EDGE('',*,*,#542,.T.);
#542 = EDGE_CURVE('',#535,#543,#545,.T.);
#543 = VERTEX_POINT('',#544);
#544 = CARTESIAN_POINT('',(14.2301,-8.4841,2.54));
#545 = LINE('',#546,#547);
#546 = CARTESIAN_POINT('',(14.2301,-10.5161,2.54));
#547 = VECTOR('',#548,1.);
#548 = DIRECTION('',(2.22044604925E-16,1.,0.));
#549 = ORIENTED_EDGE('',*,*,#550,.T.);
#550 = EDGE_CURVE('',#543,#551,#553,.T.);
#551 = VERTEX_POINT('',#552);
#552 = CARTESIAN_POINT('',(14.4841,-8.2301,2.54));
#553 = LINE('',#554,#555);
#554 = CARTESIAN_POINT('',(14.2301,-8.4841,2.54));
#555 = VECTOR('',#556,1.);
#556 = DIRECTION('',(0.707106781187,0.707106781187,0.));
#557 = ORIENTED_EDGE('',*,*,#558,.T.);
#558 = EDGE_CURVE('',#551,#559,#561,.T.);
#559 = VERTEX_POINT('',#560);
#560 = CARTESIAN_POINT('',(16.5161,-8.2301,2.54));
#561 = LINE('',#562,#563);
#562 = CARTESIAN_POINT('',(14.4841,-8.2301,2.54));
#563 = VECTOR('',#564,1.);
#564 = DIRECTION('',(1.,-2.22044604925E-16,0.));
#565 = ORIENTED_EDGE('',*,*,#566,.T.);
#566 = EDGE_CURVE('',#559,#471,#567,.T.);
#567 = LINE('',#568,#569);
#568 = CARTESIAN_POINT('',(16.5161,-8.2301,2.54));
#569 = VECTOR('',#570,1.);
#570 = DIRECTION('',(0.707106781187,-0.707106781187,0.));
#571 = ORIENTED_EDGE('',*,*,#487,.T.);
#572 = FACE_BOUND('',#573,.F.);
#573 = EDGE_LOOP('',(#574,#584,#592,#600));
#574 = ORIENTED_EDGE('',*,*,#575,.T.);
#575 = EDGE_CURVE('',#576,#578,#580,.T.);
#576 = VERTEX_POINT('',#577);
#577 = CARTESIAN_POINT('',(15.1801,-9.1801,2.54));
#578 = VERTEX_POINT('',#579);
#579 = CARTESIAN_POINT('',(15.1801,-9.8201,2.54));
#580 = LINE('',#581,#582);
#581 = CARTESIAN_POINT('',(15.1801,-9.6601,2.54));
#582 = VECTOR('',#583,1.);
#583 = DIRECTION('',(-2.22044604925E-16,-1.,0.));
#584 = ORIENTED_EDGE('',*,*,#585,.T.);
#585 = EDGE_CURVE('',#578,#586,#588,.T.);
#586 = VERTEX_POINT('',#587);
#587 = CARTESIAN_POINT('',(15.8201,-9.8201,2.54));
#588 = LINE('',#589,#590);
#589 = CARTESIAN_POINT('',(15.3401,-9.8201,2.54));
#590 = VECTOR('',#591,1.);
#591 = DIRECTION('',(1.,-2.22044604925E-16,0.));
#592 = ORIENTED_EDGE('',*,*,#593,.F.);
#593 = EDGE_CURVE('',#594,#586,#596,.T.);
#594 = VERTEX_POINT('',#595);
#595 = CARTESIAN_POINT('',(15.8201,-9.1801,2.54));
#596 = LINE('',#597,#598);
#597 = CARTESIAN_POINT('',(15.8201,-9.6601,2.54));
#598 = VECTOR('',#599,1.);
#599 = DIRECTION('',(-2.22044604925E-16,-1.,0.));
#600 = ORIENTED_EDGE('',*,*,#601,.F.);
#601 = EDGE_CURVE('',#576,#594,#602,.T.);
#602 = LINE('',#603,#604);
#603 = CARTESIAN_POINT('',(15.3401,-9.1801,2.54));
#604 = VECTOR('',#605,1.);
#605 = DIRECTION('',(1.,-2.22044604925E-16,0.));
#606 = PLANE('',#607);
#607 = AXIS2_PLACEMENT_3D('',#608,#609,#610);
#608 = CARTESIAN_POINT('',(15.5001,-9.5001,2.54));
#609 = DIRECTION('',(0.,0.,-1.));
#610 = DIRECTION('',(2.22044604925E-16,1.,0.));
#611 = ADVANCED_FACE('',(#612,#655),#689,.T.);
#612 = FACE_BOUND('',#613,.T.);
#613 = EDGE_LOOP('',(#614,#615,#616,#624,#632,#640,#648,#654));
#614 = ORIENTED_EDGE('',*,*,#440,.T.);
#615 = ORIENTED_EDGE('',*,*,#502,.T.);
#616 = ORIENTED_EDGE('',*,*,#617,.T.);
#617 = EDGE_CURVE('',#503,#618,#620,.T.);
#618 = VERTEX_POINT('',#619);
#619 = CARTESIAN_POINT('',(14.2301,-10.5161,0.));
#620 = LINE('',#621,#622);
#621 = CARTESIAN_POINT('',(14.4841,-10.7701,0.));
#622 = VECTOR('',#623,1.);
#623 = DIRECTION('',(-0.707106781187,0.707106781187,0.));
#624 = ORIENTED_EDGE('',*,*,#625,.T.);
#625 = EDGE_CURVE('',#618,#626,#628,.T.);
#626 = VERTEX_POINT('',#627);
#627 = CARTESIAN_POINT('',(14.2301,-8.4841,0.));
#628 = LINE('',#629,#630);
#629 = CARTESIAN_POINT('',(14.2301,-10.5161,0.));
#630 = VECTOR('',#631,1.);
#631 = DIRECTION('',(2.22044604925E-16,1.,0.));
#632 = ORIENTED_EDGE('',*,*,#633,.T.);
#633 = EDGE_CURVE('',#626,#634,#636,.T.);
#634 = VERTEX_POINT('',#635);
#635 = CARTESIAN_POINT('',(14.4841,-8.2301,0.));
#636 = LINE('',#637,#638);
#637 = CARTESIAN_POINT('',(14.2301,-8.4841,0.));
#638 = VECTOR('',#639,1.);
#639 = DIRECTION('',(0.707106781187,0.707106781187,0.));
#640 = ORIENTED_EDGE('',*,*,#641,.T.);
#641 = EDGE_CURVE('',#634,#642,#644,.T.);
#642 = VERTEX_POINT('',#643);
#643 = CARTESIAN_POINT('',(16.5161,-8.2301,0.));
#644 = LINE('',#645,#646);
#645 = CARTESIAN_POINT('',(14.4841,-8.2301,0.));
#646 = VECTOR('',#647,1.);
#647 = DIRECTION('',(1.,-2.22044604925E-16,0.));
#648 = ORIENTED_EDGE('',*,*,#649,.T.);
#649 = EDGE_CURVE('',#642,#473,#650,.T.);
#650 = LINE('',#651,#652);
#651 = CARTESIAN_POINT('',(16.5161,-8.2301,0.));
#652 = VECTOR('',#653,1.);
#653 = DIRECTION('',(0.707106781187,-0.707106781187,0.));
#654 = ORIENTED_EDGE('',*,*,#480,.T.);
#655 = FACE_BOUND('',#656,.T.);
#656 = EDGE_LOOP('',(#657,#667,#675,#683));
#657 = ORIENTED_EDGE('',*,*,#658,.T.);
#658 = EDGE_CURVE('',#659,#661,#663,.T.);
#659 = VERTEX_POINT('',#660);
#660 = CARTESIAN_POINT('',(15.1801,-9.1801,0.));
#661 = VERTEX_POINT('',#662);
#662 = CARTESIAN_POINT('',(15.1801,-9.8201,0.));
#663 = LINE('',#664,#665);
#664 = CARTESIAN_POINT('',(15.1801,-9.6601,0.));
#665 = VECTOR('',#666,1.);
#666 = DIRECTION('',(-2.22044604925E-16,-1.,0.));
#667 = ORIENTED_EDGE('',*,*,#668,.T.);
#668 = EDGE_CURVE('',#661,#669,#671,.T.);
#669 = VERTEX_POINT('',#670);
#670 = CARTESIAN_POINT('',(15.8201,-9.8201,0.));
#671 = LINE('',#672,#673);
#672 = CARTESIAN_POINT('',(15.3401,-9.8201,0.));
#673 = VECTOR('',#674,1.);
#674 = DIRECTION('',(1.,-2.22044604925E-16,0.));
#675 = ORIENTED_EDGE('',*,*,#676,.F.);
#676 = EDGE_CURVE('',#677,#669,#679,.T.);
#677 = VERTEX_POINT('',#678);
#678 = CARTESIAN_POINT('',(15.8201,-9.1801,0.));
#679 = LINE('',#680,#681);
#680 = CARTESIAN_POINT('',(15.8201,-9.6601,0.));
#681 = VECTOR('',#682,1.);
#682 = DIRECTION('',(-2.22044604925E-16,-1.,0.));
#683 = ORIENTED_EDGE('',*,*,#684,.F.);
#684 = EDGE_CURVE('',#659,#677,#685,.T.);
#685 = LINE('',#686,#687);
#686 = CARTESIAN_POINT('',(15.3401,-9.1801,0.));
#687 = VECTOR('',#688,1.);
#688 = DIRECTION('',(1.,-2.22044604925E-16,0.));
#689 = PLANE('',#690);
#690 = AXIS2_PLACEMENT_3D('',#691,#692,#693);
#691 = CARTESIAN_POINT('',(15.5001,-9.5001,0.));
#692 = DIRECTION('',(0.,0.,-1.));
#693 = DIRECTION('',(2.22044604925E-16,1.,0.));
#694 = ADVANCED_FACE('',(#695),#706,.F.);
#695 = FACE_BOUND('',#696,.F.);
#696 = EDGE_LOOP('',(#697,#703,#704,#705));
#697 = ORIENTED_EDGE('',*,*,#698,.T.);
#698 = EDGE_CURVE('',#559,#642,#699,.T.);
#699 = LINE('',#700,#701);
#700 = CARTESIAN_POINT('',(16.5161,-8.2301,2.54));
#701 = VECTOR('',#702,1.);
#702 = DIRECTION('',(0.,0.,-1.));
#703 = ORIENTED_EDGE('',*,*,#649,.T.);
#704 = ORIENTED_EDGE('',*,*,#470,.F.);
#705 = ORIENTED_EDGE('',*,*,#566,.F.);
#706 = PLANE('',#707);
#707 = AXIS2_PLACEMENT_3D('',#708,#709,#710);
#708 = CARTESIAN_POINT('',(16.5161,-8.2301,2.54));
#709 = DIRECTION('',(-0.707106781187,-0.707106781187,-0.));
#710 = DIRECTION('',(0.707106781187,-0.707106781187,0.));
#711 = ADVANCED_FACE('',(#712),#723,.F.);
#712 = FACE_BOUND('',#713,.F.);
#713 = EDGE_LOOP('',(#714,#715,#716,#722));
#714 = ORIENTED_EDGE('',*,*,#510,.T.);
#715 = ORIENTED_EDGE('',*,*,#617,.T.);
#716 = ORIENTED_EDGE('',*,*,#717,.F.);
#717 = EDGE_CURVE('',#535,#618,#718,.T.);
#718 = LINE('',#719,#720);
#719 = CARTESIAN_POINT('',(14.2301,-10.5161,2.54));
#720 = VECTOR('',#721,1.);
#721 = DIRECTION('',(0.,0.,-1.));
#722 = ORIENTED_EDGE('',*,*,#534,.F.);
#723 = PLANE('',#724);
#724 = AXIS2_PLACEMENT_3D('',#725,#726,#727);
#725 = CARTESIAN_POINT('',(14.4841,-10.7701,2.54));
#726 = DIRECTION('',(0.707106781187,0.707106781187,0.));
#727 = DIRECTION('',(-0.707106781187,0.707106781187,0.));
#728 = ADVANCED_FACE('',(#729),#740,.F.);
#729 = FACE_BOUND('',#730,.F.);
#730 = EDGE_LOOP('',(#731,#737,#738,#739));
#731 = ORIENTED_EDGE('',*,*,#732,.T.);
#732 = EDGE_CURVE('',#551,#634,#733,.T.);
#733 = LINE('',#734,#735);
#734 = CARTESIAN_POINT('',(14.4841,-8.2301,2.54));
#735 = VECTOR('',#736,1.);
#736 = DIRECTION('',(0.,0.,-1.));
#737 = ORIENTED_EDGE('',*,*,#641,.T.);
#738 = ORIENTED_EDGE('',*,*,#698,.F.);
#739 = ORIENTED_EDGE('',*,*,#558,.F.);
#740 = PLANE('',#741);
#741 = AXIS2_PLACEMENT_3D('',#742,#743,#744);
#742 = CARTESIAN_POINT('',(14.4841,-8.2301,2.54));
#743 = DIRECTION('',(-2.22044604925E-16,-1.,0.));
#744 = DIRECTION('',(1.,-2.22044604925E-16,0.));
#745 = ADVANCED_FACE('',(#746),#757,.F.);
#746 = FACE_BOUND('',#747,.F.);
#747 = EDGE_LOOP('',(#748,#749,#750,#756));
#748 = ORIENTED_EDGE('',*,*,#717,.T.);
#749 = ORIENTED_EDGE('',*,*,#625,.T.);
#750 = ORIENTED_EDGE('',*,*,#751,.F.);
#751 = EDGE_CURVE('',#543,#626,#752,.T.);
#752 = LINE('',#753,#754);
#753 = CARTESIAN_POINT('',(14.2301,-8.4841,2.54));
#754 = VECTOR('',#755,1.);
#755 = DIRECTION('',(0.,0.,-1.));
#756 = ORIENTED_EDGE('',*,*,#542,.F.);
#757 = PLANE('',#758);
#758 = AXIS2_PLACEMENT_3D('',#759,#760,#761);
#759 = CARTESIAN_POINT('',(14.2301,-10.5161,2.54));
#760 = DIRECTION('',(1.,-2.22044604925E-16,0.));
#761 = DIRECTION('',(2.22044604925E-16,1.,0.));
#762 = ADVANCED_FACE('',(#763),#769,.F.);
#763 = FACE_BOUND('',#764,.F.);
#764 = EDGE_LOOP('',(#765,#766,#767,#768));
#765 = ORIENTED_EDGE('',*,*,#751,.T.);
#766 = ORIENTED_EDGE('',*,*,#633,.T.);
#767 = ORIENTED_EDGE('',*,*,#732,.F.);
#768 = ORIENTED_EDGE('',*,*,#550,.F.);
#769 = PLANE('',#770);
#770 = AXIS2_PLACEMENT_3D('',#771,#772,#773);
#771 = CARTESIAN_POINT('',(14.2301,-8.4841,2.54));
#772 = DIRECTION('',(0.707106781187,-0.707106781187,0.));
#773 = DIRECTION('',(0.707106781187,0.707106781187,0.));
#774 = ADVANCED_FACE('',(#775),#800,.F.);
#775 = FACE_BOUND('',#776,.F.);
#776 = EDGE_LOOP('',(#777,#785,#793,#799));
#777 = ORIENTED_EDGE('',*,*,#778,.F.);
#778 = EDGE_CURVE('',#779,#576,#781,.T.);
#779 = VERTEX_POINT('',#780);
#780 = CARTESIAN_POINT('',(15.1801,-9.1801,5.38));
#781 = LINE('',#782,#783);
#782 = CARTESIAN_POINT('',(15.1801,-9.1801,5.54));
#783 = VECTOR('',#784,1.);
#784 = DIRECTION('',(0.,0.,-1.));
#785 = ORIENTED_EDGE('',*,*,#786,.F.);
#786 = EDGE_CURVE('',#787,#779,#789,.T.);
#787 = VERTEX_POINT('',#788);
#788 = CARTESIAN_POINT('',(15.1801,-9.8201,5.38));
#789 = LINE('',#790,#791);
#790 = CARTESIAN_POINT('',(15.1801,-9.8201,5.38));
#791 = VECTOR('',#792,1.);
#792 = DIRECTION('',(2.22044604925E-16,1.,0.));
#793 = ORIENTED_EDGE('',*,*,#794,.T.);
#794 = EDGE_CURVE('',#787,#578,#795,.T.);
#795 = LINE('',#796,#797);
#796 = CARTESIAN_POINT('',(15.1801,-9.8201,5.54));
#797 = VECTOR('',#798,1.);
#798 = DIRECTION('',(0.,0.,-1.));
#799 = ORIENTED_EDGE('',*,*,#575,.F.);
#800 = PLANE('',#801);
#801 = AXIS2_PLACEMENT_3D('',#802,#803,#804);
#802 = CARTESIAN_POINT('',(15.1801,-9.8201,5.54));
#803 = DIRECTION('',(1.,-2.22044604925E-16,0.));
#804 = DIRECTION('',(0.,0.,-1.));
#805 = ADVANCED_FACE('',(#806),#824,.T.);
#806 = FACE_BOUND('',#807,.T.);
#807 = EDGE_LOOP('',(#808,#809,#817,#823));
#808 = ORIENTED_EDGE('',*,*,#778,.F.);
#809 = ORIENTED_EDGE('',*,*,#810,.T.);
#810 = EDGE_CURVE('',#779,#811,#813,.T.);
#811 = VERTEX_POINT('',#812);
#812 = CARTESIAN_POINT('',(15.8201,-9.1801,5.38));
#813 = LINE('',#814,#815);
#814 = CARTESIAN_POINT('',(15.1801,-9.1801,5.38));
#815 = VECTOR('',#816,1.);
#816 = DIRECTION('',(1.,-2.22044604925E-16,0.));
#817 = ORIENTED_EDGE('',*,*,#818,.T.);
#818 = EDGE_CURVE('',#811,#594,#819,.T.);
#819 = LINE('',#820,#821);
#820 = CARTESIAN_POINT('',(15.8201,-9.1801,5.54));
#821 = VECTOR('',#822,1.);
#822 = DIRECTION('',(0.,0.,-1.));
#823 = ORIENTED_EDGE('',*,*,#601,.F.);
#824 = PLANE('',#825);
#825 = AXIS2_PLACEMENT_3D('',#826,#827,#828);
#826 = CARTESIAN_POINT('',(15.1801,-9.1801,5.54));
#827 = DIRECTION('',(2.22044604925E-16,1.,0.));
#828 = DIRECTION('',(0.,0.,-1.));
#829 = ADVANCED_FACE('',(#830),#848,.T.);
#830 = FACE_BOUND('',#831,.T.);
#831 = EDGE_LOOP('',(#832,#833,#841,#847));
#832 = ORIENTED_EDGE('',*,*,#818,.F.);
#833 = ORIENTED_EDGE('',*,*,#834,.F.);
#834 = EDGE_CURVE('',#835,#811,#837,.T.);
#835 = VERTEX_POINT('',#836);
#836 = CARTESIAN_POINT('',(15.8201,-9.8201,5.38));
#837 = LINE('',#838,#839);
#838 = CARTESIAN_POINT('',(15.8201,-9.8201,5.38));
#839 = VECTOR('',#840,1.);
#840 = DIRECTION('',(2.22044604925E-16,1.,0.));
#841 = ORIENTED_EDGE('',*,*,#842,.T.);
#842 = EDGE_CURVE('',#835,#586,#843,.T.);
#843 = LINE('',#844,#845);
#844 = CARTESIAN_POINT('',(15.8201,-9.8201,5.54));
#845 = VECTOR('',#846,1.);
#846 = DIRECTION('',(0.,0.,-1.));
#847 = ORIENTED_EDGE('',*,*,#593,.F.);
#848 = PLANE('',#849);
#849 = AXIS2_PLACEMENT_3D('',#850,#851,#852);
#850 = CARTESIAN_POINT('',(15.8201,-9.8201,5.54));
#851 = DIRECTION('',(1.,-2.22044604925E-16,0.));
#852 = DIRECTION('',(0.,0.,-1.));
#853 = ADVANCED_FACE('',(#854),#865,.F.);
#854 = FACE_BOUND('',#855,.F.);
#855 = EDGE_LOOP('',(#856,#857,#863,#864));
#856 = ORIENTED_EDGE('',*,*,#794,.F.);
#857 = ORIENTED_EDGE('',*,*,#858,.T.);
#858 = EDGE_CURVE('',#787,#835,#859,.T.);
#859 = LINE('',#860,#861);
#860 = CARTESIAN_POINT('',(15.1801,-9.8201,5.38));
#861 = VECTOR('',#862,1.);
#862 = DIRECTION('',(1.,-2.22044604925E-16,0.));
#863 = ORIENTED_EDGE('',*,*,#842,.T.);
#864 = ORIENTED_EDGE('',*,*,#585,.F.);
#865 = PLANE('',#866);
#866 = AXIS2_PLACEMENT_3D('',#867,#868,#869);
#867 = CARTESIAN_POINT('',(15.1801,-9.8201,5.54));
#868 = DIRECTION('',(2.22044604925E-16,1.,0.));
#869 = DIRECTION('',(0.,0.,-1.));
#870 = ADVANCED_FACE('',(#871),#896,.F.);
#871 = FACE_BOUND('',#872,.F.);
#872 = EDGE_LOOP('',(#873,#881,#882,#890));
#873 = ORIENTED_EDGE('',*,*,#874,.F.);
#874 = EDGE_CURVE('',#659,#875,#877,.T.);
#875 = VERTEX_POINT('',#876);
#876 = CARTESIAN_POINT('',(15.1801,-9.1801,-5.84));
#877 = LINE('',#878,#879);
#878 = CARTESIAN_POINT('',(15.1801,-9.1801,5.54));
#879 = VECTOR('',#880,1.);
#880 = DIRECTION('',(0.,0.,-1.));
#881 = ORIENTED_EDGE('',*,*,#658,.T.);
#882 = ORIENTED_EDGE('',*,*,#883,.T.);
#883 = EDGE_CURVE('',#661,#884,#886,.T.);
#884 = VERTEX_POINT('',#885);
#885 = CARTESIAN_POINT('',(15.1801,-9.8201,-5.84));
#886 = LINE('',#887,#888);
#887 = CARTESIAN_POINT('',(15.1801,-9.8201,5.54));
#888 = VECTOR('',#889,1.);
#889 = DIRECTION('',(0.,0.,-1.));
#890 = ORIENTED_EDGE('',*,*,#891,.T.);
#891 = EDGE_CURVE('',#884,#875,#892,.T.);
#892 = LINE('',#893,#894);
#893 = CARTESIAN_POINT('',(15.1801,-9.8201,-5.84));
#894 = VECTOR('',#895,1.);
#895 = DIRECTION('',(2.22044604925E-16,1.,0.));
#896 = PLANE('',#897);
#897 = AXIS2_PLACEMENT_3D('',#898,#899,#900);
#898 = CARTESIAN_POINT('',(15.1801,-9.8201,5.54));
#899 = DIRECTION('',(1.,-2.22044604925E-16,0.));
#900 = DIRECTION('',(0.,0.,-1.));
#901 = ADVANCED_FACE('',(#902),#920,.T.);
#902 = FACE_BOUND('',#903,.T.);
#903 = EDGE_LOOP('',(#904,#905,#906,#914));
#904 = ORIENTED_EDGE('',*,*,#874,.F.);
#905 = ORIENTED_EDGE('',*,*,#684,.T.);
#906 = ORIENTED_EDGE('',*,*,#907,.T.);
#907 = EDGE_CURVE('',#677,#908,#910,.T.);
#908 = VERTEX_POINT('',#909);
#909 = CARTESIAN_POINT('',(15.8201,-9.1801,-5.84));
#910 = LINE('',#911,#912);
#911 = CARTESIAN_POINT('',(15.8201,-9.1801,5.54));
#912 = VECTOR('',#913,1.);
#913 = DIRECTION('',(0.,0.,-1.));
#914 = ORIENTED_EDGE('',*,*,#915,.F.);
#915 = EDGE_CURVE('',#875,#908,#916,.T.);
#916 = LINE('',#917,#918);
#917 = CARTESIAN_POINT('',(15.1801,-9.1801,-5.84));
#918 = VECTOR('',#919,1.);
#919 = DIRECTION('',(1.,-2.22044604925E-16,0.));
#920 = PLANE('',#921);
#921 = AXIS2_PLACEMENT_3D('',#922,#923,#924);
#922 = CARTESIAN_POINT('',(15.1801,-9.1801,5.54));
#923 = DIRECTION('',(2.22044604925E-16,1.,0.));
#924 = DIRECTION('',(0.,0.,-1.));
#925 = ADVANCED_FACE('',(#926),#944,.T.);
#926 = FACE_BOUND('',#927,.T.);
#927 = EDGE_LOOP('',(#928,#929,#930,#938));
#928 = ORIENTED_EDGE('',*,*,#907,.F.);
#929 = ORIENTED_EDGE('',*,*,#676,.T.);
#930 = ORIENTED_EDGE('',*,*,#931,.T.);
#931 = EDGE_CURVE('',#669,#932,#934,.T.);
#932 = VERTEX_POINT('',#933);
#933 = CARTESIAN_POINT('',(15.8201,-9.8201,-5.84));
#934 = LINE('',#935,#936);
#935 = CARTESIAN_POINT('',(15.8201,-9.8201,5.54));
#936 = VECTOR('',#937,1.);
#937 = DIRECTION('',(0.,0.,-1.));
#938 = ORIENTED_EDGE('',*,*,#939,.T.);
#939 = EDGE_CURVE('',#932,#908,#940,.T.);
#940 = LINE('',#941,#942);
#941 = CARTESIAN_POINT('',(15.8201,-9.8201,-5.84));
#942 = VECTOR('',#943,1.);
#943 = DIRECTION('',(2.22044604925E-16,1.,0.));
#944 = PLANE('',#945);
#945 = AXIS2_PLACEMENT_3D('',#946,#947,#948);
#946 = CARTESIAN_POINT('',(15.8201,-9.8201,5.54));
#947 = DIRECTION('',(1.,-2.22044604925E-16,0.));
#948 = DIRECTION('',(0.,0.,-1.));
#949 = ADVANCED_FACE('',(#950),#961,.F.);
#950 = FACE_BOUND('',#951,.F.);
#951 = EDGE_LOOP('',(#952,#953,#954,#955));
#952 = ORIENTED_EDGE('',*,*,#883,.F.);
#953 = ORIENTED_EDGE('',*,*,#668,.T.);
#954 = ORIENTED_EDGE('',*,*,#931,.T.);
#955 = ORIENTED_EDGE('',*,*,#956,.F.);
#956 = EDGE_CURVE('',#884,#932,#957,.T.);
#957 = LINE('',#958,#959);
#958 = CARTESIAN_POINT('',(15.1801,-9.8201,-5.84));
#959 = VECTOR('',#960,1.);
#960 = DIRECTION('',(1.,-2.22044604925E-16,0.));
#961 = PLANE('',#962);
#962 = AXIS2_PLACEMENT_3D('',#963,#964,#965);
#963 = CARTESIAN_POINT('',(15.1801,-9.8201,5.54));
#964 = DIRECTION('',(2.22044604925E-16,1.,0.));
#965 = DIRECTION('',(0.,0.,-1.));
#966 = ADVANCED_FACE('',(#967),#992,.T.);
#967 = FACE_BOUND('',#968,.F.);
#968 = EDGE_LOOP('',(#969,#977,#978,#986));
#969 = ORIENTED_EDGE('',*,*,#970,.F.);
#970 = EDGE_CURVE('',#787,#971,#973,.T.);
#971 = VERTEX_POINT('',#972);
#972 = CARTESIAN_POINT('',(15.3401,-9.6601,5.54));
#973 = LINE('',#974,#975);
#974 = CARTESIAN_POINT('',(15.233433333333,-9.766766666667,
    5.433333333333));
#975 = VECTOR('',#976,1.);
#976 = DIRECTION('',(0.57735026919,0.57735026919,0.57735026919));
#977 = ORIENTED_EDGE('',*,*,#786,.T.);
#978 = ORIENTED_EDGE('',*,*,#979,.T.);
#979 = EDGE_CURVE('',#779,#980,#982,.T.);
#980 = VERTEX_POINT('',#981);
#981 = CARTESIAN_POINT('',(15.3401,-9.3401,5.54));
#982 = LINE('',#983,#984);
#983 = CARTESIAN_POINT('',(15.3401,-9.3401,5.54));
#984 = VECTOR('',#985,1.);
#985 = DIRECTION('',(0.57735026919,-0.57735026919,0.57735026919));
#986 = ORIENTED_EDGE('',*,*,#987,.F.);
#987 = EDGE_CURVE('',#971,#980,#988,.T.);
#988 = LINE('',#989,#990);
#989 = CARTESIAN_POINT('',(15.3401,-9.8201,5.54));
#990 = VECTOR('',#991,1.);
#991 = DIRECTION('',(2.22044604925E-16,1.,0.));
#992 = PLANE('',#993);
#993 = AXIS2_PLACEMENT_3D('',#994,#995,#996);
#994 = CARTESIAN_POINT('',(15.2601,-9.8201,5.46));
#995 = DIRECTION('',(-0.707106781187,1.570092458683E-16,0.707106781187)
  );
#996 = DIRECTION('',(-2.22044604925E-16,-1.,-3.946769716434E-29));
#997 = ADVANCED_FACE('',(#998),#1016,.F.);
#998 = FACE_BOUND('',#999,.F.);
#999 = EDGE_LOOP('',(#1000,#1001,#1002,#1010));
#1000 = ORIENTED_EDGE('',*,*,#979,.F.);
#1001 = ORIENTED_EDGE('',*,*,#810,.T.);
#1002 = ORIENTED_EDGE('',*,*,#1003,.T.);
#1003 = EDGE_CURVE('',#811,#1004,#1006,.T.);
#1004 = VERTEX_POINT('',#1005);
#1005 = CARTESIAN_POINT('',(15.6601,-9.3401,5.54));
#1006 = LINE('',#1007,#1008);
#1007 = CARTESIAN_POINT('',(15.553433333333,-9.446766666667,
    5.646666666667));
#1008 = VECTOR('',#1009,1.);
#1009 = DIRECTION('',(-0.57735026919,-0.57735026919,0.57735026919));
#1010 = ORIENTED_EDGE('',*,*,#1011,.F.);
#1011 = EDGE_CURVE('',#980,#1004,#1012,.T.);
#1012 = LINE('',#1013,#1014);
#1013 = CARTESIAN_POINT('',(15.1801,-9.3401,5.54));
#1014 = VECTOR('',#1015,1.);
#1015 = DIRECTION('',(1.,-2.22044604925E-16,0.));
#1016 = PLANE('',#1017);
#1017 = AXIS2_PLACEMENT_3D('',#1018,#1019,#1020);
#1018 = CARTESIAN_POINT('',(15.1801,-9.2601,5.46));
#1019 = DIRECTION('',(-1.570092458683E-16,-0.707106781187,
    -0.707106781187));
#1020 = DIRECTION('',(1.,-2.22044604925E-16,3.946769716434E-29));
#1021 = ADVANCED_FACE('',(#1022),#1040,.F.);
#1022 = FACE_BOUND('',#1023,.T.);
#1023 = EDGE_LOOP('',(#1024,#1032,#1033,#1034));
#1024 = ORIENTED_EDGE('',*,*,#1025,.F.);
#1025 = EDGE_CURVE('',#835,#1026,#1028,.T.);
#1026 = VERTEX_POINT('',#1027);
#1027 = CARTESIAN_POINT('',(15.6601,-9.6601,5.54));
#1028 = LINE('',#1029,#1030);
#1029 = CARTESIAN_POINT('',(15.6601,-9.6601,5.54));
#1030 = VECTOR('',#1031,1.);
#1031 = DIRECTION('',(-0.57735026919,0.57735026919,0.57735026919));
#1032 = ORIENTED_EDGE('',*,*,#834,.T.);
#1033 = ORIENTED_EDGE('',*,*,#1003,.T.);
#1034 = ORIENTED_EDGE('',*,*,#1035,.F.);
#1035 = EDGE_CURVE('',#1026,#1004,#1036,.T.);
#1036 = LINE('',#1037,#1038);
#1037 = CARTESIAN_POINT('',(15.6601,-9.8201,5.54));
#1038 = VECTOR('',#1039,1.);
#1039 = DIRECTION('',(2.22044604925E-16,1.,0.));
#1040 = PLANE('',#1041);
#1041 = AXIS2_PLACEMENT_3D('',#1042,#1043,#1044);
#1042 = CARTESIAN_POINT('',(15.7401,-9.8201,5.46));
#1043 = DIRECTION('',(-0.707106781187,1.570092458683E-16,-0.707106781187
    ));
#1044 = DIRECTION('',(-2.22044604925E-16,-1.,3.946769716434E-29));
#1045 = ADVANCED_FACE('',(#1046),#1057,.T.);
#1046 = FACE_BOUND('',#1047,.T.);
#1047 = EDGE_LOOP('',(#1048,#1049,#1050,#1051));
#1048 = ORIENTED_EDGE('',*,*,#970,.F.);
#1049 = ORIENTED_EDGE('',*,*,#858,.T.);
#1050 = ORIENTED_EDGE('',*,*,#1025,.T.);
#1051 = ORIENTED_EDGE('',*,*,#1052,.F.);
#1052 = EDGE_CURVE('',#971,#1026,#1053,.T.);
#1053 = LINE('',#1054,#1055);
#1054 = CARTESIAN_POINT('',(15.1801,-9.6601,5.54));
#1055 = VECTOR('',#1056,1.);
#1056 = DIRECTION('',(1.,-2.22044604925E-16,0.));
#1057 = PLANE('',#1058);
#1058 = AXIS2_PLACEMENT_3D('',#1059,#1060,#1061);
#1059 = CARTESIAN_POINT('',(15.1801,-9.7401,5.46));
#1060 = DIRECTION('',(-1.570092458683E-16,-0.707106781187,0.707106781187
    ));
#1061 = DIRECTION('',(1.,-2.22044604925E-16,-3.946769716434E-29));
#1062 = ADVANCED_FACE('',(#1063),#1088,.F.);
#1063 = FACE_BOUND('',#1064,.T.);
#1064 = EDGE_LOOP('',(#1065,#1073,#1074,#1082));
#1065 = ORIENTED_EDGE('',*,*,#1066,.F.);
#1066 = EDGE_CURVE('',#884,#1067,#1069,.T.);
#1067 = VERTEX_POINT('',#1068);
#1068 = CARTESIAN_POINT('',(15.3401,-9.6601,-6.));
#1069 = LINE('',#1070,#1071);
#1070 = CARTESIAN_POINT('',(15.233433333333,-9.766766666667,
    -5.893333333333));
#1071 = VECTOR('',#1072,1.);
#1072 = DIRECTION('',(0.57735026919,0.57735026919,-0.57735026919));
#1073 = ORIENTED_EDGE('',*,*,#891,.T.);
#1074 = ORIENTED_EDGE('',*,*,#1075,.T.);
#1075 = EDGE_CURVE('',#875,#1076,#1078,.T.);
#1076 = VERTEX_POINT('',#1077);
#1077 = CARTESIAN_POINT('',(15.3401,-9.3401,-6.));
#1078 = LINE('',#1079,#1080);
#1079 = CARTESIAN_POINT('',(15.3401,-9.3401,-6.));
#1080 = VECTOR('',#1081,1.);
#1081 = DIRECTION('',(0.57735026919,-0.57735026919,-0.57735026919));
#1082 = ORIENTED_EDGE('',*,*,#1083,.F.);
#1083 = EDGE_CURVE('',#1067,#1076,#1084,.T.);
#1084 = LINE('',#1085,#1086);
#1085 = CARTESIAN_POINT('',(15.3401,-9.8201,-6.));
#1086 = VECTOR('',#1087,1.);
#1087 = DIRECTION('',(2.22044604925E-16,1.,0.));
#1088 = PLANE('',#1089);
#1089 = AXIS2_PLACEMENT_3D('',#1090,#1091,#1092);
#1090 = CARTESIAN_POINT('',(15.2601,-9.8201,-5.92));
#1091 = DIRECTION('',(0.707106781187,-1.570092458683E-16,0.707106781187)
  );
#1092 = DIRECTION('',(-2.22044604925E-16,-1.,3.946769716434E-29));
#1093 = ADVANCED_FACE('',(#1094),#1112,.T.);
#1094 = FACE_BOUND('',#1095,.T.);
#1095 = EDGE_LOOP('',(#1096,#1097,#1098,#1106));
#1096 = ORIENTED_EDGE('',*,*,#1075,.F.);
#1097 = ORIENTED_EDGE('',*,*,#915,.T.);
#1098 = ORIENTED_EDGE('',*,*,#1099,.T.);
#1099 = EDGE_CURVE('',#908,#1100,#1102,.T.);
#1100 = VERTEX_POINT('',#1101);
#1101 = CARTESIAN_POINT('',(15.6601,-9.3401,-6.));
#1102 = LINE('',#1103,#1104);
#1103 = CARTESIAN_POINT('',(15.553433333333,-9.446766666667,
    -6.106666666667));
#1104 = VECTOR('',#1105,1.);
#1105 = DIRECTION('',(-0.57735026919,-0.57735026919,-0.57735026919));
#1106 = ORIENTED_EDGE('',*,*,#1107,.F.);
#1107 = EDGE_CURVE('',#1076,#1100,#1108,.T.);
#1108 = LINE('',#1109,#1110);
#1109 = CARTESIAN_POINT('',(15.1801,-9.3401,-6.));
#1110 = VECTOR('',#1111,1.);
#1111 = DIRECTION('',(1.,-2.22044604925E-16,0.));
#1112 = PLANE('',#1113);
#1113 = AXIS2_PLACEMENT_3D('',#1114,#1115,#1116);
#1114 = CARTESIAN_POINT('',(15.1801,-9.2601,-5.92));
#1115 = DIRECTION('',(1.570092458683E-16,0.707106781187,-0.707106781187)
  );
#1116 = DIRECTION('',(1.,-2.22044604925E-16,-3.946769716434E-29));
#1117 = ADVANCED_FACE('',(#1118),#1136,.T.);
#1118 = FACE_BOUND('',#1119,.F.);
#1119 = EDGE_LOOP('',(#1120,#1128,#1129,#1130));
#1120 = ORIENTED_EDGE('',*,*,#1121,.F.);
#1121 = EDGE_CURVE('',#932,#1122,#1124,.T.);
#1122 = VERTEX_POINT('',#1123);
#1123 = CARTESIAN_POINT('',(15.6601,-9.6601,-6.));
#1124 = LINE('',#1125,#1126);
#1125 = CARTESIAN_POINT('',(15.6601,-9.6601,-6.));
#1126 = VECTOR('',#1127,1.);
#1127 = DIRECTION('',(-0.57735026919,0.57735026919,-0.57735026919));
#1128 = ORIENTED_EDGE('',*,*,#939,.T.);
#1129 = ORIENTED_EDGE('',*,*,#1099,.T.);
#1130 = ORIENTED_EDGE('',*,*,#1131,.F.);
#1131 = EDGE_CURVE('',#1122,#1100,#1132,.T.);
#1132 = LINE('',#1133,#1134);
#1133 = CARTESIAN_POINT('',(15.6601,-9.8201,-6.));
#1134 = VECTOR('',#1135,1.);
#1135 = DIRECTION('',(2.22044604925E-16,1.,0.));
#1136 = PLANE('',#1137);
#1137 = AXIS2_PLACEMENT_3D('',#1138,#1139,#1140);
#1138 = CARTESIAN_POINT('',(15.7401,-9.8201,-5.92));
#1139 = DIRECTION('',(0.707106781187,-1.570092458683E-16,-0.707106781187
    ));
#1140 = DIRECTION('',(-2.22044604925E-16,-1.,-3.946769716434E-29));
#1141 = ADVANCED_FACE('',(#1142),#1153,.F.);
#1142 = FACE_BOUND('',#1143,.F.);
#1143 = EDGE_LOOP('',(#1144,#1145,#1146,#1147));
#1144 = ORIENTED_EDGE('',*,*,#1066,.F.);
#1145 = ORIENTED_EDGE('',*,*,#956,.T.);
#1146 = ORIENTED_EDGE('',*,*,#1121,.T.);
#1147 = ORIENTED_EDGE('',*,*,#1148,.F.);
#1148 = EDGE_CURVE('',#1067,#1122,#1149,.T.);
#1149 = LINE('',#1150,#1151);
#1150 = CARTESIAN_POINT('',(15.1801,-9.6601,-6.));
#1151 = VECTOR('',#1152,1.);
#1152 = DIRECTION('',(1.,-2.22044604925E-16,0.));
#1153 = PLANE('',#1154);
#1154 = AXIS2_PLACEMENT_3D('',#1155,#1156,#1157);
#1155 = CARTESIAN_POINT('',(15.1801,-9.7401,-5.92));
#1156 = DIRECTION('',(1.570092458683E-16,0.707106781187,0.707106781187)
  );
#1157 = DIRECTION('',(1.,-2.22044604925E-16,3.946769716434E-29));
#1158 = ADVANCED_FACE('',(#1159),#1165,.F.);
#1159 = FACE_BOUND('',#1160,.F.);
#1160 = EDGE_LOOP('',(#1161,#1162,#1163,#1164));
#1161 = ORIENTED_EDGE('',*,*,#1035,.F.);
#1162 = ORIENTED_EDGE('',*,*,#1052,.F.);
#1163 = ORIENTED_EDGE('',*,*,#987,.T.);
#1164 = ORIENTED_EDGE('',*,*,#1011,.T.);
#1165 = PLANE('',#1166);
#1166 = AXIS2_PLACEMENT_3D('',#1167,#1168,#1169);
#1167 = CARTESIAN_POINT('',(15.1801,-9.8201,5.54));
#1168 = DIRECTION('',(0.,0.,-1.));
#1169 = DIRECTION('',(2.22044604925E-16,1.,0.));
#1170 = ADVANCED_FACE('',(#1171),#1177,.T.);
#1171 = FACE_BOUND('',#1172,.T.);
#1172 = EDGE_LOOP('',(#1173,#1174,#1175,#1176));
#1173 = ORIENTED_EDGE('',*,*,#1107,.T.);
#1174 = ORIENTED_EDGE('',*,*,#1131,.F.);
#1175 = ORIENTED_EDGE('',*,*,#1148,.F.);
#1176 = ORIENTED_EDGE('',*,*,#1083,.T.);
#1177 = PLANE('',#1178);
#1178 = AXIS2_PLACEMENT_3D('',#1179,#1180,#1181);
#1179 = CARTESIAN_POINT('',(15.1801,-9.8201,-6.));
#1180 = DIRECTION('',(0.,0.,-1.));
#1181 = DIRECTION('',(2.22044604925E-16,1.,0.));
#1182 = ( GEOMETRIC_REPRESENTATION_CONTEXT(3) 
GLOBAL_UNCERTAINTY_ASSIGNED_CONTEXT((#1186)) 
GLOBAL_UNIT_ASSIGNED_CONTEXT((#1183,#1184,#1185)) REPRESENTATION_CONTEXT
('Context #1','3D Context with UNIT and UNCERTAINTY') );
#1183 = ( LENGTH_UNIT() NAMED_UNIT(*) SI_UNIT(.MILLI.,.METRE.) );
#1184 = ( NAMED_UNIT(*) PLANE_ANGLE_UNIT() SI_UNIT($,.RADIAN.) );
#1185 = ( NAMED_UNIT(*) SI_UNIT($,.STERADIAN.) SOLID_ANGLE_UNIT() );
#1186 = UNCERTAINTY_MEASURE_WITH_UNIT(LENGTH_MEASURE(1.E-07),#1183,
  'distance_accuracy_value','confusion accuracy');
#1187 = CONTEXT_DEPENDENT_SHAPE_REPRESENTATION(#1188,#1190);
#1188 = ( REPRESENTATION_RELATIONSHIP('','',#423,#388) 
REPRESENTATION_RELATIONSHIP_WITH_TRANSFORMATION(#1189) 
SHAPE_REPRESENTATION_RELATIONSHIP() );
#1189 = ITEM_DEFINED_TRANSFORMATION('','',#11,#389);
#1190 = PRODUCT_DEFINITION_SHAPE('Placement','Placement of an item',
  #1191);
#1191 = NEXT_ASSEMBLY_USAGE_OCCURRENCE('3','PLS_1x01 01','',#383,#418,$
  );
#1192 = PRODUCT_RELATED_PRODUCT_CATEGORY('part',$,(#420));
#1193 = SHAPE_DEFINITION_REPRESENTATION(#1194,#1200);
#1194 = PRODUCT_DEFINITION_SHAPE('','',#1195);
#1195 = PRODUCT_DEFINITION('design','',#1196,#1199);
#1196 = PRODUCT_DEFINITION_FORMATION('','',#1197);
#1197 = PRODUCT('PLS_1x01 02','PLS_1x01 02','',(#1198));
#1198 = PRODUCT_CONTEXT('',#2,'mechanical');
#1199 = PRODUCT_DEFINITION_CONTEXT('part definition',#2,'design');
#1200 = ADVANCED_BREP_SHAPE_REPRESENTATION('',(#11,#1201),#1959);
#1201 = MANIFOLD_SOLID_BREP('',#1202);
#1202 = CLOSED_SHELL('',(#1203,#1243,#1274,#1305,#1388,#1471,#1488,#1505
    ,#1522,#1539,#1551,#1582,#1606,#1630,#1647,#1678,#1702,#1726,#1743,
    #1774,#1798,#1822,#1839,#1870,#1894,#1918,#1935,#1947));
#1203 = ADVANCED_FACE('',(#1204),#1238,.F.);
#1204 = FACE_BOUND('',#1205,.F.);
#1205 = EDGE_LOOP('',(#1206,#1216,#1224,#1232));
#1206 = ORIENTED_EDGE('',*,*,#1207,.T.);
#1207 = EDGE_CURVE('',#1208,#1210,#1212,.T.);
#1208 = VERTEX_POINT('',#1209);
#1209 = CARTESIAN_POINT('',(1.27,-10.5161,2.54));
#1210 = VERTEX_POINT('',#1211);
#1211 = CARTESIAN_POINT('',(1.27,-10.5161,0.));
#1212 = LINE('',#1213,#1214);
#1213 = CARTESIAN_POINT('',(1.27,-10.5161,2.54));
#1214 = VECTOR('',#1215,1.);
#1215 = DIRECTION('',(0.,0.,-1.));
#1216 = ORIENTED_EDGE('',*,*,#1217,.T.);
#1217 = EDGE_CURVE('',#1210,#1218,#1220,.T.);
#1218 = VERTEX_POINT('',#1219);
#1219 = CARTESIAN_POINT('',(1.016,-10.7701,0.));
#1220 = LINE('',#1221,#1222);
#1221 = CARTESIAN_POINT('',(1.27,-10.5161,0.));
#1222 = VECTOR('',#1223,1.);
#1223 = DIRECTION('',(-0.707106781187,-0.707106781187,-0.));
#1224 = ORIENTED_EDGE('',*,*,#1225,.F.);
#1225 = EDGE_CURVE('',#1226,#1218,#1228,.T.);
#1226 = VERTEX_POINT('',#1227);
#1227 = CARTESIAN_POINT('',(1.016,-10.7701,2.54));
#1228 = LINE('',#1229,#1230);
#1229 = CARTESIAN_POINT('',(1.016,-10.7701,2.54));
#1230 = VECTOR('',#1231,1.);
#1231 = DIRECTION('',(0.,0.,-1.));
#1232 = ORIENTED_EDGE('',*,*,#1233,.F.);
#1233 = EDGE_CURVE('',#1208,#1226,#1234,.T.);
#1234 = LINE('',#1235,#1236);
#1235 = CARTESIAN_POINT('',(1.27,-10.5161,2.54));
#1236 = VECTOR('',#1237,1.);
#1237 = DIRECTION('',(-0.707106781187,-0.707106781187,-0.));
#1238 = PLANE('',#1239);
#1239 = AXIS2_PLACEMENT_3D('',#1240,#1241,#1242);
#1240 = CARTESIAN_POINT('',(1.27,-10.5161,2.54));
#1241 = DIRECTION('',(-0.707106781187,0.707106781187,0.));
#1242 = DIRECTION('',(-0.707106781187,-0.707106781187,-0.));
#1243 = ADVANCED_FACE('',(#1244),#1269,.F.);
#1244 = FACE_BOUND('',#1245,.F.);
#1245 = EDGE_LOOP('',(#1246,#1256,#1262,#1263));
#1246 = ORIENTED_EDGE('',*,*,#1247,.T.);
#1247 = EDGE_CURVE('',#1248,#1250,#1252,.T.);
#1248 = VERTEX_POINT('',#1249);
#1249 = CARTESIAN_POINT('',(1.27,-8.4841,2.54));
#1250 = VERTEX_POINT('',#1251);
#1251 = CARTESIAN_POINT('',(1.27,-8.4841,0.));
#1252 = LINE('',#1253,#1254);
#1253 = CARTESIAN_POINT('',(1.27,-8.4841,2.54));
#1254 = VECTOR('',#1255,1.);
#1255 = DIRECTION('',(0.,0.,-1.));
#1256 = ORIENTED_EDGE('',*,*,#1257,.T.);
#1257 = EDGE_CURVE('',#1250,#1210,#1258,.T.);
#1258 = LINE('',#1259,#1260);
#1259 = CARTESIAN_POINT('',(1.27,-8.4841,0.));
#1260 = VECTOR('',#1261,1.);
#1261 = DIRECTION('',(-2.22044604925E-16,-1.,0.));
#1262 = ORIENTED_EDGE('',*,*,#1207,.F.);
#1263 = ORIENTED_EDGE('',*,*,#1264,.F.);
#1264 = EDGE_CURVE('',#1248,#1208,#1265,.T.);
#1265 = LINE('',#1266,#1267);
#1266 = CARTESIAN_POINT('',(1.27,-8.4841,2.54));
#1267 = VECTOR('',#1268,1.);
#1268 = DIRECTION('',(-2.22044604925E-16,-1.,0.));
#1269 = PLANE('',#1270);
#1270 = AXIS2_PLACEMENT_3D('',#1271,#1272,#1273);
#1271 = CARTESIAN_POINT('',(1.27,-8.4841,2.54));
#1272 = DIRECTION('',(-1.,2.22044604925E-16,0.));
#1273 = DIRECTION('',(-2.22044604925E-16,-1.,0.));
#1274 = ADVANCED_FACE('',(#1275),#1300,.F.);
#1275 = FACE_BOUND('',#1276,.F.);
#1276 = EDGE_LOOP('',(#1277,#1278,#1286,#1294));
#1277 = ORIENTED_EDGE('',*,*,#1225,.T.);
#1278 = ORIENTED_EDGE('',*,*,#1279,.T.);
#1279 = EDGE_CURVE('',#1218,#1280,#1282,.T.);
#1280 = VERTEX_POINT('',#1281);
#1281 = CARTESIAN_POINT('',(-1.016,-10.7701,0.));
#1282 = LINE('',#1283,#1284);
#1283 = CARTESIAN_POINT('',(1.016,-10.7701,0.));
#1284 = VECTOR('',#1285,1.);
#1285 = DIRECTION('',(-1.,2.22044604925E-16,0.));
#1286 = ORIENTED_EDGE('',*,*,#1287,.F.);
#1287 = EDGE_CURVE('',#1288,#1280,#1290,.T.);
#1288 = VERTEX_POINT('',#1289);
#1289 = CARTESIAN_POINT('',(-1.016,-10.7701,2.54));
#1290 = LINE('',#1291,#1292);
#1291 = CARTESIAN_POINT('',(-1.016,-10.7701,2.54));
#1292 = VECTOR('',#1293,1.);
#1293 = DIRECTION('',(0.,0.,-1.));
#1294 = ORIENTED_EDGE('',*,*,#1295,.F.);
#1295 = EDGE_CURVE('',#1226,#1288,#1296,.T.);
#1296 = LINE('',#1297,#1298);
#1297 = CARTESIAN_POINT('',(1.016,-10.7701,2.54));
#1298 = VECTOR('',#1299,1.);
#1299 = DIRECTION('',(-1.,2.22044604925E-16,0.));
#1300 = PLANE('',#1301);
#1301 = AXIS2_PLACEMENT_3D('',#1302,#1303,#1304);
#1302 = CARTESIAN_POINT('',(1.016,-10.7701,2.54));
#1303 = DIRECTION('',(2.22044604925E-16,1.,0.));
#1304 = DIRECTION('',(-1.,2.22044604925E-16,0.));
#1305 = ADVANCED_FACE('',(#1306,#1349),#1383,.F.);
#1306 = FACE_BOUND('',#1307,.F.);
#1307 = EDGE_LOOP('',(#1308,#1309,#1310,#1318,#1326,#1334,#1342,#1348));
#1308 = ORIENTED_EDGE('',*,*,#1233,.T.);
#1309 = ORIENTED_EDGE('',*,*,#1295,.T.);
#1310 = ORIENTED_EDGE('',*,*,#1311,.T.);
#1311 = EDGE_CURVE('',#1288,#1312,#1314,.T.);
#1312 = VERTEX_POINT('',#1313);
#1313 = CARTESIAN_POINT('',(-1.27,-10.5161,2.54));
#1314 = LINE('',#1315,#1316);
#1315 = CARTESIAN_POINT('',(-1.016,-10.7701,2.54));
#1316 = VECTOR('',#1317,1.);
#1317 = DIRECTION('',(-0.707106781187,0.707106781187,0.));
#1318 = ORIENTED_EDGE('',*,*,#1319,.T.);
#1319 = EDGE_CURVE('',#1312,#1320,#1322,.T.);
#1320 = VERTEX_POINT('',#1321);
#1321 = CARTESIAN_POINT('',(-1.27,-8.4841,2.54));
#1322 = LINE('',#1323,#1324);
#1323 = CARTESIAN_POINT('',(-1.27,-10.5161,2.54));
#1324 = VECTOR('',#1325,1.);
#1325 = DIRECTION('',(2.22044604925E-16,1.,0.));
#1326 = ORIENTED_EDGE('',*,*,#1327,.T.);
#1327 = EDGE_CURVE('',#1320,#1328,#1330,.T.);
#1328 = VERTEX_POINT('',#1329);
#1329 = CARTESIAN_POINT('',(-1.016,-8.2301,2.54));
#1330 = LINE('',#1331,#1332);
#1331 = CARTESIAN_POINT('',(-1.27,-8.4841,2.54));
#1332 = VECTOR('',#1333,1.);
#1333 = DIRECTION('',(0.707106781187,0.707106781187,0.));
#1334 = ORIENTED_EDGE('',*,*,#1335,.T.);
#1335 = EDGE_CURVE('',#1328,#1336,#1338,.T.);
#1336 = VERTEX_POINT('',#1337);
#1337 = CARTESIAN_POINT('',(1.016,-8.2301,2.54));
#1338 = LINE('',#1339,#1340);
#1339 = CARTESIAN_POINT('',(-1.016,-8.2301,2.54));
#1340 = VECTOR('',#1341,1.);
#1341 = DIRECTION('',(1.,-2.22044604925E-16,0.));
#1342 = ORIENTED_EDGE('',*,*,#1343,.T.);
#1343 = EDGE_CURVE('',#1336,#1248,#1344,.T.);
#1344 = LINE('',#1345,#1346);
#1345 = CARTESIAN_POINT('',(1.016,-8.2301,2.54));
#1346 = VECTOR('',#1347,1.);
#1347 = DIRECTION('',(0.707106781187,-0.707106781187,0.));
#1348 = ORIENTED_EDGE('',*,*,#1264,.T.);
#1349 = FACE_BOUND('',#1350,.F.);
#1350 = EDGE_LOOP('',(#1351,#1361,#1369,#1377));
#1351 = ORIENTED_EDGE('',*,*,#1352,.T.);
#1352 = EDGE_CURVE('',#1353,#1355,#1357,.T.);
#1353 = VERTEX_POINT('',#1354);
#1354 = CARTESIAN_POINT('',(-0.32,-9.1801,2.54));
#1355 = VERTEX_POINT('',#1356);
#1356 = CARTESIAN_POINT('',(-0.32,-9.8201,2.54));
#1357 = LINE('',#1358,#1359);
#1358 = CARTESIAN_POINT('',(-0.32,-9.6601,2.54));
#1359 = VECTOR('',#1360,1.);
#1360 = DIRECTION('',(-2.22044604925E-16,-1.,0.));
#1361 = ORIENTED_EDGE('',*,*,#1362,.T.);
#1362 = EDGE_CURVE('',#1355,#1363,#1365,.T.);
#1363 = VERTEX_POINT('',#1364);
#1364 = CARTESIAN_POINT('',(0.32,-9.8201,2.54));
#1365 = LINE('',#1366,#1367);
#1366 = CARTESIAN_POINT('',(-0.16,-9.8201,2.54));
#1367 = VECTOR('',#1368,1.);
#1368 = DIRECTION('',(1.,-2.22044604925E-16,0.));
#1369 = ORIENTED_EDGE('',*,*,#1370,.F.);
#1370 = EDGE_CURVE('',#1371,#1363,#1373,.T.);
#1371 = VERTEX_POINT('',#1372);
#1372 = CARTESIAN_POINT('',(0.32,-9.1801,2.54));
#1373 = LINE('',#1374,#1375);
#1374 = CARTESIAN_POINT('',(0.32,-9.6601,2.54));
#1375 = VECTOR('',#1376,1.);
#1376 = DIRECTION('',(-2.22044604925E-16,-1.,0.));
#1377 = ORIENTED_EDGE('',*,*,#1378,.F.);
#1378 = EDGE_CURVE('',#1353,#1371,#1379,.T.);
#1379 = LINE('',#1380,#1381);
#1380 = CARTESIAN_POINT('',(-0.16,-9.1801,2.54));
#1381 = VECTOR('',#1382,1.);
#1382 = DIRECTION('',(1.,-2.22044604925E-16,0.));
#1383 = PLANE('',#1384);
#1384 = AXIS2_PLACEMENT_3D('',#1385,#1386,#1387);
#1385 = CARTESIAN_POINT('',(-2.059445951248E-15,-9.5001,2.54));
#1386 = DIRECTION('',(0.,0.,-1.));
#1387 = DIRECTION('',(2.22044604925E-16,1.,0.));
#1388 = ADVANCED_FACE('',(#1389,#1432),#1466,.T.);
#1389 = FACE_BOUND('',#1390,.T.);
#1390 = EDGE_LOOP('',(#1391,#1392,#1393,#1401,#1409,#1417,#1425,#1431));
#1391 = ORIENTED_EDGE('',*,*,#1217,.T.);
#1392 = ORIENTED_EDGE('',*,*,#1279,.T.);
#1393 = ORIENTED_EDGE('',*,*,#1394,.T.);
#1394 = EDGE_CURVE('',#1280,#1395,#1397,.T.);
#1395 = VERTEX_POINT('',#1396);
#1396 = CARTESIAN_POINT('',(-1.27,-10.5161,0.));
#1397 = LINE('',#1398,#1399);
#1398 = CARTESIAN_POINT('',(-1.016,-10.7701,0.));
#1399 = VECTOR('',#1400,1.);
#1400 = DIRECTION('',(-0.707106781187,0.707106781187,0.));
#1401 = ORIENTED_EDGE('',*,*,#1402,.T.);
#1402 = EDGE_CURVE('',#1395,#1403,#1405,.T.);
#1403 = VERTEX_POINT('',#1404);
#1404 = CARTESIAN_POINT('',(-1.27,-8.4841,0.));
#1405 = LINE('',#1406,#1407);
#1406 = CARTESIAN_POINT('',(-1.27,-10.5161,0.));
#1407 = VECTOR('',#1408,1.);
#1408 = DIRECTION('',(2.22044604925E-16,1.,0.));
#1409 = ORIENTED_EDGE('',*,*,#1410,.T.);
#1410 = EDGE_CURVE('',#1403,#1411,#1413,.T.);
#1411 = VERTEX_POINT('',#1412);
#1412 = CARTESIAN_POINT('',(-1.016,-8.2301,0.));
#1413 = LINE('',#1414,#1415);
#1414 = CARTESIAN_POINT('',(-1.27,-8.4841,0.));
#1415 = VECTOR('',#1416,1.);
#1416 = DIRECTION('',(0.707106781187,0.707106781187,0.));
#1417 = ORIENTED_EDGE('',*,*,#1418,.T.);
#1418 = EDGE_CURVE('',#1411,#1419,#1421,.T.);
#1419 = VERTEX_POINT('',#1420);
#1420 = CARTESIAN_POINT('',(1.016,-8.2301,0.));
#1421 = LINE('',#1422,#1423);
#1422 = CARTESIAN_POINT('',(-1.016,-8.2301,0.));
#1423 = VECTOR('',#1424,1.);
#1424 = DIRECTION('',(1.,-2.22044604925E-16,0.));
#1425 = ORIENTED_EDGE('',*,*,#1426,.T.);
#1426 = EDGE_CURVE('',#1419,#1250,#1427,.T.);
#1427 = LINE('',#1428,#1429);
#1428 = CARTESIAN_POINT('',(1.016,-8.2301,0.));
#1429 = VECTOR('',#1430,1.);
#1430 = DIRECTION('',(0.707106781187,-0.707106781187,0.));
#1431 = ORIENTED_EDGE('',*,*,#1257,.T.);
#1432 = FACE_BOUND('',#1433,.T.);
#1433 = EDGE_LOOP('',(#1434,#1444,#1452,#1460));
#1434 = ORIENTED_EDGE('',*,*,#1435,.T.);
#1435 = EDGE_CURVE('',#1436,#1438,#1440,.T.);
#1436 = VERTEX_POINT('',#1437);
#1437 = CARTESIAN_POINT('',(-0.32,-9.1801,0.));
#1438 = VERTEX_POINT('',#1439);
#1439 = CARTESIAN_POINT('',(-0.32,-9.8201,0.));
#1440 = LINE('',#1441,#1442);
#1441 = CARTESIAN_POINT('',(-0.32,-9.6601,0.));
#1442 = VECTOR('',#1443,1.);
#1443 = DIRECTION('',(-2.22044604925E-16,-1.,0.));
#1444 = ORIENTED_EDGE('',*,*,#1445,.T.);
#1445 = EDGE_CURVE('',#1438,#1446,#1448,.T.);
#1446 = VERTEX_POINT('',#1447);
#1447 = CARTESIAN_POINT('',(0.32,-9.8201,0.));
#1448 = LINE('',#1449,#1450);
#1449 = CARTESIAN_POINT('',(-0.16,-9.8201,0.));
#1450 = VECTOR('',#1451,1.);
#1451 = DIRECTION('',(1.,-2.22044604925E-16,0.));
#1452 = ORIENTED_EDGE('',*,*,#1453,.F.);
#1453 = EDGE_CURVE('',#1454,#1446,#1456,.T.);
#1454 = VERTEX_POINT('',#1455);
#1455 = CARTESIAN_POINT('',(0.32,-9.1801,0.));
#1456 = LINE('',#1457,#1458);
#1457 = CARTESIAN_POINT('',(0.32,-9.6601,0.));
#1458 = VECTOR('',#1459,1.);
#1459 = DIRECTION('',(-2.22044604925E-16,-1.,0.));
#1460 = ORIENTED_EDGE('',*,*,#1461,.F.);
#1461 = EDGE_CURVE('',#1436,#1454,#1462,.T.);
#1462 = LINE('',#1463,#1464);
#1463 = CARTESIAN_POINT('',(-0.16,-9.1801,0.));
#1464 = VECTOR('',#1465,1.);
#1465 = DIRECTION('',(1.,-2.22044604925E-16,0.));
#1466 = PLANE('',#1467);
#1467 = AXIS2_PLACEMENT_3D('',#1468,#1469,#1470);
#1468 = CARTESIAN_POINT('',(-2.059445951248E-15,-9.5001,0.));
#1469 = DIRECTION('',(0.,0.,-1.));
#1470 = DIRECTION('',(2.22044604925E-16,1.,0.));
#1471 = ADVANCED_FACE('',(#1472),#1483,.F.);
#1472 = FACE_BOUND('',#1473,.F.);
#1473 = EDGE_LOOP('',(#1474,#1480,#1481,#1482));
#1474 = ORIENTED_EDGE('',*,*,#1475,.T.);
#1475 = EDGE_CURVE('',#1336,#1419,#1476,.T.);
#1476 = LINE('',#1477,#1478);
#1477 = CARTESIAN_POINT('',(1.016,-8.2301,2.54));
#1478 = VECTOR('',#1479,1.);
#1479 = DIRECTION('',(0.,0.,-1.));
#1480 = ORIENTED_EDGE('',*,*,#1426,.T.);
#1481 = ORIENTED_EDGE('',*,*,#1247,.F.);
#1482 = ORIENTED_EDGE('',*,*,#1343,.F.);
#1483 = PLANE('',#1484);
#1484 = AXIS2_PLACEMENT_3D('',#1485,#1486,#1487);
#1485 = CARTESIAN_POINT('',(1.016,-8.2301,2.54));
#1486 = DIRECTION('',(-0.707106781187,-0.707106781187,-0.));
#1487 = DIRECTION('',(0.707106781187,-0.707106781187,0.));
#1488 = ADVANCED_FACE('',(#1489),#1500,.F.);
#1489 = FACE_BOUND('',#1490,.F.);
#1490 = EDGE_LOOP('',(#1491,#1492,#1493,#1499));
#1491 = ORIENTED_EDGE('',*,*,#1287,.T.);
#1492 = ORIENTED_EDGE('',*,*,#1394,.T.);
#1493 = ORIENTED_EDGE('',*,*,#1494,.F.);
#1494 = EDGE_CURVE('',#1312,#1395,#1495,.T.);
#1495 = LINE('',#1496,#1497);
#1496 = CARTESIAN_POINT('',(-1.27,-10.5161,2.54));
#1497 = VECTOR('',#1498,1.);
#1498 = DIRECTION('',(0.,0.,-1.));
#1499 = ORIENTED_EDGE('',*,*,#1311,.F.);
#1500 = PLANE('',#1501);
#1501 = AXIS2_PLACEMENT_3D('',#1502,#1503,#1504);
#1502 = CARTESIAN_POINT('',(-1.016,-10.7701,2.54));
#1503 = DIRECTION('',(0.707106781187,0.707106781187,0.));
#1504 = DIRECTION('',(-0.707106781187,0.707106781187,0.));
#1505 = ADVANCED_FACE('',(#1506),#1517,.F.);
#1506 = FACE_BOUND('',#1507,.F.);
#1507 = EDGE_LOOP('',(#1508,#1514,#1515,#1516));
#1508 = ORIENTED_EDGE('',*,*,#1509,.T.);
#1509 = EDGE_CURVE('',#1328,#1411,#1510,.T.);
#1510 = LINE('',#1511,#1512);
#1511 = CARTESIAN_POINT('',(-1.016,-8.2301,2.54));
#1512 = VECTOR('',#1513,1.);
#1513 = DIRECTION('',(0.,0.,-1.));
#1514 = ORIENTED_EDGE('',*,*,#1418,.T.);
#1515 = ORIENTED_EDGE('',*,*,#1475,.F.);
#1516 = ORIENTED_EDGE('',*,*,#1335,.F.);
#1517 = PLANE('',#1518);
#1518 = AXIS2_PLACEMENT_3D('',#1519,#1520,#1521);
#1519 = CARTESIAN_POINT('',(-1.016,-8.2301,2.54));
#1520 = DIRECTION('',(-2.22044604925E-16,-1.,0.));
#1521 = DIRECTION('',(1.,-2.22044604925E-16,0.));
#1522 = ADVANCED_FACE('',(#1523),#1534,.F.);
#1523 = FACE_BOUND('',#1524,.F.);
#1524 = EDGE_LOOP('',(#1525,#1526,#1527,#1533));
#1525 = ORIENTED_EDGE('',*,*,#1494,.T.);
#1526 = ORIENTED_EDGE('',*,*,#1402,.T.);
#1527 = ORIENTED_EDGE('',*,*,#1528,.F.);
#1528 = EDGE_CURVE('',#1320,#1403,#1529,.T.);
#1529 = LINE('',#1530,#1531);
#1530 = CARTESIAN_POINT('',(-1.27,-8.4841,2.54));
#1531 = VECTOR('',#1532,1.);
#1532 = DIRECTION('',(0.,0.,-1.));
#1533 = ORIENTED_EDGE('',*,*,#1319,.F.);
#1534 = PLANE('',#1535);
#1535 = AXIS2_PLACEMENT_3D('',#1536,#1537,#1538);
#1536 = CARTESIAN_POINT('',(-1.27,-10.5161,2.54));
#1537 = DIRECTION('',(1.,-2.22044604925E-16,0.));
#1538 = DIRECTION('',(2.22044604925E-16,1.,0.));
#1539 = ADVANCED_FACE('',(#1540),#1546,.F.);
#1540 = FACE_BOUND('',#1541,.F.);
#1541 = EDGE_LOOP('',(#1542,#1543,#1544,#1545));
#1542 = ORIENTED_EDGE('',*,*,#1528,.T.);
#1543 = ORIENTED_EDGE('',*,*,#1410,.T.);
#1544 = ORIENTED_EDGE('',*,*,#1509,.F.);
#1545 = ORIENTED_EDGE('',*,*,#1327,.F.);
#1546 = PLANE('',#1547);
#1547 = AXIS2_PLACEMENT_3D('',#1548,#1549,#1550);
#1548 = CARTESIAN_POINT('',(-1.27,-8.4841,2.54));
#1549 = DIRECTION('',(0.707106781187,-0.707106781187,0.));
#1550 = DIRECTION('',(0.707106781187,0.707106781187,0.));
#1551 = ADVANCED_FACE('',(#1552),#1577,.F.);
#1552 = FACE_BOUND('',#1553,.F.);
#1553 = EDGE_LOOP('',(#1554,#1562,#1570,#1576));
#1554 = ORIENTED_EDGE('',*,*,#1555,.F.);
#1555 = EDGE_CURVE('',#1556,#1353,#1558,.T.);
#1556 = VERTEX_POINT('',#1557);
#1557 = CARTESIAN_POINT('',(-0.32,-9.1801,5.38));
#1558 = LINE('',#1559,#1560);
#1559 = CARTESIAN_POINT('',(-0.32,-9.1801,5.54));
#1560 = VECTOR('',#1561,1.);
#1561 = DIRECTION('',(0.,0.,-1.));
#1562 = ORIENTED_EDGE('',*,*,#1563,.F.);
#1563 = EDGE_CURVE('',#1564,#1556,#1566,.T.);
#1564 = VERTEX_POINT('',#1565);
#1565 = CARTESIAN_POINT('',(-0.32,-9.8201,5.38));
#1566 = LINE('',#1567,#1568);
#1567 = CARTESIAN_POINT('',(-0.32,-9.8201,5.38));
#1568 = VECTOR('',#1569,1.);
#1569 = DIRECTION('',(2.22044604925E-16,1.,0.));
#1570 = ORIENTED_EDGE('',*,*,#1571,.T.);
#1571 = EDGE_CURVE('',#1564,#1355,#1572,.T.);
#1572 = LINE('',#1573,#1574);
#1573 = CARTESIAN_POINT('',(-0.32,-9.8201,5.54));
#1574 = VECTOR('',#1575,1.);
#1575 = DIRECTION('',(0.,0.,-1.));
#1576 = ORIENTED_EDGE('',*,*,#1352,.F.);
#1577 = PLANE('',#1578);
#1578 = AXIS2_PLACEMENT_3D('',#1579,#1580,#1581);
#1579 = CARTESIAN_POINT('',(-0.32,-9.8201,5.54));
#1580 = DIRECTION('',(1.,-2.22044604925E-16,0.));
#1581 = DIRECTION('',(0.,0.,-1.));
#1582 = ADVANCED_FACE('',(#1583),#1601,.T.);
#1583 = FACE_BOUND('',#1584,.T.);
#1584 = EDGE_LOOP('',(#1585,#1586,#1594,#1600));
#1585 = ORIENTED_EDGE('',*,*,#1555,.F.);
#1586 = ORIENTED_EDGE('',*,*,#1587,.T.);
#1587 = EDGE_CURVE('',#1556,#1588,#1590,.T.);
#1588 = VERTEX_POINT('',#1589);
#1589 = CARTESIAN_POINT('',(0.32,-9.1801,5.38));
#1590 = LINE('',#1591,#1592);
#1591 = CARTESIAN_POINT('',(-0.32,-9.1801,5.38));
#1592 = VECTOR('',#1593,1.);
#1593 = DIRECTION('',(1.,-2.22044604925E-16,0.));
#1594 = ORIENTED_EDGE('',*,*,#1595,.T.);
#1595 = EDGE_CURVE('',#1588,#1371,#1596,.T.);
#1596 = LINE('',#1597,#1598);
#1597 = CARTESIAN_POINT('',(0.32,-9.1801,5.54));
#1598 = VECTOR('',#1599,1.);
#1599 = DIRECTION('',(0.,0.,-1.));
#1600 = ORIENTED_EDGE('',*,*,#1378,.F.);
#1601 = PLANE('',#1602);
#1602 = AXIS2_PLACEMENT_3D('',#1603,#1604,#1605);
#1603 = CARTESIAN_POINT('',(-0.32,-9.1801,5.54));
#1604 = DIRECTION('',(2.22044604925E-16,1.,0.));
#1605 = DIRECTION('',(0.,0.,-1.));
#1606 = ADVANCED_FACE('',(#1607),#1625,.T.);
#1607 = FACE_BOUND('',#1608,.T.);
#1608 = EDGE_LOOP('',(#1609,#1610,#1618,#1624));
#1609 = ORIENTED_EDGE('',*,*,#1595,.F.);
#1610 = ORIENTED_EDGE('',*,*,#1611,.F.);
#1611 = EDGE_CURVE('',#1612,#1588,#1614,.T.);
#1612 = VERTEX_POINT('',#1613);
#1613 = CARTESIAN_POINT('',(0.32,-9.8201,5.38));
#1614 = LINE('',#1615,#1616);
#1615 = CARTESIAN_POINT('',(0.32,-9.8201,5.38));
#1616 = VECTOR('',#1617,1.);
#1617 = DIRECTION('',(2.22044604925E-16,1.,0.));
#1618 = ORIENTED_EDGE('',*,*,#1619,.T.);
#1619 = EDGE_CURVE('',#1612,#1363,#1620,.T.);
#1620 = LINE('',#1621,#1622);
#1621 = CARTESIAN_POINT('',(0.32,-9.8201,5.54));
#1622 = VECTOR('',#1623,1.);
#1623 = DIRECTION('',(0.,0.,-1.));
#1624 = ORIENTED_EDGE('',*,*,#1370,.F.);
#1625 = PLANE('',#1626);
#1626 = AXIS2_PLACEMENT_3D('',#1627,#1628,#1629);
#1627 = CARTESIAN_POINT('',(0.32,-9.8201,5.54));
#1628 = DIRECTION('',(1.,-2.22044604925E-16,0.));
#1629 = DIRECTION('',(0.,0.,-1.));
#1630 = ADVANCED_FACE('',(#1631),#1642,.F.);
#1631 = FACE_BOUND('',#1632,.F.);
#1632 = EDGE_LOOP('',(#1633,#1634,#1640,#1641));
#1633 = ORIENTED_EDGE('',*,*,#1571,.F.);
#1634 = ORIENTED_EDGE('',*,*,#1635,.T.);
#1635 = EDGE_CURVE('',#1564,#1612,#1636,.T.);
#1636 = LINE('',#1637,#1638);
#1637 = CARTESIAN_POINT('',(-0.32,-9.8201,5.38));
#1638 = VECTOR('',#1639,1.);
#1639 = DIRECTION('',(1.,-2.22044604925E-16,0.));
#1640 = ORIENTED_EDGE('',*,*,#1619,.T.);
#1641 = ORIENTED_EDGE('',*,*,#1362,.F.);
#1642 = PLANE('',#1643);
#1643 = AXIS2_PLACEMENT_3D('',#1644,#1645,#1646);
#1644 = CARTESIAN_POINT('',(-0.32,-9.8201,5.54));
#1645 = DIRECTION('',(2.22044604925E-16,1.,0.));
#1646 = DIRECTION('',(0.,0.,-1.));
#1647 = ADVANCED_FACE('',(#1648),#1673,.F.);
#1648 = FACE_BOUND('',#1649,.F.);
#1649 = EDGE_LOOP('',(#1650,#1658,#1659,#1667));
#1650 = ORIENTED_EDGE('',*,*,#1651,.F.);
#1651 = EDGE_CURVE('',#1436,#1652,#1654,.T.);
#1652 = VERTEX_POINT('',#1653);
#1653 = CARTESIAN_POINT('',(-0.32,-9.1801,-5.84));
#1654 = LINE('',#1655,#1656);
#1655 = CARTESIAN_POINT('',(-0.32,-9.1801,5.54));
#1656 = VECTOR('',#1657,1.);
#1657 = DIRECTION('',(0.,0.,-1.));
#1658 = ORIENTED_EDGE('',*,*,#1435,.T.);
#1659 = ORIENTED_EDGE('',*,*,#1660,.T.);
#1660 = EDGE_CURVE('',#1438,#1661,#1663,.T.);
#1661 = VERTEX_POINT('',#1662);
#1662 = CARTESIAN_POINT('',(-0.32,-9.8201,-5.84));
#1663 = LINE('',#1664,#1665);
#1664 = CARTESIAN_POINT('',(-0.32,-9.8201,5.54));
#1665 = VECTOR('',#1666,1.);
#1666 = DIRECTION('',(0.,0.,-1.));
#1667 = ORIENTED_EDGE('',*,*,#1668,.T.);
#1668 = EDGE_CURVE('',#1661,#1652,#1669,.T.);
#1669 = LINE('',#1670,#1671);
#1670 = CARTESIAN_POINT('',(-0.32,-9.8201,-5.84));
#1671 = VECTOR('',#1672,1.);
#1672 = DIRECTION('',(2.22044604925E-16,1.,0.));
#1673 = PLANE('',#1674);
#1674 = AXIS2_PLACEMENT_3D('',#1675,#1676,#1677);
#1675 = CARTESIAN_POINT('',(-0.32,-9.8201,5.54));
#1676 = DIRECTION('',(1.,-2.22044604925E-16,0.));
#1677 = DIRECTION('',(0.,0.,-1.));
#1678 = ADVANCED_FACE('',(#1679),#1697,.T.);
#1679 = FACE_BOUND('',#1680,.T.);
#1680 = EDGE_LOOP('',(#1681,#1682,#1683,#1691));
#1681 = ORIENTED_EDGE('',*,*,#1651,.F.);
#1682 = ORIENTED_EDGE('',*,*,#1461,.T.);
#1683 = ORIENTED_EDGE('',*,*,#1684,.T.);
#1684 = EDGE_CURVE('',#1454,#1685,#1687,.T.);
#1685 = VERTEX_POINT('',#1686);
#1686 = CARTESIAN_POINT('',(0.32,-9.1801,-5.84));
#1687 = LINE('',#1688,#1689);
#1688 = CARTESIAN_POINT('',(0.32,-9.1801,5.54));
#1689 = VECTOR('',#1690,1.);
#1690 = DIRECTION('',(0.,0.,-1.));
#1691 = ORIENTED_EDGE('',*,*,#1692,.F.);
#1692 = EDGE_CURVE('',#1652,#1685,#1693,.T.);
#1693 = LINE('',#1694,#1695);
#1694 = CARTESIAN_POINT('',(-0.32,-9.1801,-5.84));
#1695 = VECTOR('',#1696,1.);
#1696 = DIRECTION('',(1.,-2.22044604925E-16,0.));
#1697 = PLANE('',#1698);
#1698 = AXIS2_PLACEMENT_3D('',#1699,#1700,#1701);
#1699 = CARTESIAN_POINT('',(-0.32,-9.1801,5.54));
#1700 = DIRECTION('',(2.22044604925E-16,1.,0.));
#1701 = DIRECTION('',(0.,0.,-1.));
#1702 = ADVANCED_FACE('',(#1703),#1721,.T.);
#1703 = FACE_BOUND('',#1704,.T.);
#1704 = EDGE_LOOP('',(#1705,#1706,#1707,#1715));
#1705 = ORIENTED_EDGE('',*,*,#1684,.F.);
#1706 = ORIENTED_EDGE('',*,*,#1453,.T.);
#1707 = ORIENTED_EDGE('',*,*,#1708,.T.);
#1708 = EDGE_CURVE('',#1446,#1709,#1711,.T.);
#1709 = VERTEX_POINT('',#1710);
#1710 = CARTESIAN_POINT('',(0.32,-9.8201,-5.84));
#1711 = LINE('',#1712,#1713);
#1712 = CARTESIAN_POINT('',(0.32,-9.8201,5.54));
#1713 = VECTOR('',#1714,1.);
#1714 = DIRECTION('',(0.,0.,-1.));
#1715 = ORIENTED_EDGE('',*,*,#1716,.T.);
#1716 = EDGE_CURVE('',#1709,#1685,#1717,.T.);
#1717 = LINE('',#1718,#1719);
#1718 = CARTESIAN_POINT('',(0.32,-9.8201,-5.84));
#1719 = VECTOR('',#1720,1.);
#1720 = DIRECTION('',(2.22044604925E-16,1.,0.));
#1721 = PLANE('',#1722);
#1722 = AXIS2_PLACEMENT_3D('',#1723,#1724,#1725);
#1723 = CARTESIAN_POINT('',(0.32,-9.8201,5.54));
#1724 = DIRECTION('',(1.,-2.22044604925E-16,0.));
#1725 = DIRECTION('',(0.,0.,-1.));
#1726 = ADVANCED_FACE('',(#1727),#1738,.F.);
#1727 = FACE_BOUND('',#1728,.F.);
#1728 = EDGE_LOOP('',(#1729,#1730,#1731,#1732));
#1729 = ORIENTED_EDGE('',*,*,#1660,.F.);
#1730 = ORIENTED_EDGE('',*,*,#1445,.T.);
#1731 = ORIENTED_EDGE('',*,*,#1708,.T.);
#1732 = ORIENTED_EDGE('',*,*,#1733,.F.);
#1733 = EDGE_CURVE('',#1661,#1709,#1734,.T.);
#1734 = LINE('',#1735,#1736);
#1735 = CARTESIAN_POINT('',(-0.32,-9.8201,-5.84));
#1736 = VECTOR('',#1737,1.);
#1737 = DIRECTION('',(1.,-2.22044604925E-16,0.));
#1738 = PLANE('',#1739);
#1739 = AXIS2_PLACEMENT_3D('',#1740,#1741,#1742);
#1740 = CARTESIAN_POINT('',(-0.32,-9.8201,5.54));
#1741 = DIRECTION('',(2.22044604925E-16,1.,0.));
#1742 = DIRECTION('',(0.,0.,-1.));
#1743 = ADVANCED_FACE('',(#1744),#1769,.T.);
#1744 = FACE_BOUND('',#1745,.F.);
#1745 = EDGE_LOOP('',(#1746,#1754,#1755,#1763));
#1746 = ORIENTED_EDGE('',*,*,#1747,.F.);
#1747 = EDGE_CURVE('',#1564,#1748,#1750,.T.);
#1748 = VERTEX_POINT('',#1749);
#1749 = CARTESIAN_POINT('',(-0.16,-9.6601,5.54));
#1750 = LINE('',#1751,#1752);
#1751 = CARTESIAN_POINT('',(-0.266666666667,-9.766766666667,
    5.433333333333));
#1752 = VECTOR('',#1753,1.);
#1753 = DIRECTION('',(0.57735026919,0.57735026919,0.57735026919));
#1754 = ORIENTED_EDGE('',*,*,#1563,.T.);
#1755 = ORIENTED_EDGE('',*,*,#1756,.T.);
#1756 = EDGE_CURVE('',#1556,#1757,#1759,.T.);
#1757 = VERTEX_POINT('',#1758);
#1758 = CARTESIAN_POINT('',(-0.16,-9.3401,5.54));
#1759 = LINE('',#1760,#1761);
#1760 = CARTESIAN_POINT('',(-0.16,-9.3401,5.54));
#1761 = VECTOR('',#1762,1.);
#1762 = DIRECTION('',(0.57735026919,-0.57735026919,0.57735026919));
#1763 = ORIENTED_EDGE('',*,*,#1764,.F.);
#1764 = EDGE_CURVE('',#1748,#1757,#1765,.T.);
#1765 = LINE('',#1766,#1767);
#1766 = CARTESIAN_POINT('',(-0.16,-9.8201,5.54));
#1767 = VECTOR('',#1768,1.);
#1768 = DIRECTION('',(2.22044604925E-16,1.,0.));
#1769 = PLANE('',#1770);
#1770 = AXIS2_PLACEMENT_3D('',#1771,#1772,#1773);
#1771 = CARTESIAN_POINT('',(-0.24,-9.8201,5.46));
#1772 = DIRECTION('',(-0.707106781187,1.570092458683E-16,0.707106781187)
  );
#1773 = DIRECTION('',(-2.22044604925E-16,-1.,-3.946769716434E-29));
#1774 = ADVANCED_FACE('',(#1775),#1793,.F.);
#1775 = FACE_BOUND('',#1776,.F.);
#1776 = EDGE_LOOP('',(#1777,#1778,#1779,#1787));
#1777 = ORIENTED_EDGE('',*,*,#1756,.F.);
#1778 = ORIENTED_EDGE('',*,*,#1587,.T.);
#1779 = ORIENTED_EDGE('',*,*,#1780,.T.);
#1780 = EDGE_CURVE('',#1588,#1781,#1783,.T.);
#1781 = VERTEX_POINT('',#1782);
#1782 = CARTESIAN_POINT('',(0.16,-9.3401,5.54));
#1783 = LINE('',#1784,#1785);
#1784 = CARTESIAN_POINT('',(5.333333333333E-02,-9.446766666667,
    5.646666666667));
#1785 = VECTOR('',#1786,1.);
#1786 = DIRECTION('',(-0.57735026919,-0.57735026919,0.57735026919));
#1787 = ORIENTED_EDGE('',*,*,#1788,.F.);
#1788 = EDGE_CURVE('',#1757,#1781,#1789,.T.);
#1789 = LINE('',#1790,#1791);
#1790 = CARTESIAN_POINT('',(-0.32,-9.3401,5.54));
#1791 = VECTOR('',#1792,1.);
#1792 = DIRECTION('',(1.,-2.22044604925E-16,0.));
#1793 = PLANE('',#1794);
#1794 = AXIS2_PLACEMENT_3D('',#1795,#1796,#1797);
#1795 = CARTESIAN_POINT('',(-0.32,-9.2601,5.46));
#1796 = DIRECTION('',(-1.570092458683E-16,-0.707106781187,
    -0.707106781187));
#1797 = DIRECTION('',(1.,-2.22044604925E-16,3.946769716434E-29));
#1798 = ADVANCED_FACE('',(#1799),#1817,.F.);
#1799 = FACE_BOUND('',#1800,.T.);
#1800 = EDGE_LOOP('',(#1801,#1809,#1810,#1811));
#1801 = ORIENTED_EDGE('',*,*,#1802,.F.);
#1802 = EDGE_CURVE('',#1612,#1803,#1805,.T.);
#1803 = VERTEX_POINT('',#1804);
#1804 = CARTESIAN_POINT('',(0.16,-9.6601,5.54));
#1805 = LINE('',#1806,#1807);
#1806 = CARTESIAN_POINT('',(0.16,-9.6601,5.54));
#1807 = VECTOR('',#1808,1.);
#1808 = DIRECTION('',(-0.57735026919,0.57735026919,0.57735026919));
#1809 = ORIENTED_EDGE('',*,*,#1611,.T.);
#1810 = ORIENTED_EDGE('',*,*,#1780,.T.);
#1811 = ORIENTED_EDGE('',*,*,#1812,.F.);
#1812 = EDGE_CURVE('',#1803,#1781,#1813,.T.);
#1813 = LINE('',#1814,#1815);
#1814 = CARTESIAN_POINT('',(0.16,-9.8201,5.54));
#1815 = VECTOR('',#1816,1.);
#1816 = DIRECTION('',(2.22044604925E-16,1.,0.));
#1817 = PLANE('',#1818);
#1818 = AXIS2_PLACEMENT_3D('',#1819,#1820,#1821);
#1819 = CARTESIAN_POINT('',(0.24,-9.8201,5.46));
#1820 = DIRECTION('',(-0.707106781187,1.570092458683E-16,-0.707106781187
    ));
#1821 = DIRECTION('',(-2.22044604925E-16,-1.,3.946769716434E-29));
#1822 = ADVANCED_FACE('',(#1823),#1834,.T.);
#1823 = FACE_BOUND('',#1824,.T.);
#1824 = EDGE_LOOP('',(#1825,#1826,#1827,#1828));
#1825 = ORIENTED_EDGE('',*,*,#1747,.F.);
#1826 = ORIENTED_EDGE('',*,*,#1635,.T.);
#1827 = ORIENTED_EDGE('',*,*,#1802,.T.);
#1828 = ORIENTED_EDGE('',*,*,#1829,.F.);
#1829 = EDGE_CURVE('',#1748,#1803,#1830,.T.);
#1830 = LINE('',#1831,#1832);
#1831 = CARTESIAN_POINT('',(-0.32,-9.6601,5.54));
#1832 = VECTOR('',#1833,1.);
#1833 = DIRECTION('',(1.,-2.22044604925E-16,0.));
#1834 = PLANE('',#1835);
#1835 = AXIS2_PLACEMENT_3D('',#1836,#1837,#1838);
#1836 = CARTESIAN_POINT('',(-0.32,-9.7401,5.46));
#1837 = DIRECTION('',(-1.570092458683E-16,-0.707106781187,0.707106781187
    ));
#1838 = DIRECTION('',(1.,-2.22044604925E-16,-3.946769716434E-29));
#1839 = ADVANCED_FACE('',(#1840),#1865,.F.);
#1840 = FACE_BOUND('',#1841,.T.);
#1841 = EDGE_LOOP('',(#1842,#1850,#1851,#1859));
#1842 = ORIENTED_EDGE('',*,*,#1843,.F.);
#1843 = EDGE_CURVE('',#1661,#1844,#1846,.T.);
#1844 = VERTEX_POINT('',#1845);
#1845 = CARTESIAN_POINT('',(-0.16,-9.6601,-6.));
#1846 = LINE('',#1847,#1848);
#1847 = CARTESIAN_POINT('',(-0.266666666667,-9.766766666667,
    -5.893333333333));
#1848 = VECTOR('',#1849,1.);
#1849 = DIRECTION('',(0.57735026919,0.57735026919,-0.57735026919));
#1850 = ORIENTED_EDGE('',*,*,#1668,.T.);
#1851 = ORIENTED_EDGE('',*,*,#1852,.T.);
#1852 = EDGE_CURVE('',#1652,#1853,#1855,.T.);
#1853 = VERTEX_POINT('',#1854);
#1854 = CARTESIAN_POINT('',(-0.16,-9.3401,-6.));
#1855 = LINE('',#1856,#1857);
#1856 = CARTESIAN_POINT('',(-0.16,-9.3401,-6.));
#1857 = VECTOR('',#1858,1.);
#1858 = DIRECTION('',(0.57735026919,-0.57735026919,-0.57735026919));
#1859 = ORIENTED_EDGE('',*,*,#1860,.F.);
#1860 = EDGE_CURVE('',#1844,#1853,#1861,.T.);
#1861 = LINE('',#1862,#1863);
#1862 = CARTESIAN_POINT('',(-0.16,-9.8201,-6.));
#1863 = VECTOR('',#1864,1.);
#1864 = DIRECTION('',(2.22044604925E-16,1.,0.));
#1865 = PLANE('',#1866);
#1866 = AXIS2_PLACEMENT_3D('',#1867,#1868,#1869);
#1867 = CARTESIAN_POINT('',(-0.24,-9.8201,-5.92));
#1868 = DIRECTION('',(0.707106781187,-1.570092458683E-16,0.707106781187)
  );
#1869 = DIRECTION('',(-2.22044604925E-16,-1.,3.946769716434E-29));
#1870 = ADVANCED_FACE('',(#1871),#1889,.T.);
#1871 = FACE_BOUND('',#1872,.T.);
#1872 = EDGE_LOOP('',(#1873,#1874,#1875,#1883));
#1873 = ORIENTED_EDGE('',*,*,#1852,.F.);
#1874 = ORIENTED_EDGE('',*,*,#1692,.T.);
#1875 = ORIENTED_EDGE('',*,*,#1876,.T.);
#1876 = EDGE_CURVE('',#1685,#1877,#1879,.T.);
#1877 = VERTEX_POINT('',#1878);
#1878 = CARTESIAN_POINT('',(0.16,-9.3401,-6.));
#1879 = LINE('',#1880,#1881);
#1880 = CARTESIAN_POINT('',(5.333333333333E-02,-9.446766666667,
    -6.106666666667));
#1881 = VECTOR('',#1882,1.);
#1882 = DIRECTION('',(-0.57735026919,-0.57735026919,-0.57735026919));
#1883 = ORIENTED_EDGE('',*,*,#1884,.F.);
#1884 = EDGE_CURVE('',#1853,#1877,#1885,.T.);
#1885 = LINE('',#1886,#1887);
#1886 = CARTESIAN_POINT('',(-0.32,-9.3401,-6.));
#1887 = VECTOR('',#1888,1.);
#1888 = DIRECTION('',(1.,-2.22044604925E-16,0.));
#1889 = PLANE('',#1890);
#1890 = AXIS2_PLACEMENT_3D('',#1891,#1892,#1893);
#1891 = CARTESIAN_POINT('',(-0.32,-9.2601,-5.92));
#1892 = DIRECTION('',(1.570092458683E-16,0.707106781187,-0.707106781187)
  );
#1893 = DIRECTION('',(1.,-2.22044604925E-16,-3.946769716434E-29));
#1894 = ADVANCED_FACE('',(#1895),#1913,.T.);
#1895 = FACE_BOUND('',#1896,.F.);
#1896 = EDGE_LOOP('',(#1897,#1905,#1906,#1907));
#1897 = ORIENTED_EDGE('',*,*,#1898,.F.);
#1898 = EDGE_CURVE('',#1709,#1899,#1901,.T.);
#1899 = VERTEX_POINT('',#1900);
#1900 = CARTESIAN_POINT('',(0.16,-9.6601,-6.));
#1901 = LINE('',#1902,#1903);
#1902 = CARTESIAN_POINT('',(0.16,-9.6601,-6.));
#1903 = VECTOR('',#1904,1.);
#1904 = DIRECTION('',(-0.57735026919,0.57735026919,-0.57735026919));
#1905 = ORIENTED_EDGE('',*,*,#1716,.T.);
#1906 = ORIENTED_EDGE('',*,*,#1876,.T.);
#1907 = ORIENTED_EDGE('',*,*,#1908,.F.);
#1908 = EDGE_CURVE('',#1899,#1877,#1909,.T.);
#1909 = LINE('',#1910,#1911);
#1910 = CARTESIAN_POINT('',(0.16,-9.8201,-6.));
#1911 = VECTOR('',#1912,1.);
#1912 = DIRECTION('',(2.22044604925E-16,1.,0.));
#1913 = PLANE('',#1914);
#1914 = AXIS2_PLACEMENT_3D('',#1915,#1916,#1917);
#1915 = CARTESIAN_POINT('',(0.24,-9.8201,-5.92));
#1916 = DIRECTION('',(0.707106781187,-1.570092458683E-16,-0.707106781187
    ));
#1917 = DIRECTION('',(-2.22044604925E-16,-1.,-3.946769716434E-29));
#1918 = ADVANCED_FACE('',(#1919),#1930,.F.);
#1919 = FACE_BOUND('',#1920,.F.);
#1920 = EDGE_LOOP('',(#1921,#1922,#1923,#1924));
#1921 = ORIENTED_EDGE('',*,*,#1843,.F.);
#1922 = ORIENTED_EDGE('',*,*,#1733,.T.);
#1923 = ORIENTED_EDGE('',*,*,#1898,.T.);
#1924 = ORIENTED_EDGE('',*,*,#1925,.F.);
#1925 = EDGE_CURVE('',#1844,#1899,#1926,.T.);
#1926 = LINE('',#1927,#1928);
#1927 = CARTESIAN_POINT('',(-0.32,-9.6601,-6.));
#1928 = VECTOR('',#1929,1.);
#1929 = DIRECTION('',(1.,-2.22044604925E-16,0.));
#1930 = PLANE('',#1931);
#1931 = AXIS2_PLACEMENT_3D('',#1932,#1933,#1934);
#1932 = CARTESIAN_POINT('',(-0.32,-9.7401,-5.92));
#1933 = DIRECTION('',(1.570092458683E-16,0.707106781187,0.707106781187)
  );
#1934 = DIRECTION('',(1.,-2.22044604925E-16,3.946769716434E-29));
#1935 = ADVANCED_FACE('',(#1936),#1942,.F.);
#1936 = FACE_BOUND('',#1937,.F.);
#1937 = EDGE_LOOP('',(#1938,#1939,#1940,#1941));
#1938 = ORIENTED_EDGE('',*,*,#1812,.F.);
#1939 = ORIENTED_EDGE('',*,*,#1829,.F.);
#1940 = ORIENTED_EDGE('',*,*,#1764,.T.);
#1941 = ORIENTED_EDGE('',*,*,#1788,.T.);
#1942 = PLANE('',#1943);
#1943 = AXIS2_PLACEMENT_3D('',#1944,#1945,#1946);
#1944 = CARTESIAN_POINT('',(-0.32,-9.8201,5.54));
#1945 = DIRECTION('',(0.,0.,-1.));
#1946 = DIRECTION('',(2.22044604925E-16,1.,0.));
#1947 = ADVANCED_FACE('',(#1948),#1954,.T.);
#1948 = FACE_BOUND('',#1949,.T.);
#1949 = EDGE_LOOP('',(#1950,#1951,#1952,#1953));
#1950 = ORIENTED_EDGE('',*,*,#1884,.T.);
#1951 = ORIENTED_EDGE('',*,*,#1908,.F.);
#1952 = ORIENTED_EDGE('',*,*,#1925,.F.);
#1953 = ORIENTED_EDGE('',*,*,#1860,.T.);
#1954 = PLANE('',#1955);
#1955 = AXIS2_PLACEMENT_3D('',#1956,#1957,#1958);
#1956 = CARTESIAN_POINT('',(-0.32,-9.8201,-6.));
#1957 = DIRECTION('',(0.,0.,-1.));
#1958 = DIRECTION('',(2.22044604925E-16,1.,0.));
#1959 = ( GEOMETRIC_REPRESENTATION_CONTEXT(3) 
GLOBAL_UNCERTAINTY_ASSIGNED_CONTEXT((#1963)) 
GLOBAL_UNIT_ASSIGNED_CONTEXT((#1960,#1961,#1962)) REPRESENTATION_CONTEXT
('Context #1','3D Context with UNIT and UNCERTAINTY') );
#1960 = ( LENGTH_UNIT() NAMED_UNIT(*) SI_UNIT(.MILLI.,.METRE.) );
#1961 = ( NAMED_UNIT(*) PLANE_ANGLE_UNIT() SI_UNIT($,.RADIAN.) );
#1962 = ( NAMED_UNIT(*) SI_UNIT($,.STERADIAN.) SOLID_ANGLE_UNIT() );
#1963 = UNCERTAINTY_MEASURE_WITH_UNIT(LENGTH_MEASURE(1.E-07),#1960,
  'distance_accuracy_value','confusion accuracy');
#1964 = CONTEXT_DEPENDENT_SHAPE_REPRESENTATION(#1965,#1967);
#1965 = ( REPRESENTATION_RELATIONSHIP('','',#1200,#388) 
REPRESENTATION_RELATIONSHIP_WITH_TRANSFORMATION(#1966) 
SHAPE_REPRESENTATION_RELATIONSHIP() );
#1966 = ITEM_DEFINED_TRANSFORMATION('','',#11,#393);
#1967 = PRODUCT_DEFINITION_SHAPE('Placement','Placement of an item',
  #1968);
#1968 = NEXT_ASSEMBLY_USAGE_OCCURRENCE('4','PLS_1x01 02','',#383,#1195,$
  );
#1969 = PRODUCT_RELATED_PRODUCT_CATEGORY('part',$,(#1197));
#1970 = SHAPE_DEFINITION_REPRESENTATION(#1971,#1977);
#1971 = PRODUCT_DEFINITION_SHAPE('','',#1972);
#1972 = PRODUCT_DEFINITION('design','',#1973,#1976);
#1973 = PRODUCT_DEFINITION_FORMATION('','',#1974);
#1974 = PRODUCT('PLS_1x01 03','PLS_1x01 03','',(#1975));
#1975 = PRODUCT_CONTEXT('',#2,'mechanical');
#1976 = PRODUCT_DEFINITION_CONTEXT('part definition',#2,'design');
#1977 = ADVANCED_BREP_SHAPE_REPRESENTATION('',(#11,#1978),#2736);
#1978 = MANIFOLD_SOLID_BREP('',#1979);
#1979 = CLOSED_SHELL('',(#1980,#2020,#2051,#2082,#2165,#2248,#2265,#2282
    ,#2299,#2316,#2328,#2359,#2383,#2407,#2424,#2455,#2479,#2503,#2520,
    #2551,#2575,#2599,#2616,#2647,#2671,#2695,#2712,#2724));
#1980 = ADVANCED_FACE('',(#1981),#2015,.F.);
#1981 = FACE_BOUND('',#1982,.F.);
#1982 = EDGE_LOOP('',(#1983,#1993,#2001,#2009));
#1983 = ORIENTED_EDGE('',*,*,#1984,.T.);
#1984 = EDGE_CURVE('',#1985,#1987,#1989,.T.);
#1985 = VERTEX_POINT('',#1986);
#1986 = CARTESIAN_POINT('',(16.7701,-1.016,2.54));
#1987 = VERTEX_POINT('',#1988);
#1988 = CARTESIAN_POINT('',(16.7701,-1.016,0.));
#1989 = LINE('',#1990,#1991);
#1990 = CARTESIAN_POINT('',(16.7701,-1.016,2.54));
#1991 = VECTOR('',#1992,1.);
#1992 = DIRECTION('',(0.,0.,-1.));
#1993 = ORIENTED_EDGE('',*,*,#1994,.T.);
#1994 = EDGE_CURVE('',#1987,#1995,#1997,.T.);
#1995 = VERTEX_POINT('',#1996);
#1996 = CARTESIAN_POINT('',(16.5161,-1.27,0.));
#1997 = LINE('',#1998,#1999);
#1998 = CARTESIAN_POINT('',(16.7701,-1.016,0.));
#1999 = VECTOR('',#2000,1.);
#2000 = DIRECTION('',(-0.707106781187,-0.707106781187,-0.));
#2001 = ORIENTED_EDGE('',*,*,#2002,.F.);
#2002 = EDGE_CURVE('',#2003,#1995,#2005,.T.);
#2003 = VERTEX_POINT('',#2004);
#2004 = CARTESIAN_POINT('',(16.5161,-1.27,2.54));
#2005 = LINE('',#2006,#2007);
#2006 = CARTESIAN_POINT('',(16.5161,-1.27,2.54));
#2007 = VECTOR('',#2008,1.);
#2008 = DIRECTION('',(0.,0.,-1.));
#2009 = ORIENTED_EDGE('',*,*,#2010,.F.);
#2010 = EDGE_CURVE('',#1985,#2003,#2011,.T.);
#2011 = LINE('',#2012,#2013);
#2012 = CARTESIAN_POINT('',(16.7701,-1.016,2.54));
#2013 = VECTOR('',#2014,1.);
#2014 = DIRECTION('',(-0.707106781187,-0.707106781187,-0.));
#2015 = PLANE('',#2016);
#2016 = AXIS2_PLACEMENT_3D('',#2017,#2018,#2019);
#2017 = CARTESIAN_POINT('',(16.7701,-1.016,2.54));
#2018 = DIRECTION('',(-0.707106781187,0.707106781187,0.));
#2019 = DIRECTION('',(-0.707106781187,-0.707106781187,-0.));
#2020 = ADVANCED_FACE('',(#2021),#2046,.F.);
#2021 = FACE_BOUND('',#2022,.F.);
#2022 = EDGE_LOOP('',(#2023,#2033,#2039,#2040));
#2023 = ORIENTED_EDGE('',*,*,#2024,.T.);
#2024 = EDGE_CURVE('',#2025,#2027,#2029,.T.);
#2025 = VERTEX_POINT('',#2026);
#2026 = CARTESIAN_POINT('',(16.7701,1.016,2.54));
#2027 = VERTEX_POINT('',#2028);
#2028 = CARTESIAN_POINT('',(16.7701,1.016,0.));
#2029 = LINE('',#2030,#2031);
#2030 = CARTESIAN_POINT('',(16.7701,1.016,2.54));
#2031 = VECTOR('',#2032,1.);
#2032 = DIRECTION('',(0.,0.,-1.));
#2033 = ORIENTED_EDGE('',*,*,#2034,.T.);
#2034 = EDGE_CURVE('',#2027,#1987,#2035,.T.);
#2035 = LINE('',#2036,#2037);
#2036 = CARTESIAN_POINT('',(16.7701,1.016,0.));
#2037 = VECTOR('',#2038,1.);
#2038 = DIRECTION('',(-2.22044604925E-16,-1.,0.));
#2039 = ORIENTED_EDGE('',*,*,#1984,.F.);
#2040 = ORIENTED_EDGE('',*,*,#2041,.F.);
#2041 = EDGE_CURVE('',#2025,#1985,#2042,.T.);
#2042 = LINE('',#2043,#2044);
#2043 = CARTESIAN_POINT('',(16.7701,1.016,2.54));
#2044 = VECTOR('',#2045,1.);
#2045 = DIRECTION('',(-2.22044604925E-16,-1.,0.));
#2046 = PLANE('',#2047);
#2047 = AXIS2_PLACEMENT_3D('',#2048,#2049,#2050);
#2048 = CARTESIAN_POINT('',(16.7701,1.016,2.54));
#2049 = DIRECTION('',(-1.,2.22044604925E-16,0.));
#2050 = DIRECTION('',(-2.22044604925E-16,-1.,0.));
#2051 = ADVANCED_FACE('',(#2052),#2077,.F.);
#2052 = FACE_BOUND('',#2053,.F.);
#2053 = EDGE_LOOP('',(#2054,#2055,#2063,#2071));
#2054 = ORIENTED_EDGE('',*,*,#2002,.T.);
#2055 = ORIENTED_EDGE('',*,*,#2056,.T.);
#2056 = EDGE_CURVE('',#1995,#2057,#2059,.T.);
#2057 = VERTEX_POINT('',#2058);
#2058 = CARTESIAN_POINT('',(14.4841,-1.27,0.));
#2059 = LINE('',#2060,#2061);
#2060 = CARTESIAN_POINT('',(16.5161,-1.27,0.));
#2061 = VECTOR('',#2062,1.);
#2062 = DIRECTION('',(-1.,2.22044604925E-16,0.));
#2063 = ORIENTED_EDGE('',*,*,#2064,.F.);
#2064 = EDGE_CURVE('',#2065,#2057,#2067,.T.);
#2065 = VERTEX_POINT('',#2066);
#2066 = CARTESIAN_POINT('',(14.4841,-1.27,2.54));
#2067 = LINE('',#2068,#2069);
#2068 = CARTESIAN_POINT('',(14.4841,-1.27,2.54));
#2069 = VECTOR('',#2070,1.);
#2070 = DIRECTION('',(0.,0.,-1.));
#2071 = ORIENTED_EDGE('',*,*,#2072,.F.);
#2072 = EDGE_CURVE('',#2003,#2065,#2073,.T.);
#2073 = LINE('',#2074,#2075);
#2074 = CARTESIAN_POINT('',(16.5161,-1.27,2.54));
#2075 = VECTOR('',#2076,1.);
#2076 = DIRECTION('',(-1.,2.22044604925E-16,0.));
#2077 = PLANE('',#2078);
#2078 = AXIS2_PLACEMENT_3D('',#2079,#2080,#2081);
#2079 = CARTESIAN_POINT('',(16.5161,-1.27,2.54));
#2080 = DIRECTION('',(2.22044604925E-16,1.,0.));
#2081 = DIRECTION('',(-1.,2.22044604925E-16,0.));
#2082 = ADVANCED_FACE('',(#2083,#2126),#2160,.F.);
#2083 = FACE_BOUND('',#2084,.F.);
#2084 = EDGE_LOOP('',(#2085,#2086,#2087,#2095,#2103,#2111,#2119,#2125));
#2085 = ORIENTED_EDGE('',*,*,#2010,.T.);
#2086 = ORIENTED_EDGE('',*,*,#2072,.T.);
#2087 = ORIENTED_EDGE('',*,*,#2088,.T.);
#2088 = EDGE_CURVE('',#2065,#2089,#2091,.T.);
#2089 = VERTEX_POINT('',#2090);
#2090 = CARTESIAN_POINT('',(14.2301,-1.016,2.54));
#2091 = LINE('',#2092,#2093);
#2092 = CARTESIAN_POINT('',(14.4841,-1.27,2.54));
#2093 = VECTOR('',#2094,1.);
#2094 = DIRECTION('',(-0.707106781187,0.707106781187,0.));
#2095 = ORIENTED_EDGE('',*,*,#2096,.T.);
#2096 = EDGE_CURVE('',#2089,#2097,#2099,.T.);
#2097 = VERTEX_POINT('',#2098);
#2098 = CARTESIAN_POINT('',(14.2301,1.016,2.54));
#2099 = LINE('',#2100,#2101);
#2100 = CARTESIAN_POINT('',(14.2301,-1.016,2.54));
#2101 = VECTOR('',#2102,1.);
#2102 = DIRECTION('',(2.22044604925E-16,1.,0.));
#2103 = ORIENTED_EDGE('',*,*,#2104,.T.);
#2104 = EDGE_CURVE('',#2097,#2105,#2107,.T.);
#2105 = VERTEX_POINT('',#2106);
#2106 = CARTESIAN_POINT('',(14.4841,1.27,2.54));
#2107 = LINE('',#2108,#2109);
#2108 = CARTESIAN_POINT('',(14.2301,1.016,2.54));
#2109 = VECTOR('',#2110,1.);
#2110 = DIRECTION('',(0.707106781187,0.707106781187,0.));
#2111 = ORIENTED_EDGE('',*,*,#2112,.T.);
#2112 = EDGE_CURVE('',#2105,#2113,#2115,.T.);
#2113 = VERTEX_POINT('',#2114);
#2114 = CARTESIAN_POINT('',(16.5161,1.27,2.54));
#2115 = LINE('',#2116,#2117);
#2116 = CARTESIAN_POINT('',(14.4841,1.27,2.54));
#2117 = VECTOR('',#2118,1.);
#2118 = DIRECTION('',(1.,-2.22044604925E-16,0.));
#2119 = ORIENTED_EDGE('',*,*,#2120,.T.);
#2120 = EDGE_CURVE('',#2113,#2025,#2121,.T.);
#2121 = LINE('',#2122,#2123);
#2122 = CARTESIAN_POINT('',(16.5161,1.27,2.54));
#2123 = VECTOR('',#2124,1.);
#2124 = DIRECTION('',(0.707106781187,-0.707106781187,0.));
#2125 = ORIENTED_EDGE('',*,*,#2041,.T.);
#2126 = FACE_BOUND('',#2127,.F.);
#2127 = EDGE_LOOP('',(#2128,#2138,#2146,#2154));
#2128 = ORIENTED_EDGE('',*,*,#2129,.T.);
#2129 = EDGE_CURVE('',#2130,#2132,#2134,.T.);
#2130 = VERTEX_POINT('',#2131);
#2131 = CARTESIAN_POINT('',(15.1801,0.32,2.54));
#2132 = VERTEX_POINT('',#2133);
#2133 = CARTESIAN_POINT('',(15.1801,-0.32,2.54));
#2134 = LINE('',#2135,#2136);
#2135 = CARTESIAN_POINT('',(15.1801,-0.16,2.54));
#2136 = VECTOR('',#2137,1.);
#2137 = DIRECTION('',(-2.22044604925E-16,-1.,0.));
#2138 = ORIENTED_EDGE('',*,*,#2139,.T.);
#2139 = EDGE_CURVE('',#2132,#2140,#2142,.T.);
#2140 = VERTEX_POINT('',#2141);
#2141 = CARTESIAN_POINT('',(15.8201,-0.32,2.54));
#2142 = LINE('',#2143,#2144);
#2143 = CARTESIAN_POINT('',(15.3401,-0.32,2.54));
#2144 = VECTOR('',#2145,1.);
#2145 = DIRECTION('',(1.,-2.22044604925E-16,0.));
#2146 = ORIENTED_EDGE('',*,*,#2147,.F.);
#2147 = EDGE_CURVE('',#2148,#2140,#2150,.T.);
#2148 = VERTEX_POINT('',#2149);
#2149 = CARTESIAN_POINT('',(15.8201,0.32,2.54));
#2150 = LINE('',#2151,#2152);
#2151 = CARTESIAN_POINT('',(15.8201,-0.16,2.54));
#2152 = VECTOR('',#2153,1.);
#2153 = DIRECTION('',(-2.22044604925E-16,-1.,0.));
#2154 = ORIENTED_EDGE('',*,*,#2155,.F.);
#2155 = EDGE_CURVE('',#2130,#2148,#2156,.T.);
#2156 = LINE('',#2157,#2158);
#2157 = CARTESIAN_POINT('',(15.3401,0.32,2.54));
#2158 = VECTOR('',#2159,1.);
#2159 = DIRECTION('',(1.,-2.22044604925E-16,0.));
#2160 = PLANE('',#2161);
#2161 = AXIS2_PLACEMENT_3D('',#2162,#2163,#2164);
#2162 = CARTESIAN_POINT('',(15.5001,-3.421713580798E-15,2.54));
#2163 = DIRECTION('',(0.,0.,-1.));
#2164 = DIRECTION('',(2.22044604925E-16,1.,0.));
#2165 = ADVANCED_FACE('',(#2166,#2209),#2243,.T.);
#2166 = FACE_BOUND('',#2167,.T.);
#2167 = EDGE_LOOP('',(#2168,#2169,#2170,#2178,#2186,#2194,#2202,#2208));
#2168 = ORIENTED_EDGE('',*,*,#1994,.T.);
#2169 = ORIENTED_EDGE('',*,*,#2056,.T.);
#2170 = ORIENTED_EDGE('',*,*,#2171,.T.);
#2171 = EDGE_CURVE('',#2057,#2172,#2174,.T.);
#2172 = VERTEX_POINT('',#2173);
#2173 = CARTESIAN_POINT('',(14.2301,-1.016,0.));
#2174 = LINE('',#2175,#2176);
#2175 = CARTESIAN_POINT('',(14.4841,-1.27,0.));
#2176 = VECTOR('',#2177,1.);
#2177 = DIRECTION('',(-0.707106781187,0.707106781187,0.));
#2178 = ORIENTED_EDGE('',*,*,#2179,.T.);
#2179 = EDGE_CURVE('',#2172,#2180,#2182,.T.);
#2180 = VERTEX_POINT('',#2181);
#2181 = CARTESIAN_POINT('',(14.2301,1.016,0.));
#2182 = LINE('',#2183,#2184);
#2183 = CARTESIAN_POINT('',(14.2301,-1.016,0.));
#2184 = VECTOR('',#2185,1.);
#2185 = DIRECTION('',(2.22044604925E-16,1.,0.));
#2186 = ORIENTED_EDGE('',*,*,#2187,.T.);
#2187 = EDGE_CURVE('',#2180,#2188,#2190,.T.);
#2188 = VERTEX_POINT('',#2189);
#2189 = CARTESIAN_POINT('',(14.4841,1.27,0.));
#2190 = LINE('',#2191,#2192);
#2191 = CARTESIAN_POINT('',(14.2301,1.016,0.));
#2192 = VECTOR('',#2193,1.);
#2193 = DIRECTION('',(0.707106781187,0.707106781187,0.));
#2194 = ORIENTED_EDGE('',*,*,#2195,.T.);
#2195 = EDGE_CURVE('',#2188,#2196,#2198,.T.);
#2196 = VERTEX_POINT('',#2197);
#2197 = CARTESIAN_POINT('',(16.5161,1.27,0.));
#2198 = LINE('',#2199,#2200);
#2199 = CARTESIAN_POINT('',(14.4841,1.27,0.));
#2200 = VECTOR('',#2201,1.);
#2201 = DIRECTION('',(1.,-2.22044604925E-16,0.));
#2202 = ORIENTED_EDGE('',*,*,#2203,.T.);
#2203 = EDGE_CURVE('',#2196,#2027,#2204,.T.);
#2204 = LINE('',#2205,#2206);
#2205 = CARTESIAN_POINT('',(16.5161,1.27,0.));
#2206 = VECTOR('',#2207,1.);
#2207 = DIRECTION('',(0.707106781187,-0.707106781187,0.));
#2208 = ORIENTED_EDGE('',*,*,#2034,.T.);
#2209 = FACE_BOUND('',#2210,.T.);
#2210 = EDGE_LOOP('',(#2211,#2221,#2229,#2237));
#2211 = ORIENTED_EDGE('',*,*,#2212,.T.);
#2212 = EDGE_CURVE('',#2213,#2215,#2217,.T.);
#2213 = VERTEX_POINT('',#2214);
#2214 = CARTESIAN_POINT('',(15.1801,0.32,0.));
#2215 = VERTEX_POINT('',#2216);
#2216 = CARTESIAN_POINT('',(15.1801,-0.32,0.));
#2217 = LINE('',#2218,#2219);
#2218 = CARTESIAN_POINT('',(15.1801,-0.16,0.));
#2219 = VECTOR('',#2220,1.);
#2220 = DIRECTION('',(-2.22044604925E-16,-1.,0.));
#2221 = ORIENTED_EDGE('',*,*,#2222,.T.);
#2222 = EDGE_CURVE('',#2215,#2223,#2225,.T.);
#2223 = VERTEX_POINT('',#2224);
#2224 = CARTESIAN_POINT('',(15.8201,-0.32,0.));
#2225 = LINE('',#2226,#2227);
#2226 = CARTESIAN_POINT('',(15.3401,-0.32,0.));
#2227 = VECTOR('',#2228,1.);
#2228 = DIRECTION('',(1.,-2.22044604925E-16,0.));
#2229 = ORIENTED_EDGE('',*,*,#2230,.F.);
#2230 = EDGE_CURVE('',#2231,#2223,#2233,.T.);
#2231 = VERTEX_POINT('',#2232);
#2232 = CARTESIAN_POINT('',(15.8201,0.32,0.));
#2233 = LINE('',#2234,#2235);
#2234 = CARTESIAN_POINT('',(15.8201,-0.16,0.));
#2235 = VECTOR('',#2236,1.);
#2236 = DIRECTION('',(-2.22044604925E-16,-1.,0.));
#2237 = ORIENTED_EDGE('',*,*,#2238,.F.);
#2238 = EDGE_CURVE('',#2213,#2231,#2239,.T.);
#2239 = LINE('',#2240,#2241);
#2240 = CARTESIAN_POINT('',(15.3401,0.32,0.));
#2241 = VECTOR('',#2242,1.);
#2242 = DIRECTION('',(1.,-2.22044604925E-16,0.));
#2243 = PLANE('',#2244);
#2244 = AXIS2_PLACEMENT_3D('',#2245,#2246,#2247);
#2245 = CARTESIAN_POINT('',(15.5001,-3.421713580798E-15,0.));
#2246 = DIRECTION('',(0.,0.,-1.));
#2247 = DIRECTION('',(2.22044604925E-16,1.,0.));
#2248 = ADVANCED_FACE('',(#2249),#2260,.F.);
#2249 = FACE_BOUND('',#2250,.F.);
#2250 = EDGE_LOOP('',(#2251,#2257,#2258,#2259));
#2251 = ORIENTED_EDGE('',*,*,#2252,.T.);
#2252 = EDGE_CURVE('',#2113,#2196,#2253,.T.);
#2253 = LINE('',#2254,#2255);
#2254 = CARTESIAN_POINT('',(16.5161,1.27,2.54));
#2255 = VECTOR('',#2256,1.);
#2256 = DIRECTION('',(0.,0.,-1.));
#2257 = ORIENTED_EDGE('',*,*,#2203,.T.);
#2258 = ORIENTED_EDGE('',*,*,#2024,.F.);
#2259 = ORIENTED_EDGE('',*,*,#2120,.F.);
#2260 = PLANE('',#2261);
#2261 = AXIS2_PLACEMENT_3D('',#2262,#2263,#2264);
#2262 = CARTESIAN_POINT('',(16.5161,1.27,2.54));
#2263 = DIRECTION('',(-0.707106781187,-0.707106781187,-0.));
#2264 = DIRECTION('',(0.707106781187,-0.707106781187,0.));
#2265 = ADVANCED_FACE('',(#2266),#2277,.F.);
#2266 = FACE_BOUND('',#2267,.F.);
#2267 = EDGE_LOOP('',(#2268,#2269,#2270,#2276));
#2268 = ORIENTED_EDGE('',*,*,#2064,.T.);
#2269 = ORIENTED_EDGE('',*,*,#2171,.T.);
#2270 = ORIENTED_EDGE('',*,*,#2271,.F.);
#2271 = EDGE_CURVE('',#2089,#2172,#2272,.T.);
#2272 = LINE('',#2273,#2274);
#2273 = CARTESIAN_POINT('',(14.2301,-1.016,2.54));
#2274 = VECTOR('',#2275,1.);
#2275 = DIRECTION('',(0.,0.,-1.));
#2276 = ORIENTED_EDGE('',*,*,#2088,.F.);
#2277 = PLANE('',#2278);
#2278 = AXIS2_PLACEMENT_3D('',#2279,#2280,#2281);
#2279 = CARTESIAN_POINT('',(14.4841,-1.27,2.54));
#2280 = DIRECTION('',(0.707106781187,0.707106781187,0.));
#2281 = DIRECTION('',(-0.707106781187,0.707106781187,0.));
#2282 = ADVANCED_FACE('',(#2283),#2294,.F.);
#2283 = FACE_BOUND('',#2284,.F.);
#2284 = EDGE_LOOP('',(#2285,#2291,#2292,#2293));
#2285 = ORIENTED_EDGE('',*,*,#2286,.T.);
#2286 = EDGE_CURVE('',#2105,#2188,#2287,.T.);
#2287 = LINE('',#2288,#2289);
#2288 = CARTESIAN_POINT('',(14.4841,1.27,2.54));
#2289 = VECTOR('',#2290,1.);
#2290 = DIRECTION('',(0.,0.,-1.));
#2291 = ORIENTED_EDGE('',*,*,#2195,.T.);
#2292 = ORIENTED_EDGE('',*,*,#2252,.F.);
#2293 = ORIENTED_EDGE('',*,*,#2112,.F.);
#2294 = PLANE('',#2295);
#2295 = AXIS2_PLACEMENT_3D('',#2296,#2297,#2298);
#2296 = CARTESIAN_POINT('',(14.4841,1.27,2.54));
#2297 = DIRECTION('',(-2.22044604925E-16,-1.,0.));
#2298 = DIRECTION('',(1.,-2.22044604925E-16,0.));
#2299 = ADVANCED_FACE('',(#2300),#2311,.F.);
#2300 = FACE_BOUND('',#2301,.F.);
#2301 = EDGE_LOOP('',(#2302,#2303,#2304,#2310));
#2302 = ORIENTED_EDGE('',*,*,#2271,.T.);
#2303 = ORIENTED_EDGE('',*,*,#2179,.T.);
#2304 = ORIENTED_EDGE('',*,*,#2305,.F.);
#2305 = EDGE_CURVE('',#2097,#2180,#2306,.T.);
#2306 = LINE('',#2307,#2308);
#2307 = CARTESIAN_POINT('',(14.2301,1.016,2.54));
#2308 = VECTOR('',#2309,1.);
#2309 = DIRECTION('',(0.,0.,-1.));
#2310 = ORIENTED_EDGE('',*,*,#2096,.F.);
#2311 = PLANE('',#2312);
#2312 = AXIS2_PLACEMENT_3D('',#2313,#2314,#2315);
#2313 = CARTESIAN_POINT('',(14.2301,-1.016,2.54));
#2314 = DIRECTION('',(1.,-2.22044604925E-16,0.));
#2315 = DIRECTION('',(2.22044604925E-16,1.,0.));
#2316 = ADVANCED_FACE('',(#2317),#2323,.F.);
#2317 = FACE_BOUND('',#2318,.F.);
#2318 = EDGE_LOOP('',(#2319,#2320,#2321,#2322));
#2319 = ORIENTED_EDGE('',*,*,#2305,.T.);
#2320 = ORIENTED_EDGE('',*,*,#2187,.T.);
#2321 = ORIENTED_EDGE('',*,*,#2286,.F.);
#2322 = ORIENTED_EDGE('',*,*,#2104,.F.);
#2323 = PLANE('',#2324);
#2324 = AXIS2_PLACEMENT_3D('',#2325,#2326,#2327);
#2325 = CARTESIAN_POINT('',(14.2301,1.016,2.54));
#2326 = DIRECTION('',(0.707106781187,-0.707106781187,0.));
#2327 = DIRECTION('',(0.707106781187,0.707106781187,0.));
#2328 = ADVANCED_FACE('',(#2329),#2354,.F.);
#2329 = FACE_BOUND('',#2330,.F.);
#2330 = EDGE_LOOP('',(#2331,#2339,#2347,#2353));
#2331 = ORIENTED_EDGE('',*,*,#2332,.F.);
#2332 = EDGE_CURVE('',#2333,#2130,#2335,.T.);
#2333 = VERTEX_POINT('',#2334);
#2334 = CARTESIAN_POINT('',(15.1801,0.32,5.38));
#2335 = LINE('',#2336,#2337);
#2336 = CARTESIAN_POINT('',(15.1801,0.32,5.54));
#2337 = VECTOR('',#2338,1.);
#2338 = DIRECTION('',(0.,0.,-1.));
#2339 = ORIENTED_EDGE('',*,*,#2340,.F.);
#2340 = EDGE_CURVE('',#2341,#2333,#2343,.T.);
#2341 = VERTEX_POINT('',#2342);
#2342 = CARTESIAN_POINT('',(15.1801,-0.32,5.38));
#2343 = LINE('',#2344,#2345);
#2344 = CARTESIAN_POINT('',(15.1801,-0.32,5.38));
#2345 = VECTOR('',#2346,1.);
#2346 = DIRECTION('',(2.22044604925E-16,1.,0.));
#2347 = ORIENTED_EDGE('',*,*,#2348,.T.);
#2348 = EDGE_CURVE('',#2341,#2132,#2349,.T.);
#2349 = LINE('',#2350,#2351);
#2350 = CARTESIAN_POINT('',(15.1801,-0.32,5.54));
#2351 = VECTOR('',#2352,1.);
#2352 = DIRECTION('',(0.,0.,-1.));
#2353 = ORIENTED_EDGE('',*,*,#2129,.F.);
#2354 = PLANE('',#2355);
#2355 = AXIS2_PLACEMENT_3D('',#2356,#2357,#2358);
#2356 = CARTESIAN_POINT('',(15.1801,-0.32,5.54));
#2357 = DIRECTION('',(1.,-2.22044604925E-16,0.));
#2358 = DIRECTION('',(0.,0.,-1.));
#2359 = ADVANCED_FACE('',(#2360),#2378,.T.);
#2360 = FACE_BOUND('',#2361,.T.);
#2361 = EDGE_LOOP('',(#2362,#2363,#2371,#2377));
#2362 = ORIENTED_EDGE('',*,*,#2332,.F.);
#2363 = ORIENTED_EDGE('',*,*,#2364,.T.);
#2364 = EDGE_CURVE('',#2333,#2365,#2367,.T.);
#2365 = VERTEX_POINT('',#2366);
#2366 = CARTESIAN_POINT('',(15.8201,0.32,5.38));
#2367 = LINE('',#2368,#2369);
#2368 = CARTESIAN_POINT('',(15.1801,0.32,5.38));
#2369 = VECTOR('',#2370,1.);
#2370 = DIRECTION('',(1.,-2.22044604925E-16,0.));
#2371 = ORIENTED_EDGE('',*,*,#2372,.T.);
#2372 = EDGE_CURVE('',#2365,#2148,#2373,.T.);
#2373 = LINE('',#2374,#2375);
#2374 = CARTESIAN_POINT('',(15.8201,0.32,5.54));
#2375 = VECTOR('',#2376,1.);
#2376 = DIRECTION('',(0.,0.,-1.));
#2377 = ORIENTED_EDGE('',*,*,#2155,.F.);
#2378 = PLANE('',#2379);
#2379 = AXIS2_PLACEMENT_3D('',#2380,#2381,#2382);
#2380 = CARTESIAN_POINT('',(15.1801,0.32,5.54));
#2381 = DIRECTION('',(2.22044604925E-16,1.,0.));
#2382 = DIRECTION('',(0.,0.,-1.));
#2383 = ADVANCED_FACE('',(#2384),#2402,.T.);
#2384 = FACE_BOUND('',#2385,.T.);
#2385 = EDGE_LOOP('',(#2386,#2387,#2395,#2401));
#2386 = ORIENTED_EDGE('',*,*,#2372,.F.);
#2387 = ORIENTED_EDGE('',*,*,#2388,.F.);
#2388 = EDGE_CURVE('',#2389,#2365,#2391,.T.);
#2389 = VERTEX_POINT('',#2390);
#2390 = CARTESIAN_POINT('',(15.8201,-0.32,5.38));
#2391 = LINE('',#2392,#2393);
#2392 = CARTESIAN_POINT('',(15.8201,-0.32,5.38));
#2393 = VECTOR('',#2394,1.);
#2394 = DIRECTION('',(2.22044604925E-16,1.,0.));
#2395 = ORIENTED_EDGE('',*,*,#2396,.T.);
#2396 = EDGE_CURVE('',#2389,#2140,#2397,.T.);
#2397 = LINE('',#2398,#2399);
#2398 = CARTESIAN_POINT('',(15.8201,-0.32,5.54));
#2399 = VECTOR('',#2400,1.);
#2400 = DIRECTION('',(0.,0.,-1.));
#2401 = ORIENTED_EDGE('',*,*,#2147,.F.);
#2402 = PLANE('',#2403);
#2403 = AXIS2_PLACEMENT_3D('',#2404,#2405,#2406);
#2404 = CARTESIAN_POINT('',(15.8201,-0.32,5.54));
#2405 = DIRECTION('',(1.,-2.22044604925E-16,0.));
#2406 = DIRECTION('',(0.,0.,-1.));
#2407 = ADVANCED_FACE('',(#2408),#2419,.F.);
#2408 = FACE_BOUND('',#2409,.F.);
#2409 = EDGE_LOOP('',(#2410,#2411,#2417,#2418));
#2410 = ORIENTED_EDGE('',*,*,#2348,.F.);
#2411 = ORIENTED_EDGE('',*,*,#2412,.T.);
#2412 = EDGE_CURVE('',#2341,#2389,#2413,.T.);
#2413 = LINE('',#2414,#2415);
#2414 = CARTESIAN_POINT('',(15.1801,-0.32,5.38));
#2415 = VECTOR('',#2416,1.);
#2416 = DIRECTION('',(1.,-2.22044604925E-16,0.));
#2417 = ORIENTED_EDGE('',*,*,#2396,.T.);
#2418 = ORIENTED_EDGE('',*,*,#2139,.F.);
#2419 = PLANE('',#2420);
#2420 = AXIS2_PLACEMENT_3D('',#2421,#2422,#2423);
#2421 = CARTESIAN_POINT('',(15.1801,-0.32,5.54));
#2422 = DIRECTION('',(2.22044604925E-16,1.,0.));
#2423 = DIRECTION('',(0.,0.,-1.));
#2424 = ADVANCED_FACE('',(#2425),#2450,.F.);
#2425 = FACE_BOUND('',#2426,.F.);
#2426 = EDGE_LOOP('',(#2427,#2435,#2436,#2444));
#2427 = ORIENTED_EDGE('',*,*,#2428,.F.);
#2428 = EDGE_CURVE('',#2213,#2429,#2431,.T.);
#2429 = VERTEX_POINT('',#2430);
#2430 = CARTESIAN_POINT('',(15.1801,0.32,-5.84));
#2431 = LINE('',#2432,#2433);
#2432 = CARTESIAN_POINT('',(15.1801,0.32,5.54));
#2433 = VECTOR('',#2434,1.);
#2434 = DIRECTION('',(0.,0.,-1.));
#2435 = ORIENTED_EDGE('',*,*,#2212,.T.);
#2436 = ORIENTED_EDGE('',*,*,#2437,.T.);
#2437 = EDGE_CURVE('',#2215,#2438,#2440,.T.);
#2438 = VERTEX_POINT('',#2439);
#2439 = CARTESIAN_POINT('',(15.1801,-0.32,-5.84));
#2440 = LINE('',#2441,#2442);
#2441 = CARTESIAN_POINT('',(15.1801,-0.32,5.54));
#2442 = VECTOR('',#2443,1.);
#2443 = DIRECTION('',(0.,0.,-1.));
#2444 = ORIENTED_EDGE('',*,*,#2445,.T.);
#2445 = EDGE_CURVE('',#2438,#2429,#2446,.T.);
#2446 = LINE('',#2447,#2448);
#2447 = CARTESIAN_POINT('',(15.1801,-0.32,-5.84));
#2448 = VECTOR('',#2449,1.);
#2449 = DIRECTION('',(2.22044604925E-16,1.,0.));
#2450 = PLANE('',#2451);
#2451 = AXIS2_PLACEMENT_3D('',#2452,#2453,#2454);
#2452 = CARTESIAN_POINT('',(15.1801,-0.32,5.54));
#2453 = DIRECTION('',(1.,-2.22044604925E-16,0.));
#2454 = DIRECTION('',(0.,0.,-1.));
#2455 = ADVANCED_FACE('',(#2456),#2474,.T.);
#2456 = FACE_BOUND('',#2457,.T.);
#2457 = EDGE_LOOP('',(#2458,#2459,#2460,#2468));
#2458 = ORIENTED_EDGE('',*,*,#2428,.F.);
#2459 = ORIENTED_EDGE('',*,*,#2238,.T.);
#2460 = ORIENTED_EDGE('',*,*,#2461,.T.);
#2461 = EDGE_CURVE('',#2231,#2462,#2464,.T.);
#2462 = VERTEX_POINT('',#2463);
#2463 = CARTESIAN_POINT('',(15.8201,0.32,-5.84));
#2464 = LINE('',#2465,#2466);
#2465 = CARTESIAN_POINT('',(15.8201,0.32,5.54));
#2466 = VECTOR('',#2467,1.);
#2467 = DIRECTION('',(0.,0.,-1.));
#2468 = ORIENTED_EDGE('',*,*,#2469,.F.);
#2469 = EDGE_CURVE('',#2429,#2462,#2470,.T.);
#2470 = LINE('',#2471,#2472);
#2471 = CARTESIAN_POINT('',(15.1801,0.32,-5.84));
#2472 = VECTOR('',#2473,1.);
#2473 = DIRECTION('',(1.,-2.22044604925E-16,0.));
#2474 = PLANE('',#2475);
#2475 = AXIS2_PLACEMENT_3D('',#2476,#2477,#2478);
#2476 = CARTESIAN_POINT('',(15.1801,0.32,5.54));
#2477 = DIRECTION('',(2.22044604925E-16,1.,0.));
#2478 = DIRECTION('',(0.,0.,-1.));
#2479 = ADVANCED_FACE('',(#2480),#2498,.T.);
#2480 = FACE_BOUND('',#2481,.T.);
#2481 = EDGE_LOOP('',(#2482,#2483,#2484,#2492));
#2482 = ORIENTED_EDGE('',*,*,#2461,.F.);
#2483 = ORIENTED_EDGE('',*,*,#2230,.T.);
#2484 = ORIENTED_EDGE('',*,*,#2485,.T.);
#2485 = EDGE_CURVE('',#2223,#2486,#2488,.T.);
#2486 = VERTEX_POINT('',#2487);
#2487 = CARTESIAN_POINT('',(15.8201,-0.32,-5.84));
#2488 = LINE('',#2489,#2490);
#2489 = CARTESIAN_POINT('',(15.8201,-0.32,5.54));
#2490 = VECTOR('',#2491,1.);
#2491 = DIRECTION('',(0.,0.,-1.));
#2492 = ORIENTED_EDGE('',*,*,#2493,.T.);
#2493 = EDGE_CURVE('',#2486,#2462,#2494,.T.);
#2494 = LINE('',#2495,#2496);
#2495 = CARTESIAN_POINT('',(15.8201,-0.32,-5.84));
#2496 = VECTOR('',#2497,1.);
#2497 = DIRECTION('',(2.22044604925E-16,1.,0.));
#2498 = PLANE('',#2499);
#2499 = AXIS2_PLACEMENT_3D('',#2500,#2501,#2502);
#2500 = CARTESIAN_POINT('',(15.8201,-0.32,5.54));
#2501 = DIRECTION('',(1.,-2.22044604925E-16,0.));
#2502 = DIRECTION('',(0.,0.,-1.));
#2503 = ADVANCED_FACE('',(#2504),#2515,.F.);
#2504 = FACE_BOUND('',#2505,.F.);
#2505 = EDGE_LOOP('',(#2506,#2507,#2508,#2509));
#2506 = ORIENTED_EDGE('',*,*,#2437,.F.);
#2507 = ORIENTED_EDGE('',*,*,#2222,.T.);
#2508 = ORIENTED_EDGE('',*,*,#2485,.T.);
#2509 = ORIENTED_EDGE('',*,*,#2510,.F.);
#2510 = EDGE_CURVE('',#2438,#2486,#2511,.T.);
#2511 = LINE('',#2512,#2513);
#2512 = CARTESIAN_POINT('',(15.1801,-0.32,-5.84));
#2513 = VECTOR('',#2514,1.);
#2514 = DIRECTION('',(1.,-2.22044604925E-16,0.));
#2515 = PLANE('',#2516);
#2516 = AXIS2_PLACEMENT_3D('',#2517,#2518,#2519);
#2517 = CARTESIAN_POINT('',(15.1801,-0.32,5.54));
#2518 = DIRECTION('',(2.22044604925E-16,1.,0.));
#2519 = DIRECTION('',(0.,0.,-1.));
#2520 = ADVANCED_FACE('',(#2521),#2546,.T.);
#2521 = FACE_BOUND('',#2522,.F.);
#2522 = EDGE_LOOP('',(#2523,#2531,#2532,#2540));
#2523 = ORIENTED_EDGE('',*,*,#2524,.F.);
#2524 = EDGE_CURVE('',#2341,#2525,#2527,.T.);
#2525 = VERTEX_POINT('',#2526);
#2526 = CARTESIAN_POINT('',(15.3401,-0.16,5.54));
#2527 = LINE('',#2528,#2529);
#2528 = CARTESIAN_POINT('',(15.233433333333,-0.266666666667,
    5.433333333333));
#2529 = VECTOR('',#2530,1.);
#2530 = DIRECTION('',(0.57735026919,0.57735026919,0.57735026919));
#2531 = ORIENTED_EDGE('',*,*,#2340,.T.);
#2532 = ORIENTED_EDGE('',*,*,#2533,.T.);
#2533 = EDGE_CURVE('',#2333,#2534,#2536,.T.);
#2534 = VERTEX_POINT('',#2535);
#2535 = CARTESIAN_POINT('',(15.3401,0.16,5.54));
#2536 = LINE('',#2537,#2538);
#2537 = CARTESIAN_POINT('',(15.3401,0.16,5.54));
#2538 = VECTOR('',#2539,1.);
#2539 = DIRECTION('',(0.57735026919,-0.57735026919,0.57735026919));
#2540 = ORIENTED_EDGE('',*,*,#2541,.F.);
#2541 = EDGE_CURVE('',#2525,#2534,#2542,.T.);
#2542 = LINE('',#2543,#2544);
#2543 = CARTESIAN_POINT('',(15.3401,-0.32,5.54));
#2544 = VECTOR('',#2545,1.);
#2545 = DIRECTION('',(2.22044604925E-16,1.,0.));
#2546 = PLANE('',#2547);
#2547 = AXIS2_PLACEMENT_3D('',#2548,#2549,#2550);
#2548 = CARTESIAN_POINT('',(15.2601,-0.32,5.46));
#2549 = DIRECTION('',(-0.707106781187,1.570092458683E-16,0.707106781187)
  );
#2550 = DIRECTION('',(-2.22044604925E-16,-1.,-3.946769716434E-29));
#2551 = ADVANCED_FACE('',(#2552),#2570,.F.);
#2552 = FACE_BOUND('',#2553,.F.);
#2553 = EDGE_LOOP('',(#2554,#2555,#2556,#2564));
#2554 = ORIENTED_EDGE('',*,*,#2533,.F.);
#2555 = ORIENTED_EDGE('',*,*,#2364,.T.);
#2556 = ORIENTED_EDGE('',*,*,#2557,.T.);
#2557 = EDGE_CURVE('',#2365,#2558,#2560,.T.);
#2558 = VERTEX_POINT('',#2559);
#2559 = CARTESIAN_POINT('',(15.6601,0.16,5.54));
#2560 = LINE('',#2561,#2562);
#2561 = CARTESIAN_POINT('',(15.553433333333,5.333333333333E-02,
    5.646666666667));
#2562 = VECTOR('',#2563,1.);
#2563 = DIRECTION('',(-0.57735026919,-0.57735026919,0.57735026919));
#2564 = ORIENTED_EDGE('',*,*,#2565,.F.);
#2565 = EDGE_CURVE('',#2534,#2558,#2566,.T.);
#2566 = LINE('',#2567,#2568);
#2567 = CARTESIAN_POINT('',(15.1801,0.16,5.54));
#2568 = VECTOR('',#2569,1.);
#2569 = DIRECTION('',(1.,-2.22044604925E-16,0.));
#2570 = PLANE('',#2571);
#2571 = AXIS2_PLACEMENT_3D('',#2572,#2573,#2574);
#2572 = CARTESIAN_POINT('',(15.1801,0.24,5.46));
#2573 = DIRECTION('',(-1.570092458683E-16,-0.707106781187,
    -0.707106781187));
#2574 = DIRECTION('',(1.,-2.22044604925E-16,3.946769716434E-29));
#2575 = ADVANCED_FACE('',(#2576),#2594,.F.);
#2576 = FACE_BOUND('',#2577,.T.);
#2577 = EDGE_LOOP('',(#2578,#2586,#2587,#2588));
#2578 = ORIENTED_EDGE('',*,*,#2579,.F.);
#2579 = EDGE_CURVE('',#2389,#2580,#2582,.T.);
#2580 = VERTEX_POINT('',#2581);
#2581 = CARTESIAN_POINT('',(15.6601,-0.16,5.54));
#2582 = LINE('',#2583,#2584);
#2583 = CARTESIAN_POINT('',(15.6601,-0.16,5.54));
#2584 = VECTOR('',#2585,1.);
#2585 = DIRECTION('',(-0.57735026919,0.57735026919,0.57735026919));
#2586 = ORIENTED_EDGE('',*,*,#2388,.T.);
#2587 = ORIENTED_EDGE('',*,*,#2557,.T.);
#2588 = ORIENTED_EDGE('',*,*,#2589,.F.);
#2589 = EDGE_CURVE('',#2580,#2558,#2590,.T.);
#2590 = LINE('',#2591,#2592);
#2591 = CARTESIAN_POINT('',(15.6601,-0.32,5.54));
#2592 = VECTOR('',#2593,1.);
#2593 = DIRECTION('',(2.22044604925E-16,1.,0.));
#2594 = PLANE('',#2595);
#2595 = AXIS2_PLACEMENT_3D('',#2596,#2597,#2598);
#2596 = CARTESIAN_POINT('',(15.7401,-0.32,5.46));
#2597 = DIRECTION('',(-0.707106781187,1.570092458683E-16,-0.707106781187
    ));
#2598 = DIRECTION('',(-2.22044604925E-16,-1.,3.946769716434E-29));
#2599 = ADVANCED_FACE('',(#2600),#2611,.T.);
#2600 = FACE_BOUND('',#2601,.T.);
#2601 = EDGE_LOOP('',(#2602,#2603,#2604,#2605));
#2602 = ORIENTED_EDGE('',*,*,#2524,.F.);
#2603 = ORIENTED_EDGE('',*,*,#2412,.T.);
#2604 = ORIENTED_EDGE('',*,*,#2579,.T.);
#2605 = ORIENTED_EDGE('',*,*,#2606,.F.);
#2606 = EDGE_CURVE('',#2525,#2580,#2607,.T.);
#2607 = LINE('',#2608,#2609);
#2608 = CARTESIAN_POINT('',(15.1801,-0.16,5.54));
#2609 = VECTOR('',#2610,1.);
#2610 = DIRECTION('',(1.,-2.22044604925E-16,0.));
#2611 = PLANE('',#2612);
#2612 = AXIS2_PLACEMENT_3D('',#2613,#2614,#2615);
#2613 = CARTESIAN_POINT('',(15.1801,-0.24,5.46));
#2614 = DIRECTION('',(-1.570092458683E-16,-0.707106781187,0.707106781187
    ));
#2615 = DIRECTION('',(1.,-2.22044604925E-16,-3.946769716434E-29));
#2616 = ADVANCED_FACE('',(#2617),#2642,.F.);
#2617 = FACE_BOUND('',#2618,.T.);
#2618 = EDGE_LOOP('',(#2619,#2627,#2628,#2636));
#2619 = ORIENTED_EDGE('',*,*,#2620,.F.);
#2620 = EDGE_CURVE('',#2438,#2621,#2623,.T.);
#2621 = VERTEX_POINT('',#2622);
#2622 = CARTESIAN_POINT('',(15.3401,-0.16,-6.));
#2623 = LINE('',#2624,#2625);
#2624 = CARTESIAN_POINT('',(15.233433333333,-0.266666666667,
    -5.893333333333));
#2625 = VECTOR('',#2626,1.);
#2626 = DIRECTION('',(0.57735026919,0.57735026919,-0.57735026919));
#2627 = ORIENTED_EDGE('',*,*,#2445,.T.);
#2628 = ORIENTED_EDGE('',*,*,#2629,.T.);
#2629 = EDGE_CURVE('',#2429,#2630,#2632,.T.);
#2630 = VERTEX_POINT('',#2631);
#2631 = CARTESIAN_POINT('',(15.3401,0.16,-6.));
#2632 = LINE('',#2633,#2634);
#2633 = CARTESIAN_POINT('',(15.3401,0.16,-6.));
#2634 = VECTOR('',#2635,1.);
#2635 = DIRECTION('',(0.57735026919,-0.57735026919,-0.57735026919));
#2636 = ORIENTED_EDGE('',*,*,#2637,.F.);
#2637 = EDGE_CURVE('',#2621,#2630,#2638,.T.);
#2638 = LINE('',#2639,#2640);
#2639 = CARTESIAN_POINT('',(15.3401,-0.32,-6.));
#2640 = VECTOR('',#2641,1.);
#2641 = DIRECTION('',(2.22044604925E-16,1.,0.));
#2642 = PLANE('',#2643);
#2643 = AXIS2_PLACEMENT_3D('',#2644,#2645,#2646);
#2644 = CARTESIAN_POINT('',(15.2601,-0.32,-5.92));
#2645 = DIRECTION('',(0.707106781187,-1.570092458683E-16,0.707106781187)
  );
#2646 = DIRECTION('',(-2.22044604925E-16,-1.,3.946769716434E-29));
#2647 = ADVANCED_FACE('',(#2648),#2666,.T.);
#2648 = FACE_BOUND('',#2649,.T.);
#2649 = EDGE_LOOP('',(#2650,#2651,#2652,#2660));
#2650 = ORIENTED_EDGE('',*,*,#2629,.F.);
#2651 = ORIENTED_EDGE('',*,*,#2469,.T.);
#2652 = ORIENTED_EDGE('',*,*,#2653,.T.);
#2653 = EDGE_CURVE('',#2462,#2654,#2656,.T.);
#2654 = VERTEX_POINT('',#2655);
#2655 = CARTESIAN_POINT('',(15.6601,0.16,-6.));
#2656 = LINE('',#2657,#2658);
#2657 = CARTESIAN_POINT('',(15.553433333333,5.333333333333E-02,
    -6.106666666667));
#2658 = VECTOR('',#2659,1.);
#2659 = DIRECTION('',(-0.57735026919,-0.57735026919,-0.57735026919));
#2660 = ORIENTED_EDGE('',*,*,#2661,.F.);
#2661 = EDGE_CURVE('',#2630,#2654,#2662,.T.);
#2662 = LINE('',#2663,#2664);
#2663 = CARTESIAN_POINT('',(15.1801,0.16,-6.));
#2664 = VECTOR('',#2665,1.);
#2665 = DIRECTION('',(1.,-2.22044604925E-16,0.));
#2666 = PLANE('',#2667);
#2667 = AXIS2_PLACEMENT_3D('',#2668,#2669,#2670);
#2668 = CARTESIAN_POINT('',(15.1801,0.24,-5.92));
#2669 = DIRECTION('',(1.570092458683E-16,0.707106781187,-0.707106781187)
  );
#2670 = DIRECTION('',(1.,-2.22044604925E-16,-3.946769716434E-29));
#2671 = ADVANCED_FACE('',(#2672),#2690,.T.);
#2672 = FACE_BOUND('',#2673,.F.);
#2673 = EDGE_LOOP('',(#2674,#2682,#2683,#2684));
#2674 = ORIENTED_EDGE('',*,*,#2675,.F.);
#2675 = EDGE_CURVE('',#2486,#2676,#2678,.T.);
#2676 = VERTEX_POINT('',#2677);
#2677 = CARTESIAN_POINT('',(15.6601,-0.16,-6.));
#2678 = LINE('',#2679,#2680);
#2679 = CARTESIAN_POINT('',(15.6601,-0.16,-6.));
#2680 = VECTOR('',#2681,1.);
#2681 = DIRECTION('',(-0.57735026919,0.57735026919,-0.57735026919));
#2682 = ORIENTED_EDGE('',*,*,#2493,.T.);
#2683 = ORIENTED_EDGE('',*,*,#2653,.T.);
#2684 = ORIENTED_EDGE('',*,*,#2685,.F.);
#2685 = EDGE_CURVE('',#2676,#2654,#2686,.T.);
#2686 = LINE('',#2687,#2688);
#2687 = CARTESIAN_POINT('',(15.6601,-0.32,-6.));
#2688 = VECTOR('',#2689,1.);
#2689 = DIRECTION('',(2.22044604925E-16,1.,0.));
#2690 = PLANE('',#2691);
#2691 = AXIS2_PLACEMENT_3D('',#2692,#2693,#2694);
#2692 = CARTESIAN_POINT('',(15.7401,-0.32,-5.92));
#2693 = DIRECTION('',(0.707106781187,-1.570092458683E-16,-0.707106781187
    ));
#2694 = DIRECTION('',(-2.22044604925E-16,-1.,-3.946769716434E-29));
#2695 = ADVANCED_FACE('',(#2696),#2707,.F.);
#2696 = FACE_BOUND('',#2697,.F.);
#2697 = EDGE_LOOP('',(#2698,#2699,#2700,#2701));
#2698 = ORIENTED_EDGE('',*,*,#2620,.F.);
#2699 = ORIENTED_EDGE('',*,*,#2510,.T.);
#2700 = ORIENTED_EDGE('',*,*,#2675,.T.);
#2701 = ORIENTED_EDGE('',*,*,#2702,.F.);
#2702 = EDGE_CURVE('',#2621,#2676,#2703,.T.);
#2703 = LINE('',#2704,#2705);
#2704 = CARTESIAN_POINT('',(15.1801,-0.16,-6.));
#2705 = VECTOR('',#2706,1.);
#2706 = DIRECTION('',(1.,-2.22044604925E-16,0.));
#2707 = PLANE('',#2708);
#2708 = AXIS2_PLACEMENT_3D('',#2709,#2710,#2711);
#2709 = CARTESIAN_POINT('',(15.1801,-0.24,-5.92));
#2710 = DIRECTION('',(1.570092458683E-16,0.707106781187,0.707106781187)
  );
#2711 = DIRECTION('',(1.,-2.22044604925E-16,3.946769716434E-29));
#2712 = ADVANCED_FACE('',(#2713),#2719,.F.);
#2713 = FACE_BOUND('',#2714,.F.);
#2714 = EDGE_LOOP('',(#2715,#2716,#2717,#2718));
#2715 = ORIENTED_EDGE('',*,*,#2589,.F.);
#2716 = ORIENTED_EDGE('',*,*,#2606,.F.);
#2717 = ORIENTED_EDGE('',*,*,#2541,.T.);
#2718 = ORIENTED_EDGE('',*,*,#2565,.T.);
#2719 = PLANE('',#2720);
#2720 = AXIS2_PLACEMENT_3D('',#2721,#2722,#2723);
#2721 = CARTESIAN_POINT('',(15.1801,-0.32,5.54));
#2722 = DIRECTION('',(0.,0.,-1.));
#2723 = DIRECTION('',(2.22044604925E-16,1.,0.));
#2724 = ADVANCED_FACE('',(#2725),#2731,.T.);
#2725 = FACE_BOUND('',#2726,.T.);
#2726 = EDGE_LOOP('',(#2727,#2728,#2729,#2730));
#2727 = ORIENTED_EDGE('',*,*,#2661,.T.);
#2728 = ORIENTED_EDGE('',*,*,#2685,.F.);
#2729 = ORIENTED_EDGE('',*,*,#2702,.F.);
#2730 = ORIENTED_EDGE('',*,*,#2637,.T.);
#2731 = PLANE('',#2732);
#2732 = AXIS2_PLACEMENT_3D('',#2733,#2734,#2735);
#2733 = CARTESIAN_POINT('',(15.1801,-0.32,-6.));
#2734 = DIRECTION('',(0.,0.,-1.));
#2735 = DIRECTION('',(2.22044604925E-16,1.,0.));
#2736 = ( GEOMETRIC_REPRESENTATION_CONTEXT(3) 
GLOBAL_UNCERTAINTY_ASSIGNED_CONTEXT((#2740)) 
GLOBAL_UNIT_ASSIGNED_CONTEXT((#2737,#2738,#2739)) REPRESENTATION_CONTEXT
('Context #1','3D Context with UNIT and UNCERTAINTY') );
#2737 = ( LENGTH_UNIT() NAMED_UNIT(*) SI_UNIT(.MILLI.,.METRE.) );
#2738 = ( NAMED_UNIT(*) PLANE_ANGLE_UNIT() SI_UNIT($,.RADIAN.) );
#2739 = ( NAMED_UNIT(*) SI_UNIT($,.STERADIAN.) SOLID_ANGLE_UNIT() );
#2740 = UNCERTAINTY_MEASURE_WITH_UNIT(LENGTH_MEASURE(1.E-07),#2737,
  'distance_accuracy_value','confusion accuracy');
#2741 = CONTEXT_DEPENDENT_SHAPE_REPRESENTATION(#2742,#2744);
#2742 = ( REPRESENTATION_RELATIONSHIP('','',#1977,#388) 
REPRESENTATION_RELATIONSHIP_WITH_TRANSFORMATION(#2743) 
SHAPE_REPRESENTATION_RELATIONSHIP() );
#2743 = ITEM_DEFINED_TRANSFORMATION('','',#11,#397);
#2744 = PRODUCT_DEFINITION_SHAPE('Placement','Placement of an item',
  #2745);
#2745 = NEXT_ASSEMBLY_USAGE_OCCURRENCE('5','PLS_1x01 03','',#383,#1972,$
  );
#2746 = PRODUCT_RELATED_PRODUCT_CATEGORY('part',$,(#1974));
#2747 = SHAPE_DEFINITION_REPRESENTATION(#2748,#2754);
#2748 = PRODUCT_DEFINITION_SHAPE('','',#2749);
#2749 = PRODUCT_DEFINITION('design','',#2750,#2753);
#2750 = PRODUCT_DEFINITION_FORMATION('','',#2751);
#2751 = PRODUCT('PLS_1x01 04','PLS_1x01 04','',(#2752));
#2752 = PRODUCT_CONTEXT('',#2,'mechanical');
#2753 = PRODUCT_DEFINITION_CONTEXT('part definition',#2,'design');
#2754 = ADVANCED_BREP_SHAPE_REPRESENTATION('',(#11,#2755),#3513);
#2755 = MANIFOLD_SOLID_BREP('',#2756);
#2756 = CLOSED_SHELL('',(#2757,#2797,#2828,#2859,#2942,#3025,#3042,#3059
    ,#3076,#3093,#3105,#3136,#3160,#3184,#3201,#3232,#3256,#3280,#3297,
    #3328,#3352,#3376,#3393,#3424,#3448,#3472,#3489,#3501));
#2757 = ADVANCED_FACE('',(#2758),#2792,.F.);
#2758 = FACE_BOUND('',#2759,.F.);
#2759 = EDGE_LOOP('',(#2760,#2770,#2778,#2786));
#2760 = ORIENTED_EDGE('',*,*,#2761,.T.);
#2761 = EDGE_CURVE('',#2762,#2764,#2766,.T.);
#2762 = VERTEX_POINT('',#2763);
#2763 = CARTESIAN_POINT('',(1.27,-1.016,2.54));
#2764 = VERTEX_POINT('',#2765);
#2765 = CARTESIAN_POINT('',(1.27,-1.016,0.));
#2766 = LINE('',#2767,#2768);
#2767 = CARTESIAN_POINT('',(1.27,-1.016,2.54));
#2768 = VECTOR('',#2769,1.);
#2769 = DIRECTION('',(0.,0.,-1.));
#2770 = ORIENTED_EDGE('',*,*,#2771,.T.);
#2771 = EDGE_CURVE('',#2764,#2772,#2774,.T.);
#2772 = VERTEX_POINT('',#2773);
#2773 = CARTESIAN_POINT('',(1.016,-1.27,0.));
#2774 = LINE('',#2775,#2776);
#2775 = CARTESIAN_POINT('',(1.27,-1.016,0.));
#2776 = VECTOR('',#2777,1.);
#2777 = DIRECTION('',(-0.707106781187,-0.707106781187,-0.));
#2778 = ORIENTED_EDGE('',*,*,#2779,.F.);
#2779 = EDGE_CURVE('',#2780,#2772,#2782,.T.);
#2780 = VERTEX_POINT('',#2781);
#2781 = CARTESIAN_POINT('',(1.016,-1.27,2.54));
#2782 = LINE('',#2783,#2784);
#2783 = CARTESIAN_POINT('',(1.016,-1.27,2.54));
#2784 = VECTOR('',#2785,1.);
#2785 = DIRECTION('',(0.,0.,-1.));
#2786 = ORIENTED_EDGE('',*,*,#2787,.F.);
#2787 = EDGE_CURVE('',#2762,#2780,#2788,.T.);
#2788 = LINE('',#2789,#2790);
#2789 = CARTESIAN_POINT('',(1.27,-1.016,2.54));
#2790 = VECTOR('',#2791,1.);
#2791 = DIRECTION('',(-0.707106781187,-0.707106781187,-0.));
#2792 = PLANE('',#2793);
#2793 = AXIS2_PLACEMENT_3D('',#2794,#2795,#2796);
#2794 = CARTESIAN_POINT('',(1.27,-1.016,2.54));
#2795 = DIRECTION('',(-0.707106781187,0.707106781187,0.));
#2796 = DIRECTION('',(-0.707106781187,-0.707106781187,-0.));
#2797 = ADVANCED_FACE('',(#2798),#2823,.F.);
#2798 = FACE_BOUND('',#2799,.F.);
#2799 = EDGE_LOOP('',(#2800,#2810,#2816,#2817));
#2800 = ORIENTED_EDGE('',*,*,#2801,.T.);
#2801 = EDGE_CURVE('',#2802,#2804,#2806,.T.);
#2802 = VERTEX_POINT('',#2803);
#2803 = CARTESIAN_POINT('',(1.27,1.016,2.54));
#2804 = VERTEX_POINT('',#2805);
#2805 = CARTESIAN_POINT('',(1.27,1.016,0.));
#2806 = LINE('',#2807,#2808);
#2807 = CARTESIAN_POINT('',(1.27,1.016,2.54));
#2808 = VECTOR('',#2809,1.);
#2809 = DIRECTION('',(0.,0.,-1.));
#2810 = ORIENTED_EDGE('',*,*,#2811,.T.);
#2811 = EDGE_CURVE('',#2804,#2764,#2812,.T.);
#2812 = LINE('',#2813,#2814);
#2813 = CARTESIAN_POINT('',(1.27,1.016,0.));
#2814 = VECTOR('',#2815,1.);
#2815 = DIRECTION('',(-2.22044604925E-16,-1.,0.));
#2816 = ORIENTED_EDGE('',*,*,#2761,.F.);
#2817 = ORIENTED_EDGE('',*,*,#2818,.F.);
#2818 = EDGE_CURVE('',#2802,#2762,#2819,.T.);
#2819 = LINE('',#2820,#2821);
#2820 = CARTESIAN_POINT('',(1.27,1.016,2.54));
#2821 = VECTOR('',#2822,1.);
#2822 = DIRECTION('',(-2.22044604925E-16,-1.,0.));
#2823 = PLANE('',#2824);
#2824 = AXIS2_PLACEMENT_3D('',#2825,#2826,#2827);
#2825 = CARTESIAN_POINT('',(1.27,1.016,2.54));
#2826 = DIRECTION('',(-1.,2.22044604925E-16,0.));
#2827 = DIRECTION('',(-2.22044604925E-16,-1.,0.));
#2828 = ADVANCED_FACE('',(#2829),#2854,.F.);
#2829 = FACE_BOUND('',#2830,.F.);
#2830 = EDGE_LOOP('',(#2831,#2832,#2840,#2848));
#2831 = ORIENTED_EDGE('',*,*,#2779,.T.);
#2832 = ORIENTED_EDGE('',*,*,#2833,.T.);
#2833 = EDGE_CURVE('',#2772,#2834,#2836,.T.);
#2834 = VERTEX_POINT('',#2835);
#2835 = CARTESIAN_POINT('',(-1.016,-1.27,0.));
#2836 = LINE('',#2837,#2838);
#2837 = CARTESIAN_POINT('',(1.016,-1.27,0.));
#2838 = VECTOR('',#2839,1.);
#2839 = DIRECTION('',(-1.,2.22044604925E-16,0.));
#2840 = ORIENTED_EDGE('',*,*,#2841,.F.);
#2841 = EDGE_CURVE('',#2842,#2834,#2844,.T.);
#2842 = VERTEX_POINT('',#2843);
#2843 = CARTESIAN_POINT('',(-1.016,-1.27,2.54));
#2844 = LINE('',#2845,#2846);
#2845 = CARTESIAN_POINT('',(-1.016,-1.27,2.54));
#2846 = VECTOR('',#2847,1.);
#2847 = DIRECTION('',(0.,0.,-1.));
#2848 = ORIENTED_EDGE('',*,*,#2849,.F.);
#2849 = EDGE_CURVE('',#2780,#2842,#2850,.T.);
#2850 = LINE('',#2851,#2852);
#2851 = CARTESIAN_POINT('',(1.016,-1.27,2.54));
#2852 = VECTOR('',#2853,1.);
#2853 = DIRECTION('',(-1.,2.22044604925E-16,0.));
#2854 = PLANE('',#2855);
#2855 = AXIS2_PLACEMENT_3D('',#2856,#2857,#2858);
#2856 = CARTESIAN_POINT('',(1.016,-1.27,2.54));
#2857 = DIRECTION('',(2.22044604925E-16,1.,0.));
#2858 = DIRECTION('',(-1.,2.22044604925E-16,0.));
#2859 = ADVANCED_FACE('',(#2860,#2903),#2937,.F.);
#2860 = FACE_BOUND('',#2861,.F.);
#2861 = EDGE_LOOP('',(#2862,#2863,#2864,#2872,#2880,#2888,#2896,#2902));
#2862 = ORIENTED_EDGE('',*,*,#2787,.T.);
#2863 = ORIENTED_EDGE('',*,*,#2849,.T.);
#2864 = ORIENTED_EDGE('',*,*,#2865,.T.);
#2865 = EDGE_CURVE('',#2842,#2866,#2868,.T.);
#2866 = VERTEX_POINT('',#2867);
#2867 = CARTESIAN_POINT('',(-1.27,-1.016,2.54));
#2868 = LINE('',#2869,#2870);
#2869 = CARTESIAN_POINT('',(-1.016,-1.27,2.54));
#2870 = VECTOR('',#2871,1.);
#2871 = DIRECTION('',(-0.707106781187,0.707106781187,0.));
#2872 = ORIENTED_EDGE('',*,*,#2873,.T.);
#2873 = EDGE_CURVE('',#2866,#2874,#2876,.T.);
#2874 = VERTEX_POINT('',#2875);
#2875 = CARTESIAN_POINT('',(-1.27,1.016,2.54));
#2876 = LINE('',#2877,#2878);
#2877 = CARTESIAN_POINT('',(-1.27,-1.016,2.54));
#2878 = VECTOR('',#2879,1.);
#2879 = DIRECTION('',(2.22044604925E-16,1.,0.));
#2880 = ORIENTED_EDGE('',*,*,#2881,.T.);
#2881 = EDGE_CURVE('',#2874,#2882,#2884,.T.);
#2882 = VERTEX_POINT('',#2883);
#2883 = CARTESIAN_POINT('',(-1.016,1.27,2.54));
#2884 = LINE('',#2885,#2886);
#2885 = CARTESIAN_POINT('',(-1.27,1.016,2.54));
#2886 = VECTOR('',#2887,1.);
#2887 = DIRECTION('',(0.707106781187,0.707106781187,0.));
#2888 = ORIENTED_EDGE('',*,*,#2889,.T.);
#2889 = EDGE_CURVE('',#2882,#2890,#2892,.T.);
#2890 = VERTEX_POINT('',#2891);
#2891 = CARTESIAN_POINT('',(1.016,1.27,2.54));
#2892 = LINE('',#2893,#2894);
#2893 = CARTESIAN_POINT('',(-1.016,1.27,2.54));
#2894 = VECTOR('',#2895,1.);
#2895 = DIRECTION('',(1.,-2.22044604925E-16,0.));
#2896 = ORIENTED_EDGE('',*,*,#2897,.T.);
#2897 = EDGE_CURVE('',#2890,#2802,#2898,.T.);
#2898 = LINE('',#2899,#2900);
#2899 = CARTESIAN_POINT('',(1.016,1.27,2.54));
#2900 = VECTOR('',#2901,1.);
#2901 = DIRECTION('',(0.707106781187,-0.707106781187,0.));
#2902 = ORIENTED_EDGE('',*,*,#2818,.T.);
#2903 = FACE_BOUND('',#2904,.F.);
#2904 = EDGE_LOOP('',(#2905,#2915,#2923,#2931));
#2905 = ORIENTED_EDGE('',*,*,#2906,.T.);
#2906 = EDGE_CURVE('',#2907,#2909,#2911,.T.);
#2907 = VERTEX_POINT('',#2908);
#2908 = CARTESIAN_POINT('',(-0.32,0.32,2.54));
#2909 = VERTEX_POINT('',#2910);
#2910 = CARTESIAN_POINT('',(-0.32,-0.32,2.54));
#2911 = LINE('',#2912,#2913);
#2912 = CARTESIAN_POINT('',(-0.32,-0.16,2.54));
#2913 = VECTOR('',#2914,1.);
#2914 = DIRECTION('',(-2.22044604925E-16,-1.,0.));
#2915 = ORIENTED_EDGE('',*,*,#2916,.T.);
#2916 = EDGE_CURVE('',#2909,#2917,#2919,.T.);
#2917 = VERTEX_POINT('',#2918);
#2918 = CARTESIAN_POINT('',(0.32,-0.32,2.54));
#2919 = LINE('',#2920,#2921);
#2920 = CARTESIAN_POINT('',(-0.16,-0.32,2.54));
#2921 = VECTOR('',#2922,1.);
#2922 = DIRECTION('',(1.,-2.22044604925E-16,0.));
#2923 = ORIENTED_EDGE('',*,*,#2924,.F.);
#2924 = EDGE_CURVE('',#2925,#2917,#2927,.T.);
#2925 = VERTEX_POINT('',#2926);
#2926 = CARTESIAN_POINT('',(0.32,0.32,2.54));
#2927 = LINE('',#2928,#2929);
#2928 = CARTESIAN_POINT('',(0.32,-0.16,2.54));
#2929 = VECTOR('',#2930,1.);
#2930 = DIRECTION('',(-2.22044604925E-16,-1.,0.));
#2931 = ORIENTED_EDGE('',*,*,#2932,.F.);
#2932 = EDGE_CURVE('',#2907,#2925,#2933,.T.);
#2933 = LINE('',#2934,#2935);
#2934 = CARTESIAN_POINT('',(-0.16,0.32,2.54));
#2935 = VECTOR('',#2936,1.);
#2936 = DIRECTION('',(1.,-2.22044604925E-16,0.));
#2937 = PLANE('',#2938);
#2938 = AXIS2_PLACEMENT_3D('',#2939,#2940,#2941);
#2939 = CARTESIAN_POINT('',(5.E-17,2.E-17,2.54));
#2940 = DIRECTION('',(0.,0.,-1.));
#2941 = DIRECTION('',(2.22044604925E-16,1.,0.));
#2942 = ADVANCED_FACE('',(#2943,#2986),#3020,.T.);
#2943 = FACE_BOUND('',#2944,.T.);
#2944 = EDGE_LOOP('',(#2945,#2946,#2947,#2955,#2963,#2971,#2979,#2985));
#2945 = ORIENTED_EDGE('',*,*,#2771,.T.);
#2946 = ORIENTED_EDGE('',*,*,#2833,.T.);
#2947 = ORIENTED_EDGE('',*,*,#2948,.T.);
#2948 = EDGE_CURVE('',#2834,#2949,#2951,.T.);
#2949 = VERTEX_POINT('',#2950);
#2950 = CARTESIAN_POINT('',(-1.27,-1.016,0.));
#2951 = LINE('',#2952,#2953);
#2952 = CARTESIAN_POINT('',(-1.016,-1.27,0.));
#2953 = VECTOR('',#2954,1.);
#2954 = DIRECTION('',(-0.707106781187,0.707106781187,0.));
#2955 = ORIENTED_EDGE('',*,*,#2956,.T.);
#2956 = EDGE_CURVE('',#2949,#2957,#2959,.T.);
#2957 = VERTEX_POINT('',#2958);
#2958 = CARTESIAN_POINT('',(-1.27,1.016,0.));
#2959 = LINE('',#2960,#2961);
#2960 = CARTESIAN_POINT('',(-1.27,-1.016,0.));
#2961 = VECTOR('',#2962,1.);
#2962 = DIRECTION('',(2.22044604925E-16,1.,0.));
#2963 = ORIENTED_EDGE('',*,*,#2964,.T.);
#2964 = EDGE_CURVE('',#2957,#2965,#2967,.T.);
#2965 = VERTEX_POINT('',#2966);
#2966 = CARTESIAN_POINT('',(-1.016,1.27,0.));
#2967 = LINE('',#2968,#2969);
#2968 = CARTESIAN_POINT('',(-1.27,1.016,0.));
#2969 = VECTOR('',#2970,1.);
#2970 = DIRECTION('',(0.707106781187,0.707106781187,0.));
#2971 = ORIENTED_EDGE('',*,*,#2972,.T.);
#2972 = EDGE_CURVE('',#2965,#2973,#2975,.T.);
#2973 = VERTEX_POINT('',#2974);
#2974 = CARTESIAN_POINT('',(1.016,1.27,0.));
#2975 = LINE('',#2976,#2977);
#2976 = CARTESIAN_POINT('',(-1.016,1.27,0.));
#2977 = VECTOR('',#2978,1.);
#2978 = DIRECTION('',(1.,-2.22044604925E-16,0.));
#2979 = ORIENTED_EDGE('',*,*,#2980,.T.);
#2980 = EDGE_CURVE('',#2973,#2804,#2981,.T.);
#2981 = LINE('',#2982,#2983);
#2982 = CARTESIAN_POINT('',(1.016,1.27,0.));
#2983 = VECTOR('',#2984,1.);
#2984 = DIRECTION('',(0.707106781187,-0.707106781187,0.));
#2985 = ORIENTED_EDGE('',*,*,#2811,.T.);
#2986 = FACE_BOUND('',#2987,.T.);
#2987 = EDGE_LOOP('',(#2988,#2998,#3006,#3014));
#2988 = ORIENTED_EDGE('',*,*,#2989,.T.);
#2989 = EDGE_CURVE('',#2990,#2992,#2994,.T.);
#2990 = VERTEX_POINT('',#2991);
#2991 = CARTESIAN_POINT('',(-0.32,0.32,0.));
#2992 = VERTEX_POINT('',#2993);
#2993 = CARTESIAN_POINT('',(-0.32,-0.32,0.));
#2994 = LINE('',#2995,#2996);
#2995 = CARTESIAN_POINT('',(-0.32,-0.16,0.));
#2996 = VECTOR('',#2997,1.);
#2997 = DIRECTION('',(-2.22044604925E-16,-1.,0.));
#2998 = ORIENTED_EDGE('',*,*,#2999,.T.);
#2999 = EDGE_CURVE('',#2992,#3000,#3002,.T.);
#3000 = VERTEX_POINT('',#3001);
#3001 = CARTESIAN_POINT('',(0.32,-0.32,0.));
#3002 = LINE('',#3003,#3004);
#3003 = CARTESIAN_POINT('',(-0.16,-0.32,0.));
#3004 = VECTOR('',#3005,1.);
#3005 = DIRECTION('',(1.,-2.22044604925E-16,0.));
#3006 = ORIENTED_EDGE('',*,*,#3007,.F.);
#3007 = EDGE_CURVE('',#3008,#3000,#3010,.T.);
#3008 = VERTEX_POINT('',#3009);
#3009 = CARTESIAN_POINT('',(0.32,0.32,0.));
#3010 = LINE('',#3011,#3012);
#3011 = CARTESIAN_POINT('',(0.32,-0.16,0.));
#3012 = VECTOR('',#3013,1.);
#3013 = DIRECTION('',(-2.22044604925E-16,-1.,0.));
#3014 = ORIENTED_EDGE('',*,*,#3015,.F.);
#3015 = EDGE_CURVE('',#2990,#3008,#3016,.T.);
#3016 = LINE('',#3017,#3018);
#3017 = CARTESIAN_POINT('',(-0.16,0.32,0.));
#3018 = VECTOR('',#3019,1.);
#3019 = DIRECTION('',(1.,-2.22044604925E-16,0.));
#3020 = PLANE('',#3021);
#3021 = AXIS2_PLACEMENT_3D('',#3022,#3023,#3024);
#3022 = CARTESIAN_POINT('',(5.E-17,2.E-17,0.));
#3023 = DIRECTION('',(0.,0.,-1.));
#3024 = DIRECTION('',(2.22044604925E-16,1.,0.));
#3025 = ADVANCED_FACE('',(#3026),#3037,.F.);
#3026 = FACE_BOUND('',#3027,.F.);
#3027 = EDGE_LOOP('',(#3028,#3034,#3035,#3036));
#3028 = ORIENTED_EDGE('',*,*,#3029,.T.);
#3029 = EDGE_CURVE('',#2890,#2973,#3030,.T.);
#3030 = LINE('',#3031,#3032);
#3031 = CARTESIAN_POINT('',(1.016,1.27,2.54));
#3032 = VECTOR('',#3033,1.);
#3033 = DIRECTION('',(0.,0.,-1.));
#3034 = ORIENTED_EDGE('',*,*,#2980,.T.);
#3035 = ORIENTED_EDGE('',*,*,#2801,.F.);
#3036 = ORIENTED_EDGE('',*,*,#2897,.F.);
#3037 = PLANE('',#3038);
#3038 = AXIS2_PLACEMENT_3D('',#3039,#3040,#3041);
#3039 = CARTESIAN_POINT('',(1.016,1.27,2.54));
#3040 = DIRECTION('',(-0.707106781187,-0.707106781187,-0.));
#3041 = DIRECTION('',(0.707106781187,-0.707106781187,0.));
#3042 = ADVANCED_FACE('',(#3043),#3054,.F.);
#3043 = FACE_BOUND('',#3044,.F.);
#3044 = EDGE_LOOP('',(#3045,#3046,#3047,#3053));
#3045 = ORIENTED_EDGE('',*,*,#2841,.T.);
#3046 = ORIENTED_EDGE('',*,*,#2948,.T.);
#3047 = ORIENTED_EDGE('',*,*,#3048,.F.);
#3048 = EDGE_CURVE('',#2866,#2949,#3049,.T.);
#3049 = LINE('',#3050,#3051);
#3050 = CARTESIAN_POINT('',(-1.27,-1.016,2.54));
#3051 = VECTOR('',#3052,1.);
#3052 = DIRECTION('',(0.,0.,-1.));
#3053 = ORIENTED_EDGE('',*,*,#2865,.F.);
#3054 = PLANE('',#3055);
#3055 = AXIS2_PLACEMENT_3D('',#3056,#3057,#3058);
#3056 = CARTESIAN_POINT('',(-1.016,-1.27,2.54));
#3057 = DIRECTION('',(0.707106781187,0.707106781187,0.));
#3058 = DIRECTION('',(-0.707106781187,0.707106781187,0.));
#3059 = ADVANCED_FACE('',(#3060),#3071,.F.);
#3060 = FACE_BOUND('',#3061,.F.);
#3061 = EDGE_LOOP('',(#3062,#3068,#3069,#3070));
#3062 = ORIENTED_EDGE('',*,*,#3063,.T.);
#3063 = EDGE_CURVE('',#2882,#2965,#3064,.T.);
#3064 = LINE('',#3065,#3066);
#3065 = CARTESIAN_POINT('',(-1.016,1.27,2.54));
#3066 = VECTOR('',#3067,1.);
#3067 = DIRECTION('',(0.,0.,-1.));
#3068 = ORIENTED_EDGE('',*,*,#2972,.T.);
#3069 = ORIENTED_EDGE('',*,*,#3029,.F.);
#3070 = ORIENTED_EDGE('',*,*,#2889,.F.);
#3071 = PLANE('',#3072);
#3072 = AXIS2_PLACEMENT_3D('',#3073,#3074,#3075);
#3073 = CARTESIAN_POINT('',(-1.016,1.27,2.54));
#3074 = DIRECTION('',(-2.22044604925E-16,-1.,0.));
#3075 = DIRECTION('',(1.,-2.22044604925E-16,0.));
#3076 = ADVANCED_FACE('',(#3077),#3088,.F.);
#3077 = FACE_BOUND('',#3078,.F.);
#3078 = EDGE_LOOP('',(#3079,#3080,#3081,#3087));
#3079 = ORIENTED_EDGE('',*,*,#3048,.T.);
#3080 = ORIENTED_EDGE('',*,*,#2956,.T.);
#3081 = ORIENTED_EDGE('',*,*,#3082,.F.);
#3082 = EDGE_CURVE('',#2874,#2957,#3083,.T.);
#3083 = LINE('',#3084,#3085);
#3084 = CARTESIAN_POINT('',(-1.27,1.016,2.54));
#3085 = VECTOR('',#3086,1.);
#3086 = DIRECTION('',(0.,0.,-1.));
#3087 = ORIENTED_EDGE('',*,*,#2873,.F.);
#3088 = PLANE('',#3089);
#3089 = AXIS2_PLACEMENT_3D('',#3090,#3091,#3092);
#3090 = CARTESIAN_POINT('',(-1.27,-1.016,2.54));
#3091 = DIRECTION('',(1.,-2.22044604925E-16,0.));
#3092 = DIRECTION('',(2.22044604925E-16,1.,0.));
#3093 = ADVANCED_FACE('',(#3094),#3100,.F.);
#3094 = FACE_BOUND('',#3095,.F.);
#3095 = EDGE_LOOP('',(#3096,#3097,#3098,#3099));
#3096 = ORIENTED_EDGE('',*,*,#3082,.T.);
#3097 = ORIENTED_EDGE('',*,*,#2964,.T.);
#3098 = ORIENTED_EDGE('',*,*,#3063,.F.);
#3099 = ORIENTED_EDGE('',*,*,#2881,.F.);
#3100 = PLANE('',#3101);
#3101 = AXIS2_PLACEMENT_3D('',#3102,#3103,#3104);
#3102 = CARTESIAN_POINT('',(-1.27,1.016,2.54));
#3103 = DIRECTION('',(0.707106781187,-0.707106781187,0.));
#3104 = DIRECTION('',(0.707106781187,0.707106781187,0.));
#3105 = ADVANCED_FACE('',(#3106),#3131,.F.);
#3106 = FACE_BOUND('',#3107,.F.);
#3107 = EDGE_LOOP('',(#3108,#3116,#3124,#3130));
#3108 = ORIENTED_EDGE('',*,*,#3109,.F.);
#3109 = EDGE_CURVE('',#3110,#2907,#3112,.T.);
#3110 = VERTEX_POINT('',#3111);
#3111 = CARTESIAN_POINT('',(-0.32,0.32,5.38));
#3112 = LINE('',#3113,#3114);
#3113 = CARTESIAN_POINT('',(-0.32,0.32,5.54));
#3114 = VECTOR('',#3115,1.);
#3115 = DIRECTION('',(0.,0.,-1.));
#3116 = ORIENTED_EDGE('',*,*,#3117,.F.);
#3117 = EDGE_CURVE('',#3118,#3110,#3120,.T.);
#3118 = VERTEX_POINT('',#3119);
#3119 = CARTESIAN_POINT('',(-0.32,-0.32,5.38));
#3120 = LINE('',#3121,#3122);
#3121 = CARTESIAN_POINT('',(-0.32,-0.32,5.38));
#3122 = VECTOR('',#3123,1.);
#3123 = DIRECTION('',(2.22044604925E-16,1.,0.));
#3124 = ORIENTED_EDGE('',*,*,#3125,.T.);
#3125 = EDGE_CURVE('',#3118,#2909,#3126,.T.);
#3126 = LINE('',#3127,#3128);
#3127 = CARTESIAN_POINT('',(-0.32,-0.32,5.54));
#3128 = VECTOR('',#3129,1.);
#3129 = DIRECTION('',(0.,0.,-1.));
#3130 = ORIENTED_EDGE('',*,*,#2906,.F.);
#3131 = PLANE('',#3132);
#3132 = AXIS2_PLACEMENT_3D('',#3133,#3134,#3135);
#3133 = CARTESIAN_POINT('',(-0.32,-0.32,5.54));
#3134 = DIRECTION('',(1.,-2.22044604925E-16,0.));
#3135 = DIRECTION('',(0.,0.,-1.));
#3136 = ADVANCED_FACE('',(#3137),#3155,.T.);
#3137 = FACE_BOUND('',#3138,.T.);
#3138 = EDGE_LOOP('',(#3139,#3140,#3148,#3154));
#3139 = ORIENTED_EDGE('',*,*,#3109,.F.);
#3140 = ORIENTED_EDGE('',*,*,#3141,.T.);
#3141 = EDGE_CURVE('',#3110,#3142,#3144,.T.);
#3142 = VERTEX_POINT('',#3143);
#3143 = CARTESIAN_POINT('',(0.32,0.32,5.38));
#3144 = LINE('',#3145,#3146);
#3145 = CARTESIAN_POINT('',(-0.32,0.32,5.38));
#3146 = VECTOR('',#3147,1.);
#3147 = DIRECTION('',(1.,-2.22044604925E-16,0.));
#3148 = ORIENTED_EDGE('',*,*,#3149,.T.);
#3149 = EDGE_CURVE('',#3142,#2925,#3150,.T.);
#3150 = LINE('',#3151,#3152);
#3151 = CARTESIAN_POINT('',(0.32,0.32,5.54));
#3152 = VECTOR('',#3153,1.);
#3153 = DIRECTION('',(0.,0.,-1.));
#3154 = ORIENTED_EDGE('',*,*,#2932,.F.);
#3155 = PLANE('',#3156);
#3156 = AXIS2_PLACEMENT_3D('',#3157,#3158,#3159);
#3157 = CARTESIAN_POINT('',(-0.32,0.32,5.54));
#3158 = DIRECTION('',(2.22044604925E-16,1.,0.));
#3159 = DIRECTION('',(0.,0.,-1.));
#3160 = ADVANCED_FACE('',(#3161),#3179,.T.);
#3161 = FACE_BOUND('',#3162,.T.);
#3162 = EDGE_LOOP('',(#3163,#3164,#3172,#3178));
#3163 = ORIENTED_EDGE('',*,*,#3149,.F.);
#3164 = ORIENTED_EDGE('',*,*,#3165,.F.);
#3165 = EDGE_CURVE('',#3166,#3142,#3168,.T.);
#3166 = VERTEX_POINT('',#3167);
#3167 = CARTESIAN_POINT('',(0.32,-0.32,5.38));
#3168 = LINE('',#3169,#3170);
#3169 = CARTESIAN_POINT('',(0.32,-0.32,5.38));
#3170 = VECTOR('',#3171,1.);
#3171 = DIRECTION('',(2.22044604925E-16,1.,0.));
#3172 = ORIENTED_EDGE('',*,*,#3173,.T.);
#3173 = EDGE_CURVE('',#3166,#2917,#3174,.T.);
#3174 = LINE('',#3175,#3176);
#3175 = CARTESIAN_POINT('',(0.32,-0.32,5.54));
#3176 = VECTOR('',#3177,1.);
#3177 = DIRECTION('',(0.,0.,-1.));
#3178 = ORIENTED_EDGE('',*,*,#2924,.F.);
#3179 = PLANE('',#3180);
#3180 = AXIS2_PLACEMENT_3D('',#3181,#3182,#3183);
#3181 = CARTESIAN_POINT('',(0.32,-0.32,5.54));
#3182 = DIRECTION('',(1.,-2.22044604925E-16,0.));
#3183 = DIRECTION('',(0.,0.,-1.));
#3184 = ADVANCED_FACE('',(#3185),#3196,.F.);
#3185 = FACE_BOUND('',#3186,.F.);
#3186 = EDGE_LOOP('',(#3187,#3188,#3194,#3195));
#3187 = ORIENTED_EDGE('',*,*,#3125,.F.);
#3188 = ORIENTED_EDGE('',*,*,#3189,.T.);
#3189 = EDGE_CURVE('',#3118,#3166,#3190,.T.);
#3190 = LINE('',#3191,#3192);
#3191 = CARTESIAN_POINT('',(-0.32,-0.32,5.38));
#3192 = VECTOR('',#3193,1.);
#3193 = DIRECTION('',(1.,-2.22044604925E-16,0.));
#3194 = ORIENTED_EDGE('',*,*,#3173,.T.);
#3195 = ORIENTED_EDGE('',*,*,#2916,.F.);
#3196 = PLANE('',#3197);
#3197 = AXIS2_PLACEMENT_3D('',#3198,#3199,#3200);
#3198 = CARTESIAN_POINT('',(-0.32,-0.32,5.54));
#3199 = DIRECTION('',(2.22044604925E-16,1.,0.));
#3200 = DIRECTION('',(0.,0.,-1.));
#3201 = ADVANCED_FACE('',(#3202),#3227,.F.);
#3202 = FACE_BOUND('',#3203,.F.);
#3203 = EDGE_LOOP('',(#3204,#3212,#3213,#3221));
#3204 = ORIENTED_EDGE('',*,*,#3205,.F.);
#3205 = EDGE_CURVE('',#2990,#3206,#3208,.T.);
#3206 = VERTEX_POINT('',#3207);
#3207 = CARTESIAN_POINT('',(-0.32,0.32,-5.84));
#3208 = LINE('',#3209,#3210);
#3209 = CARTESIAN_POINT('',(-0.32,0.32,5.54));
#3210 = VECTOR('',#3211,1.);
#3211 = DIRECTION('',(0.,0.,-1.));
#3212 = ORIENTED_EDGE('',*,*,#2989,.T.);
#3213 = ORIENTED_EDGE('',*,*,#3214,.T.);
#3214 = EDGE_CURVE('',#2992,#3215,#3217,.T.);
#3215 = VERTEX_POINT('',#3216);
#3216 = CARTESIAN_POINT('',(-0.32,-0.32,-5.84));
#3217 = LINE('',#3218,#3219);
#3218 = CARTESIAN_POINT('',(-0.32,-0.32,5.54));
#3219 = VECTOR('',#3220,1.);
#3220 = DIRECTION('',(0.,0.,-1.));
#3221 = ORIENTED_EDGE('',*,*,#3222,.T.);
#3222 = EDGE_CURVE('',#3215,#3206,#3223,.T.);
#3223 = LINE('',#3224,#3225);
#3224 = CARTESIAN_POINT('',(-0.32,-0.32,-5.84));
#3225 = VECTOR('',#3226,1.);
#3226 = DIRECTION('',(2.22044604925E-16,1.,0.));
#3227 = PLANE('',#3228);
#3228 = AXIS2_PLACEMENT_3D('',#3229,#3230,#3231);
#3229 = CARTESIAN_POINT('',(-0.32,-0.32,5.54));
#3230 = DIRECTION('',(1.,-2.22044604925E-16,0.));
#3231 = DIRECTION('',(0.,0.,-1.));
#3232 = ADVANCED_FACE('',(#3233),#3251,.T.);
#3233 = FACE_BOUND('',#3234,.T.);
#3234 = EDGE_LOOP('',(#3235,#3236,#3237,#3245));
#3235 = ORIENTED_EDGE('',*,*,#3205,.F.);
#3236 = ORIENTED_EDGE('',*,*,#3015,.T.);
#3237 = ORIENTED_EDGE('',*,*,#3238,.T.);
#3238 = EDGE_CURVE('',#3008,#3239,#3241,.T.);
#3239 = VERTEX_POINT('',#3240);
#3240 = CARTESIAN_POINT('',(0.32,0.32,-5.84));
#3241 = LINE('',#3242,#3243);
#3242 = CARTESIAN_POINT('',(0.32,0.32,5.54));
#3243 = VECTOR('',#3244,1.);
#3244 = DIRECTION('',(0.,0.,-1.));
#3245 = ORIENTED_EDGE('',*,*,#3246,.F.);
#3246 = EDGE_CURVE('',#3206,#3239,#3247,.T.);
#3247 = LINE('',#3248,#3249);
#3248 = CARTESIAN_POINT('',(-0.32,0.32,-5.84));
#3249 = VECTOR('',#3250,1.);
#3250 = DIRECTION('',(1.,-2.22044604925E-16,0.));
#3251 = PLANE('',#3252);
#3252 = AXIS2_PLACEMENT_3D('',#3253,#3254,#3255);
#3253 = CARTESIAN_POINT('',(-0.32,0.32,5.54));
#3254 = DIRECTION('',(2.22044604925E-16,1.,0.));
#3255 = DIRECTION('',(0.,0.,-1.));
#3256 = ADVANCED_FACE('',(#3257),#3275,.T.);
#3257 = FACE_BOUND('',#3258,.T.);
#3258 = EDGE_LOOP('',(#3259,#3260,#3261,#3269));
#3259 = ORIENTED_EDGE('',*,*,#3238,.F.);
#3260 = ORIENTED_EDGE('',*,*,#3007,.T.);
#3261 = ORIENTED_EDGE('',*,*,#3262,.T.);
#3262 = EDGE_CURVE('',#3000,#3263,#3265,.T.);
#3263 = VERTEX_POINT('',#3264);
#3264 = CARTESIAN_POINT('',(0.32,-0.32,-5.84));
#3265 = LINE('',#3266,#3267);
#3266 = CARTESIAN_POINT('',(0.32,-0.32,5.54));
#3267 = VECTOR('',#3268,1.);
#3268 = DIRECTION('',(0.,0.,-1.));
#3269 = ORIENTED_EDGE('',*,*,#3270,.T.);
#3270 = EDGE_CURVE('',#3263,#3239,#3271,.T.);
#3271 = LINE('',#3272,#3273);
#3272 = CARTESIAN_POINT('',(0.32,-0.32,-5.84));
#3273 = VECTOR('',#3274,1.);
#3274 = DIRECTION('',(2.22044604925E-16,1.,0.));
#3275 = PLANE('',#3276);
#3276 = AXIS2_PLACEMENT_3D('',#3277,#3278,#3279);
#3277 = CARTESIAN_POINT('',(0.32,-0.32,5.54));
#3278 = DIRECTION('',(1.,-2.22044604925E-16,0.));
#3279 = DIRECTION('',(0.,0.,-1.));
#3280 = ADVANCED_FACE('',(#3281),#3292,.F.);
#3281 = FACE_BOUND('',#3282,.F.);
#3282 = EDGE_LOOP('',(#3283,#3284,#3285,#3286));
#3283 = ORIENTED_EDGE('',*,*,#3214,.F.);
#3284 = ORIENTED_EDGE('',*,*,#2999,.T.);
#3285 = ORIENTED_EDGE('',*,*,#3262,.T.);
#3286 = ORIENTED_EDGE('',*,*,#3287,.F.);
#3287 = EDGE_CURVE('',#3215,#3263,#3288,.T.);
#3288 = LINE('',#3289,#3290);
#3289 = CARTESIAN_POINT('',(-0.32,-0.32,-5.84));
#3290 = VECTOR('',#3291,1.);
#3291 = DIRECTION('',(1.,-2.22044604925E-16,0.));
#3292 = PLANE('',#3293);
#3293 = AXIS2_PLACEMENT_3D('',#3294,#3295,#3296);
#3294 = CARTESIAN_POINT('',(-0.32,-0.32,5.54));
#3295 = DIRECTION('',(2.22044604925E-16,1.,0.));
#3296 = DIRECTION('',(0.,0.,-1.));
#3297 = ADVANCED_FACE('',(#3298),#3323,.T.);
#3298 = FACE_BOUND('',#3299,.F.);
#3299 = EDGE_LOOP('',(#3300,#3308,#3309,#3317));
#3300 = ORIENTED_EDGE('',*,*,#3301,.F.);
#3301 = EDGE_CURVE('',#3118,#3302,#3304,.T.);
#3302 = VERTEX_POINT('',#3303);
#3303 = CARTESIAN_POINT('',(-0.16,-0.16,5.54));
#3304 = LINE('',#3305,#3306);
#3305 = CARTESIAN_POINT('',(-0.266666666667,-0.266666666667,
    5.433333333333));
#3306 = VECTOR('',#3307,1.);
#3307 = DIRECTION('',(0.57735026919,0.57735026919,0.57735026919));
#3308 = ORIENTED_EDGE('',*,*,#3117,.T.);
#3309 = ORIENTED_EDGE('',*,*,#3310,.T.);
#3310 = EDGE_CURVE('',#3110,#3311,#3313,.T.);
#3311 = VERTEX_POINT('',#3312);
#3312 = CARTESIAN_POINT('',(-0.16,0.16,5.54));
#3313 = LINE('',#3314,#3315);
#3314 = CARTESIAN_POINT('',(-0.16,0.16,5.54));
#3315 = VECTOR('',#3316,1.);
#3316 = DIRECTION('',(0.57735026919,-0.57735026919,0.57735026919));
#3317 = ORIENTED_EDGE('',*,*,#3318,.F.);
#3318 = EDGE_CURVE('',#3302,#3311,#3319,.T.);
#3319 = LINE('',#3320,#3321);
#3320 = CARTESIAN_POINT('',(-0.16,-0.32,5.54));
#3321 = VECTOR('',#3322,1.);
#3322 = DIRECTION('',(2.22044604925E-16,1.,0.));
#3323 = PLANE('',#3324);
#3324 = AXIS2_PLACEMENT_3D('',#3325,#3326,#3327);
#3325 = CARTESIAN_POINT('',(-0.24,-0.32,5.46));
#3326 = DIRECTION('',(-0.707106781187,1.570092458683E-16,0.707106781187)
  );
#3327 = DIRECTION('',(-2.22044604925E-16,-1.,-3.946769716434E-29));
#3328 = ADVANCED_FACE('',(#3329),#3347,.F.);
#3329 = FACE_BOUND('',#3330,.F.);
#3330 = EDGE_LOOP('',(#3331,#3332,#3333,#3341));
#3331 = ORIENTED_EDGE('',*,*,#3310,.F.);
#3332 = ORIENTED_EDGE('',*,*,#3141,.T.);
#3333 = ORIENTED_EDGE('',*,*,#3334,.T.);
#3334 = EDGE_CURVE('',#3142,#3335,#3337,.T.);
#3335 = VERTEX_POINT('',#3336);
#3336 = CARTESIAN_POINT('',(0.16,0.16,5.54));
#3337 = LINE('',#3338,#3339);
#3338 = CARTESIAN_POINT('',(5.333333333333E-02,5.333333333333E-02,
    5.646666666667));
#3339 = VECTOR('',#3340,1.);
#3340 = DIRECTION('',(-0.57735026919,-0.57735026919,0.57735026919));
#3341 = ORIENTED_EDGE('',*,*,#3342,.F.);
#3342 = EDGE_CURVE('',#3311,#3335,#3343,.T.);
#3343 = LINE('',#3344,#3345);
#3344 = CARTESIAN_POINT('',(-0.32,0.16,5.54));
#3345 = VECTOR('',#3346,1.);
#3346 = DIRECTION('',(1.,-2.22044604925E-16,0.));
#3347 = PLANE('',#3348);
#3348 = AXIS2_PLACEMENT_3D('',#3349,#3350,#3351);
#3349 = CARTESIAN_POINT('',(-0.32,0.24,5.46));
#3350 = DIRECTION('',(-1.570092458683E-16,-0.707106781187,
    -0.707106781187));
#3351 = DIRECTION('',(1.,-2.22044604925E-16,3.946769716434E-29));
#3352 = ADVANCED_FACE('',(#3353),#3371,.F.);
#3353 = FACE_BOUND('',#3354,.T.);
#3354 = EDGE_LOOP('',(#3355,#3363,#3364,#3365));
#3355 = ORIENTED_EDGE('',*,*,#3356,.F.);
#3356 = EDGE_CURVE('',#3166,#3357,#3359,.T.);
#3357 = VERTEX_POINT('',#3358);
#3358 = CARTESIAN_POINT('',(0.16,-0.16,5.54));
#3359 = LINE('',#3360,#3361);
#3360 = CARTESIAN_POINT('',(0.16,-0.16,5.54));
#3361 = VECTOR('',#3362,1.);
#3362 = DIRECTION('',(-0.57735026919,0.57735026919,0.57735026919));
#3363 = ORIENTED_EDGE('',*,*,#3165,.T.);
#3364 = ORIENTED_EDGE('',*,*,#3334,.T.);
#3365 = ORIENTED_EDGE('',*,*,#3366,.F.);
#3366 = EDGE_CURVE('',#3357,#3335,#3367,.T.);
#3367 = LINE('',#3368,#3369);
#3368 = CARTESIAN_POINT('',(0.16,-0.32,5.54));
#3369 = VECTOR('',#3370,1.);
#3370 = DIRECTION('',(2.22044604925E-16,1.,0.));
#3371 = PLANE('',#3372);
#3372 = AXIS2_PLACEMENT_3D('',#3373,#3374,#3375);
#3373 = CARTESIAN_POINT('',(0.24,-0.32,5.46));
#3374 = DIRECTION('',(-0.707106781187,1.570092458683E-16,-0.707106781187
    ));
#3375 = DIRECTION('',(-2.22044604925E-16,-1.,3.946769716434E-29));
#3376 = ADVANCED_FACE('',(#3377),#3388,.T.);
#3377 = FACE_BOUND('',#3378,.T.);
#3378 = EDGE_LOOP('',(#3379,#3380,#3381,#3382));
#3379 = ORIENTED_EDGE('',*,*,#3301,.F.);
#3380 = ORIENTED_EDGE('',*,*,#3189,.T.);
#3381 = ORIENTED_EDGE('',*,*,#3356,.T.);
#3382 = ORIENTED_EDGE('',*,*,#3383,.F.);
#3383 = EDGE_CURVE('',#3302,#3357,#3384,.T.);
#3384 = LINE('',#3385,#3386);
#3385 = CARTESIAN_POINT('',(-0.32,-0.16,5.54));
#3386 = VECTOR('',#3387,1.);
#3387 = DIRECTION('',(1.,-2.22044604925E-16,0.));
#3388 = PLANE('',#3389);
#3389 = AXIS2_PLACEMENT_3D('',#3390,#3391,#3392);
#3390 = CARTESIAN_POINT('',(-0.32,-0.24,5.46));
#3391 = DIRECTION('',(-1.570092458683E-16,-0.707106781187,0.707106781187
    ));
#3392 = DIRECTION('',(1.,-2.22044604925E-16,-3.946769716434E-29));
#3393 = ADVANCED_FACE('',(#3394),#3419,.F.);
#3394 = FACE_BOUND('',#3395,.T.);
#3395 = EDGE_LOOP('',(#3396,#3404,#3405,#3413));
#3396 = ORIENTED_EDGE('',*,*,#3397,.F.);
#3397 = EDGE_CURVE('',#3215,#3398,#3400,.T.);
#3398 = VERTEX_POINT('',#3399);
#3399 = CARTESIAN_POINT('',(-0.16,-0.16,-6.));
#3400 = LINE('',#3401,#3402);
#3401 = CARTESIAN_POINT('',(-0.266666666667,-0.266666666667,
    -5.893333333333));
#3402 = VECTOR('',#3403,1.);
#3403 = DIRECTION('',(0.57735026919,0.57735026919,-0.57735026919));
#3404 = ORIENTED_EDGE('',*,*,#3222,.T.);
#3405 = ORIENTED_EDGE('',*,*,#3406,.T.);
#3406 = EDGE_CURVE('',#3206,#3407,#3409,.T.);
#3407 = VERTEX_POINT('',#3408);
#3408 = CARTESIAN_POINT('',(-0.16,0.16,-6.));
#3409 = LINE('',#3410,#3411);
#3410 = CARTESIAN_POINT('',(-0.16,0.16,-6.));
#3411 = VECTOR('',#3412,1.);
#3412 = DIRECTION('',(0.57735026919,-0.57735026919,-0.57735026919));
#3413 = ORIENTED_EDGE('',*,*,#3414,.F.);
#3414 = EDGE_CURVE('',#3398,#3407,#3415,.T.);
#3415 = LINE('',#3416,#3417);
#3416 = CARTESIAN_POINT('',(-0.16,-0.32,-6.));
#3417 = VECTOR('',#3418,1.);
#3418 = DIRECTION('',(2.22044604925E-16,1.,0.));
#3419 = PLANE('',#3420);
#3420 = AXIS2_PLACEMENT_3D('',#3421,#3422,#3423);
#3421 = CARTESIAN_POINT('',(-0.24,-0.32,-5.92));
#3422 = DIRECTION('',(0.707106781187,-1.570092458683E-16,0.707106781187)
  );
#3423 = DIRECTION('',(-2.22044604925E-16,-1.,3.946769716434E-29));
#3424 = ADVANCED_FACE('',(#3425),#3443,.T.);
#3425 = FACE_BOUND('',#3426,.T.);
#3426 = EDGE_LOOP('',(#3427,#3428,#3429,#3437));
#3427 = ORIENTED_EDGE('',*,*,#3406,.F.);
#3428 = ORIENTED_EDGE('',*,*,#3246,.T.);
#3429 = ORIENTED_EDGE('',*,*,#3430,.T.);
#3430 = EDGE_CURVE('',#3239,#3431,#3433,.T.);
#3431 = VERTEX_POINT('',#3432);
#3432 = CARTESIAN_POINT('',(0.16,0.16,-6.));
#3433 = LINE('',#3434,#3435);
#3434 = CARTESIAN_POINT('',(5.333333333333E-02,5.333333333333E-02,
    -6.106666666667));
#3435 = VECTOR('',#3436,1.);
#3436 = DIRECTION('',(-0.57735026919,-0.57735026919,-0.57735026919));
#3437 = ORIENTED_EDGE('',*,*,#3438,.F.);
#3438 = EDGE_CURVE('',#3407,#3431,#3439,.T.);
#3439 = LINE('',#3440,#3441);
#3440 = CARTESIAN_POINT('',(-0.32,0.16,-6.));
#3441 = VECTOR('',#3442,1.);
#3442 = DIRECTION('',(1.,-2.22044604925E-16,0.));
#3443 = PLANE('',#3444);
#3444 = AXIS2_PLACEMENT_3D('',#3445,#3446,#3447);
#3445 = CARTESIAN_POINT('',(-0.32,0.24,-5.92));
#3446 = DIRECTION('',(1.570092458683E-16,0.707106781187,-0.707106781187)
  );
#3447 = DIRECTION('',(1.,-2.22044604925E-16,-3.946769716434E-29));
#3448 = ADVANCED_FACE('',(#3449),#3467,.T.);
#3449 = FACE_BOUND('',#3450,.F.);
#3450 = EDGE_LOOP('',(#3451,#3459,#3460,#3461));
#3451 = ORIENTED_EDGE('',*,*,#3452,.F.);
#3452 = EDGE_CURVE('',#3263,#3453,#3455,.T.);
#3453 = VERTEX_POINT('',#3454);
#3454 = CARTESIAN_POINT('',(0.16,-0.16,-6.));
#3455 = LINE('',#3456,#3457);
#3456 = CARTESIAN_POINT('',(0.16,-0.16,-6.));
#3457 = VECTOR('',#3458,1.);
#3458 = DIRECTION('',(-0.57735026919,0.57735026919,-0.57735026919));
#3459 = ORIENTED_EDGE('',*,*,#3270,.T.);
#3460 = ORIENTED_EDGE('',*,*,#3430,.T.);
#3461 = ORIENTED_EDGE('',*,*,#3462,.F.);
#3462 = EDGE_CURVE('',#3453,#3431,#3463,.T.);
#3463 = LINE('',#3464,#3465);
#3464 = CARTESIAN_POINT('',(0.16,-0.32,-6.));
#3465 = VECTOR('',#3466,1.);
#3466 = DIRECTION('',(2.22044604925E-16,1.,0.));
#3467 = PLANE('',#3468);
#3468 = AXIS2_PLACEMENT_3D('',#3469,#3470,#3471);
#3469 = CARTESIAN_POINT('',(0.24,-0.32,-5.92));
#3470 = DIRECTION('',(0.707106781187,-1.570092458683E-16,-0.707106781187
    ));
#3471 = DIRECTION('',(-2.22044604925E-16,-1.,-3.946769716434E-29));
#3472 = ADVANCED_FACE('',(#3473),#3484,.F.);
#3473 = FACE_BOUND('',#3474,.F.);
#3474 = EDGE_LOOP('',(#3475,#3476,#3477,#3478));
#3475 = ORIENTED_EDGE('',*,*,#3397,.F.);
#3476 = ORIENTED_EDGE('',*,*,#3287,.T.);
#3477 = ORIENTED_EDGE('',*,*,#3452,.T.);
#3478 = ORIENTED_EDGE('',*,*,#3479,.F.);
#3479 = EDGE_CURVE('',#3398,#3453,#3480,.T.);
#3480 = LINE('',#3481,#3482);
#3481 = CARTESIAN_POINT('',(-0.32,-0.16,-6.));
#3482 = VECTOR('',#3483,1.);
#3483 = DIRECTION('',(1.,-2.22044604925E-16,0.));
#3484 = PLANE('',#3485);
#3485 = AXIS2_PLACEMENT_3D('',#3486,#3487,#3488);
#3486 = CARTESIAN_POINT('',(-0.32,-0.24,-5.92));
#3487 = DIRECTION('',(1.570092458683E-16,0.707106781187,0.707106781187)
  );
#3488 = DIRECTION('',(1.,-2.22044604925E-16,3.946769716434E-29));
#3489 = ADVANCED_FACE('',(#3490),#3496,.F.);
#3490 = FACE_BOUND('',#3491,.F.);
#3491 = EDGE_LOOP('',(#3492,#3493,#3494,#3495));
#3492 = ORIENTED_EDGE('',*,*,#3366,.F.);
#3493 = ORIENTED_EDGE('',*,*,#3383,.F.);
#3494 = ORIENTED_EDGE('',*,*,#3318,.T.);
#3495 = ORIENTED_EDGE('',*,*,#3342,.T.);
#3496 = PLANE('',#3497);
#3497 = AXIS2_PLACEMENT_3D('',#3498,#3499,#3500);
#3498 = CARTESIAN_POINT('',(-0.32,-0.32,5.54));
#3499 = DIRECTION('',(0.,0.,-1.));
#3500 = DIRECTION('',(2.22044604925E-16,1.,0.));
#3501 = ADVANCED_FACE('',(#3502),#3508,.T.);
#3502 = FACE_BOUND('',#3503,.T.);
#3503 = EDGE_LOOP('',(#3504,#3505,#3506,#3507));
#3504 = ORIENTED_EDGE('',*,*,#3438,.T.);
#3505 = ORIENTED_EDGE('',*,*,#3462,.F.);
#3506 = ORIENTED_EDGE('',*,*,#3479,.F.);
#3507 = ORIENTED_EDGE('',*,*,#3414,.T.);
#3508 = PLANE('',#3509);
#3509 = AXIS2_PLACEMENT_3D('',#3510,#3511,#3512);
#3510 = CARTESIAN_POINT('',(-0.32,-0.32,-6.));
#3511 = DIRECTION('',(0.,0.,-1.));
#3512 = DIRECTION('',(2.22044604925E-16,1.,0.));
#3513 = ( GEOMETRIC_REPRESENTATION_CONTEXT(3) 
GLOBAL_UNCERTAINTY_ASSIGNED_CONTEXT((#3517)) 
GLOBAL_UNIT_ASSIGNED_CONTEXT((#3514,#3515,#3516)) REPRESENTATION_CONTEXT
('Context #1','3D Context with UNIT and UNCERTAINTY') );
#3514 = ( LENGTH_UNIT() NAMED_UNIT(*) SI_UNIT(.MILLI.,.METRE.) );
#3515 = ( NAMED_UNIT(*) PLANE_ANGLE_UNIT() SI_UNIT($,.RADIAN.) );
#3516 = ( NAMED_UNIT(*) SI_UNIT($,.STERADIAN.) SOLID_ANGLE_UNIT() );
#3517 = UNCERTAINTY_MEASURE_WITH_UNIT(LENGTH_MEASURE(1.E-07),#3514,
  'distance_accuracy_value','confusion accuracy');
#3518 = CONTEXT_DEPENDENT_SHAPE_REPRESENTATION(#3519,#3521);
#3519 = ( REPRESENTATION_RELATIONSHIP('','',#2754,#388) 
REPRESENTATION_RELATIONSHIP_WITH_TRANSFORMATION(#3520) 
SHAPE_REPRESENTATION_RELATIONSHIP() );
#3520 = ITEM_DEFINED_TRANSFORMATION('','',#11,#401);
#3521 = PRODUCT_DEFINITION_SHAPE('Placement','Placement of an item',
  #3522);
#3522 = NEXT_ASSEMBLY_USAGE_OCCURRENCE('6','PLS_1x01 04','',#383,#2749,$
  );
#3523 = PRODUCT_RELATED_PRODUCT_CATEGORY('part',$,(#2751));
#3524 = SHAPE_DEFINITION_REPRESENTATION(#3525,#3531);
#3525 = PRODUCT_DEFINITION_SHAPE('','',#3526);
#3526 = PRODUCT_DEFINITION('design','',#3527,#3530);
#3527 = PRODUCT_DEFINITION_FORMATION('','',#3528);
#3528 = PRODUCT('Schematic components, STEP dimensions',
  'Schematic components, STEP dimensions','',(#3529));
#3529 = PRODUCT_CONTEXT('',#2,'mechanical');
#3530 = PRODUCT_DEFINITION_CONTEXT('part definition',#2,'design');
#3531 = SHAPE_REPRESENTATION('',(#11,#3532,#3536,#3540,#3544),#3548);
#3532 = AXIS2_PLACEMENT_3D('',#3533,#3534,#3535);
#3533 = CARTESIAN_POINT('',(0.,5.74247650087,0.));
#3534 = DIRECTION('',(0.,0.,1.));
#3535 = DIRECTION('',(1.,0.,0.));
#3536 = AXIS2_PLACEMENT_3D('',#3537,#3538,#3539);
#3537 = CARTESIAN_POINT('',(0.,7.942761773632,0.));
#3538 = DIRECTION('',(0.,0.,1.));
#3539 = DIRECTION('',(1.,0.,0.));
#3540 = AXIS2_PLACEMENT_3D('',#3541,#3542,#3543);
#3541 = CARTESIAN_POINT('',(0.,0.,0.));
#3542 = DIRECTION('',(0.,0.,1.));
#3543 = DIRECTION('',(1.,0.,0.));
#3544 = AXIS2_PLACEMENT_3D('',#3545,#3546,#3547);
#3545 = CARTESIAN_POINT('',(0.,0.,0.));
#3546 = DIRECTION('',(0.,0.,1.));
#3547 = DIRECTION('',(1.,0.,0.));
#3548 = ( GEOMETRIC_REPRESENTATION_CONTEXT(3) 
GLOBAL_UNCERTAINTY_ASSIGNED_CONTEXT((#3552)) 
GLOBAL_UNIT_ASSIGNED_CONTEXT((#3549,#3550,#3551)) REPRESENTATION_CONTEXT
('Context #1','3D Context with UNIT and UNCERTAINTY') );
#3549 = ( LENGTH_UNIT() NAMED_UNIT(*) SI_UNIT(.MILLI.,.METRE.) );
#3550 = ( NAMED_UNIT(*) PLANE_ANGLE_UNIT() SI_UNIT($,.RADIAN.) );
#3551 = ( NAMED_UNIT(*) SI_UNIT($,.STERADIAN.) SOLID_ANGLE_UNIT() );
#3552 = UNCERTAINTY_MEASURE_WITH_UNIT(LENGTH_MEASURE(1.E-07),#3549,
  'distance_accuracy_value','confusion accuracy');
#3553 = CONTEXT_DEPENDENT_SHAPE_REPRESENTATION(#3554,#3556);
#3554 = ( REPRESENTATION_RELATIONSHIP('','',#3531,#10) 
REPRESENTATION_RELATIONSHIP_WITH_TRANSFORMATION(#3555) 
SHAPE_REPRESENTATION_RELATIONSHIP() );
#3555 = ITEM_DEFINED_TRANSFORMATION('','',#11,#23);
#3556 = PRODUCT_DEFINITION_SHAPE('Placement','Placement of an item',
  #3557);
#3557 = NEXT_ASSEMBLY_USAGE_OCCURRENCE('28',
  'Schematic components, STEP dimensions','',#5,#3526,$);
#3558 = PRODUCT_RELATED_PRODUCT_CATEGORY('part',$,(#3528));
#3559 = SHAPE_DEFINITION_REPRESENTATION(#3560,#3566);
#3560 = PRODUCT_DEFINITION_SHAPE('','',#3561);
#3561 = PRODUCT_DEFINITION('design','',#3562,#3565);
#3562 = PRODUCT_DEFINITION_FORMATION('','',#3563);
#3563 = PRODUCT('L1 inductor, STEP envelope',
  'L1 inductor, STEP envelope','',(#3564));
#3564 = PRODUCT_CONTEXT('',#2,'mechanical');
#3565 = PRODUCT_DEFINITION_CONTEXT('part definition',#2,'design');
#3566 = ADVANCED_BREP_SHAPE_REPRESENTATION('',(#11,#3567),#3717);
#3567 = MANIFOLD_SOLID_BREP('',#3568);
#3568 = CLOSED_SHELL('',(#3569,#3609,#3649,#3671,#3693,#3705));
#3569 = ADVANCED_FACE('',(#3570),#3604,.F.);
#3570 = FACE_BOUND('',#3571,.F.);
#3571 = EDGE_LOOP('',(#3572,#3582,#3590,#3598));
#3572 = ORIENTED_EDGE('',*,*,#3573,.F.);
#3573 = EDGE_CURVE('',#3574,#3576,#3578,.T.);
#3574 = VERTEX_POINT('',#3575);
#3575 = CARTESIAN_POINT('',(7.913389705972,-6.121238250435,3.7905));
#3576 = VERTEX_POINT('',#3577);
#3577 = CARTESIAN_POINT('',(7.913389705972,-6.121238250435,6.2905));
#3578 = LINE('',#3579,#3580);
#3579 = CARTESIAN_POINT('',(7.913389705972,-6.121238250435,3.7905));
#3580 = VECTOR('',#3581,1.);
#3581 = DIRECTION('',(0.,0.,1.));
#3582 = ORIENTED_EDGE('',*,*,#3583,.T.);
#3583 = EDGE_CURVE('',#3574,#3584,#3586,.T.);
#3584 = VERTEX_POINT('',#3585);
#3585 = CARTESIAN_POINT('',(1.413389705972,-6.121238250435,3.7905));
#3586 = LINE('',#3587,#3588);
#3587 = CARTESIAN_POINT('',(7.913389705972,-6.121238250435,3.7905));
#3588 = VECTOR('',#3589,1.);
#3589 = DIRECTION('',(-1.,2.22044604925E-16,0.));
#3590 = ORIENTED_EDGE('',*,*,#3591,.T.);
#3591 = EDGE_CURVE('',#3584,#3592,#3594,.T.);
#3592 = VERTEX_POINT('',#3593);
#3593 = CARTESIAN_POINT('',(1.413389705972,-6.121238250435,6.2905));
#3594 = LINE('',#3595,#3596);
#3595 = CARTESIAN_POINT('',(1.413389705972,-6.121238250435,3.7905));
#3596 = VECTOR('',#3597,1.);
#3597 = DIRECTION('',(0.,0.,1.));
#3598 = ORIENTED_EDGE('',*,*,#3599,.F.);
#3599 = EDGE_CURVE('',#3576,#3592,#3600,.T.);
#3600 = LINE('',#3601,#3602);
#3601 = CARTESIAN_POINT('',(7.913389705972,-6.121238250435,6.2905));
#3602 = VECTOR('',#3603,1.);
#3603 = DIRECTION('',(-1.,2.22044604925E-16,0.));
#3604 = PLANE('',#3605);
#3605 = AXIS2_PLACEMENT_3D('',#3606,#3607,#3608);
#3606 = CARTESIAN_POINT('',(7.913389705972,-6.121238250435,3.7905));
#3607 = DIRECTION('',(2.22044604925E-16,1.,0.));
#3608 = DIRECTION('',(0.,-0.,1.));
#3609 = ADVANCED_FACE('',(#3610),#3644,.T.);
#3610 = FACE_BOUND('',#3611,.T.);
#3611 = EDGE_LOOP('',(#3612,#3622,#3630,#3638));
#3612 = ORIENTED_EDGE('',*,*,#3613,.F.);
#3613 = EDGE_CURVE('',#3614,#3616,#3618,.T.);
#3614 = VERTEX_POINT('',#3615);
#3615 = CARTESIAN_POINT('',(7.913389705972,0.378761749565,3.7905));
#3616 = VERTEX_POINT('',#3617);
#3617 = CARTESIAN_POINT('',(7.913389705972,0.378761749565,6.2905));
#3618 = LINE('',#3619,#3620);
#3619 = CARTESIAN_POINT('',(7.913389705972,0.378761749565,3.7905));
#3620 = VECTOR('',#3621,1.);
#3621 = DIRECTION('',(0.,0.,1.));
#3622 = ORIENTED_EDGE('',*,*,#3623,.T.);
#3623 = EDGE_CURVE('',#3614,#3624,#3626,.T.);
#3624 = VERTEX_POINT('',#3625);
#3625 = CARTESIAN_POINT('',(1.413389705972,0.378761749565,3.7905));
#3626 = LINE('',#3627,#3628);
#3627 = CARTESIAN_POINT('',(7.913389705972,0.378761749565,3.7905));
#3628 = VECTOR('',#3629,1.);
#3629 = DIRECTION('',(-1.,2.22044604925E-16,0.));
#3630 = ORIENTED_EDGE('',*,*,#3631,.T.);
#3631 = EDGE_CURVE('',#3624,#3632,#3634,.T.);
#3632 = VERTEX_POINT('',#3633);
#3633 = CARTESIAN_POINT('',(1.413389705972,0.378761749565,6.2905));
#3634 = LINE('',#3635,#3636);
#3635 = CARTESIAN_POINT('',(1.413389705972,0.378761749565,3.7905));
#3636 = VECTOR('',#3637,1.);
#3637 = DIRECTION('',(0.,0.,1.));
#3638 = ORIENTED_EDGE('',*,*,#3639,.F.);
#3639 = EDGE_CURVE('',#3616,#3632,#3640,.T.);
#3640 = LINE('',#3641,#3642);
#3641 = CARTESIAN_POINT('',(7.913389705972,0.378761749565,6.2905));
#3642 = VECTOR('',#3643,1.);
#3643 = DIRECTION('',(-1.,2.22044604925E-16,0.));
#3644 = PLANE('',#3645);
#3645 = AXIS2_PLACEMENT_3D('',#3646,#3647,#3648);
#3646 = CARTESIAN_POINT('',(7.913389705972,0.378761749565,3.7905));
#3647 = DIRECTION('',(2.22044604925E-16,1.,0.));
#3648 = DIRECTION('',(0.,-0.,1.));
#3649 = ADVANCED_FACE('',(#3650),#3666,.F.);
#3650 = FACE_BOUND('',#3651,.F.);
#3651 = EDGE_LOOP('',(#3652,#3658,#3659,#3665));
#3652 = ORIENTED_EDGE('',*,*,#3653,.F.);
#3653 = EDGE_CURVE('',#3574,#3614,#3654,.T.);
#3654 = LINE('',#3655,#3656);
#3655 = CARTESIAN_POINT('',(7.913389705972,-6.121238250435,3.7905));
#3656 = VECTOR('',#3657,1.);
#3657 = DIRECTION('',(2.22044604925E-16,1.,0.));
#3658 = ORIENTED_EDGE('',*,*,#3573,.T.);
#3659 = ORIENTED_EDGE('',*,*,#3660,.T.);
#3660 = EDGE_CURVE('',#3576,#3616,#3661,.T.);
#3661 = LINE('',#3662,#3663);
#3662 = CARTESIAN_POINT('',(7.913389705972,-6.121238250435,6.2905));
#3663 = VECTOR('',#3664,1.);
#3664 = DIRECTION('',(2.22044604925E-16,1.,0.));
#3665 = ORIENTED_EDGE('',*,*,#3613,.F.);
#3666 = PLANE('',#3667);
#3667 = AXIS2_PLACEMENT_3D('',#3668,#3669,#3670);
#3668 = CARTESIAN_POINT('',(7.913389705972,-6.121238250435,3.7905));
#3669 = DIRECTION('',(-1.,2.22044604925E-16,0.));
#3670 = DIRECTION('',(0.,0.,1.));
#3671 = ADVANCED_FACE('',(#3672),#3688,.T.);
#3672 = FACE_BOUND('',#3673,.T.);
#3673 = EDGE_LOOP('',(#3674,#3680,#3681,#3687));
#3674 = ORIENTED_EDGE('',*,*,#3675,.F.);
#3675 = EDGE_CURVE('',#3584,#3624,#3676,.T.);
#3676 = LINE('',#3677,#3678);
#3677 = CARTESIAN_POINT('',(1.413389705972,-6.121238250435,3.7905));
#3678 = VECTOR('',#3679,1.);
#3679 = DIRECTION('',(2.22044604925E-16,1.,0.));
#3680 = ORIENTED_EDGE('',*,*,#3591,.T.);
#3681 = ORIENTED_EDGE('',*,*,#3682,.T.);
#3682 = EDGE_CURVE('',#3592,#3632,#3683,.T.);
#3683 = LINE('',#3684,#3685);
#3684 = CARTESIAN_POINT('',(1.413389705972,-6.121238250435,6.2905));
#3685 = VECTOR('',#3686,1.);
#3686 = DIRECTION('',(2.22044604925E-16,1.,0.));
#3687 = ORIENTED_EDGE('',*,*,#3631,.F.);
#3688 = PLANE('',#3689);
#3689 = AXIS2_PLACEMENT_3D('',#3690,#3691,#3692);
#3690 = CARTESIAN_POINT('',(1.413389705972,-6.121238250435,3.7905));
#3691 = DIRECTION('',(-1.,2.22044604925E-16,0.));
#3692 = DIRECTION('',(0.,0.,1.));
#3693 = ADVANCED_FACE('',(#3694),#3700,.F.);
#3694 = FACE_BOUND('',#3695,.F.);
#3695 = EDGE_LOOP('',(#3696,#3697,#3698,#3699));
#3696 = ORIENTED_EDGE('',*,*,#3583,.F.);
#3697 = ORIENTED_EDGE('',*,*,#3653,.T.);
#3698 = ORIENTED_EDGE('',*,*,#3623,.T.);
#3699 = ORIENTED_EDGE('',*,*,#3675,.F.);
#3700 = PLANE('',#3701);
#3701 = AXIS2_PLACEMENT_3D('',#3702,#3703,#3704);
#3702 = CARTESIAN_POINT('',(7.913389705972,-6.121238250435,3.7905));
#3703 = DIRECTION('',(0.,0.,1.));
#3704 = DIRECTION('',(2.22044604925E-16,1.,-0.));
#3705 = ADVANCED_FACE('',(#3706),#3712,.T.);
#3706 = FACE_BOUND('',#3707,.T.);
#3707 = EDGE_LOOP('',(#3708,#3709,#3710,#3711));
#3708 = ORIENTED_EDGE('',*,*,#3599,.F.);
#3709 = ORIENTED_EDGE('',*,*,#3660,.T.);
#3710 = ORIENTED_EDGE('',*,*,#3639,.T.);
#3711 = ORIENTED_EDGE('',*,*,#3682,.F.);
#3712 = PLANE('',#3713);
#3713 = AXIS2_PLACEMENT_3D('',#3714,#3715,#3716);
#3714 = CARTESIAN_POINT('',(7.913389705972,-6.121238250435,6.2905));
#3715 = DIRECTION('',(0.,0.,1.));
#3716 = DIRECTION('',(2.22044604925E-16,1.,-0.));
#3717 = ( GEOMETRIC_REPRESENTATION_CONTEXT(3) 
GLOBAL_UNCERTAINTY_ASSIGNED_CONTEXT((#3721)) 
GLOBAL_UNIT_ASSIGNED_CONTEXT((#3718,#3719,#3720)) REPRESENTATION_CONTEXT
('Context #1','3D Context with UNIT and UNCERTAINTY') );
#3718 = ( LENGTH_UNIT() NAMED_UNIT(*) SI_UNIT(.MILLI.,.METRE.) );
#3719 = ( NAMED_UNIT(*) PLANE_ANGLE_UNIT() SI_UNIT($,.RADIAN.) );
#3720 = ( NAMED_UNIT(*) SI_UNIT($,.STERADIAN.) SOLID_ANGLE_UNIT() );
#3721 = UNCERTAINTY_MEASURE_WITH_UNIT(LENGTH_MEASURE(1.E-07),#3718,
  'distance_accuracy_value','confusion accuracy');
#3722 = CONTEXT_DEPENDENT_SHAPE_REPRESENTATION(#3723,#3725);
#3723 = ( REPRESENTATION_RELATIONSHIP('','',#3566,#3531) 
REPRESENTATION_RELATIONSHIP_WITH_TRANSFORMATION(#3724) 
SHAPE_REPRESENTATION_RELATIONSHIP() );
#3724 = ITEM_DEFINED_TRANSFORMATION('','',#11,#3532);
#3725 = PRODUCT_DEFINITION_SHAPE('Placement','Placement of an item',
  #3726);
#3726 = NEXT_ASSEMBLY_USAGE_OCCURRENCE('8','L1 inductor, STEP envelope',
  '',#3526,#3561,$);
#3727 = PRODUCT_RELATED_PRODUCT_CATEGORY('part',$,(#3563));
#3728 = SHAPE_DEFINITION_REPRESENTATION(#3729,#3735);
#3729 = PRODUCT_DEFINITION_SHAPE('','',#3730);
#3730 = PRODUCT_DEFINITION('design','',#3731,#3734);
#3731 = PRODUCT_DEFINITION_FORMATION('','',#3732);
#3732 = PRODUCT('U1 controller, STEP envelope',
  'U1 controller, STEP envelope','',(#3733));
#3733 = PRODUCT_CONTEXT('',#2,'mechanical');
#3734 = PRODUCT_DEFINITION_CONTEXT('part definition',#2,'design');
#3735 = ADVANCED_BREP_SHAPE_REPRESENTATION('',(#11,#3736),#3886);
#3736 = MANIFOLD_SOLID_BREP('',#3737);
#3737 = CLOSED_SHELL('',(#3738,#3778,#3818,#3840,#3862,#3874));
#3738 = ADVANCED_FACE('',(#3739),#3773,.F.);
#3739 = FACE_BOUND('',#3740,.F.);
#3740 = EDGE_LOOP('',(#3741,#3751,#3759,#3767));
#3741 = ORIENTED_EDGE('',*,*,#3742,.F.);
#3742 = EDGE_CURVE('',#3743,#3745,#3747,.T.);
#3743 = VERTEX_POINT('',#3744);
#3744 = CARTESIAN_POINT('',(13.809024257169,-7.107867113816,3.773285677)
  );
#3745 = VERTEX_POINT('',#3746);
#3746 = CARTESIAN_POINT('',(13.809024257169,-7.107867113816,5.539826665)
  );
#3747 = LINE('',#3748,#3749);
#3748 = CARTESIAN_POINT('',(13.809024257169,-7.107867113816,3.773285677)
  );
#3749 = VECTOR('',#3750,1.);
#3750 = DIRECTION('',(0.,0.,1.));
#3751 = ORIENTED_EDGE('',*,*,#3752,.T.);
#3752 = EDGE_CURVE('',#3743,#3753,#3755,.T.);
#3753 = VERTEX_POINT('',#3754);
#3754 = CARTESIAN_POINT('',(8.999024257169,-7.107867113816,3.773285677)
  );
#3755 = LINE('',#3756,#3757);
#3756 = CARTESIAN_POINT('',(13.809024257169,-7.107867113816,3.773285677)
  );
#3757 = VECTOR('',#3758,1.);
#3758 = DIRECTION('',(-1.,2.22044604925E-16,0.));
#3759 = ORIENTED_EDGE('',*,*,#3760,.T.);
#3760 = EDGE_CURVE('',#3753,#3761,#3763,.T.);
#3761 = VERTEX_POINT('',#3762);
#3762 = CARTESIAN_POINT('',(8.999024257169,-7.107867113816,5.539826665)
  );
#3763 = LINE('',#3764,#3765);
#3764 = CARTESIAN_POINT('',(8.999024257169,-7.107867113816,3.773285677)
  );
#3765 = VECTOR('',#3766,1.);
#3766 = DIRECTION('',(0.,0.,1.));
#3767 = ORIENTED_EDGE('',*,*,#3768,.F.);
#3768 = EDGE_CURVE('',#3745,#3761,#3769,.T.);
#3769 = LINE('',#3770,#3771);
#3770 = CARTESIAN_POINT('',(13.809024257169,-7.107867113816,5.539826665)
  );
#3771 = VECTOR('',#3772,1.);
#3772 = DIRECTION('',(-1.,2.22044604925E-16,0.));
#3773 = PLANE('',#3774);
#3774 = AXIS2_PLACEMENT_3D('',#3775,#3776,#3777);
#3775 = CARTESIAN_POINT('',(13.809024257169,-7.107867113816,3.773285677)
  );
#3776 = DIRECTION('',(2.22044604925E-16,1.,0.));
#3777 = DIRECTION('',(0.,-0.,1.));
#3778 = ADVANCED_FACE('',(#3779),#3813,.T.);
#3779 = FACE_BOUND('',#3780,.T.);
#3780 = EDGE_LOOP('',(#3781,#3791,#3799,#3807));
#3781 = ORIENTED_EDGE('',*,*,#3782,.F.);
#3782 = EDGE_CURVE('',#3783,#3785,#3787,.T.);
#3783 = VERTEX_POINT('',#3784);
#3784 = CARTESIAN_POINT('',(13.809024257169,-0.834894659816,3.773285677)
  );
#3785 = VERTEX_POINT('',#3786);
#3786 = CARTESIAN_POINT('',(13.809024257169,-0.834894659816,5.539826665)
  );
#3787 = LINE('',#3788,#3789);
#3788 = CARTESIAN_POINT('',(13.809024257169,-0.834894659816,3.773285677)
  );
#3789 = VECTOR('',#3790,1.);
#3790 = DIRECTION('',(0.,0.,1.));
#3791 = ORIENTED_EDGE('',*,*,#3792,.T.);
#3792 = EDGE_CURVE('',#3783,#3793,#3795,.T.);
#3793 = VERTEX_POINT('',#3794);
#3794 = CARTESIAN_POINT('',(8.999024257169,-0.834894659816,3.773285677)
  );
#3795 = LINE('',#3796,#3797);
#3796 = CARTESIAN_POINT('',(13.809024257169,-0.834894659816,3.773285677)
  );
#3797 = VECTOR('',#3798,1.);
#3798 = DIRECTION('',(-1.,2.22044604925E-16,0.));
#3799 = ORIENTED_EDGE('',*,*,#3800,.T.);
#3800 = EDGE_CURVE('',#3793,#3801,#3803,.T.);
#3801 = VERTEX_POINT('',#3802);
#3802 = CARTESIAN_POINT('',(8.999024257169,-0.834894659816,5.539826665)
  );
#3803 = LINE('',#3804,#3805);
#3804 = CARTESIAN_POINT('',(8.999024257169,-0.834894659816,3.773285677)
  );
#3805 = VECTOR('',#3806,1.);
#3806 = DIRECTION('',(0.,0.,1.));
#3807 = ORIENTED_EDGE('',*,*,#3808,.F.);
#3808 = EDGE_CURVE('',#3785,#3801,#3809,.T.);
#3809 = LINE('',#3810,#3811);
#3810 = CARTESIAN_POINT('',(13.809024257169,-0.834894659816,5.539826665)
  );
#3811 = VECTOR('',#3812,1.);
#3812 = DIRECTION('',(-1.,2.22044604925E-16,0.));
#3813 = PLANE('',#3814);
#3814 = AXIS2_PLACEMENT_3D('',#3815,#3816,#3817);
#3815 = CARTESIAN_POINT('',(13.809024257169,-0.834894659816,3.773285677)
  );
#3816 = DIRECTION('',(2.22044604925E-16,1.,0.));
#3817 = DIRECTION('',(0.,-0.,1.));
#3818 = ADVANCED_FACE('',(#3819),#3835,.F.);
#3819 = FACE_BOUND('',#3820,.F.);
#3820 = EDGE_LOOP('',(#3821,#3827,#3828,#3834));
#3821 = ORIENTED_EDGE('',*,*,#3822,.F.);
#3822 = EDGE_CURVE('',#3743,#3783,#3823,.T.);
#3823 = LINE('',#3824,#3825);
#3824 = CARTESIAN_POINT('',(13.809024257169,-7.107867113816,3.773285677)
  );
#3825 = VECTOR('',#3826,1.);
#3826 = DIRECTION('',(2.22044604925E-16,1.,0.));
#3827 = ORIENTED_EDGE('',*,*,#3742,.T.);
#3828 = ORIENTED_EDGE('',*,*,#3829,.T.);
#3829 = EDGE_CURVE('',#3745,#3785,#3830,.T.);
#3830 = LINE('',#3831,#3832);
#3831 = CARTESIAN_POINT('',(13.809024257169,-7.107867113816,5.539826665)
  );
#3832 = VECTOR('',#3833,1.);
#3833 = DIRECTION('',(2.22044604925E-16,1.,0.));
#3834 = ORIENTED_EDGE('',*,*,#3782,.F.);
#3835 = PLANE('',#3836);
#3836 = AXIS2_PLACEMENT_3D('',#3837,#3838,#3839);
#3837 = CARTESIAN_POINT('',(13.809024257169,-7.107867113816,3.773285677)
  );
#3838 = DIRECTION('',(-1.,2.22044604925E-16,0.));
#3839 = DIRECTION('',(0.,0.,1.));
#3840 = ADVANCED_FACE('',(#3841),#3857,.T.);
#3841 = FACE_BOUND('',#3842,.T.);
#3842 = EDGE_LOOP('',(#3843,#3849,#3850,#3856));
#3843 = ORIENTED_EDGE('',*,*,#3844,.F.);
#3844 = EDGE_CURVE('',#3753,#3793,#3845,.T.);
#3845 = LINE('',#3846,#3847);
#3846 = CARTESIAN_POINT('',(8.999024257169,-7.107867113816,3.773285677)
  );
#3847 = VECTOR('',#3848,1.);
#3848 = DIRECTION('',(2.22044604925E-16,1.,0.));
#3849 = ORIENTED_EDGE('',*,*,#3760,.T.);
#3850 = ORIENTED_EDGE('',*,*,#3851,.T.);
#3851 = EDGE_CURVE('',#3761,#3801,#3852,.T.);
#3852 = LINE('',#3853,#3854);
#3853 = CARTESIAN_POINT('',(8.999024257169,-7.107867113816,5.539826665)
  );
#3854 = VECTOR('',#3855,1.);
#3855 = DIRECTION('',(2.22044604925E-16,1.,0.));
#3856 = ORIENTED_EDGE('',*,*,#3800,.F.);
#3857 = PLANE('',#3858);
#3858 = AXIS2_PLACEMENT_3D('',#3859,#3860,#3861);
#3859 = CARTESIAN_POINT('',(8.999024257169,-7.107867113816,3.773285677)
  );
#3860 = DIRECTION('',(-1.,2.22044604925E-16,0.));
#3861 = DIRECTION('',(0.,0.,1.));
#3862 = ADVANCED_FACE('',(#3863),#3869,.F.);
#3863 = FACE_BOUND('',#3864,.F.);
#3864 = EDGE_LOOP('',(#3865,#3866,#3867,#3868));
#3865 = ORIENTED_EDGE('',*,*,#3752,.F.);
#3866 = ORIENTED_EDGE('',*,*,#3822,.T.);
#3867 = ORIENTED_EDGE('',*,*,#3792,.T.);
#3868 = ORIENTED_EDGE('',*,*,#3844,.F.);
#3869 = PLANE('',#3870);
#3870 = AXIS2_PLACEMENT_3D('',#3871,#3872,#3873);
#3871 = CARTESIAN_POINT('',(13.809024257169,-7.107867113816,3.773285677)
  );
#3872 = DIRECTION('',(0.,0.,1.));
#3873 = DIRECTION('',(2.22044604925E-16,1.,-0.));
#3874 = ADVANCED_FACE('',(#3875),#3881,.T.);
#3875 = FACE_BOUND('',#3876,.T.);
#3876 = EDGE_LOOP('',(#3877,#3878,#3879,#3880));
#3877 = ORIENTED_EDGE('',*,*,#3768,.F.);
#3878 = ORIENTED_EDGE('',*,*,#3829,.T.);
#3879 = ORIENTED_EDGE('',*,*,#3808,.T.);
#3880 = ORIENTED_EDGE('',*,*,#3851,.F.);
#3881 = PLANE('',#3882);
#3882 = AXIS2_PLACEMENT_3D('',#3883,#3884,#3885);
#3883 = CARTESIAN_POINT('',(13.809024257169,-7.107867113816,5.539826665)
  );
#3884 = DIRECTION('',(0.,0.,1.));
#3885 = DIRECTION('',(2.22044604925E-16,1.,-0.));
#3886 = ( GEOMETRIC_REPRESENTATION_CONTEXT(3) 
GLOBAL_UNCERTAINTY_ASSIGNED_CONTEXT((#3890)) 
GLOBAL_UNIT_ASSIGNED_CONTEXT((#3887,#3888,#3889)) REPRESENTATION_CONTEXT
('Context #1','3D Context with UNIT and UNCERTAINTY') );
#3887 = ( LENGTH_UNIT() NAMED_UNIT(*) SI_UNIT(.MILLI.,.METRE.) );
#3888 = ( NAMED_UNIT(*) PLANE_ANGLE_UNIT() SI_UNIT($,.RADIAN.) );
#3889 = ( NAMED_UNIT(*) SI_UNIT($,.STERADIAN.) SOLID_ANGLE_UNIT() );
#3890 = UNCERTAINTY_MEASURE_WITH_UNIT(LENGTH_MEASURE(1.E-07),#3887,
  'distance_accuracy_value','confusion accuracy');
#3891 = CONTEXT_DEPENDENT_SHAPE_REPRESENTATION(#3892,#3894);
#3892 = ( REPRESENTATION_RELATIONSHIP('','',#3735,#3531) 
REPRESENTATION_RELATIONSHIP_WITH_TRANSFORMATION(#3893) 
SHAPE_REPRESENTATION_RELATIONSHIP() );
#3893 = ITEM_DEFINED_TRANSFORMATION('','',#11,#3536);
#3894 = PRODUCT_DEFINITION_SHAPE('Placement','Placement of an item',
  #3895);
#3895 = NEXT_ASSEMBLY_USAGE_OCCURRENCE('9',
  'U1 controller, STEP envelope','',#3526,#3730,$);
#3896 = PRODUCT_RELATED_PRODUCT_CATEGORY('part',$,(#3732));
#3897 = SHAPE_DEFINITION_REPRESENTATION(#3898,#3904);
#3898 = PRODUCT_DEFINITION_SHAPE('','',#3899);
#3899 = PRODUCT_DEFINITION('design','',#3900,#3903);
#3900 = PRODUCT_DEFINITION_FORMATION('','',#3901);
#3901 = PRODUCT('RV1 trimmer, STEP envelope002',
  'RV1 trimmer, STEP envelope002','',(#3902));
#3902 = PRODUCT_CONTEXT('',#2,'mechanical');
#3903 = PRODUCT_DEFINITION_CONTEXT('part definition',#2,'design');
#3904 = SHAPE_REPRESENTATION('',(#11,#3905,#3909),#3913);
#3905 = AXIS2_PLACEMENT_3D('',#3906,#3907,#3908);
#3906 = CARTESIAN_POINT('',(0.,16.965153623645,0.));
#3907 = DIRECTION('',(0.,0.,1.));
#3908 = DIRECTION('',(1.,0.,0.));
#3909 = AXIS2_PLACEMENT_3D('',#3910,#3911,#3912);
#3910 = CARTESIAN_POINT('',(0.,16.96515362365,0.));
#3911 = DIRECTION('',(0.,0.,1.));
#3912 = DIRECTION('',(1.,0.,0.));
#3913 = ( GEOMETRIC_REPRESENTATION_CONTEXT(3) 
GLOBAL_UNCERTAINTY_ASSIGNED_CONTEXT((#3917)) 
GLOBAL_UNIT_ASSIGNED_CONTEXT((#3914,#3915,#3916)) REPRESENTATION_CONTEXT
('Context #1','3D Context with UNIT and UNCERTAINTY') );
#3914 = ( LENGTH_UNIT() NAMED_UNIT(*) SI_UNIT(.MILLI.,.METRE.) );
#3915 = ( NAMED_UNIT(*) PLANE_ANGLE_UNIT() SI_UNIT($,.RADIAN.) );
#3916 = ( NAMED_UNIT(*) SI_UNIT($,.STERADIAN.) SOLID_ANGLE_UNIT() );
#3917 = UNCERTAINTY_MEASURE_WITH_UNIT(LENGTH_MEASURE(1.E-07),#3914,
  'distance_accuracy_value','confusion accuracy');
#3918 = CONTEXT_DEPENDENT_SHAPE_REPRESENTATION(#3919,#3921);
#3919 = ( REPRESENTATION_RELATIONSHIP('','',#3904,#3531) 
REPRESENTATION_RELATIONSHIP_WITH_TRANSFORMATION(#3920) 
SHAPE_REPRESENTATION_RELATIONSHIP() );
#3920 = ITEM_DEFINED_TRANSFORMATION('','',#11,#3540);
#3921 = PRODUCT_DEFINITION_SHAPE('Placement','Placement of an item',
  #3922);
#3922 = NEXT_ASSEMBLY_USAGE_OCCURRENCE('12',
  'RV1 trimmer, STEP envelope002','',#3526,#3899,$);
#3923 = PRODUCT_RELATED_PRODUCT_CATEGORY('part',$,(#3901));
#3924 = SHAPE_DEFINITION_REPRESENTATION(#3925,#3931);
#3925 = PRODUCT_DEFINITION_SHAPE('','',#3926);
#3926 = PRODUCT_DEFINITION('design','',#3927,#3930);
#3927 = PRODUCT_DEFINITION_FORMATION('','',#3928);
#3928 = PRODUCT('RV1 trimmer, STEP envelope',
  'RV1 trimmer, STEP envelope','',(#3929));
#3929 = PRODUCT_CONTEXT('',#2,'mechanical');
#3930 = PRODUCT_DEFINITION_CONTEXT('part definition',#2,'design');
#3931 = ADVANCED_BREP_SHAPE_REPRESENTATION('',(#11,#3932),#4082);
#3932 = MANIFOLD_SOLID_BREP('',#3933);
#3933 = CLOSED_SHELL('',(#3934,#3974,#4014,#4036,#4058,#4070));
#3934 = ADVANCED_FACE('',(#3935),#3969,.F.);
#3935 = FACE_BOUND('',#3936,.F.);
#3936 = EDGE_LOOP('',(#3937,#3947,#3955,#3963));
#3937 = ORIENTED_EDGE('',*,*,#3938,.F.);
#3938 = EDGE_CURVE('',#3939,#3941,#3943,.T.);
#3939 = VERTEX_POINT('',#3940);
#3940 = CARTESIAN_POINT('',(7.146243183852,-10.10757681182,3.7905));
#3941 = VERTEX_POINT('',#3942);
#3942 = CARTESIAN_POINT('',(7.146243183852,-10.10757681182,4.6405));
#3943 = LINE('',#3944,#3945);
#3944 = CARTESIAN_POINT('',(7.146243183852,-10.10757681182,3.7905));
#3945 = VECTOR('',#3946,1.);
#3946 = DIRECTION('',(0.,0.,1.));
#3947 = ORIENTED_EDGE('',*,*,#3948,.T.);
#3948 = EDGE_CURVE('',#3939,#3949,#3951,.T.);
#3949 = VERTEX_POINT('',#3950);
#3950 = CARTESIAN_POINT('',(3.146243183852,-10.10757681182,3.7905));
#3951 = LINE('',#3952,#3953);
#3952 = CARTESIAN_POINT('',(7.146243183852,-10.10757681182,3.7905));
#3953 = VECTOR('',#3954,1.);
#3954 = DIRECTION('',(-1.,2.22044604925E-16,0.));
#3955 = ORIENTED_EDGE('',*,*,#3956,.T.);
#3956 = EDGE_CURVE('',#3949,#3957,#3959,.T.);
#3957 = VERTEX_POINT('',#3958);
#3958 = CARTESIAN_POINT('',(3.146243183852,-10.10757681182,4.6405));
#3959 = LINE('',#3960,#3961);
#3960 = CARTESIAN_POINT('',(3.146243183852,-10.10757681182,3.7905));
#3961 = VECTOR('',#3962,1.);
#3962 = DIRECTION('',(0.,0.,1.));
#3963 = ORIENTED_EDGE('',*,*,#3964,.F.);
#3964 = EDGE_CURVE('',#3941,#3957,#3965,.T.);
#3965 = LINE('',#3966,#3967);
#3966 = CARTESIAN_POINT('',(7.146243183852,-10.10757681182,4.6405));
#3967 = VECTOR('',#3968,1.);
#3968 = DIRECTION('',(-1.,2.22044604925E-16,0.));
#3969 = PLANE('',#3970);
#3970 = AXIS2_PLACEMENT_3D('',#3971,#3972,#3973);
#3971 = CARTESIAN_POINT('',(7.146243183852,-10.10757681182,3.7905));
#3972 = DIRECTION('',(2.22044604925E-16,1.,0.));
#3973 = DIRECTION('',(0.,-0.,1.));
#3974 = ADVANCED_FACE('',(#3975),#4009,.T.);
#3975 = FACE_BOUND('',#3976,.T.);
#3976 = EDGE_LOOP('',(#3977,#3987,#3995,#4003));
#3977 = ORIENTED_EDGE('',*,*,#3978,.F.);
#3978 = EDGE_CURVE('',#3979,#3981,#3983,.T.);
#3979 = VERTEX_POINT('',#3980);
#3980 = CARTESIAN_POINT('',(7.146243183852,-6.857576811825,3.7905));
#3981 = VERTEX_POINT('',#3982);
#3982 = CARTESIAN_POINT('',(7.146243183852,-6.857576811825,4.6405));
#3983 = LINE('',#3984,#3985);
#3984 = CARTESIAN_POINT('',(7.146243183852,-6.857576811825,3.7905));
#3985 = VECTOR('',#3986,1.);
#3986 = DIRECTION('',(0.,0.,1.));
#3987 = ORIENTED_EDGE('',*,*,#3988,.T.);
#3988 = EDGE_CURVE('',#3979,#3989,#3991,.T.);
#3989 = VERTEX_POINT('',#3990);
#3990 = CARTESIAN_POINT('',(3.146243183852,-6.857576811825,3.7905));
#3991 = LINE('',#3992,#3993);
#3992 = CARTESIAN_POINT('',(7.146243183852,-6.857576811825,3.7905));
#3993 = VECTOR('',#3994,1.);
#3994 = DIRECTION('',(-1.,2.22044604925E-16,0.));
#3995 = ORIENTED_EDGE('',*,*,#3996,.T.);
#3996 = EDGE_CURVE('',#3989,#3997,#3999,.T.);
#3997 = VERTEX_POINT('',#3998);
#3998 = CARTESIAN_POINT('',(3.146243183852,-6.857576811825,4.6405));
#3999 = LINE('',#4000,#4001);
#4000 = CARTESIAN_POINT('',(3.146243183852,-6.857576811825,3.7905));
#4001 = VECTOR('',#4002,1.);
#4002 = DIRECTION('',(0.,0.,1.));
#4003 = ORIENTED_EDGE('',*,*,#4004,.F.);
#4004 = EDGE_CURVE('',#3981,#3997,#4005,.T.);
#4005 = LINE('',#4006,#4007);
#4006 = CARTESIAN_POINT('',(7.146243183852,-6.857576811825,4.6405));
#4007 = VECTOR('',#4008,1.);
#4008 = DIRECTION('',(-1.,2.22044604925E-16,0.));
#4009 = PLANE('',#4010);
#4010 = AXIS2_PLACEMENT_3D('',#4011,#4012,#4013);
#4011 = CARTESIAN_POINT('',(7.146243183852,-6.857576811825,3.7905));
#4012 = DIRECTION('',(2.22044604925E-16,1.,0.));
#4013 = DIRECTION('',(0.,-0.,1.));
#4014 = ADVANCED_FACE('',(#4015),#4031,.F.);
#4015 = FACE_BOUND('',#4016,.F.);
#4016 = EDGE_LOOP('',(#4017,#4023,#4024,#4030));
#4017 = ORIENTED_EDGE('',*,*,#4018,.F.);
#4018 = EDGE_CURVE('',#3939,#3979,#4019,.T.);
#4019 = LINE('',#4020,#4021);
#4020 = CARTESIAN_POINT('',(7.146243183852,-10.10757681182,3.7905));
#4021 = VECTOR('',#4022,1.);
#4022 = DIRECTION('',(2.22044604925E-16,1.,0.));
#4023 = ORIENTED_EDGE('',*,*,#3938,.T.);
#4024 = ORIENTED_EDGE('',*,*,#4025,.T.);
#4025 = EDGE_CURVE('',#3941,#3981,#4026,.T.);
#4026 = LINE('',#4027,#4028);
#4027 = CARTESIAN_POINT('',(7.146243183852,-10.10757681182,4.6405));
#4028 = VECTOR('',#4029,1.);
#4029 = DIRECTION('',(2.22044604925E-16,1.,0.));
#4030 = ORIENTED_EDGE('',*,*,#3978,.F.);
#4031 = PLANE('',#4032);
#4032 = AXIS2_PLACEMENT_3D('',#4033,#4034,#4035);
#4033 = CARTESIAN_POINT('',(7.146243183852,-10.10757681182,3.7905));
#4034 = DIRECTION('',(-1.,2.22044604925E-16,0.));
#4035 = DIRECTION('',(0.,0.,1.));
#4036 = ADVANCED_FACE('',(#4037),#4053,.T.);
#4037 = FACE_BOUND('',#4038,.T.);
#4038 = EDGE_LOOP('',(#4039,#4045,#4046,#4052));
#4039 = ORIENTED_EDGE('',*,*,#4040,.F.);
#4040 = EDGE_CURVE('',#3949,#3989,#4041,.T.);
#4041 = LINE('',#4042,#4043);
#4042 = CARTESIAN_POINT('',(3.146243183852,-10.10757681182,3.7905));
#4043 = VECTOR('',#4044,1.);
#4044 = DIRECTION('',(2.22044604925E-16,1.,0.));
#4045 = ORIENTED_EDGE('',*,*,#3956,.T.);
#4046 = ORIENTED_EDGE('',*,*,#4047,.T.);
#4047 = EDGE_CURVE('',#3957,#3997,#4048,.T.);
#4048 = LINE('',#4049,#4050);
#4049 = CARTESIAN_POINT('',(3.146243183852,-10.10757681182,4.6405));
#4050 = VECTOR('',#4051,1.);
#4051 = DIRECTION('',(2.22044604925E-16,1.,0.));
#4052 = ORIENTED_EDGE('',*,*,#3996,.F.);
#4053 = PLANE('',#4054);
#4054 = AXIS2_PLACEMENT_3D('',#4055,#4056,#4057);
#4055 = CARTESIAN_POINT('',(3.146243183852,-10.10757681182,3.7905));
#4056 = DIRECTION('',(-1.,2.22044604925E-16,0.));
#4057 = DIRECTION('',(0.,0.,1.));
#4058 = ADVANCED_FACE('',(#4059),#4065,.F.);
#4059 = FACE_BOUND('',#4060,.F.);
#4060 = EDGE_LOOP('',(#4061,#4062,#4063,#4064));
#4061 = ORIENTED_EDGE('',*,*,#3948,.F.);
#4062 = ORIENTED_EDGE('',*,*,#4018,.T.);
#4063 = ORIENTED_EDGE('',*,*,#3988,.T.);
#4064 = ORIENTED_EDGE('',*,*,#4040,.F.);
#4065 = PLANE('',#4066);
#4066 = AXIS2_PLACEMENT_3D('',#4067,#4068,#4069);
#4067 = CARTESIAN_POINT('',(7.146243183852,-10.10757681182,3.7905));
#4068 = DIRECTION('',(0.,0.,1.));
#4069 = DIRECTION('',(2.22044604925E-16,1.,-0.));
#4070 = ADVANCED_FACE('',(#4071),#4077,.T.);
#4071 = FACE_BOUND('',#4072,.T.);
#4072 = EDGE_LOOP('',(#4073,#4074,#4075,#4076));
#4073 = ORIENTED_EDGE('',*,*,#3964,.F.);
#4074 = ORIENTED_EDGE('',*,*,#4025,.T.);
#4075 = ORIENTED_EDGE('',*,*,#4004,.T.);
#4076 = ORIENTED_EDGE('',*,*,#4047,.F.);
#4077 = PLANE('',#4078);
#4078 = AXIS2_PLACEMENT_3D('',#4079,#4080,#4081);
#4079 = CARTESIAN_POINT('',(7.146243183852,-10.10757681182,4.6405));
#4080 = DIRECTION('',(0.,0.,1.));
#4081 = DIRECTION('',(2.22044604925E-16,1.,-0.));
#4082 = ( GEOMETRIC_REPRESENTATION_CONTEXT(3) 
GLOBAL_UNCERTAINTY_ASSIGNED_CONTEXT((#4086)) 
GLOBAL_UNIT_ASSIGNED_CONTEXT((#4083,#4084,#4085)) REPRESENTATION_CONTEXT
('Context #1','3D Context with UNIT and UNCERTAINTY') );
#4083 = ( LENGTH_UNIT() NAMED_UNIT(*) SI_UNIT(.MILLI.,.METRE.) );
#4084 = ( NAMED_UNIT(*) PLANE_ANGLE_UNIT() SI_UNIT($,.RADIAN.) );
#4085 = ( NAMED_UNIT(*) SI_UNIT($,.STERADIAN.) SOLID_ANGLE_UNIT() );
#4086 = UNCERTAINTY_MEASURE_WITH_UNIT(LENGTH_MEASURE(1.E-07),#4083,
  'distance_accuracy_value','confusion accuracy');
#4087 = CONTEXT_DEPENDENT_SHAPE_REPRESENTATION(#4088,#4090);
#4088 = ( REPRESENTATION_RELATIONSHIP('','',#3931,#3904) 
REPRESENTATION_RELATIONSHIP_WITH_TRANSFORMATION(#4089) 
SHAPE_REPRESENTATION_RELATIONSHIP() );
#4089 = ITEM_DEFINED_TRANSFORMATION('','',#11,#3905);
#4090 = PRODUCT_DEFINITION_SHAPE('Placement','Placement of an item',
  #4091);
#4091 = NEXT_ASSEMBLY_USAGE_OCCURRENCE('10','RV1 trimmer, STEP envelope'
  ,'',#3899,#3926,$);
#4092 = PRODUCT_RELATED_PRODUCT_CATEGORY('part',$,(#3928));
#4093 = SHAPE_DEFINITION_REPRESENTATION(#4094,#4100);
#4094 = PRODUCT_DEFINITION_SHAPE('','',#4095);
#4095 = PRODUCT_DEFINITION('design','',#4096,#4099);
#4096 = PRODUCT_DEFINITION_FORMATION('','',#4097);
#4097 = PRODUCT('RV1 trimmer, STEP envelope001',
  'RV1 trimmer, STEP envelope001','',(#4098));
#4098 = PRODUCT_CONTEXT('',#2,'mechanical');
#4099 = PRODUCT_DEFINITION_CONTEXT('part definition',#2,'design');
#4100 = ADVANCED_BREP_SHAPE_REPRESENTATION('',(#11,#4101),#4154);
#4101 = MANIFOLD_SOLID_BREP('',#4102);
#4102 = CLOSED_SHELL('',(#4103,#4136,#4145));
#4103 = ADVANCED_FACE('',(#4104),#4131,.T.);
#4104 = FACE_BOUND('',#4105,.T.);
#4105 = EDGE_LOOP('',(#4106,#4115,#4123,#4130));
#4106 = ORIENTED_EDGE('',*,*,#4107,.F.);
#4107 = EDGE_CURVE('',#4108,#4108,#4110,.T.);
#4108 = VERTEX_POINT('',#4109);
#4109 = CARTESIAN_POINT('',(5.146243183852,-6.857576811825,4.6405));
#4110 = CIRCLE('',#4111,1.625);
#4111 = AXIS2_PLACEMENT_3D('',#4112,#4113,#4114);
#4112 = CARTESIAN_POINT('',(5.146243183852,-8.482576811825,4.6405));
#4113 = DIRECTION('',(0.,-0.,1.));
#4114 = DIRECTION('',(2.22044604925E-16,1.,0.));
#4115 = ORIENTED_EDGE('',*,*,#4116,.F.);
#4116 = EDGE_CURVE('',#4117,#4108,#4119,.T.);
#4117 = VERTEX_POINT('',#4118);
#4118 = CARTESIAN_POINT('',(5.146243183852,-6.857576811825,4.5405));
#4119 = LINE('',#4120,#4121);
#4120 = CARTESIAN_POINT('',(5.146243183852,-6.857576811825,4.5405));
#4121 = VECTOR('',#4122,1.);
#4122 = DIRECTION('',(0.,0.,1.));
#4123 = ORIENTED_EDGE('',*,*,#4124,.T.);
#4124 = EDGE_CURVE('',#4117,#4117,#4125,.T.);
#4125 = CIRCLE('',#4126,1.625);
#4126 = AXIS2_PLACEMENT_3D('',#4127,#4128,#4129);
#4127 = CARTESIAN_POINT('',(5.146243183852,-8.482576811825,4.5405));
#4128 = DIRECTION('',(0.,-0.,1.));
#4129 = DIRECTION('',(2.22044604925E-16,1.,0.));
#4130 = ORIENTED_EDGE('',*,*,#4116,.T.);
#4131 = CYLINDRICAL_SURFACE('',#4132,1.625);
#4132 = AXIS2_PLACEMENT_3D('',#4133,#4134,#4135);
#4133 = CARTESIAN_POINT('',(5.146243183852,-8.482576811825,4.5405));
#4134 = DIRECTION('',(0.,0.,1.));
#4135 = DIRECTION('',(2.22044604925E-16,1.,-0.));
#4136 = ADVANCED_FACE('',(#4137),#4140,.T.);
#4137 = FACE_BOUND('',#4138,.T.);
#4138 = EDGE_LOOP('',(#4139));
#4139 = ORIENTED_EDGE('',*,*,#4107,.T.);
#4140 = PLANE('',#4141);
#4141 = AXIS2_PLACEMENT_3D('',#4142,#4143,#4144);
#4142 = CARTESIAN_POINT('',(5.146243183852,-8.482576811825,4.6405));
#4143 = DIRECTION('',(0.,0.,1.));
#4144 = DIRECTION('',(2.22044604925E-16,1.,-0.));
#4145 = ADVANCED_FACE('',(#4146),#4149,.F.);
#4146 = FACE_BOUND('',#4147,.T.);
#4147 = EDGE_LOOP('',(#4148));
#4148 = ORIENTED_EDGE('',*,*,#4124,.F.);
#4149 = PLANE('',#4150);
#4150 = AXIS2_PLACEMENT_3D('',#4151,#4152,#4153);
#4151 = CARTESIAN_POINT('',(5.146243183852,-8.482576811825,4.5405));
#4152 = DIRECTION('',(0.,0.,1.));
#4153 = DIRECTION('',(2.22044604925E-16,1.,-0.));
#4154 = ( GEOMETRIC_REPRESENTATION_CONTEXT(3) 
GLOBAL_UNCERTAINTY_ASSIGNED_CONTEXT((#4158)) 
GLOBAL_UNIT_ASSIGNED_CONTEXT((#4155,#4156,#4157)) REPRESENTATION_CONTEXT
('Context #1','3D Context with UNIT and UNCERTAINTY') );
#4155 = ( LENGTH_UNIT() NAMED_UNIT(*) SI_UNIT(.MILLI.,.METRE.) );
#4156 = ( NAMED_UNIT(*) PLANE_ANGLE_UNIT() SI_UNIT($,.RADIAN.) );
#4157 = ( NAMED_UNIT(*) SI_UNIT($,.STERADIAN.) SOLID_ANGLE_UNIT() );
#4158 = UNCERTAINTY_MEASURE_WITH_UNIT(LENGTH_MEASURE(1.E-07),#4155,
  'distance_accuracy_value','confusion accuracy');
#4159 = CONTEXT_DEPENDENT_SHAPE_REPRESENTATION(#4160,#4162);
#4160 = ( REPRESENTATION_RELATIONSHIP('','',#4100,#3904) 
REPRESENTATION_RELATIONSHIP_WITH_TRANSFORMATION(#4161) 
SHAPE_REPRESENTATION_RELATIONSHIP() );
#4161 = ITEM_DEFINED_TRANSFORMATION('','',#11,#3909);
#4162 = PRODUCT_DEFINITION_SHAPE('Placement','Placement of an item',
  #4163);
#4163 = NEXT_ASSEMBLY_USAGE_OCCURRENCE('11',
  'RV1 trimmer, STEP envelope001','',#3899,#4095,$);
#4164 = PRODUCT_RELATED_PRODUCT_CATEGORY('part',$,(#4097));
#4165 = SHAPE_DEFINITION_REPRESENTATION(#4166,#4172);
#4166 = PRODUCT_DEFINITION_SHAPE('','',#4167);
#4167 = PRODUCT_DEFINITION('design','',#4168,#4171);
#4168 = PRODUCT_DEFINITION_FORMATION('','',#4169);
#4169 = PRODUCT('Small components, STEP envelopes014',
  'Small components, STEP envelopes014','',(#4170));
#4170 = PRODUCT_CONTEXT('',#2,'mechanical');
#4171 = PRODUCT_DEFINITION_CONTEXT('part definition',#2,'design');
#4172 = SHAPE_REPRESENTATION('',(#11,#4173,#4177,#4181,#4185,#4189,#4193
    ,#4197,#4201,#4205,#4209,#4213,#4217,#4221,#4225),#4229);
#4173 = AXIS2_PLACEMENT_3D('',#4174,#4175,#4176);
#4174 = CARTESIAN_POINT('',(0.,9.823450000062,0.));
#4175 = DIRECTION('',(0.,0.,1.));
#4176 = DIRECTION('',(1.,0.,0.));
#4177 = AXIS2_PLACEMENT_3D('',#4178,#4179,#4180);
#4178 = CARTESIAN_POINT('',(0.,9.823450000062,0.));
#4179 = DIRECTION('',(0.,0.,1.));
#4180 = DIRECTION('',(1.,0.,0.));
#4181 = AXIS2_PLACEMENT_3D('',#4182,#4183,#4184);
#4182 = CARTESIAN_POINT('',(0.,18.517697889646,0.));
#4183 = DIRECTION('',(0.,0.,1.));
#4184 = DIRECTION('',(1.,0.,0.));
#4185 = AXIS2_PLACEMENT_3D('',#4186,#4187,#4188);
#4186 = CARTESIAN_POINT('',(0.,16.38849432485,0.));
#4187 = DIRECTION('',(0.,0.,1.));
#4188 = DIRECTION('',(1.,0.,0.));
#4189 = AXIS2_PLACEMENT_3D('',#4190,#4191,#4192);
#4190 = CARTESIAN_POINT('',(0.,16.38849432485,0.));
#4191 = DIRECTION('',(0.,0.,1.));
#4192 = DIRECTION('',(1.,0.,0.));
#4193 = AXIS2_PLACEMENT_3D('',#4194,#4195,#4196);
#4194 = CARTESIAN_POINT('',(0.,18.517697889646,0.));
#4195 = DIRECTION('',(0.,0.,1.));
#4196 = DIRECTION('',(1.,0.,0.));
#4197 = AXIS2_PLACEMENT_3D('',#4198,#4199,#4200);
#4198 = CARTESIAN_POINT('',(0.,3.258405675274,0.));
#4199 = DIRECTION('',(0.,0.,1.));
#4200 = DIRECTION('',(1.,0.,0.));
#4201 = AXIS2_PLACEMENT_3D('',#4202,#4203,#4204);
#4202 = CARTESIAN_POINT('',(0.,1.129202110478,0.));
#4203 = DIRECTION('',(0.,0.,1.));
#4204 = DIRECTION('',(1.,0.,0.));
#4205 = AXIS2_PLACEMENT_3D('',#4206,#4207,#4208);
#4206 = CARTESIAN_POINT('',(0.,18.517697889646,0.));
#4207 = DIRECTION('',(0.,0.,1.));
#4208 = DIRECTION('',(1.,0.,0.));
#4209 = AXIS2_PLACEMENT_3D('',#4210,#4211,#4212);
#4210 = CARTESIAN_POINT('',(0.,18.517697889646,0.));
#4211 = DIRECTION('',(0.,0.,1.));
#4212 = DIRECTION('',(1.,0.,0.));
#4213 = AXIS2_PLACEMENT_3D('',#4214,#4215,#4216);
#4214 = CARTESIAN_POINT('',(0.,16.38849432485,0.));
#4215 = DIRECTION('',(0.,0.,1.));
#4216 = DIRECTION('',(1.,0.,0.));
#4217 = AXIS2_PLACEMENT_3D('',#4218,#4219,#4220);
#4218 = CARTESIAN_POINT('',(0.,16.38849432485,0.));
#4219 = DIRECTION('',(0.,0.,1.));
#4220 = DIRECTION('',(1.,0.,0.));
#4221 = AXIS2_PLACEMENT_3D('',#4222,#4223,#4224);
#4222 = CARTESIAN_POINT('',(0.,10.785479462506,0.));
#4223 = DIRECTION('',(0.,0.,1.));
#4224 = DIRECTION('',(1.,0.,0.));
#4225 = AXIS2_PLACEMENT_3D('',#4226,#4227,#4228);
#4226 = CARTESIAN_POINT('',(0.,12.914683027302,0.));
#4227 = DIRECTION('',(0.,0.,1.));
#4228 = DIRECTION('',(1.,0.,0.));
#4229 = ( GEOMETRIC_REPRESENTATION_CONTEXT(3) 
GLOBAL_UNCERTAINTY_ASSIGNED_CONTEXT((#4233)) 
GLOBAL_UNIT_ASSIGNED_CONTEXT((#4230,#4231,#4232)) REPRESENTATION_CONTEXT
('Context #1','3D Context with UNIT and UNCERTAINTY') );
#4230 = ( LENGTH_UNIT() NAMED_UNIT(*) SI_UNIT(.MILLI.,.METRE.) );
#4231 = ( NAMED_UNIT(*) PLANE_ANGLE_UNIT() SI_UNIT($,.RADIAN.) );
#4232 = ( NAMED_UNIT(*) SI_UNIT($,.STERADIAN.) SOLID_ANGLE_UNIT() );
#4233 = UNCERTAINTY_MEASURE_WITH_UNIT(LENGTH_MEASURE(1.E-07),#4230,
  'distance_accuracy_value','confusion accuracy');
#4234 = CONTEXT_DEPENDENT_SHAPE_REPRESENTATION(#4235,#4237);
#4235 = ( REPRESENTATION_RELATIONSHIP('','',#4172,#3531) 
REPRESENTATION_RELATIONSHIP_WITH_TRANSFORMATION(#4236) 
SHAPE_REPRESENTATION_RELATIONSHIP() );
#4236 = ITEM_DEFINED_TRANSFORMATION('','',#11,#3544);
#4237 = PRODUCT_DEFINITION_SHAPE('Placement','Placement of an item',
  #4238);
#4238 = NEXT_ASSEMBLY_USAGE_OCCURRENCE('27',
  'Small components, STEP envelopes014','',#3526,#4167,$);
#4239 = PRODUCT_RELATED_PRODUCT_CATEGORY('part',$,(#4169));
#4240 = SHAPE_DEFINITION_REPRESENTATION(#4241,#4247);
#4241 = PRODUCT_DEFINITION_SHAPE('','',#4242);
#4242 = PRODUCT_DEFINITION('design','',#4243,#4246);
#4243 = PRODUCT_DEFINITION_FORMATION('','',#4244);
#4244 = PRODUCT('Small components, STEP envelopes',
  'Small components, STEP envelopes','',(#4245));
#4245 = PRODUCT_CONTEXT('',#2,'mechanical');
#4246 = PRODUCT_DEFINITION_CONTEXT('part definition',#2,'design');
#4247 = ADVANCED_BREP_SHAPE_REPRESENTATION('',(#11,#4248),#4398);
#4248 = MANIFOLD_SOLID_BREP('',#4249);
#4249 = CLOSED_SHELL('',(#4250,#4290,#4330,#4352,#4374,#4386));
#4250 = ADVANCED_FACE('',(#4251),#4285,.F.);
#4251 = FACE_BOUND('',#4252,.F.);
#4252 = EDGE_LOOP('',(#4253,#4263,#4271,#4279));
#4253 = ORIENTED_EDGE('',*,*,#4254,.F.);
#4254 = EDGE_CURVE('',#4255,#4257,#4259,.T.);
#4255 = VERTEX_POINT('',#4256);
#4256 = CARTESIAN_POINT('',(16.51,-6.311725000031,3.7905));
#4257 = VERTEX_POINT('',#4258);
#4258 = CARTESIAN_POINT('',(16.51,-6.311725000031,4.4905));
#4259 = LINE('',#4260,#4261);
#4260 = CARTESIAN_POINT('',(16.51,-6.311725000031,3.7905));
#4261 = VECTOR('',#4262,1.);
#4262 = DIRECTION('',(0.,0.,1.));
#4263 = ORIENTED_EDGE('',*,*,#4264,.T.);
#4264 = EDGE_CURVE('',#4255,#4265,#4267,.T.);
#4265 = VERTEX_POINT('',#4266);
#4266 = CARTESIAN_POINT('',(14.91,-6.311725000031,3.7905));
#4267 = LINE('',#4268,#4269);
#4268 = CARTESIAN_POINT('',(16.51,-6.311725000031,3.7905));
#4269 = VECTOR('',#4270,1.);
#4270 = DIRECTION('',(-1.,2.22044604925E-16,0.));
#4271 = ORIENTED_EDGE('',*,*,#4272,.T.);
#4272 = EDGE_CURVE('',#4265,#4273,#4275,.T.);
#4273 = VERTEX_POINT('',#4274);
#4274 = CARTESIAN_POINT('',(14.91,-6.311725000031,4.4905));
#4275 = LINE('',#4276,#4277);
#4276 = CARTESIAN_POINT('',(14.91,-6.311725000031,3.7905));
#4277 = VECTOR('',#4278,1.);
#4278 = DIRECTION('',(0.,0.,1.));
#4279 = ORIENTED_EDGE('',*,*,#4280,.F.);
#4280 = EDGE_CURVE('',#4257,#4273,#4281,.T.);
#4281 = LINE('',#4282,#4283);
#4282 = CARTESIAN_POINT('',(16.51,-6.311725000031,4.4905));
#4283 = VECTOR('',#4284,1.);
#4284 = DIRECTION('',(-1.,2.22044604925E-16,0.));
#4285 = PLANE('',#4286);
#4286 = AXIS2_PLACEMENT_3D('',#4287,#4288,#4289);
#4287 = CARTESIAN_POINT('',(16.51,-6.311725000031,3.7905));
#4288 = DIRECTION('',(2.22044604925E-16,1.,0.));
#4289 = DIRECTION('',(0.,-0.,1.));
#4290 = ADVANCED_FACE('',(#4291),#4325,.T.);
#4291 = FACE_BOUND('',#4292,.T.);
#4292 = EDGE_LOOP('',(#4293,#4303,#4311,#4319));
#4293 = ORIENTED_EDGE('',*,*,#4294,.F.);
#4294 = EDGE_CURVE('',#4295,#4297,#4299,.T.);
#4295 = VERTEX_POINT('',#4296);
#4296 = CARTESIAN_POINT('',(16.51,-3.511725000031,3.7905));
#4297 = VERTEX_POINT('',#4298);
#4298 = CARTESIAN_POINT('',(16.51,-3.511725000031,4.4905));
#4299 = LINE('',#4300,#4301);
#4300 = CARTESIAN_POINT('',(16.51,-3.511725000031,3.7905));
#4301 = VECTOR('',#4302,1.);
#4302 = DIRECTION('',(0.,0.,1.));
#4303 = ORIENTED_EDGE('',*,*,#4304,.T.);
#4304 = EDGE_CURVE('',#4295,#4305,#4307,.T.);
#4305 = VERTEX_POINT('',#4306);
#4306 = CARTESIAN_POINT('',(14.91,-3.511725000031,3.7905));
#4307 = LINE('',#4308,#4309);
#4308 = CARTESIAN_POINT('',(16.51,-3.511725000031,3.7905));
#4309 = VECTOR('',#4310,1.);
#4310 = DIRECTION('',(-1.,2.22044604925E-16,0.));
#4311 = ORIENTED_EDGE('',*,*,#4312,.T.);
#4312 = EDGE_CURVE('',#4305,#4313,#4315,.T.);
#4313 = VERTEX_POINT('',#4314);
#4314 = CARTESIAN_POINT('',(14.91,-3.511725000031,4.4905));
#4315 = LINE('',#4316,#4317);
#4316 = CARTESIAN_POINT('',(14.91,-3.511725000031,3.7905));
#4317 = VECTOR('',#4318,1.);
#4318 = DIRECTION('',(0.,0.,1.));
#4319 = ORIENTED_EDGE('',*,*,#4320,.F.);
#4320 = EDGE_CURVE('',#4297,#4313,#4321,.T.);
#4321 = LINE('',#4322,#4323);
#4322 = CARTESIAN_POINT('',(16.51,-3.511725000031,4.4905));
#4323 = VECTOR('',#4324,1.);
#4324 = DIRECTION('',(-1.,2.22044604925E-16,0.));
#4325 = PLANE('',#4326);
#4326 = AXIS2_PLACEMENT_3D('',#4327,#4328,#4329);
#4327 = CARTESIAN_POINT('',(16.51,-3.511725000031,3.7905));
#4328 = DIRECTION('',(2.22044604925E-16,1.,0.));
#4329 = DIRECTION('',(0.,-0.,1.));
#4330 = ADVANCED_FACE('',(#4331),#4347,.F.);
#4331 = FACE_BOUND('',#4332,.F.);
#4332 = EDGE_LOOP('',(#4333,#4339,#4340,#4346));
#4333 = ORIENTED_EDGE('',*,*,#4334,.F.);
#4334 = EDGE_CURVE('',#4255,#4295,#4335,.T.);
#4335 = LINE('',#4336,#4337);
#4336 = CARTESIAN_POINT('',(16.51,-6.311725000031,3.7905));
#4337 = VECTOR('',#4338,1.);
#4338 = DIRECTION('',(2.22044604925E-16,1.,0.));
#4339 = ORIENTED_EDGE('',*,*,#4254,.T.);
#4340 = ORIENTED_EDGE('',*,*,#4341,.T.);
#4341 = EDGE_CURVE('',#4257,#4297,#4342,.T.);
#4342 = LINE('',#4343,#4344);
#4343 = CARTESIAN_POINT('',(16.51,-6.311725000031,4.4905));
#4344 = VECTOR('',#4345,1.);
#4345 = DIRECTION('',(2.22044604925E-16,1.,0.));
#4346 = ORIENTED_EDGE('',*,*,#4294,.F.);
#4347 = PLANE('',#4348);
#4348 = AXIS2_PLACEMENT_3D('',#4349,#4350,#4351);
#4349 = CARTESIAN_POINT('',(16.51,-6.311725000031,3.7905));
#4350 = DIRECTION('',(-1.,2.22044604925E-16,0.));
#4351 = DIRECTION('',(0.,0.,1.));
#4352 = ADVANCED_FACE('',(#4353),#4369,.T.);
#4353 = FACE_BOUND('',#4354,.T.);
#4354 = EDGE_LOOP('',(#4355,#4361,#4362,#4368));
#4355 = ORIENTED_EDGE('',*,*,#4356,.F.);
#4356 = EDGE_CURVE('',#4265,#4305,#4357,.T.);
#4357 = LINE('',#4358,#4359);
#4358 = CARTESIAN_POINT('',(14.91,-6.311725000031,3.7905));
#4359 = VECTOR('',#4360,1.);
#4360 = DIRECTION('',(2.22044604925E-16,1.,0.));
#4361 = ORIENTED_EDGE('',*,*,#4272,.T.);
#4362 = ORIENTED_EDGE('',*,*,#4363,.T.);
#4363 = EDGE_CURVE('',#4273,#4313,#4364,.T.);
#4364 = LINE('',#4365,#4366);
#4365 = CARTESIAN_POINT('',(14.91,-6.311725000031,4.4905));
#4366 = VECTOR('',#4367,1.);
#4367 = DIRECTION('',(2.22044604925E-16,1.,0.));
#4368 = ORIENTED_EDGE('',*,*,#4312,.F.);
#4369 = PLANE('',#4370);
#4370 = AXIS2_PLACEMENT_3D('',#4371,#4372,#4373);
#4371 = CARTESIAN_POINT('',(14.91,-6.311725000031,3.7905));
#4372 = DIRECTION('',(-1.,2.22044604925E-16,0.));
#4373 = DIRECTION('',(0.,0.,1.));
#4374 = ADVANCED_FACE('',(#4375),#4381,.F.);
#4375 = FACE_BOUND('',#4376,.F.);
#4376 = EDGE_LOOP('',(#4377,#4378,#4379,#4380));
#4377 = ORIENTED_EDGE('',*,*,#4264,.F.);
#4378 = ORIENTED_EDGE('',*,*,#4334,.T.);
#4379 = ORIENTED_EDGE('',*,*,#4304,.T.);
#4380 = ORIENTED_EDGE('',*,*,#4356,.F.);
#4381 = PLANE('',#4382);
#4382 = AXIS2_PLACEMENT_3D('',#4383,#4384,#4385);
#4383 = CARTESIAN_POINT('',(16.51,-6.311725000031,3.7905));
#4384 = DIRECTION('',(0.,0.,1.));
#4385 = DIRECTION('',(2.22044604925E-16,1.,-0.));
#4386 = ADVANCED_FACE('',(#4387),#4393,.T.);
#4387 = FACE_BOUND('',#4388,.T.);
#4388 = EDGE_LOOP('',(#4389,#4390,#4391,#4392));
#4389 = ORIENTED_EDGE('',*,*,#4280,.F.);
#4390 = ORIENTED_EDGE('',*,*,#4341,.T.);
#4391 = ORIENTED_EDGE('',*,*,#4320,.T.);
#4392 = ORIENTED_EDGE('',*,*,#4363,.F.);
#4393 = PLANE('',#4394);
#4394 = AXIS2_PLACEMENT_3D('',#4395,#4396,#4397);
#4395 = CARTESIAN_POINT('',(16.51,-6.311725000031,4.4905));
#4396 = DIRECTION('',(0.,0.,1.));
#4397 = DIRECTION('',(2.22044604925E-16,1.,-0.));
#4398 = ( GEOMETRIC_REPRESENTATION_CONTEXT(3) 
GLOBAL_UNCERTAINTY_ASSIGNED_CONTEXT((#4402)) 
GLOBAL_UNIT_ASSIGNED_CONTEXT((#4399,#4400,#4401)) REPRESENTATION_CONTEXT
('Context #1','3D Context with UNIT and UNCERTAINTY') );
#4399 = ( LENGTH_UNIT() NAMED_UNIT(*) SI_UNIT(.MILLI.,.METRE.) );
#4400 = ( NAMED_UNIT(*) PLANE_ANGLE_UNIT() SI_UNIT($,.RADIAN.) );
#4401 = ( NAMED_UNIT(*) SI_UNIT($,.STERADIAN.) SOLID_ANGLE_UNIT() );
#4402 = UNCERTAINTY_MEASURE_WITH_UNIT(LENGTH_MEASURE(1.E-07),#4399,
  'distance_accuracy_value','confusion accuracy');
#4403 = CONTEXT_DEPENDENT_SHAPE_REPRESENTATION(#4404,#4406);
#4404 = ( REPRESENTATION_RELATIONSHIP('','',#4247,#4172) 
REPRESENTATION_RELATIONSHIP_WITH_TRANSFORMATION(#4405) 
SHAPE_REPRESENTATION_RELATIONSHIP() );
#4405 = ITEM_DEFINED_TRANSFORMATION('','',#11,#4173);
#4406 = PRODUCT_DEFINITION_SHAPE('Placement','Placement of an item',
  #4407);
#4407 = NEXT_ASSEMBLY_USAGE_OCCURRENCE('13',
  'Small components, STEP envelopes','',#4167,#4242,$);
#4408 = PRODUCT_RELATED_PRODUCT_CATEGORY('part',$,(#4244));
#4409 = SHAPE_DEFINITION_REPRESENTATION(#4410,#4416);
#4410 = PRODUCT_DEFINITION_SHAPE('','',#4411);
#4411 = PRODUCT_DEFINITION('design','',#4412,#4415);
#4412 = PRODUCT_DEFINITION_FORMATION('','',#4413);
#4413 = PRODUCT('Small components, STEP envelopes001',
  'Small components, STEP envelopes001','',(#4414));
#4414 = PRODUCT_CONTEXT('',#2,'mechanical');
#4415 = PRODUCT_DEFINITION_CONTEXT('part definition',#2,'design');
#4416 = ADVANCED_BREP_SHAPE_REPRESENTATION('',(#11,#4417),#4567);
#4417 = MANIFOLD_SOLID_BREP('',#4418);
#4418 = CLOSED_SHELL('',(#4419,#4459,#4499,#4521,#4543,#4555));
#4419 = ADVANCED_FACE('',(#4420),#4454,.F.);
#4420 = FACE_BOUND('',#4421,.F.);
#4421 = EDGE_LOOP('',(#4422,#4432,#4440,#4448));
#4422 = ORIENTED_EDGE('',*,*,#4423,.F.);
#4423 = EDGE_CURVE('',#4424,#4426,#4428,.T.);
#4424 = VERTEX_POINT('',#4425);
#4425 = CARTESIAN_POINT('',(0.82799631833,-6.311725000031,3.7905));
#4426 = VERTEX_POINT('',#4427);
#4427 = CARTESIAN_POINT('',(0.82799631833,-6.311725000031,4.4905));
#4428 = LINE('',#4429,#4430);
#4429 = CARTESIAN_POINT('',(0.82799631833,-6.311725000031,3.7905));
#4430 = VECTOR('',#4431,1.);
#4431 = DIRECTION('',(0.,0.,1.));
#4432 = ORIENTED_EDGE('',*,*,#4433,.T.);
#4433 = EDGE_CURVE('',#4424,#4434,#4436,.T.);
#4434 = VERTEX_POINT('',#4435);
#4435 = CARTESIAN_POINT('',(-0.77200368167,-6.311725000031,3.7905));
#4436 = LINE('',#4437,#4438);
#4437 = CARTESIAN_POINT('',(0.82799631833,-6.311725000031,3.7905));
#4438 = VECTOR('',#4439,1.);
#4439 = DIRECTION('',(-1.,2.22044604925E-16,0.));
#4440 = ORIENTED_EDGE('',*,*,#4441,.T.);
#4441 = EDGE_CURVE('',#4434,#4442,#4444,.T.);
#4442 = VERTEX_POINT('',#4443);
#4443 = CARTESIAN_POINT('',(-0.77200368167,-6.311725000031,4.4905));
#4444 = LINE('',#4445,#4446);
#4445 = CARTESIAN_POINT('',(-0.77200368167,-6.311725000031,3.7905));
#4446 = VECTOR('',#4447,1.);
#4447 = DIRECTION('',(0.,0.,1.));
#4448 = ORIENTED_EDGE('',*,*,#4449,.F.);
#4449 = EDGE_CURVE('',#4426,#4442,#4450,.T.);
#4450 = LINE('',#4451,#4452);
#4451 = CARTESIAN_POINT('',(0.82799631833,-6.311725000031,4.4905));
#4452 = VECTOR('',#4453,1.);
#4453 = DIRECTION('',(-1.,2.22044604925E-16,0.));
#4454 = PLANE('',#4455);
#4455 = AXIS2_PLACEMENT_3D('',#4456,#4457,#4458);
#4456 = CARTESIAN_POINT('',(0.82799631833,-6.311725000031,3.7905));
#4457 = DIRECTION('',(2.22044604925E-16,1.,0.));
#4458 = DIRECTION('',(0.,-0.,1.));
#4459 = ADVANCED_FACE('',(#4460),#4494,.T.);
#4460 = FACE_BOUND('',#4461,.T.);
#4461 = EDGE_LOOP('',(#4462,#4472,#4480,#4488));
#4462 = ORIENTED_EDGE('',*,*,#4463,.F.);
#4463 = EDGE_CURVE('',#4464,#4466,#4468,.T.);
#4464 = VERTEX_POINT('',#4465);
#4465 = CARTESIAN_POINT('',(0.82799631833,-3.511725000031,3.7905));
#4466 = VERTEX_POINT('',#4467);
#4467 = CARTESIAN_POINT('',(0.82799631833,-3.511725000031,4.4905));
#4468 = LINE('',#4469,#4470);
#4469 = CARTESIAN_POINT('',(0.82799631833,-3.511725000031,3.7905));
#4470 = VECTOR('',#4471,1.);
#4471 = DIRECTION('',(0.,0.,1.));
#4472 = ORIENTED_EDGE('',*,*,#4473,.T.);
#4473 = EDGE_CURVE('',#4464,#4474,#4476,.T.);
#4474 = VERTEX_POINT('',#4475);
#4475 = CARTESIAN_POINT('',(-0.77200368167,-3.511725000031,3.7905));
#4476 = LINE('',#4477,#4478);
#4477 = CARTESIAN_POINT('',(0.82799631833,-3.511725000031,3.7905));
#4478 = VECTOR('',#4479,1.);
#4479 = DIRECTION('',(-1.,2.22044604925E-16,0.));
#4480 = ORIENTED_EDGE('',*,*,#4481,.T.);
#4481 = EDGE_CURVE('',#4474,#4482,#4484,.T.);
#4482 = VERTEX_POINT('',#4483);
#4483 = CARTESIAN_POINT('',(-0.77200368167,-3.511725000031,4.4905));
#4484 = LINE('',#4485,#4486);
#4485 = CARTESIAN_POINT('',(-0.77200368167,-3.511725000031,3.7905));
#4486 = VECTOR('',#4487,1.);
#4487 = DIRECTION('',(0.,0.,1.));
#4488 = ORIENTED_EDGE('',*,*,#4489,.F.);
#4489 = EDGE_CURVE('',#4466,#4482,#4490,.T.);
#4490 = LINE('',#4491,#4492);
#4491 = CARTESIAN_POINT('',(0.82799631833,-3.511725000031,4.4905));
#4492 = VECTOR('',#4493,1.);
#4493 = DIRECTION('',(-1.,2.22044604925E-16,0.));
#4494 = PLANE('',#4495);
#4495 = AXIS2_PLACEMENT_3D('',#4496,#4497,#4498);
#4496 = CARTESIAN_POINT('',(0.82799631833,-3.511725000031,3.7905));
#4497 = DIRECTION('',(2.22044604925E-16,1.,0.));
#4498 = DIRECTION('',(0.,-0.,1.));
#4499 = ADVANCED_FACE('',(#4500),#4516,.F.);
#4500 = FACE_BOUND('',#4501,.F.);
#4501 = EDGE_LOOP('',(#4502,#4508,#4509,#4515));
#4502 = ORIENTED_EDGE('',*,*,#4503,.F.);
#4503 = EDGE_CURVE('',#4424,#4464,#4504,.T.);
#4504 = LINE('',#4505,#4506);
#4505 = CARTESIAN_POINT('',(0.82799631833,-6.311725000031,3.7905));
#4506 = VECTOR('',#4507,1.);
#4507 = DIRECTION('',(2.22044604925E-16,1.,0.));
#4508 = ORIENTED_EDGE('',*,*,#4423,.T.);
#4509 = ORIENTED_EDGE('',*,*,#4510,.T.);
#4510 = EDGE_CURVE('',#4426,#4466,#4511,.T.);
#4511 = LINE('',#4512,#4513);
#4512 = CARTESIAN_POINT('',(0.82799631833,-6.311725000031,4.4905));
#4513 = VECTOR('',#4514,1.);
#4514 = DIRECTION('',(2.22044604925E-16,1.,0.));
#4515 = ORIENTED_EDGE('',*,*,#4463,.F.);
#4516 = PLANE('',#4517);
#4517 = AXIS2_PLACEMENT_3D('',#4518,#4519,#4520);
#4518 = CARTESIAN_POINT('',(0.82799631833,-6.311725000031,3.7905));
#4519 = DIRECTION('',(-1.,2.22044604925E-16,0.));
#4520 = DIRECTION('',(0.,0.,1.));
#4521 = ADVANCED_FACE('',(#4522),#4538,.T.);
#4522 = FACE_BOUND('',#4523,.T.);
#4523 = EDGE_LOOP('',(#4524,#4530,#4531,#4537));
#4524 = ORIENTED_EDGE('',*,*,#4525,.F.);
#4525 = EDGE_CURVE('',#4434,#4474,#4526,.T.);
#4526 = LINE('',#4527,#4528);
#4527 = CARTESIAN_POINT('',(-0.77200368167,-6.311725000031,3.7905));
#4528 = VECTOR('',#4529,1.);
#4529 = DIRECTION('',(2.22044604925E-16,1.,0.));
#4530 = ORIENTED_EDGE('',*,*,#4441,.T.);
#4531 = ORIENTED_EDGE('',*,*,#4532,.T.);
#4532 = EDGE_CURVE('',#4442,#4482,#4533,.T.);
#4533 = LINE('',#4534,#4535);
#4534 = CARTESIAN_POINT('',(-0.77200368167,-6.311725000031,4.4905));
#4535 = VECTOR('',#4536,1.);
#4536 = DIRECTION('',(2.22044604925E-16,1.,0.));
#4537 = ORIENTED_EDGE('',*,*,#4481,.F.);
#4538 = PLANE('',#4539);
#4539 = AXIS2_PLACEMENT_3D('',#4540,#4541,#4542);
#4540 = CARTESIAN_POINT('',(-0.77200368167,-6.311725000031,3.7905));
#4541 = DIRECTION('',(-1.,2.22044604925E-16,0.));
#4542 = DIRECTION('',(0.,0.,1.));
#4543 = ADVANCED_FACE('',(#4544),#4550,.F.);
#4544 = FACE_BOUND('',#4545,.F.);
#4545 = EDGE_LOOP('',(#4546,#4547,#4548,#4549));
#4546 = ORIENTED_EDGE('',*,*,#4433,.F.);
#4547 = ORIENTED_EDGE('',*,*,#4503,.T.);
#4548 = ORIENTED_EDGE('',*,*,#4473,.T.);
#4549 = ORIENTED_EDGE('',*,*,#4525,.F.);
#4550 = PLANE('',#4551);
#4551 = AXIS2_PLACEMENT_3D('',#4552,#4553,#4554);
#4552 = CARTESIAN_POINT('',(0.82799631833,-6.311725000031,3.7905));
#4553 = DIRECTION('',(0.,0.,1.));
#4554 = DIRECTION('',(2.22044604925E-16,1.,-0.));
#4555 = ADVANCED_FACE('',(#4556),#4562,.T.);
#4556 = FACE_BOUND('',#4557,.T.);
#4557 = EDGE_LOOP('',(#4558,#4559,#4560,#4561));
#4558 = ORIENTED_EDGE('',*,*,#4449,.F.);
#4559 = ORIENTED_EDGE('',*,*,#4510,.T.);
#4560 = ORIENTED_EDGE('',*,*,#4489,.T.);
#4561 = ORIENTED_EDGE('',*,*,#4532,.F.);
#4562 = PLANE('',#4563);
#4563 = AXIS2_PLACEMENT_3D('',#4564,#4565,#4566);
#4564 = CARTESIAN_POINT('',(0.82799631833,-6.311725000031,4.4905));
#4565 = DIRECTION('',(0.,0.,1.));
#4566 = DIRECTION('',(2.22044604925E-16,1.,-0.));
#4567 = ( GEOMETRIC_REPRESENTATION_CONTEXT(3) 
GLOBAL_UNCERTAINTY_ASSIGNED_CONTEXT((#4571)) 
GLOBAL_UNIT_ASSIGNED_CONTEXT((#4568,#4569,#4570)) REPRESENTATION_CONTEXT
('Context #1','3D Context with UNIT and UNCERTAINTY') );
#4568 = ( LENGTH_UNIT() NAMED_UNIT(*) SI_UNIT(.MILLI.,.METRE.) );
#4569 = ( NAMED_UNIT(*) PLANE_ANGLE_UNIT() SI_UNIT($,.RADIAN.) );
#4570 = ( NAMED_UNIT(*) SI_UNIT($,.STERADIAN.) SOLID_ANGLE_UNIT() );
#4571 = UNCERTAINTY_MEASURE_WITH_UNIT(LENGTH_MEASURE(1.E-07),#4568,
  'distance_accuracy_value','confusion accuracy');
#4572 = CONTEXT_DEPENDENT_SHAPE_REPRESENTATION(#4573,#4575);
#4573 = ( REPRESENTATION_RELATIONSHIP('','',#4416,#4172) 
REPRESENTATION_RELATIONSHIP_WITH_TRANSFORMATION(#4574) 
SHAPE_REPRESENTATION_RELATIONSHIP() );
#4574 = ITEM_DEFINED_TRANSFORMATION('','',#11,#4177);
#4575 = PRODUCT_DEFINITION_SHAPE('Placement','Placement of an item',
  #4576);
#4576 = NEXT_ASSEMBLY_USAGE_OCCURRENCE('14',
  'Small components, STEP envelopes001','',#4167,#4411,$);
#4577 = PRODUCT_RELATED_PRODUCT_CATEGORY('part',$,(#4413));
#4578 = SHAPE_DEFINITION_REPRESENTATION(#4579,#4585);
#4579 = PRODUCT_DEFINITION_SHAPE('','',#4580);
#4580 = PRODUCT_DEFINITION('design','',#4581,#4584);
#4581 = PRODUCT_DEFINITION_FORMATION('','',#4582);
#4582 = PRODUCT('Small components, STEP envelopes002',
  'Small components, STEP envelopes002','',(#4583));
#4583 = PRODUCT_CONTEXT('',#2,'mechanical');
#4584 = PRODUCT_DEFINITION_CONTEXT('part definition',#2,'design');
#4585 = ADVANCED_BREP_SHAPE_REPRESENTATION('',(#11,#4586),#4736);
#4586 = MANIFOLD_SOLID_BREP('',#4587);
#4587 = CLOSED_SHELL('',(#4588,#4628,#4668,#4690,#4712,#4724));
#4588 = ADVANCED_FACE('',(#4589),#4623,.F.);
#4589 = FACE_BOUND('',#4590,.F.);
#4590 = EDGE_LOOP('',(#4591,#4601,#4609,#4617));
#4591 = ORIENTED_EDGE('',*,*,#4592,.F.);
#4592 = EDGE_CURVE('',#4593,#4595,#4597,.T.);
#4593 = VERTEX_POINT('',#4594);
#4594 = CARTESIAN_POINT('',(14.61874364029,-9.358848944823,3.7905));
#4595 = VERTEX_POINT('',#4596);
#4596 = CARTESIAN_POINT('',(14.61874364029,-9.358848944823,4.2905));
#4597 = LINE('',#4598,#4599);
#4598 = CARTESIAN_POINT('',(14.61874364029,-9.358848944823,3.7905));
#4599 = VECTOR('',#4600,1.);
#4600 = DIRECTION('',(0.,0.,1.));
#4601 = ORIENTED_EDGE('',*,*,#4602,.T.);
#4602 = EDGE_CURVE('',#4593,#4603,#4605,.T.);
#4603 = VERTEX_POINT('',#4604);
#4604 = CARTESIAN_POINT('',(14.11880027329,-9.358848944823,3.7905));
#4605 = LINE('',#4606,#4607);
#4606 = CARTESIAN_POINT('',(14.61874364029,-9.358848944823,3.7905));
#4607 = VECTOR('',#4608,1.);
#4608 = DIRECTION('',(-1.,2.22044604925E-16,0.));
#4609 = ORIENTED_EDGE('',*,*,#4610,.T.);
#4610 = EDGE_CURVE('',#4603,#4611,#4613,.T.);
#4611 = VERTEX_POINT('',#4612);
#4612 = CARTESIAN_POINT('',(14.11880027329,-9.358848944823,4.2905));
#4613 = LINE('',#4614,#4615);
#4614 = CARTESIAN_POINT('',(14.11880027329,-9.358848944823,3.7905));
#4615 = VECTOR('',#4616,1.);
#4616 = DIRECTION('',(0.,0.,1.));
#4617 = ORIENTED_EDGE('',*,*,#4618,.F.);
#4618 = EDGE_CURVE('',#4595,#4611,#4619,.T.);
#4619 = LINE('',#4620,#4621);
#4620 = CARTESIAN_POINT('',(14.61874364029,-9.358848944823,4.2905));
#4621 = VECTOR('',#4622,1.);
#4622 = DIRECTION('',(-1.,2.22044604925E-16,0.));
#4623 = PLANE('',#4624);
#4624 = AXIS2_PLACEMENT_3D('',#4625,#4626,#4627);
#4625 = CARTESIAN_POINT('',(14.61874364029,-9.358848944823,3.7905));
#4626 = DIRECTION('',(2.22044604925E-16,1.,0.));
#4627 = DIRECTION('',(0.,-0.,1.));
#4628 = ADVANCED_FACE('',(#4629),#4663,.T.);
#4629 = FACE_BOUND('',#4630,.T.);
#4630 = EDGE_LOOP('',(#4631,#4641,#4649,#4657));
#4631 = ORIENTED_EDGE('',*,*,#4632,.F.);
#4632 = EDGE_CURVE('',#4633,#4635,#4637,.T.);
#4633 = VERTEX_POINT('',#4634);
#4634 = CARTESIAN_POINT('',(14.61874364029,-9.158848944823,3.7905));
#4635 = VERTEX_POINT('',#4636);
#4636 = CARTESIAN_POINT('',(14.61874364029,-9.158848944823,4.2905));
#4637 = LINE('',#4638,#4639);
#4638 = CARTESIAN_POINT('',(14.61874364029,-9.158848944823,3.7905));
#4639 = VECTOR('',#4640,1.);
#4640 = DIRECTION('',(0.,0.,1.));
#4641 = ORIENTED_EDGE('',*,*,#4642,.T.);
#4642 = EDGE_CURVE('',#4633,#4643,#4645,.T.);
#4643 = VERTEX_POINT('',#4644);
#4644 = CARTESIAN_POINT('',(14.11880027329,-9.158848944823,3.7905));
#4645 = LINE('',#4646,#4647);
#4646 = CARTESIAN_POINT('',(14.61874364029,-9.158848944823,3.7905));
#4647 = VECTOR('',#4648,1.);
#4648 = DIRECTION('',(-1.,2.22044604925E-16,0.));
#4649 = ORIENTED_EDGE('',*,*,#4650,.T.);
#4650 = EDGE_CURVE('',#4643,#4651,#4653,.T.);
#4651 = VERTEX_POINT('',#4652);
#4652 = CARTESIAN_POINT('',(14.11880027329,-9.158848944823,4.2905));
#4653 = LINE('',#4654,#4655);
#4654 = CARTESIAN_POINT('',(14.11880027329,-9.158848944823,3.7905));
#4655 = VECTOR('',#4656,1.);
#4656 = DIRECTION('',(0.,0.,1.));
#4657 = ORIENTED_EDGE('',*,*,#4658,.F.);
#4658 = EDGE_CURVE('',#4635,#4651,#4659,.T.);
#4659 = LINE('',#4660,#4661);
#4660 = CARTESIAN_POINT('',(14.61874364029,-9.158848944823,4.2905));
#4661 = VECTOR('',#4662,1.);
#4662 = DIRECTION('',(-1.,2.22044604925E-16,0.));
#4663 = PLANE('',#4664);
#4664 = AXIS2_PLACEMENT_3D('',#4665,#4666,#4667);
#4665 = CARTESIAN_POINT('',(14.61874364029,-9.158848944823,3.7905));
#4666 = DIRECTION('',(2.22044604925E-16,1.,0.));
#4667 = DIRECTION('',(0.,-0.,1.));
#4668 = ADVANCED_FACE('',(#4669),#4685,.F.);
#4669 = FACE_BOUND('',#4670,.F.);
#4670 = EDGE_LOOP('',(#4671,#4677,#4678,#4684));
#4671 = ORIENTED_EDGE('',*,*,#4672,.F.);
#4672 = EDGE_CURVE('',#4593,#4633,#4673,.T.);
#4673 = LINE('',#4674,#4675);
#4674 = CARTESIAN_POINT('',(14.61874364029,-9.358848944823,3.7905));
#4675 = VECTOR('',#4676,1.);
#4676 = DIRECTION('',(2.22044604925E-16,1.,0.));
#4677 = ORIENTED_EDGE('',*,*,#4592,.T.);
#4678 = ORIENTED_EDGE('',*,*,#4679,.T.);
#4679 = EDGE_CURVE('',#4595,#4635,#4680,.T.);
#4680 = LINE('',#4681,#4682);
#4681 = CARTESIAN_POINT('',(14.61874364029,-9.358848944823,4.2905));
#4682 = VECTOR('',#4683,1.);
#4683 = DIRECTION('',(2.22044604925E-16,1.,0.));
#4684 = ORIENTED_EDGE('',*,*,#4632,.F.);
#4685 = PLANE('',#4686);
#4686 = AXIS2_PLACEMENT_3D('',#4687,#4688,#4689);
#4687 = CARTESIAN_POINT('',(14.61874364029,-9.358848944823,3.7905));
#4688 = DIRECTION('',(-1.,2.22044604925E-16,0.));
#4689 = DIRECTION('',(0.,0.,1.));
#4690 = ADVANCED_FACE('',(#4691),#4707,.T.);
#4691 = FACE_BOUND('',#4692,.T.);
#4692 = EDGE_LOOP('',(#4693,#4699,#4700,#4706));
#4693 = ORIENTED_EDGE('',*,*,#4694,.F.);
#4694 = EDGE_CURVE('',#4603,#4643,#4695,.T.);
#4695 = LINE('',#4696,#4697);
#4696 = CARTESIAN_POINT('',(14.11880027329,-9.358848944823,3.7905));
#4697 = VECTOR('',#4698,1.);
#4698 = DIRECTION('',(2.22044604925E-16,1.,0.));
#4699 = ORIENTED_EDGE('',*,*,#4610,.T.);
#4700 = ORIENTED_EDGE('',*,*,#4701,.T.);
#4701 = EDGE_CURVE('',#4611,#4651,#4702,.T.);
#4702 = LINE('',#4703,#4704);
#4703 = CARTESIAN_POINT('',(14.11880027329,-9.358848944823,4.2905));
#4704 = VECTOR('',#4705,1.);
#4705 = DIRECTION('',(2.22044604925E-16,1.,0.));
#4706 = ORIENTED_EDGE('',*,*,#4650,.F.);
#4707 = PLANE('',#4708);
#4708 = AXIS2_PLACEMENT_3D('',#4709,#4710,#4711);
#4709 = CARTESIAN_POINT('',(14.11880027329,-9.358848944823,3.7905));
#4710 = DIRECTION('',(-1.,2.22044604925E-16,0.));
#4711 = DIRECTION('',(0.,0.,1.));
#4712 = ADVANCED_FACE('',(#4713),#4719,.F.);
#4713 = FACE_BOUND('',#4714,.F.);
#4714 = EDGE_LOOP('',(#4715,#4716,#4717,#4718));
#4715 = ORIENTED_EDGE('',*,*,#4602,.F.);
#4716 = ORIENTED_EDGE('',*,*,#4672,.T.);
#4717 = ORIENTED_EDGE('',*,*,#4642,.T.);
#4718 = ORIENTED_EDGE('',*,*,#4694,.F.);
#4719 = PLANE('',#4720);
#4720 = AXIS2_PLACEMENT_3D('',#4721,#4722,#4723);
#4721 = CARTESIAN_POINT('',(14.61874364029,-9.358848944823,3.7905));
#4722 = DIRECTION('',(0.,0.,1.));
#4723 = DIRECTION('',(2.22044604925E-16,1.,-0.));
#4724 = ADVANCED_FACE('',(#4725),#4731,.T.);
#4725 = FACE_BOUND('',#4726,.T.);
#4726 = EDGE_LOOP('',(#4727,#4728,#4729,#4730));
#4727 = ORIENTED_EDGE('',*,*,#4618,.F.);
#4728 = ORIENTED_EDGE('',*,*,#4679,.T.);
#4729 = ORIENTED_EDGE('',*,*,#4658,.T.);
#4730 = ORIENTED_EDGE('',*,*,#4701,.F.);
#4731 = PLANE('',#4732);
#4732 = AXIS2_PLACEMENT_3D('',#4733,#4734,#4735);
#4733 = CARTESIAN_POINT('',(14.61874364029,-9.358848944823,4.2905));
#4734 = DIRECTION('',(0.,0.,1.));
#4735 = DIRECTION('',(2.22044604925E-16,1.,-0.));
#4736 = ( GEOMETRIC_REPRESENTATION_CONTEXT(3) 
GLOBAL_UNCERTAINTY_ASSIGNED_CONTEXT((#4740)) 
GLOBAL_UNIT_ASSIGNED_CONTEXT((#4737,#4738,#4739)) REPRESENTATION_CONTEXT
('Context #1','3D Context with UNIT and UNCERTAINTY') );
#4737 = ( LENGTH_UNIT() NAMED_UNIT(*) SI_UNIT(.MILLI.,.METRE.) );
#4738 = ( NAMED_UNIT(*) PLANE_ANGLE_UNIT() SI_UNIT($,.RADIAN.) );
#4739 = ( NAMED_UNIT(*) SI_UNIT($,.STERADIAN.) SOLID_ANGLE_UNIT() );
#4740 = UNCERTAINTY_MEASURE_WITH_UNIT(LENGTH_MEASURE(1.E-07),#4737,
  'distance_accuracy_value','confusion accuracy');
#4741 = CONTEXT_DEPENDENT_SHAPE_REPRESENTATION(#4742,#4744);
#4742 = ( REPRESENTATION_RELATIONSHIP('','',#4585,#4172) 
REPRESENTATION_RELATIONSHIP_WITH_TRANSFORMATION(#4743) 
SHAPE_REPRESENTATION_RELATIONSHIP() );
#4743 = ITEM_DEFINED_TRANSFORMATION('','',#11,#4181);
#4744 = PRODUCT_DEFINITION_SHAPE('Placement','Placement of an item',
  #4745);
#4745 = NEXT_ASSEMBLY_USAGE_OCCURRENCE('15',
  'Small components, STEP envelopes002','',#4167,#4580,$);
#4746 = PRODUCT_RELATED_PRODUCT_CATEGORY('part',$,(#4582));
#4747 = SHAPE_DEFINITION_REPRESENTATION(#4748,#4754);
#4748 = PRODUCT_DEFINITION_SHAPE('','',#4749);
#4749 = PRODUCT_DEFINITION('design','',#4750,#4753);
#4750 = PRODUCT_DEFINITION_FORMATION('','',#4751);
#4751 = PRODUCT('Small components, STEP envelopes003',
  'Small components, STEP envelopes003','',(#4752));
#4752 = PRODUCT_CONTEXT('',#2,'mechanical');
#4753 = PRODUCT_DEFINITION_CONTEXT('part definition',#2,'design');
#4754 = ADVANCED_BREP_SHAPE_REPRESENTATION('',(#11,#4755),#4905);
#4755 = MANIFOLD_SOLID_BREP('',#4756);
#4756 = CLOSED_SHELL('',(#4757,#4797,#4837,#4859,#4881,#4893));
#4757 = ADVANCED_FACE('',(#4758),#4792,.F.);
#4758 = FACE_BOUND('',#4759,.F.);
#4759 = EDGE_LOOP('',(#4760,#4770,#4778,#4786));
#4760 = ORIENTED_EDGE('',*,*,#4761,.F.);
#4761 = EDGE_CURVE('',#4762,#4764,#4766,.T.);
#4762 = VERTEX_POINT('',#4763);
#4763 = CARTESIAN_POINT('',(14.61874364029,-8.294247162425,3.7905));
#4764 = VERTEX_POINT('',#4765);
#4765 = CARTESIAN_POINT('',(14.61874364029,-8.294247162425,4.2905));
#4766 = LINE('',#4767,#4768);
#4767 = CARTESIAN_POINT('',(14.61874364029,-8.294247162425,3.7905));
#4768 = VECTOR('',#4769,1.);
#4769 = DIRECTION('',(0.,0.,1.));
#4770 = ORIENTED_EDGE('',*,*,#4771,.T.);
#4771 = EDGE_CURVE('',#4762,#4772,#4774,.T.);
#4772 = VERTEX_POINT('',#4773);
#4773 = CARTESIAN_POINT('',(14.11880027329,-8.294247162425,3.7905));
#4774 = LINE('',#4775,#4776);
#4775 = CARTESIAN_POINT('',(14.61874364029,-8.294247162425,3.7905));
#4776 = VECTOR('',#4777,1.);
#4777 = DIRECTION('',(-1.,2.22044604925E-16,0.));
#4778 = ORIENTED_EDGE('',*,*,#4779,.T.);
#4779 = EDGE_CURVE('',#4772,#4780,#4782,.T.);
#4780 = VERTEX_POINT('',#4781);
#4781 = CARTESIAN_POINT('',(14.11880027329,-8.294247162425,4.2905));
#4782 = LINE('',#4783,#4784);
#4783 = CARTESIAN_POINT('',(14.11880027329,-8.294247162425,3.7905));
#4784 = VECTOR('',#4785,1.);
#4785 = DIRECTION('',(0.,0.,1.));
#4786 = ORIENTED_EDGE('',*,*,#4787,.F.);
#4787 = EDGE_CURVE('',#4764,#4780,#4788,.T.);
#4788 = LINE('',#4789,#4790);
#4789 = CARTESIAN_POINT('',(14.61874364029,-8.294247162425,4.2905));
#4790 = VECTOR('',#4791,1.);
#4791 = DIRECTION('',(-1.,2.22044604925E-16,0.));
#4792 = PLANE('',#4793);
#4793 = AXIS2_PLACEMENT_3D('',#4794,#4795,#4796);
#4794 = CARTESIAN_POINT('',(14.61874364029,-8.294247162425,3.7905));
#4795 = DIRECTION('',(2.22044604925E-16,1.,0.));
#4796 = DIRECTION('',(0.,-0.,1.));
#4797 = ADVANCED_FACE('',(#4798),#4832,.T.);
#4798 = FACE_BOUND('',#4799,.T.);
#4799 = EDGE_LOOP('',(#4800,#4810,#4818,#4826));
#4800 = ORIENTED_EDGE('',*,*,#4801,.F.);
#4801 = EDGE_CURVE('',#4802,#4804,#4806,.T.);
#4802 = VERTEX_POINT('',#4803);
#4803 = CARTESIAN_POINT('',(14.61874364029,-8.094247162425,3.7905));
#4804 = VERTEX_POINT('',#4805);
#4805 = CARTESIAN_POINT('',(14.61874364029,-8.094247162425,4.2905));
#4806 = LINE('',#4807,#4808);
#4807 = CARTESIAN_POINT('',(14.61874364029,-8.094247162425,3.7905));
#4808 = VECTOR('',#4809,1.);
#4809 = DIRECTION('',(0.,0.,1.));
#4810 = ORIENTED_EDGE('',*,*,#4811,.T.);
#4811 = EDGE_CURVE('',#4802,#4812,#4814,.T.);
#4812 = VERTEX_POINT('',#4813);
#4813 = CARTESIAN_POINT('',(14.11880027329,-8.094247162425,3.7905));
#4814 = LINE('',#4815,#4816);
#4815 = CARTESIAN_POINT('',(14.61874364029,-8.094247162425,3.7905));
#4816 = VECTOR('',#4817,1.);
#4817 = DIRECTION('',(-1.,2.22044604925E-16,0.));
#4818 = ORIENTED_EDGE('',*,*,#4819,.T.);
#4819 = EDGE_CURVE('',#4812,#4820,#4822,.T.);
#4820 = VERTEX_POINT('',#4821);
#4821 = CARTESIAN_POINT('',(14.11880027329,-8.094247162425,4.2905));
#4822 = LINE('',#4823,#4824);
#4823 = CARTESIAN_POINT('',(14.11880027329,-8.094247162425,3.7905));
#4824 = VECTOR('',#4825,1.);
#4825 = DIRECTION('',(0.,0.,1.));
#4826 = ORIENTED_EDGE('',*,*,#4827,.F.);
#4827 = EDGE_CURVE('',#4804,#4820,#4828,.T.);
#4828 = LINE('',#4829,#4830);
#4829 = CARTESIAN_POINT('',(14.61874364029,-8.094247162425,4.2905));
#4830 = VECTOR('',#4831,1.);
#4831 = DIRECTION('',(-1.,2.22044604925E-16,0.));
#4832 = PLANE('',#4833);
#4833 = AXIS2_PLACEMENT_3D('',#4834,#4835,#4836);
#4834 = CARTESIAN_POINT('',(14.61874364029,-8.094247162425,3.7905));
#4835 = DIRECTION('',(2.22044604925E-16,1.,0.));
#4836 = DIRECTION('',(0.,-0.,1.));
#4837 = ADVANCED_FACE('',(#4838),#4854,.F.);
#4838 = FACE_BOUND('',#4839,.F.);
#4839 = EDGE_LOOP('',(#4840,#4846,#4847,#4853));
#4840 = ORIENTED_EDGE('',*,*,#4841,.F.);
#4841 = EDGE_CURVE('',#4762,#4802,#4842,.T.);
#4842 = LINE('',#4843,#4844);
#4843 = CARTESIAN_POINT('',(14.61874364029,-8.294247162425,3.7905));
#4844 = VECTOR('',#4845,1.);
#4845 = DIRECTION('',(2.22044604925E-16,1.,0.));
#4846 = ORIENTED_EDGE('',*,*,#4761,.T.);
#4847 = ORIENTED_EDGE('',*,*,#4848,.T.);
#4848 = EDGE_CURVE('',#4764,#4804,#4849,.T.);
#4849 = LINE('',#4850,#4851);
#4850 = CARTESIAN_POINT('',(14.61874364029,-8.294247162425,4.2905));
#4851 = VECTOR('',#4852,1.);
#4852 = DIRECTION('',(2.22044604925E-16,1.,0.));
#4853 = ORIENTED_EDGE('',*,*,#4801,.F.);
#4854 = PLANE('',#4855);
#4855 = AXIS2_PLACEMENT_3D('',#4856,#4857,#4858);
#4856 = CARTESIAN_POINT('',(14.61874364029,-8.294247162425,3.7905));
#4857 = DIRECTION('',(-1.,2.22044604925E-16,0.));
#4858 = DIRECTION('',(0.,0.,1.));
#4859 = ADVANCED_FACE('',(#4860),#4876,.T.);
#4860 = FACE_BOUND('',#4861,.T.);
#4861 = EDGE_LOOP('',(#4862,#4868,#4869,#4875));
#4862 = ORIENTED_EDGE('',*,*,#4863,.F.);
#4863 = EDGE_CURVE('',#4772,#4812,#4864,.T.);
#4864 = LINE('',#4865,#4866);
#4865 = CARTESIAN_POINT('',(14.11880027329,-8.294247162425,3.7905));
#4866 = VECTOR('',#4867,1.);
#4867 = DIRECTION('',(2.22044604925E-16,1.,0.));
#4868 = ORIENTED_EDGE('',*,*,#4779,.T.);
#4869 = ORIENTED_EDGE('',*,*,#4870,.T.);
#4870 = EDGE_CURVE('',#4780,#4820,#4871,.T.);
#4871 = LINE('',#4872,#4873);
#4872 = CARTESIAN_POINT('',(14.11880027329,-8.294247162425,4.2905));
#4873 = VECTOR('',#4874,1.);
#4874 = DIRECTION('',(2.22044604925E-16,1.,0.));
#4875 = ORIENTED_EDGE('',*,*,#4819,.F.);
#4876 = PLANE('',#4877);
#4877 = AXIS2_PLACEMENT_3D('',#4878,#4879,#4880);
#4878 = CARTESIAN_POINT('',(14.11880027329,-8.294247162425,3.7905));
#4879 = DIRECTION('',(-1.,2.22044604925E-16,0.));
#4880 = DIRECTION('',(0.,0.,1.));
#4881 = ADVANCED_FACE('',(#4882),#4888,.F.);
#4882 = FACE_BOUND('',#4883,.F.);
#4883 = EDGE_LOOP('',(#4884,#4885,#4886,#4887));
#4884 = ORIENTED_EDGE('',*,*,#4771,.F.);
#4885 = ORIENTED_EDGE('',*,*,#4841,.T.);
#4886 = ORIENTED_EDGE('',*,*,#4811,.T.);
#4887 = ORIENTED_EDGE('',*,*,#4863,.F.);
#4888 = PLANE('',#4889);
#4889 = AXIS2_PLACEMENT_3D('',#4890,#4891,#4892);
#4890 = CARTESIAN_POINT('',(14.61874364029,-8.294247162425,3.7905));
#4891 = DIRECTION('',(0.,0.,1.));
#4892 = DIRECTION('',(2.22044604925E-16,1.,-0.));
#4893 = ADVANCED_FACE('',(#4894),#4900,.T.);
#4894 = FACE_BOUND('',#4895,.T.);
#4895 = EDGE_LOOP('',(#4896,#4897,#4898,#4899));
#4896 = ORIENTED_EDGE('',*,*,#4787,.F.);
#4897 = ORIENTED_EDGE('',*,*,#4848,.T.);
#4898 = ORIENTED_EDGE('',*,*,#4827,.T.);
#4899 = ORIENTED_EDGE('',*,*,#4870,.F.);
#4900 = PLANE('',#4901);
#4901 = AXIS2_PLACEMENT_3D('',#4902,#4903,#4904);
#4902 = CARTESIAN_POINT('',(14.61874364029,-8.294247162425,4.2905));
#4903 = DIRECTION('',(0.,0.,1.));
#4904 = DIRECTION('',(2.22044604925E-16,1.,-0.));
#4905 = ( GEOMETRIC_REPRESENTATION_CONTEXT(3) 
GLOBAL_UNCERTAINTY_ASSIGNED_CONTEXT((#4909)) 
GLOBAL_UNIT_ASSIGNED_CONTEXT((#4906,#4907,#4908)) REPRESENTATION_CONTEXT
('Context #1','3D Context with UNIT and UNCERTAINTY') );
#4906 = ( LENGTH_UNIT() NAMED_UNIT(*) SI_UNIT(.MILLI.,.METRE.) );
#4907 = ( NAMED_UNIT(*) PLANE_ANGLE_UNIT() SI_UNIT($,.RADIAN.) );
#4908 = ( NAMED_UNIT(*) SI_UNIT($,.STERADIAN.) SOLID_ANGLE_UNIT() );
#4909 = UNCERTAINTY_MEASURE_WITH_UNIT(LENGTH_MEASURE(1.E-07),#4906,
  'distance_accuracy_value','confusion accuracy');
#4910 = CONTEXT_DEPENDENT_SHAPE_REPRESENTATION(#4911,#4913);
#4911 = ( REPRESENTATION_RELATIONSHIP('','',#4754,#4172) 
REPRESENTATION_RELATIONSHIP_WITH_TRANSFORMATION(#4912) 
SHAPE_REPRESENTATION_RELATIONSHIP() );
#4912 = ITEM_DEFINED_TRANSFORMATION('','',#11,#4185);
#4913 = PRODUCT_DEFINITION_SHAPE('Placement','Placement of an item',
  #4914);
#4914 = NEXT_ASSEMBLY_USAGE_OCCURRENCE('16',
  'Small components, STEP envelopes003','',#4167,#4749,$);
#4915 = PRODUCT_RELATED_PRODUCT_CATEGORY('part',$,(#4751));
#4916 = SHAPE_DEFINITION_REPRESENTATION(#4917,#4923);
#4917 = PRODUCT_DEFINITION_SHAPE('','',#4918);
#4918 = PRODUCT_DEFINITION('design','',#4919,#4922);
#4919 = PRODUCT_DEFINITION_FORMATION('','',#4920);
#4920 = PRODUCT('Small components, STEP envelopes004',
  'Small components, STEP envelopes004','',(#4921));
#4921 = PRODUCT_CONTEXT('',#2,'mechanical');
#4922 = PRODUCT_DEFINITION_CONTEXT('part definition',#2,'design');
#4923 = ADVANCED_BREP_SHAPE_REPRESENTATION('',(#11,#4924),#5074);
#4924 = MANIFOLD_SOLID_BREP('',#4925);
#4925 = CLOSED_SHELL('',(#4926,#4966,#5006,#5028,#5050,#5062));
#4926 = ADVANCED_FACE('',(#4927),#4961,.F.);
#4927 = FACE_BOUND('',#4928,.F.);
#4928 = EDGE_LOOP('',(#4929,#4939,#4947,#4955));
#4929 = ORIENTED_EDGE('',*,*,#4930,.F.);
#4930 = EDGE_CURVE('',#4931,#4933,#4935,.T.);
#4931 = VERTEX_POINT('',#4932);
#4932 = CARTESIAN_POINT('',(11.721622773014,-8.294247162425,3.7905));
#4933 = VERTEX_POINT('',#4934);
#4934 = CARTESIAN_POINT('',(11.721622773014,-8.294247162425,4.2905));
#4935 = LINE('',#4936,#4937);
#4936 = CARTESIAN_POINT('',(11.721622773014,-8.294247162425,3.7905));
#4937 = VECTOR('',#4938,1.);
#4938 = DIRECTION('',(0.,0.,1.));
#4939 = ORIENTED_EDGE('',*,*,#4940,.T.);
#4940 = EDGE_CURVE('',#4931,#4941,#4943,.T.);
#4941 = VERTEX_POINT('',#4942);
#4942 = CARTESIAN_POINT('',(11.221679406014,-8.294247162425,3.7905));
#4943 = LINE('',#4944,#4945);
#4944 = CARTESIAN_POINT('',(11.721622773014,-8.294247162425,3.7905));
#4945 = VECTOR('',#4946,1.);
#4946 = DIRECTION('',(-1.,2.22044604925E-16,0.));
#4947 = ORIENTED_EDGE('',*,*,#4948,.T.);
#4948 = EDGE_CURVE('',#4941,#4949,#4951,.T.);
#4949 = VERTEX_POINT('',#4950);
#4950 = CARTESIAN_POINT('',(11.221679406014,-8.294247162425,4.2905));
#4951 = LINE('',#4952,#4953);
#4952 = CARTESIAN_POINT('',(11.221679406014,-8.294247162425,3.7905));
#4953 = VECTOR('',#4954,1.);
#4954 = DIRECTION('',(0.,0.,1.));
#4955 = ORIENTED_EDGE('',*,*,#4956,.F.);
#4956 = EDGE_CURVE('',#4933,#4949,#4957,.T.);
#4957 = LINE('',#4958,#4959);
#4958 = CARTESIAN_POINT('',(11.721622773014,-8.294247162425,4.2905));
#4959 = VECTOR('',#4960,1.);
#4960 = DIRECTION('',(-1.,2.22044604925E-16,0.));
#4961 = PLANE('',#4962);
#4962 = AXIS2_PLACEMENT_3D('',#4963,#4964,#4965);
#4963 = CARTESIAN_POINT('',(11.721622773014,-8.294247162425,3.7905));
#4964 = DIRECTION('',(2.22044604925E-16,1.,0.));
#4965 = DIRECTION('',(0.,-0.,1.));
#4966 = ADVANCED_FACE('',(#4967),#5001,.T.);
#4967 = FACE_BOUND('',#4968,.T.);
#4968 = EDGE_LOOP('',(#4969,#4979,#4987,#4995));
#4969 = ORIENTED_EDGE('',*,*,#4970,.F.);
#4970 = EDGE_CURVE('',#4971,#4973,#4975,.T.);
#4971 = VERTEX_POINT('',#4972);
#4972 = CARTESIAN_POINT('',(11.721622773014,-8.094247162425,3.7905));
#4973 = VERTEX_POINT('',#4974);
#4974 = CARTESIAN_POINT('',(11.721622773014,-8.094247162425,4.2905));
#4975 = LINE('',#4976,#4977);
#4976 = CARTESIAN_POINT('',(11.721622773014,-8.094247162425,3.7905));
#4977 = VECTOR('',#4978,1.);
#4978 = DIRECTION('',(0.,0.,1.));
#4979 = ORIENTED_EDGE('',*,*,#4980,.T.);
#4980 = EDGE_CURVE('',#4971,#4981,#4983,.T.);
#4981 = VERTEX_POINT('',#4982);
#4982 = CARTESIAN_POINT('',(11.221679406014,-8.094247162425,3.7905));
#4983 = LINE('',#4984,#4985);
#4984 = CARTESIAN_POINT('',(11.721622773014,-8.094247162425,3.7905));
#4985 = VECTOR('',#4986,1.);
#4986 = DIRECTION('',(-1.,2.22044604925E-16,0.));
#4987 = ORIENTED_EDGE('',*,*,#4988,.T.);
#4988 = EDGE_CURVE('',#4981,#4989,#4991,.T.);
#4989 = VERTEX_POINT('',#4990);
#4990 = CARTESIAN_POINT('',(11.221679406014,-8.094247162425,4.2905));
#4991 = LINE('',#4992,#4993);
#4992 = CARTESIAN_POINT('',(11.221679406014,-8.094247162425,3.7905));
#4993 = VECTOR('',#4994,1.);
#4994 = DIRECTION('',(0.,0.,1.));
#4995 = ORIENTED_EDGE('',*,*,#4996,.F.);
#4996 = EDGE_CURVE('',#4973,#4989,#4997,.T.);
#4997 = LINE('',#4998,#4999);
#4998 = CARTESIAN_POINT('',(11.721622773014,-8.094247162425,4.2905));
#4999 = VECTOR('',#5000,1.);
#5000 = DIRECTION('',(-1.,2.22044604925E-16,0.));
#5001 = PLANE('',#5002);
#5002 = AXIS2_PLACEMENT_3D('',#5003,#5004,#5005);
#5003 = CARTESIAN_POINT('',(11.721622773014,-8.094247162425,3.7905));
#5004 = DIRECTION('',(2.22044604925E-16,1.,0.));
#5005 = DIRECTION('',(0.,-0.,1.));
#5006 = ADVANCED_FACE('',(#5007),#5023,.F.);
#5007 = FACE_BOUND('',#5008,.F.);
#5008 = EDGE_LOOP('',(#5009,#5015,#5016,#5022));
#5009 = ORIENTED_EDGE('',*,*,#5010,.F.);
#5010 = EDGE_CURVE('',#4931,#4971,#5011,.T.);
#5011 = LINE('',#5012,#5013);
#5012 = CARTESIAN_POINT('',(11.721622773014,-8.294247162425,3.7905));
#5013 = VECTOR('',#5014,1.);
#5014 = DIRECTION('',(2.22044604925E-16,1.,0.));
#5015 = ORIENTED_EDGE('',*,*,#4930,.T.);
#5016 = ORIENTED_EDGE('',*,*,#5017,.T.);
#5017 = EDGE_CURVE('',#4933,#4973,#5018,.T.);
#5018 = LINE('',#5019,#5020);
#5019 = CARTESIAN_POINT('',(11.721622773014,-8.294247162425,4.2905));
#5020 = VECTOR('',#5021,1.);
#5021 = DIRECTION('',(2.22044604925E-16,1.,0.));
#5022 = ORIENTED_EDGE('',*,*,#4970,.F.);
#5023 = PLANE('',#5024);
#5024 = AXIS2_PLACEMENT_3D('',#5025,#5026,#5027);
#5025 = CARTESIAN_POINT('',(11.721622773014,-8.294247162425,3.7905));
#5026 = DIRECTION('',(-1.,2.22044604925E-16,0.));
#5027 = DIRECTION('',(0.,0.,1.));
#5028 = ADVANCED_FACE('',(#5029),#5045,.T.);
#5029 = FACE_BOUND('',#5030,.T.);
#5030 = EDGE_LOOP('',(#5031,#5037,#5038,#5044));
#5031 = ORIENTED_EDGE('',*,*,#5032,.F.);
#5032 = EDGE_CURVE('',#4941,#4981,#5033,.T.);
#5033 = LINE('',#5034,#5035);
#5034 = CARTESIAN_POINT('',(11.221679406014,-8.294247162425,3.7905));
#5035 = VECTOR('',#5036,1.);
#5036 = DIRECTION('',(2.22044604925E-16,1.,0.));
#5037 = ORIENTED_EDGE('',*,*,#4948,.T.);
#5038 = ORIENTED_EDGE('',*,*,#5039,.T.);
#5039 = EDGE_CURVE('',#4949,#4989,#5040,.T.);
#5040 = LINE('',#5041,#5042);
#5041 = CARTESIAN_POINT('',(11.221679406014,-8.294247162425,4.2905));
#5042 = VECTOR('',#5043,1.);
#5043 = DIRECTION('',(2.22044604925E-16,1.,0.));
#5044 = ORIENTED_EDGE('',*,*,#4988,.F.);
#5045 = PLANE('',#5046);
#5046 = AXIS2_PLACEMENT_3D('',#5047,#5048,#5049);
#5047 = CARTESIAN_POINT('',(11.221679406014,-8.294247162425,3.7905));
#5048 = DIRECTION('',(-1.,2.22044604925E-16,0.));
#5049 = DIRECTION('',(0.,0.,1.));
#5050 = ADVANCED_FACE('',(#5051),#5057,.F.);
#5051 = FACE_BOUND('',#5052,.F.);
#5052 = EDGE_LOOP('',(#5053,#5054,#5055,#5056));
#5053 = ORIENTED_EDGE('',*,*,#4940,.F.);
#5054 = ORIENTED_EDGE('',*,*,#5010,.T.);
#5055 = ORIENTED_EDGE('',*,*,#4980,.T.);
#5056 = ORIENTED_EDGE('',*,*,#5032,.F.);
#5057 = PLANE('',#5058);
#5058 = AXIS2_PLACEMENT_3D('',#5059,#5060,#5061);
#5059 = CARTESIAN_POINT('',(11.721622773014,-8.294247162425,3.7905));
#5060 = DIRECTION('',(0.,0.,1.));
#5061 = DIRECTION('',(2.22044604925E-16,1.,-0.));
#5062 = ADVANCED_FACE('',(#5063),#5069,.T.);
#5063 = FACE_BOUND('',#5064,.T.);
#5064 = EDGE_LOOP('',(#5065,#5066,#5067,#5068));
#5065 = ORIENTED_EDGE('',*,*,#4956,.F.);
#5066 = ORIENTED_EDGE('',*,*,#5017,.T.);
#5067 = ORIENTED_EDGE('',*,*,#4996,.T.);
#5068 = ORIENTED_EDGE('',*,*,#5039,.F.);
#5069 = PLANE('',#5070);
#5070 = AXIS2_PLACEMENT_3D('',#5071,#5072,#5073);
#5071 = CARTESIAN_POINT('',(11.721622773014,-8.294247162425,4.2905));
#5072 = DIRECTION('',(0.,0.,1.));
#5073 = DIRECTION('',(2.22044604925E-16,1.,-0.));
#5074 = ( GEOMETRIC_REPRESENTATION_CONTEXT(3) 
GLOBAL_UNCERTAINTY_ASSIGNED_CONTEXT((#5078)) 
GLOBAL_UNIT_ASSIGNED_CONTEXT((#5075,#5076,#5077)) REPRESENTATION_CONTEXT
('Context #1','3D Context with UNIT and UNCERTAINTY') );
#5075 = ( LENGTH_UNIT() NAMED_UNIT(*) SI_UNIT(.MILLI.,.METRE.) );
#5076 = ( NAMED_UNIT(*) PLANE_ANGLE_UNIT() SI_UNIT($,.RADIAN.) );
#5077 = ( NAMED_UNIT(*) SI_UNIT($,.STERADIAN.) SOLID_ANGLE_UNIT() );
#5078 = UNCERTAINTY_MEASURE_WITH_UNIT(LENGTH_MEASURE(1.E-07),#5075,
  'distance_accuracy_value','confusion accuracy');
#5079 = CONTEXT_DEPENDENT_SHAPE_REPRESENTATION(#5080,#5082);
#5080 = ( REPRESENTATION_RELATIONSHIP('','',#4923,#4172) 
REPRESENTATION_RELATIONSHIP_WITH_TRANSFORMATION(#5081) 
SHAPE_REPRESENTATION_RELATIONSHIP() );
#5081 = ITEM_DEFINED_TRANSFORMATION('','',#11,#4189);
#5082 = PRODUCT_DEFINITION_SHAPE('Placement','Placement of an item',
  #5083);
#5083 = NEXT_ASSEMBLY_USAGE_OCCURRENCE('17',
  'Small components, STEP envelopes004','',#4167,#4918,$);
#5084 = PRODUCT_RELATED_PRODUCT_CATEGORY('part',$,(#4920));
#5085 = SHAPE_DEFINITION_REPRESENTATION(#5086,#5092);
#5086 = PRODUCT_DEFINITION_SHAPE('','',#5087);
#5087 = PRODUCT_DEFINITION('design','',#5088,#5091);
#5088 = PRODUCT_DEFINITION_FORMATION('','',#5089);
#5089 = PRODUCT('Small components, STEP envelopes005',
  'Small components, STEP envelopes005','',(#5090));
#5090 = PRODUCT_CONTEXT('',#2,'mechanical');
#5091 = PRODUCT_DEFINITION_CONTEXT('part definition',#2,'design');
#5092 = ADVANCED_BREP_SHAPE_REPRESENTATION('',(#11,#5093),#5243);
#5093 = MANIFOLD_SOLID_BREP('',#5094);
#5094 = CLOSED_SHELL('',(#5095,#5135,#5175,#5197,#5219,#5231));
#5095 = ADVANCED_FACE('',(#5096),#5130,.F.);
#5096 = FACE_BOUND('',#5097,.F.);
#5097 = EDGE_LOOP('',(#5098,#5108,#5116,#5124));
#5098 = ORIENTED_EDGE('',*,*,#5099,.F.);
#5099 = EDGE_CURVE('',#5100,#5102,#5104,.T.);
#5100 = VERTEX_POINT('',#5101);
#5101 = CARTESIAN_POINT('',(11.721622773014,-9.358848944823,3.7905));
#5102 = VERTEX_POINT('',#5103);
#5103 = CARTESIAN_POINT('',(11.721622773014,-9.358848944823,4.2905));
#5104 = LINE('',#5105,#5106);
#5105 = CARTESIAN_POINT('',(11.721622773014,-9.358848944823,3.7905));
#5106 = VECTOR('',#5107,1.);
#5107 = DIRECTION('',(0.,0.,1.));
#5108 = ORIENTED_EDGE('',*,*,#5109,.T.);
#5109 = EDGE_CURVE('',#5100,#5110,#5112,.T.);
#5110 = VERTEX_POINT('',#5111);
#5111 = CARTESIAN_POINT('',(11.221679406014,-9.358848944823,3.7905));
#5112 = LINE('',#5113,#5114);
#5113 = CARTESIAN_POINT('',(11.721622773014,-9.358848944823,3.7905));
#5114 = VECTOR('',#5115,1.);
#5115 = DIRECTION('',(-1.,2.22044604925E-16,0.));
#5116 = ORIENTED_EDGE('',*,*,#5117,.T.);
#5117 = EDGE_CURVE('',#5110,#5118,#5120,.T.);
#5118 = VERTEX_POINT('',#5119);
#5119 = CARTESIAN_POINT('',(11.221679406014,-9.358848944823,4.2905));
#5120 = LINE('',#5121,#5122);
#5121 = CARTESIAN_POINT('',(11.221679406014,-9.358848944823,3.7905));
#5122 = VECTOR('',#5123,1.);
#5123 = DIRECTION('',(0.,0.,1.));
#5124 = ORIENTED_EDGE('',*,*,#5125,.F.);
#5125 = EDGE_CURVE('',#5102,#5118,#5126,.T.);
#5126 = LINE('',#5127,#5128);
#5127 = CARTESIAN_POINT('',(11.721622773014,-9.358848944823,4.2905));
#5128 = VECTOR('',#5129,1.);
#5129 = DIRECTION('',(-1.,2.22044604925E-16,0.));
#5130 = PLANE('',#5131);
#5131 = AXIS2_PLACEMENT_3D('',#5132,#5133,#5134);
#5132 = CARTESIAN_POINT('',(11.721622773014,-9.358848944823,3.7905));
#5133 = DIRECTION('',(2.22044604925E-16,1.,0.));
#5134 = DIRECTION('',(0.,-0.,1.));
#5135 = ADVANCED_FACE('',(#5136),#5170,.T.);
#5136 = FACE_BOUND('',#5137,.T.);
#5137 = EDGE_LOOP('',(#5138,#5148,#5156,#5164));
#5138 = ORIENTED_EDGE('',*,*,#5139,.F.);
#5139 = EDGE_CURVE('',#5140,#5142,#5144,.T.);
#5140 = VERTEX_POINT('',#5141);
#5141 = CARTESIAN_POINT('',(11.721622773014,-9.158848944823,3.7905));
#5142 = VERTEX_POINT('',#5143);
#5143 = CARTESIAN_POINT('',(11.721622773014,-9.158848944823,4.2905));
#5144 = LINE('',#5145,#5146);
#5145 = CARTESIAN_POINT('',(11.721622773014,-9.158848944823,3.7905));
#5146 = VECTOR('',#5147,1.);
#5147 = DIRECTION('',(0.,0.,1.));
#5148 = ORIENTED_EDGE('',*,*,#5149,.T.);
#5149 = EDGE_CURVE('',#5140,#5150,#5152,.T.);
#5150 = VERTEX_POINT('',#5151);
#5151 = CARTESIAN_POINT('',(11.221679406014,-9.158848944823,3.7905));
#5152 = LINE('',#5153,#5154);
#5153 = CARTESIAN_POINT('',(11.721622773014,-9.158848944823,3.7905));
#5154 = VECTOR('',#5155,1.);
#5155 = DIRECTION('',(-1.,2.22044604925E-16,0.));
#5156 = ORIENTED_EDGE('',*,*,#5157,.T.);
#5157 = EDGE_CURVE('',#5150,#5158,#5160,.T.);
#5158 = VERTEX_POINT('',#5159);
#5159 = CARTESIAN_POINT('',(11.221679406014,-9.158848944823,4.2905));
#5160 = LINE('',#5161,#5162);
#5161 = CARTESIAN_POINT('',(11.221679406014,-9.158848944823,3.7905));
#5162 = VECTOR('',#5163,1.);
#5163 = DIRECTION('',(0.,0.,1.));
#5164 = ORIENTED_EDGE('',*,*,#5165,.F.);
#5165 = EDGE_CURVE('',#5142,#5158,#5166,.T.);
#5166 = LINE('',#5167,#5168);
#5167 = CARTESIAN_POINT('',(11.721622773014,-9.158848944823,4.2905));
#5168 = VECTOR('',#5169,1.);
#5169 = DIRECTION('',(-1.,2.22044604925E-16,0.));
#5170 = PLANE('',#5171);
#5171 = AXIS2_PLACEMENT_3D('',#5172,#5173,#5174);
#5172 = CARTESIAN_POINT('',(11.721622773014,-9.158848944823,3.7905));
#5173 = DIRECTION('',(2.22044604925E-16,1.,0.));
#5174 = DIRECTION('',(0.,-0.,1.));
#5175 = ADVANCED_FACE('',(#5176),#5192,.F.);
#5176 = FACE_BOUND('',#5177,.F.);
#5177 = EDGE_LOOP('',(#5178,#5184,#5185,#5191));
#5178 = ORIENTED_EDGE('',*,*,#5179,.F.);
#5179 = EDGE_CURVE('',#5100,#5140,#5180,.T.);
#5180 = LINE('',#5181,#5182);
#5181 = CARTESIAN_POINT('',(11.721622773014,-9.358848944823,3.7905));
#5182 = VECTOR('',#5183,1.);
#5183 = DIRECTION('',(2.22044604925E-16,1.,0.));
#5184 = ORIENTED_EDGE('',*,*,#5099,.T.);
#5185 = ORIENTED_EDGE('',*,*,#5186,.T.);
#5186 = EDGE_CURVE('',#5102,#5142,#5187,.T.);
#5187 = LINE('',#5188,#5189);
#5188 = CARTESIAN_POINT('',(11.721622773014,-9.358848944823,4.2905));
#5189 = VECTOR('',#5190,1.);
#5190 = DIRECTION('',(2.22044604925E-16,1.,0.));
#5191 = ORIENTED_EDGE('',*,*,#5139,.F.);
#5192 = PLANE('',#5193);
#5193 = AXIS2_PLACEMENT_3D('',#5194,#5195,#5196);
#5194 = CARTESIAN_POINT('',(11.721622773014,-9.358848944823,3.7905));
#5195 = DIRECTION('',(-1.,2.22044604925E-16,0.));
#5196 = DIRECTION('',(0.,0.,1.));
#5197 = ADVANCED_FACE('',(#5198),#5214,.T.);
#5198 = FACE_BOUND('',#5199,.T.);
#5199 = EDGE_LOOP('',(#5200,#5206,#5207,#5213));
#5200 = ORIENTED_EDGE('',*,*,#5201,.F.);
#5201 = EDGE_CURVE('',#5110,#5150,#5202,.T.);
#5202 = LINE('',#5203,#5204);
#5203 = CARTESIAN_POINT('',(11.221679406014,-9.358848944823,3.7905));
#5204 = VECTOR('',#5205,1.);
#5205 = DIRECTION('',(2.22044604925E-16,1.,0.));
#5206 = ORIENTED_EDGE('',*,*,#5117,.T.);
#5207 = ORIENTED_EDGE('',*,*,#5208,.T.);
#5208 = EDGE_CURVE('',#5118,#5158,#5209,.T.);
#5209 = LINE('',#5210,#5211);
#5210 = CARTESIAN_POINT('',(11.221679406014,-9.358848944823,4.2905));
#5211 = VECTOR('',#5212,1.);
#5212 = DIRECTION('',(2.22044604925E-16,1.,0.));
#5213 = ORIENTED_EDGE('',*,*,#5157,.F.);
#5214 = PLANE('',#5215);
#5215 = AXIS2_PLACEMENT_3D('',#5216,#5217,#5218);
#5216 = CARTESIAN_POINT('',(11.221679406014,-9.358848944823,3.7905));
#5217 = DIRECTION('',(-1.,2.22044604925E-16,0.));
#5218 = DIRECTION('',(0.,0.,1.));
#5219 = ADVANCED_FACE('',(#5220),#5226,.F.);
#5220 = FACE_BOUND('',#5221,.F.);
#5221 = EDGE_LOOP('',(#5222,#5223,#5224,#5225));
#5222 = ORIENTED_EDGE('',*,*,#5109,.F.);
#5223 = ORIENTED_EDGE('',*,*,#5179,.T.);
#5224 = ORIENTED_EDGE('',*,*,#5149,.T.);
#5225 = ORIENTED_EDGE('',*,*,#5201,.F.);
#5226 = PLANE('',#5227);
#5227 = AXIS2_PLACEMENT_3D('',#5228,#5229,#5230);
#5228 = CARTESIAN_POINT('',(11.721622773014,-9.358848944823,3.7905));
#5229 = DIRECTION('',(0.,0.,1.));
#5230 = DIRECTION('',(2.22044604925E-16,1.,-0.));
#5231 = ADVANCED_FACE('',(#5232),#5238,.T.);
#5232 = FACE_BOUND('',#5233,.T.);
#5233 = EDGE_LOOP('',(#5234,#5235,#5236,#5237));
#5234 = ORIENTED_EDGE('',*,*,#5125,.F.);
#5235 = ORIENTED_EDGE('',*,*,#5186,.T.);
#5236 = ORIENTED_EDGE('',*,*,#5165,.T.);
#5237 = ORIENTED_EDGE('',*,*,#5208,.F.);
#5238 = PLANE('',#5239);
#5239 = AXIS2_PLACEMENT_3D('',#5240,#5241,#5242);
#5240 = CARTESIAN_POINT('',(11.721622773014,-9.358848944823,4.2905));
#5241 = DIRECTION('',(0.,0.,1.));
#5242 = DIRECTION('',(2.22044604925E-16,1.,-0.));
#5243 = ( GEOMETRIC_REPRESENTATION_CONTEXT(3) 
GLOBAL_UNCERTAINTY_ASSIGNED_CONTEXT((#5247)) 
GLOBAL_UNIT_ASSIGNED_CONTEXT((#5244,#5245,#5246)) REPRESENTATION_CONTEXT
('Context #1','3D Context with UNIT and UNCERTAINTY') );
#5244 = ( LENGTH_UNIT() NAMED_UNIT(*) SI_UNIT(.MILLI.,.METRE.) );
#5245 = ( NAMED_UNIT(*) PLANE_ANGLE_UNIT() SI_UNIT($,.RADIAN.) );
#5246 = ( NAMED_UNIT(*) SI_UNIT($,.STERADIAN.) SOLID_ANGLE_UNIT() );
#5247 = UNCERTAINTY_MEASURE_WITH_UNIT(LENGTH_MEASURE(1.E-07),#5244,
  'distance_accuracy_value','confusion accuracy');
#5248 = CONTEXT_DEPENDENT_SHAPE_REPRESENTATION(#5249,#5251);
#5249 = ( REPRESENTATION_RELATIONSHIP('','',#5092,#4172) 
REPRESENTATION_RELATIONSHIP_WITH_TRANSFORMATION(#5250) 
SHAPE_REPRESENTATION_RELATIONSHIP() );
#5250 = ITEM_DEFINED_TRANSFORMATION('','',#11,#4193);
#5251 = PRODUCT_DEFINITION_SHAPE('Placement','Placement of an item',
  #5252);
#5252 = NEXT_ASSEMBLY_USAGE_OCCURRENCE('18',
  'Small components, STEP envelopes005','',#4167,#5087,$);
#5253 = PRODUCT_RELATED_PRODUCT_CATEGORY('part',$,(#5089));
#5254 = SHAPE_DEFINITION_REPRESENTATION(#5255,#5261);
#5255 = PRODUCT_DEFINITION_SHAPE('','',#5256);
#5256 = PRODUCT_DEFINITION('design','',#5257,#5260);
#5257 = PRODUCT_DEFINITION_FORMATION('','',#5258);
#5258 = PRODUCT('Small components, STEP envelopes006',
  'Small components, STEP envelopes006','',(#5259));
#5259 = PRODUCT_CONTEXT('',#2,'mechanical');
#5260 = PRODUCT_DEFINITION_CONTEXT('part definition',#2,'design');
#5261 = ADVANCED_BREP_SHAPE_REPRESENTATION('',(#11,#5262),#5412);
#5262 = MANIFOLD_SOLID_BREP('',#5263);
#5263 = CLOSED_SHELL('',(#5264,#5304,#5344,#5366,#5388,#5400));
#5264 = ADVANCED_FACE('',(#5265),#5299,.F.);
#5265 = FACE_BOUND('',#5266,.F.);
#5266 = EDGE_LOOP('',(#5267,#5277,#5285,#5293));
#5267 = ORIENTED_EDGE('',*,*,#5268,.F.);
#5268 = EDGE_CURVE('',#5269,#5271,#5273,.T.);
#5269 = VERTEX_POINT('',#5270);
#5270 = CARTESIAN_POINT('',(14.61874364029,-1.729202837637,3.7905));
#5271 = VERTEX_POINT('',#5272);
#5272 = CARTESIAN_POINT('',(14.61874364029,-1.729202837637,4.2905));
#5273 = LINE('',#5274,#5275);
#5274 = CARTESIAN_POINT('',(14.61874364029,-1.729202837637,3.7905));
#5275 = VECTOR('',#5276,1.);
#5276 = DIRECTION('',(0.,0.,1.));
#5277 = ORIENTED_EDGE('',*,*,#5278,.T.);
#5278 = EDGE_CURVE('',#5269,#5279,#5281,.T.);
#5279 = VERTEX_POINT('',#5280);
#5280 = CARTESIAN_POINT('',(14.11880027329,-1.729202837637,3.7905));
#5281 = LINE('',#5282,#5283);
#5282 = CARTESIAN_POINT('',(14.61874364029,-1.729202837637,3.7905));
#5283 = VECTOR('',#5284,1.);
#5284 = DIRECTION('',(-1.,2.22044604925E-16,0.));
#5285 = ORIENTED_EDGE('',*,*,#5286,.T.);
#5286 = EDGE_CURVE('',#5279,#5287,#5289,.T.);
#5287 = VERTEX_POINT('',#5288);
#5288 = CARTESIAN_POINT('',(14.11880027329,-1.729202837637,4.2905));
#5289 = LINE('',#5290,#5291);
#5290 = CARTESIAN_POINT('',(14.11880027329,-1.729202837637,3.7905));
#5291 = VECTOR('',#5292,1.);
#5292 = DIRECTION('',(0.,0.,1.));
#5293 = ORIENTED_EDGE('',*,*,#5294,.F.);
#5294 = EDGE_CURVE('',#5271,#5287,#5295,.T.);
#5295 = LINE('',#5296,#5297);
#5296 = CARTESIAN_POINT('',(14.61874364029,-1.729202837637,4.2905));
#5297 = VECTOR('',#5298,1.);
#5298 = DIRECTION('',(-1.,2.22044604925E-16,0.));
#5299 = PLANE('',#5300);
#5300 = AXIS2_PLACEMENT_3D('',#5301,#5302,#5303);
#5301 = CARTESIAN_POINT('',(14.61874364029,-1.729202837637,3.7905));
#5302 = DIRECTION('',(2.22044604925E-16,1.,0.));
#5303 = DIRECTION('',(0.,-0.,1.));
#5304 = ADVANCED_FACE('',(#5305),#5339,.T.);
#5305 = FACE_BOUND('',#5306,.T.);
#5306 = EDGE_LOOP('',(#5307,#5317,#5325,#5333));
#5307 = ORIENTED_EDGE('',*,*,#5308,.F.);
#5308 = EDGE_CURVE('',#5309,#5311,#5313,.T.);
#5309 = VERTEX_POINT('',#5310);
#5310 = CARTESIAN_POINT('',(14.61874364029,-1.529202837637,3.7905));
#5311 = VERTEX_POINT('',#5312);
#5312 = CARTESIAN_POINT('',(14.61874364029,-1.529202837637,4.2905));
#5313 = LINE('',#5314,#5315);
#5314 = CARTESIAN_POINT('',(14.61874364029,-1.529202837637,3.7905));
#5315 = VECTOR('',#5316,1.);
#5316 = DIRECTION('',(0.,0.,1.));
#5317 = ORIENTED_EDGE('',*,*,#5318,.T.);
#5318 = EDGE_CURVE('',#5309,#5319,#5321,.T.);
#5319 = VERTEX_POINT('',#5320);
#5320 = CARTESIAN_POINT('',(14.11880027329,-1.529202837637,3.7905));
#5321 = LINE('',#5322,#5323);
#5322 = CARTESIAN_POINT('',(14.61874364029,-1.529202837637,3.7905));
#5323 = VECTOR('',#5324,1.);
#5324 = DIRECTION('',(-1.,2.22044604925E-16,0.));
#5325 = ORIENTED_EDGE('',*,*,#5326,.T.);
#5326 = EDGE_CURVE('',#5319,#5327,#5329,.T.);
#5327 = VERTEX_POINT('',#5328);
#5328 = CARTESIAN_POINT('',(14.11880027329,-1.529202837637,4.2905));
#5329 = LINE('',#5330,#5331);
#5330 = CARTESIAN_POINT('',(14.11880027329,-1.529202837637,3.7905));
#5331 = VECTOR('',#5332,1.);
#5332 = DIRECTION('',(0.,0.,1.));
#5333 = ORIENTED_EDGE('',*,*,#5334,.F.);
#5334 = EDGE_CURVE('',#5311,#5327,#5335,.T.);
#5335 = LINE('',#5336,#5337);
#5336 = CARTESIAN_POINT('',(14.61874364029,-1.529202837637,4.2905));
#5337 = VECTOR('',#5338,1.);
#5338 = DIRECTION('',(-1.,2.22044604925E-16,0.));
#5339 = PLANE('',#5340);
#5340 = AXIS2_PLACEMENT_3D('',#5341,#5342,#5343);
#5341 = CARTESIAN_POINT('',(14.61874364029,-1.529202837637,3.7905));
#5342 = DIRECTION('',(2.22044604925E-16,1.,0.));
#5343 = DIRECTION('',(0.,-0.,1.));
#5344 = ADVANCED_FACE('',(#5345),#5361,.F.);
#5345 = FACE_BOUND('',#5346,.F.);
#5346 = EDGE_LOOP('',(#5347,#5353,#5354,#5360));
#5347 = ORIENTED_EDGE('',*,*,#5348,.F.);
#5348 = EDGE_CURVE('',#5269,#5309,#5349,.T.);
#5349 = LINE('',#5350,#5351);
#5350 = CARTESIAN_POINT('',(14.61874364029,-1.729202837637,3.7905));
#5351 = VECTOR('',#5352,1.);
#5352 = DIRECTION('',(2.22044604925E-16,1.,0.));
#5353 = ORIENTED_EDGE('',*,*,#5268,.T.);
#5354 = ORIENTED_EDGE('',*,*,#5355,.T.);
#5355 = EDGE_CURVE('',#5271,#5311,#5356,.T.);
#5356 = LINE('',#5357,#5358);
#5357 = CARTESIAN_POINT('',(14.61874364029,-1.729202837637,4.2905));
#5358 = VECTOR('',#5359,1.);
#5359 = DIRECTION('',(2.22044604925E-16,1.,0.));
#5360 = ORIENTED_EDGE('',*,*,#5308,.F.);
#5361 = PLANE('',#5362);
#5362 = AXIS2_PLACEMENT_3D('',#5363,#5364,#5365);
#5363 = CARTESIAN_POINT('',(14.61874364029,-1.729202837637,3.7905));
#5364 = DIRECTION('',(-1.,2.22044604925E-16,0.));
#5365 = DIRECTION('',(0.,0.,1.));
#5366 = ADVANCED_FACE('',(#5367),#5383,.T.);
#5367 = FACE_BOUND('',#5368,.T.);
#5368 = EDGE_LOOP('',(#5369,#5375,#5376,#5382));
#5369 = ORIENTED_EDGE('',*,*,#5370,.F.);
#5370 = EDGE_CURVE('',#5279,#5319,#5371,.T.);
#5371 = LINE('',#5372,#5373);
#5372 = CARTESIAN_POINT('',(14.11880027329,-1.729202837637,3.7905));
#5373 = VECTOR('',#5374,1.);
#5374 = DIRECTION('',(2.22044604925E-16,1.,0.));
#5375 = ORIENTED_EDGE('',*,*,#5286,.T.);
#5376 = ORIENTED_EDGE('',*,*,#5377,.T.);
#5377 = EDGE_CURVE('',#5287,#5327,#5378,.T.);
#5378 = LINE('',#5379,#5380);
#5379 = CARTESIAN_POINT('',(14.11880027329,-1.729202837637,4.2905));
#5380 = VECTOR('',#5381,1.);
#5381 = DIRECTION('',(2.22044604925E-16,1.,0.));
#5382 = ORIENTED_EDGE('',*,*,#5326,.F.);
#5383 = PLANE('',#5384);
#5384 = AXIS2_PLACEMENT_3D('',#5385,#5386,#5387);
#5385 = CARTESIAN_POINT('',(14.11880027329,-1.729202837637,3.7905));
#5386 = DIRECTION('',(-1.,2.22044604925E-16,0.));
#5387 = DIRECTION('',(0.,0.,1.));
#5388 = ADVANCED_FACE('',(#5389),#5395,.F.);
#5389 = FACE_BOUND('',#5390,.F.);
#5390 = EDGE_LOOP('',(#5391,#5392,#5393,#5394));
#5391 = ORIENTED_EDGE('',*,*,#5278,.F.);
#5392 = ORIENTED_EDGE('',*,*,#5348,.T.);
#5393 = ORIENTED_EDGE('',*,*,#5318,.T.);
#5394 = ORIENTED_EDGE('',*,*,#5370,.F.);
#5395 = PLANE('',#5396);
#5396 = AXIS2_PLACEMENT_3D('',#5397,#5398,#5399);
#5397 = CARTESIAN_POINT('',(14.61874364029,-1.729202837637,3.7905));
#5398 = DIRECTION('',(0.,0.,1.));
#5399 = DIRECTION('',(2.22044604925E-16,1.,-0.));
#5400 = ADVANCED_FACE('',(#5401),#5407,.T.);
#5401 = FACE_BOUND('',#5402,.T.);
#5402 = EDGE_LOOP('',(#5403,#5404,#5405,#5406));
#5403 = ORIENTED_EDGE('',*,*,#5294,.F.);
#5404 = ORIENTED_EDGE('',*,*,#5355,.T.);
#5405 = ORIENTED_EDGE('',*,*,#5334,.T.);
#5406 = ORIENTED_EDGE('',*,*,#5377,.F.);
#5407 = PLANE('',#5408);
#5408 = AXIS2_PLACEMENT_3D('',#5409,#5410,#5411);
#5409 = CARTESIAN_POINT('',(14.61874364029,-1.729202837637,4.2905));
#5410 = DIRECTION('',(0.,0.,1.));
#5411 = DIRECTION('',(2.22044604925E-16,1.,-0.));
#5412 = ( GEOMETRIC_REPRESENTATION_CONTEXT(3) 
GLOBAL_UNCERTAINTY_ASSIGNED_CONTEXT((#5416)) 
GLOBAL_UNIT_ASSIGNED_CONTEXT((#5413,#5414,#5415)) REPRESENTATION_CONTEXT
('Context #1','3D Context with UNIT and UNCERTAINTY') );
#5413 = ( LENGTH_UNIT() NAMED_UNIT(*) SI_UNIT(.MILLI.,.METRE.) );
#5414 = ( NAMED_UNIT(*) PLANE_ANGLE_UNIT() SI_UNIT($,.RADIAN.) );
#5415 = ( NAMED_UNIT(*) SI_UNIT($,.STERADIAN.) SOLID_ANGLE_UNIT() );
#5416 = UNCERTAINTY_MEASURE_WITH_UNIT(LENGTH_MEASURE(1.E-07),#5413,
  'distance_accuracy_value','confusion accuracy');
#5417 = CONTEXT_DEPENDENT_SHAPE_REPRESENTATION(#5418,#5420);
#5418 = ( REPRESENTATION_RELATIONSHIP('','',#5261,#4172) 
REPRESENTATION_RELATIONSHIP_WITH_TRANSFORMATION(#5419) 
SHAPE_REPRESENTATION_RELATIONSHIP() );
#5419 = ITEM_DEFINED_TRANSFORMATION('','',#11,#4197);
#5420 = PRODUCT_DEFINITION_SHAPE('Placement','Placement of an item',
  #5421);
#5421 = NEXT_ASSEMBLY_USAGE_OCCURRENCE('19',
  'Small components, STEP envelopes006','',#4167,#5256,$);
#5422 = PRODUCT_RELATED_PRODUCT_CATEGORY('part',$,(#5258));
#5423 = SHAPE_DEFINITION_REPRESENTATION(#5424,#5430);
#5424 = PRODUCT_DEFINITION_SHAPE('','',#5425);
#5425 = PRODUCT_DEFINITION('design','',#5426,#5429);
#5426 = PRODUCT_DEFINITION_FORMATION('','',#5427);
#5427 = PRODUCT('Small components, STEP envelopes007',
  'Small components, STEP envelopes007','',(#5428));
#5428 = PRODUCT_CONTEXT('',#2,'mechanical');
#5429 = PRODUCT_DEFINITION_CONTEXT('part definition',#2,'design');
#5430 = ADVANCED_BREP_SHAPE_REPRESENTATION('',(#11,#5431),#5581);
#5431 = MANIFOLD_SOLID_BREP('',#5432);
#5432 = CLOSED_SHELL('',(#5433,#5473,#5513,#5535,#5557,#5569));
#5433 = ADVANCED_FACE('',(#5434),#5468,.F.);
#5434 = FACE_BOUND('',#5435,.F.);
#5435 = EDGE_LOOP('',(#5436,#5446,#5454,#5462));
#5436 = ORIENTED_EDGE('',*,*,#5437,.F.);
#5437 = EDGE_CURVE('',#5438,#5440,#5442,.T.);
#5438 = VERTEX_POINT('',#5439);
#5439 = CARTESIAN_POINT('',(14.61874364029,-0.664601055239,3.7905));
#5440 = VERTEX_POINT('',#5441);
#5441 = CARTESIAN_POINT('',(14.61874364029,-0.664601055239,4.2905));
#5442 = LINE('',#5443,#5444);
#5443 = CARTESIAN_POINT('',(14.61874364029,-0.664601055239,3.7905));
#5444 = VECTOR('',#5445,1.);
#5445 = DIRECTION('',(0.,0.,1.));
#5446 = ORIENTED_EDGE('',*,*,#5447,.T.);
#5447 = EDGE_CURVE('',#5438,#5448,#5450,.T.);
#5448 = VERTEX_POINT('',#5449);
#5449 = CARTESIAN_POINT('',(14.11880027329,-0.664601055239,3.7905));
#5450 = LINE('',#5451,#5452);
#5451 = CARTESIAN_POINT('',(14.61874364029,-0.664601055239,3.7905));
#5452 = VECTOR('',#5453,1.);
#5453 = DIRECTION('',(-1.,2.22044604925E-16,0.));
#5454 = ORIENTED_EDGE('',*,*,#5455,.T.);
#5455 = EDGE_CURVE('',#5448,#5456,#5458,.T.);
#5456 = VERTEX_POINT('',#5457);
#5457 = CARTESIAN_POINT('',(14.11880027329,-0.664601055239,4.2905));
#5458 = LINE('',#5459,#5460);
#5459 = CARTESIAN_POINT('',(14.11880027329,-0.664601055239,3.7905));
#5460 = VECTOR('',#5461,1.);
#5461 = DIRECTION('',(0.,0.,1.));
#5462 = ORIENTED_EDGE('',*,*,#5463,.F.);
#5463 = EDGE_CURVE('',#5440,#5456,#5464,.T.);
#5464 = LINE('',#5465,#5466);
#5465 = CARTESIAN_POINT('',(14.61874364029,-0.664601055239,4.2905));
#5466 = VECTOR('',#5467,1.);
#5467 = DIRECTION('',(-1.,2.22044604925E-16,0.));
#5468 = PLANE('',#5469);
#5469 = AXIS2_PLACEMENT_3D('',#5470,#5471,#5472);
#5470 = CARTESIAN_POINT('',(14.61874364029,-0.664601055239,3.7905));
#5471 = DIRECTION('',(2.22044604925E-16,1.,0.));
#5472 = DIRECTION('',(0.,-0.,1.));
#5473 = ADVANCED_FACE('',(#5474),#5508,.T.);
#5474 = FACE_BOUND('',#5475,.T.);
#5475 = EDGE_LOOP('',(#5476,#5486,#5494,#5502));
#5476 = ORIENTED_EDGE('',*,*,#5477,.F.);
#5477 = EDGE_CURVE('',#5478,#5480,#5482,.T.);
#5478 = VERTEX_POINT('',#5479);
#5479 = CARTESIAN_POINT('',(14.61874364029,-0.464601055239,3.7905));
#5480 = VERTEX_POINT('',#5481);
#5481 = CARTESIAN_POINT('',(14.61874364029,-0.464601055239,4.2905));
#5482 = LINE('',#5483,#5484);
#5483 = CARTESIAN_POINT('',(14.61874364029,-0.464601055239,3.7905));
#5484 = VECTOR('',#5485,1.);
#5485 = DIRECTION('',(0.,0.,1.));
#5486 = ORIENTED_EDGE('',*,*,#5487,.T.);
#5487 = EDGE_CURVE('',#5478,#5488,#5490,.T.);
#5488 = VERTEX_POINT('',#5489);
#5489 = CARTESIAN_POINT('',(14.11880027329,-0.464601055239,3.7905));
#5490 = LINE('',#5491,#5492);
#5491 = CARTESIAN_POINT('',(14.61874364029,-0.464601055239,3.7905));
#5492 = VECTOR('',#5493,1.);
#5493 = DIRECTION('',(-1.,2.22044604925E-16,0.));
#5494 = ORIENTED_EDGE('',*,*,#5495,.T.);
#5495 = EDGE_CURVE('',#5488,#5496,#5498,.T.);
#5496 = VERTEX_POINT('',#5497);
#5497 = CARTESIAN_POINT('',(14.11880027329,-0.464601055239,4.2905));
#5498 = LINE('',#5499,#5500);
#5499 = CARTESIAN_POINT('',(14.11880027329,-0.464601055239,3.7905));
#5500 = VECTOR('',#5501,1.);
#5501 = DIRECTION('',(0.,0.,1.));
#5502 = ORIENTED_EDGE('',*,*,#5503,.F.);
#5503 = EDGE_CURVE('',#5480,#5496,#5504,.T.);
#5504 = LINE('',#5505,#5506);
#5505 = CARTESIAN_POINT('',(14.61874364029,-0.464601055239,4.2905));
#5506 = VECTOR('',#5507,1.);
#5507 = DIRECTION('',(-1.,2.22044604925E-16,0.));
#5508 = PLANE('',#5509);
#5509 = AXIS2_PLACEMENT_3D('',#5510,#5511,#5512);
#5510 = CARTESIAN_POINT('',(14.61874364029,-0.464601055239,3.7905));
#5511 = DIRECTION('',(2.22044604925E-16,1.,0.));
#5512 = DIRECTION('',(0.,-0.,1.));
#5513 = ADVANCED_FACE('',(#5514),#5530,.F.);
#5514 = FACE_BOUND('',#5515,.F.);
#5515 = EDGE_LOOP('',(#5516,#5522,#5523,#5529));
#5516 = ORIENTED_EDGE('',*,*,#5517,.F.);
#5517 = EDGE_CURVE('',#5438,#5478,#5518,.T.);
#5518 = LINE('',#5519,#5520);
#5519 = CARTESIAN_POINT('',(14.61874364029,-0.664601055239,3.7905));
#5520 = VECTOR('',#5521,1.);
#5521 = DIRECTION('',(2.22044604925E-16,1.,0.));
#5522 = ORIENTED_EDGE('',*,*,#5437,.T.);
#5523 = ORIENTED_EDGE('',*,*,#5524,.T.);
#5524 = EDGE_CURVE('',#5440,#5480,#5525,.T.);
#5525 = LINE('',#5526,#5527);
#5526 = CARTESIAN_POINT('',(14.61874364029,-0.664601055239,4.2905));
#5527 = VECTOR('',#5528,1.);
#5528 = DIRECTION('',(2.22044604925E-16,1.,0.));
#5529 = ORIENTED_EDGE('',*,*,#5477,.F.);
#5530 = PLANE('',#5531);
#5531 = AXIS2_PLACEMENT_3D('',#5532,#5533,#5534);
#5532 = CARTESIAN_POINT('',(14.61874364029,-0.664601055239,3.7905));
#5533 = DIRECTION('',(-1.,2.22044604925E-16,0.));
#5534 = DIRECTION('',(0.,0.,1.));
#5535 = ADVANCED_FACE('',(#5536),#5552,.T.);
#5536 = FACE_BOUND('',#5537,.T.);
#5537 = EDGE_LOOP('',(#5538,#5544,#5545,#5551));
#5538 = ORIENTED_EDGE('',*,*,#5539,.F.);
#5539 = EDGE_CURVE('',#5448,#5488,#5540,.T.);
#5540 = LINE('',#5541,#5542);
#5541 = CARTESIAN_POINT('',(14.11880027329,-0.664601055239,3.7905));
#5542 = VECTOR('',#5543,1.);
#5543 = DIRECTION('',(2.22044604925E-16,1.,0.));
#5544 = ORIENTED_EDGE('',*,*,#5455,.T.);
#5545 = ORIENTED_EDGE('',*,*,#5546,.T.);
#5546 = EDGE_CURVE('',#5456,#5496,#5547,.T.);
#5547 = LINE('',#5548,#5549);
#5548 = CARTESIAN_POINT('',(14.11880027329,-0.664601055239,4.2905));
#5549 = VECTOR('',#5550,1.);
#5550 = DIRECTION('',(2.22044604925E-16,1.,0.));
#5551 = ORIENTED_EDGE('',*,*,#5495,.F.);
#5552 = PLANE('',#5553);
#5553 = AXIS2_PLACEMENT_3D('',#5554,#5555,#5556);
#5554 = CARTESIAN_POINT('',(14.11880027329,-0.664601055239,3.7905));
#5555 = DIRECTION('',(-1.,2.22044604925E-16,0.));
#5556 = DIRECTION('',(0.,0.,1.));
#5557 = ADVANCED_FACE('',(#5558),#5564,.F.);
#5558 = FACE_BOUND('',#5559,.F.);
#5559 = EDGE_LOOP('',(#5560,#5561,#5562,#5563));
#5560 = ORIENTED_EDGE('',*,*,#5447,.F.);
#5561 = ORIENTED_EDGE('',*,*,#5517,.T.);
#5562 = ORIENTED_EDGE('',*,*,#5487,.T.);
#5563 = ORIENTED_EDGE('',*,*,#5539,.F.);
#5564 = PLANE('',#5565);
#5565 = AXIS2_PLACEMENT_3D('',#5566,#5567,#5568);
#5566 = CARTESIAN_POINT('',(14.61874364029,-0.664601055239,3.7905));
#5567 = DIRECTION('',(0.,0.,1.));
#5568 = DIRECTION('',(2.22044604925E-16,1.,-0.));
#5569 = ADVANCED_FACE('',(#5570),#5576,.T.);
#5570 = FACE_BOUND('',#5571,.T.);
#5571 = EDGE_LOOP('',(#5572,#5573,#5574,#5575));
#5572 = ORIENTED_EDGE('',*,*,#5463,.F.);
#5573 = ORIENTED_EDGE('',*,*,#5524,.T.);
#5574 = ORIENTED_EDGE('',*,*,#5503,.T.);
#5575 = ORIENTED_EDGE('',*,*,#5546,.F.);
#5576 = PLANE('',#5577);
#5577 = AXIS2_PLACEMENT_3D('',#5578,#5579,#5580);
#5578 = CARTESIAN_POINT('',(14.61874364029,-0.664601055239,4.2905));
#5579 = DIRECTION('',(0.,0.,1.));
#5580 = DIRECTION('',(2.22044604925E-16,1.,-0.));
#5581 = ( GEOMETRIC_REPRESENTATION_CONTEXT(3) 
GLOBAL_UNCERTAINTY_ASSIGNED_CONTEXT((#5585)) 
GLOBAL_UNIT_ASSIGNED_CONTEXT((#5582,#5583,#5584)) REPRESENTATION_CONTEXT
('Context #1','3D Context with UNIT and UNCERTAINTY') );
#5582 = ( LENGTH_UNIT() NAMED_UNIT(*) SI_UNIT(.MILLI.,.METRE.) );
#5583 = ( NAMED_UNIT(*) PLANE_ANGLE_UNIT() SI_UNIT($,.RADIAN.) );
#5584 = ( NAMED_UNIT(*) SI_UNIT($,.STERADIAN.) SOLID_ANGLE_UNIT() );
#5585 = UNCERTAINTY_MEASURE_WITH_UNIT(LENGTH_MEASURE(1.E-07),#5582,
  'distance_accuracy_value','confusion accuracy');
#5586 = CONTEXT_DEPENDENT_SHAPE_REPRESENTATION(#5587,#5589);
#5587 = ( REPRESENTATION_RELATIONSHIP('','',#5430,#4172) 
REPRESENTATION_RELATIONSHIP_WITH_TRANSFORMATION(#5588) 
SHAPE_REPRESENTATION_RELATIONSHIP() );
#5588 = ITEM_DEFINED_TRANSFORMATION('','',#11,#4201);
#5589 = PRODUCT_DEFINITION_SHAPE('Placement','Placement of an item',
  #5590);
#5590 = NEXT_ASSEMBLY_USAGE_OCCURRENCE('20',
  'Small components, STEP envelopes007','',#4167,#5425,$);
#5591 = PRODUCT_RELATED_PRODUCT_CATEGORY('part',$,(#5427));
#5592 = SHAPE_DEFINITION_REPRESENTATION(#5593,#5599);
#5593 = PRODUCT_DEFINITION_SHAPE('','',#5594);
#5594 = PRODUCT_DEFINITION('design','',#5595,#5598);
#5595 = PRODUCT_DEFINITION_FORMATION('','',#5596);
#5596 = PRODUCT('Small components, STEP envelopes008',
  'Small components, STEP envelopes008','',(#5597));
#5597 = PRODUCT_CONTEXT('',#2,'mechanical');
#5598 = PRODUCT_DEFINITION_CONTEXT('part definition',#2,'design');
#5599 = ADVANCED_BREP_SHAPE_REPRESENTATION('',(#11,#5600),#5750);
#5600 = MANIFOLD_SOLID_BREP('',#5601);
#5601 = CLOSED_SHELL('',(#5602,#5642,#5682,#5704,#5726,#5738));
#5602 = ADVANCED_FACE('',(#5603),#5637,.F.);
#5603 = FACE_BOUND('',#5604,.F.);
#5604 = EDGE_LOOP('',(#5605,#5615,#5623,#5631));
#5605 = ORIENTED_EDGE('',*,*,#5606,.F.);
#5606 = EDGE_CURVE('',#5607,#5609,#5611,.T.);
#5607 = VERTEX_POINT('',#5608);
#5608 = CARTESIAN_POINT('',(13.461665607533,-9.358848944823,3.7905));
#5609 = VERTEX_POINT('',#5610);
#5610 = CARTESIAN_POINT('',(13.461665607533,-9.358848944823,4.0405));
#5611 = LINE('',#5612,#5613);
#5612 = CARTESIAN_POINT('',(13.461665607533,-9.358848944823,3.7905));
#5613 = VECTOR('',#5614,1.);
#5614 = DIRECTION('',(0.,0.,1.));
#5615 = ORIENTED_EDGE('',*,*,#5616,.T.);
#5616 = EDGE_CURVE('',#5607,#5617,#5619,.T.);
#5617 = VERTEX_POINT('',#5618);
#5618 = CARTESIAN_POINT('',(12.861665607533,-9.358848944823,3.7905));
#5619 = LINE('',#5620,#5621);
#5620 = CARTESIAN_POINT('',(13.461665607533,-9.358848944823,3.7905));
#5621 = VECTOR('',#5622,1.);
#5622 = DIRECTION('',(-1.,2.22044604925E-16,0.));
#5623 = ORIENTED_EDGE('',*,*,#5624,.T.);
#5624 = EDGE_CURVE('',#5617,#5625,#5627,.T.);
#5625 = VERTEX_POINT('',#5626);
#5626 = CARTESIAN_POINT('',(12.861665607533,-9.358848944823,4.0405));
#5627 = LINE('',#5628,#5629);
#5628 = CARTESIAN_POINT('',(12.861665607533,-9.358848944823,3.7905));
#5629 = VECTOR('',#5630,1.);
#5630 = DIRECTION('',(0.,0.,1.));
#5631 = ORIENTED_EDGE('',*,*,#5632,.F.);
#5632 = EDGE_CURVE('',#5609,#5625,#5633,.T.);
#5633 = LINE('',#5634,#5635);
#5634 = CARTESIAN_POINT('',(13.461665607533,-9.358848944823,4.0405));
#5635 = VECTOR('',#5636,1.);
#5636 = DIRECTION('',(-1.,2.22044604925E-16,0.));
#5637 = PLANE('',#5638);
#5638 = AXIS2_PLACEMENT_3D('',#5639,#5640,#5641);
#5639 = CARTESIAN_POINT('',(13.461665607533,-9.358848944823,3.7905));
#5640 = DIRECTION('',(2.22044604925E-16,1.,0.));
#5641 = DIRECTION('',(0.,-0.,1.));
#5642 = ADVANCED_FACE('',(#5643),#5677,.T.);
#5643 = FACE_BOUND('',#5644,.T.);
#5644 = EDGE_LOOP('',(#5645,#5655,#5663,#5671));
#5645 = ORIENTED_EDGE('',*,*,#5646,.F.);
#5646 = EDGE_CURVE('',#5647,#5649,#5651,.T.);
#5647 = VERTEX_POINT('',#5648);
#5648 = CARTESIAN_POINT('',(13.461665607533,-9.158848944823,3.7905));
#5649 = VERTEX_POINT('',#5650);
#5650 = CARTESIAN_POINT('',(13.461665607533,-9.158848944823,4.0405));
#5651 = LINE('',#5652,#5653);
#5652 = CARTESIAN_POINT('',(13.461665607533,-9.158848944823,3.7905));
#5653 = VECTOR('',#5654,1.);
#5654 = DIRECTION('',(0.,0.,1.));
#5655 = ORIENTED_EDGE('',*,*,#5656,.T.);
#5656 = EDGE_CURVE('',#5647,#5657,#5659,.T.);
#5657 = VERTEX_POINT('',#5658);
#5658 = CARTESIAN_POINT('',(12.861665607533,-9.158848944823,3.7905));
#5659 = LINE('',#5660,#5661);
#5660 = CARTESIAN_POINT('',(13.461665607533,-9.158848944823,3.7905));
#5661 = VECTOR('',#5662,1.);
#5662 = DIRECTION('',(-1.,2.22044604925E-16,0.));
#5663 = ORIENTED_EDGE('',*,*,#5664,.T.);
#5664 = EDGE_CURVE('',#5657,#5665,#5667,.T.);
#5665 = VERTEX_POINT('',#5666);
#5666 = CARTESIAN_POINT('',(12.861665607533,-9.158848944823,4.0405));
#5667 = LINE('',#5668,#5669);
#5668 = CARTESIAN_POINT('',(12.861665607533,-9.158848944823,3.7905));
#5669 = VECTOR('',#5670,1.);
#5670 = DIRECTION('',(0.,0.,1.));
#5671 = ORIENTED_EDGE('',*,*,#5672,.F.);
#5672 = EDGE_CURVE('',#5649,#5665,#5673,.T.);
#5673 = LINE('',#5674,#5675);
#5674 = CARTESIAN_POINT('',(13.461665607533,-9.158848944823,4.0405));
#5675 = VECTOR('',#5676,1.);
#5676 = DIRECTION('',(-1.,2.22044604925E-16,0.));
#5677 = PLANE('',#5678);
#5678 = AXIS2_PLACEMENT_3D('',#5679,#5680,#5681);
#5679 = CARTESIAN_POINT('',(13.461665607533,-9.158848944823,3.7905));
#5680 = DIRECTION('',(2.22044604925E-16,1.,0.));
#5681 = DIRECTION('',(0.,-0.,1.));
#5682 = ADVANCED_FACE('',(#5683),#5699,.F.);
#5683 = FACE_BOUND('',#5684,.F.);
#5684 = EDGE_LOOP('',(#5685,#5691,#5692,#5698));
#5685 = ORIENTED_EDGE('',*,*,#5686,.F.);
#5686 = EDGE_CURVE('',#5607,#5647,#5687,.T.);
#5687 = LINE('',#5688,#5689);
#5688 = CARTESIAN_POINT('',(13.461665607533,-9.358848944823,3.7905));
#5689 = VECTOR('',#5690,1.);
#5690 = DIRECTION('',(2.22044604925E-16,1.,0.));
#5691 = ORIENTED_EDGE('',*,*,#5606,.T.);
#5692 = ORIENTED_EDGE('',*,*,#5693,.T.);
#5693 = EDGE_CURVE('',#5609,#5649,#5694,.T.);
#5694 = LINE('',#5695,#5696);
#5695 = CARTESIAN_POINT('',(13.461665607533,-9.358848944823,4.0405));
#5696 = VECTOR('',#5697,1.);
#5697 = DIRECTION('',(2.22044604925E-16,1.,0.));
#5698 = ORIENTED_EDGE('',*,*,#5646,.F.);
#5699 = PLANE('',#5700);
#5700 = AXIS2_PLACEMENT_3D('',#5701,#5702,#5703);
#5701 = CARTESIAN_POINT('',(13.461665607533,-9.358848944823,3.7905));
#5702 = DIRECTION('',(-1.,2.22044604925E-16,0.));
#5703 = DIRECTION('',(0.,0.,1.));
#5704 = ADVANCED_FACE('',(#5705),#5721,.T.);
#5705 = FACE_BOUND('',#5706,.T.);
#5706 = EDGE_LOOP('',(#5707,#5713,#5714,#5720));
#5707 = ORIENTED_EDGE('',*,*,#5708,.F.);
#5708 = EDGE_CURVE('',#5617,#5657,#5709,.T.);
#5709 = LINE('',#5710,#5711);
#5710 = CARTESIAN_POINT('',(12.861665607533,-9.358848944823,3.7905));
#5711 = VECTOR('',#5712,1.);
#5712 = DIRECTION('',(2.22044604925E-16,1.,0.));
#5713 = ORIENTED_EDGE('',*,*,#5624,.T.);
#5714 = ORIENTED_EDGE('',*,*,#5715,.T.);
#5715 = EDGE_CURVE('',#5625,#5665,#5716,.T.);
#5716 = LINE('',#5717,#5718);
#5717 = CARTESIAN_POINT('',(12.861665607533,-9.358848944823,4.0405));
#5718 = VECTOR('',#5719,1.);
#5719 = DIRECTION('',(2.22044604925E-16,1.,0.));
#5720 = ORIENTED_EDGE('',*,*,#5664,.F.);
#5721 = PLANE('',#5722);
#5722 = AXIS2_PLACEMENT_3D('',#5723,#5724,#5725);
#5723 = CARTESIAN_POINT('',(12.861665607533,-9.358848944823,3.7905));
#5724 = DIRECTION('',(-1.,2.22044604925E-16,0.));
#5725 = DIRECTION('',(0.,0.,1.));
#5726 = ADVANCED_FACE('',(#5727),#5733,.F.);
#5727 = FACE_BOUND('',#5728,.F.);
#5728 = EDGE_LOOP('',(#5729,#5730,#5731,#5732));
#5729 = ORIENTED_EDGE('',*,*,#5616,.F.);
#5730 = ORIENTED_EDGE('',*,*,#5686,.T.);
#5731 = ORIENTED_EDGE('',*,*,#5656,.T.);
#5732 = ORIENTED_EDGE('',*,*,#5708,.F.);
#5733 = PLANE('',#5734);
#5734 = AXIS2_PLACEMENT_3D('',#5735,#5736,#5737);
#5735 = CARTESIAN_POINT('',(13.461665607533,-9.358848944823,3.7905));
#5736 = DIRECTION('',(0.,0.,1.));
#5737 = DIRECTION('',(2.22044604925E-16,1.,-0.));
#5738 = ADVANCED_FACE('',(#5739),#5745,.T.);
#5739 = FACE_BOUND('',#5740,.T.);
#5740 = EDGE_LOOP('',(#5741,#5742,#5743,#5744));
#5741 = ORIENTED_EDGE('',*,*,#5632,.F.);
#5742 = ORIENTED_EDGE('',*,*,#5693,.T.);
#5743 = ORIENTED_EDGE('',*,*,#5672,.T.);
#5744 = ORIENTED_EDGE('',*,*,#5715,.F.);
#5745 = PLANE('',#5746);
#5746 = AXIS2_PLACEMENT_3D('',#5747,#5748,#5749);
#5747 = CARTESIAN_POINT('',(13.461665607533,-9.358848944823,4.0405));
#5748 = DIRECTION('',(0.,0.,1.));
#5749 = DIRECTION('',(2.22044604925E-16,1.,-0.));
#5750 = ( GEOMETRIC_REPRESENTATION_CONTEXT(3) 
GLOBAL_UNCERTAINTY_ASSIGNED_CONTEXT((#5754)) 
GLOBAL_UNIT_ASSIGNED_CONTEXT((#5751,#5752,#5753)) REPRESENTATION_CONTEXT
('Context #1','3D Context with UNIT and UNCERTAINTY') );
#5751 = ( LENGTH_UNIT() NAMED_UNIT(*) SI_UNIT(.MILLI.,.METRE.) );
#5752 = ( NAMED_UNIT(*) PLANE_ANGLE_UNIT() SI_UNIT($,.RADIAN.) );
#5753 = ( NAMED_UNIT(*) SI_UNIT($,.STERADIAN.) SOLID_ANGLE_UNIT() );
#5754 = UNCERTAINTY_MEASURE_WITH_UNIT(LENGTH_MEASURE(1.E-07),#5751,
  'distance_accuracy_value','confusion accuracy');
#5755 = CONTEXT_DEPENDENT_SHAPE_REPRESENTATION(#5756,#5758);
#5756 = ( REPRESENTATION_RELATIONSHIP('','',#5599,#4172) 
REPRESENTATION_RELATIONSHIP_WITH_TRANSFORMATION(#5757) 
SHAPE_REPRESENTATION_RELATIONSHIP() );
#5757 = ITEM_DEFINED_TRANSFORMATION('','',#11,#4205);
#5758 = PRODUCT_DEFINITION_SHAPE('Placement','Placement of an item',
  #5759);
#5759 = NEXT_ASSEMBLY_USAGE_OCCURRENCE('21',
  'Small components, STEP envelopes008','',#4167,#5594,$);
#5760 = PRODUCT_RELATED_PRODUCT_CATEGORY('part',$,(#5596));
#5761 = SHAPE_DEFINITION_REPRESENTATION(#5762,#5768);
#5762 = PRODUCT_DEFINITION_SHAPE('','',#5763);
#5763 = PRODUCT_DEFINITION('design','',#5764,#5767);
#5764 = PRODUCT_DEFINITION_FORMATION('','',#5765);
#5765 = PRODUCT('Small components, STEP envelopes009',
  'Small components, STEP envelopes009','',(#5766));
#5766 = PRODUCT_CONTEXT('',#2,'mechanical');
#5767 = PRODUCT_DEFINITION_CONTEXT('part definition',#2,'design');
#5768 = ADVANCED_BREP_SHAPE_REPRESENTATION('',(#11,#5769),#5919);
#5769 = MANIFOLD_SOLID_BREP('',#5770);
#5770 = CLOSED_SHELL('',(#5771,#5811,#5851,#5873,#5895,#5907));
#5771 = ADVANCED_FACE('',(#5772),#5806,.F.);
#5772 = FACE_BOUND('',#5773,.F.);
#5773 = EDGE_LOOP('',(#5774,#5784,#5792,#5800));
#5774 = ORIENTED_EDGE('',*,*,#5775,.F.);
#5775 = EDGE_CURVE('',#5776,#5778,#5780,.T.);
#5776 = VERTEX_POINT('',#5777);
#5777 = CARTESIAN_POINT('',(10.564544740256,-9.358848944823,3.7905));
#5778 = VERTEX_POINT('',#5779);
#5779 = CARTESIAN_POINT('',(10.564544740256,-9.358848944823,4.0405));
#5780 = LINE('',#5781,#5782);
#5781 = CARTESIAN_POINT('',(10.564544740256,-9.358848944823,3.7905));
#5782 = VECTOR('',#5783,1.);
#5783 = DIRECTION('',(0.,0.,1.));
#5784 = ORIENTED_EDGE('',*,*,#5785,.T.);
#5785 = EDGE_CURVE('',#5776,#5786,#5788,.T.);
#5786 = VERTEX_POINT('',#5787);
#5787 = CARTESIAN_POINT('',(9.964544740256,-9.358848944823,3.7905));
#5788 = LINE('',#5789,#5790);
#5789 = CARTESIAN_POINT('',(10.564544740256,-9.358848944823,3.7905));
#5790 = VECTOR('',#5791,1.);
#5791 = DIRECTION('',(-1.,2.22044604925E-16,0.));
#5792 = ORIENTED_EDGE('',*,*,#5793,.T.);
#5793 = EDGE_CURVE('',#5786,#5794,#5796,.T.);
#5794 = VERTEX_POINT('',#5795);
#5795 = CARTESIAN_POINT('',(9.964544740256,-9.358848944823,4.0405));
#5796 = LINE('',#5797,#5798);
#5797 = CARTESIAN_POINT('',(9.964544740256,-9.358848944823,3.7905));
#5798 = VECTOR('',#5799,1.);
#5799 = DIRECTION('',(0.,0.,1.));
#5800 = ORIENTED_EDGE('',*,*,#5801,.F.);
#5801 = EDGE_CURVE('',#5778,#5794,#5802,.T.);
#5802 = LINE('',#5803,#5804);
#5803 = CARTESIAN_POINT('',(10.564544740256,-9.358848944823,4.0405));
#5804 = VECTOR('',#5805,1.);
#5805 = DIRECTION('',(-1.,2.22044604925E-16,0.));
#5806 = PLANE('',#5807);
#5807 = AXIS2_PLACEMENT_3D('',#5808,#5809,#5810);
#5808 = CARTESIAN_POINT('',(10.564544740256,-9.358848944823,3.7905));
#5809 = DIRECTION('',(2.22044604925E-16,1.,0.));
#5810 = DIRECTION('',(0.,-0.,1.));
#5811 = ADVANCED_FACE('',(#5812),#5846,.T.);
#5812 = FACE_BOUND('',#5813,.T.);
#5813 = EDGE_LOOP('',(#5814,#5824,#5832,#5840));
#5814 = ORIENTED_EDGE('',*,*,#5815,.F.);
#5815 = EDGE_CURVE('',#5816,#5818,#5820,.T.);
#5816 = VERTEX_POINT('',#5817);
#5817 = CARTESIAN_POINT('',(10.564544740256,-9.158848944823,3.7905));
#5818 = VERTEX_POINT('',#5819);
#5819 = CARTESIAN_POINT('',(10.564544740256,-9.158848944823,4.0405));
#5820 = LINE('',#5821,#5822);
#5821 = CARTESIAN_POINT('',(10.564544740256,-9.158848944823,3.7905));
#5822 = VECTOR('',#5823,1.);
#5823 = DIRECTION('',(0.,0.,1.));
#5824 = ORIENTED_EDGE('',*,*,#5825,.T.);
#5825 = EDGE_CURVE('',#5816,#5826,#5828,.T.);
#5826 = VERTEX_POINT('',#5827);
#5827 = CARTESIAN_POINT('',(9.964544740256,-9.158848944823,3.7905));
#5828 = LINE('',#5829,#5830);
#5829 = CARTESIAN_POINT('',(10.564544740256,-9.158848944823,3.7905));
#5830 = VECTOR('',#5831,1.);
#5831 = DIRECTION('',(-1.,2.22044604925E-16,0.));
#5832 = ORIENTED_EDGE('',*,*,#5833,.T.);
#5833 = EDGE_CURVE('',#5826,#5834,#5836,.T.);
#5834 = VERTEX_POINT('',#5835);
#5835 = CARTESIAN_POINT('',(9.964544740256,-9.158848944823,4.0405));
#5836 = LINE('',#5837,#5838);
#5837 = CARTESIAN_POINT('',(9.964544740256,-9.158848944823,3.7905));
#5838 = VECTOR('',#5839,1.);
#5839 = DIRECTION('',(0.,0.,1.));
#5840 = ORIENTED_EDGE('',*,*,#5841,.F.);
#5841 = EDGE_CURVE('',#5818,#5834,#5842,.T.);
#5842 = LINE('',#5843,#5844);
#5843 = CARTESIAN_POINT('',(10.564544740256,-9.158848944823,4.0405));
#5844 = VECTOR('',#5845,1.);
#5845 = DIRECTION('',(-1.,2.22044604925E-16,0.));
#5846 = PLANE('',#5847);
#5847 = AXIS2_PLACEMENT_3D('',#5848,#5849,#5850);
#5848 = CARTESIAN_POINT('',(10.564544740256,-9.158848944823,3.7905));
#5849 = DIRECTION('',(2.22044604925E-16,1.,0.));
#5850 = DIRECTION('',(0.,-0.,1.));
#5851 = ADVANCED_FACE('',(#5852),#5868,.F.);
#5852 = FACE_BOUND('',#5853,.F.);
#5853 = EDGE_LOOP('',(#5854,#5860,#5861,#5867));
#5854 = ORIENTED_EDGE('',*,*,#5855,.F.);
#5855 = EDGE_CURVE('',#5776,#5816,#5856,.T.);
#5856 = LINE('',#5857,#5858);
#5857 = CARTESIAN_POINT('',(10.564544740256,-9.358848944823,3.7905));
#5858 = VECTOR('',#5859,1.);
#5859 = DIRECTION('',(2.22044604925E-16,1.,0.));
#5860 = ORIENTED_EDGE('',*,*,#5775,.T.);
#5861 = ORIENTED_EDGE('',*,*,#5862,.T.);
#5862 = EDGE_CURVE('',#5778,#5818,#5863,.T.);
#5863 = LINE('',#5864,#5865);
#5864 = CARTESIAN_POINT('',(10.564544740256,-9.358848944823,4.0405));
#5865 = VECTOR('',#5866,1.);
#5866 = DIRECTION('',(2.22044604925E-16,1.,0.));
#5867 = ORIENTED_EDGE('',*,*,#5815,.F.);
#5868 = PLANE('',#5869);
#5869 = AXIS2_PLACEMENT_3D('',#5870,#5871,#5872);
#5870 = CARTESIAN_POINT('',(10.564544740256,-9.358848944823,3.7905));
#5871 = DIRECTION('',(-1.,2.22044604925E-16,0.));
#5872 = DIRECTION('',(0.,0.,1.));
#5873 = ADVANCED_FACE('',(#5874),#5890,.T.);
#5874 = FACE_BOUND('',#5875,.T.);
#5875 = EDGE_LOOP('',(#5876,#5882,#5883,#5889));
#5876 = ORIENTED_EDGE('',*,*,#5877,.F.);
#5877 = EDGE_CURVE('',#5786,#5826,#5878,.T.);
#5878 = LINE('',#5879,#5880);
#5879 = CARTESIAN_POINT('',(9.964544740256,-9.358848944823,3.7905));
#5880 = VECTOR('',#5881,1.);
#5881 = DIRECTION('',(2.22044604925E-16,1.,0.));
#5882 = ORIENTED_EDGE('',*,*,#5793,.T.);
#5883 = ORIENTED_EDGE('',*,*,#5884,.T.);
#5884 = EDGE_CURVE('',#5794,#5834,#5885,.T.);
#5885 = LINE('',#5886,#5887);
#5886 = CARTESIAN_POINT('',(9.964544740256,-9.358848944823,4.0405));
#5887 = VECTOR('',#5888,1.);
#5888 = DIRECTION('',(2.22044604925E-16,1.,0.));
#5889 = ORIENTED_EDGE('',*,*,#5833,.F.);
#5890 = PLANE('',#5891);
#5891 = AXIS2_PLACEMENT_3D('',#5892,#5893,#5894);
#5892 = CARTESIAN_POINT('',(9.964544740256,-9.358848944823,3.7905));
#5893 = DIRECTION('',(-1.,2.22044604925E-16,0.));
#5894 = DIRECTION('',(0.,0.,1.));
#5895 = ADVANCED_FACE('',(#5896),#5902,.F.);
#5896 = FACE_BOUND('',#5897,.F.);
#5897 = EDGE_LOOP('',(#5898,#5899,#5900,#5901));
#5898 = ORIENTED_EDGE('',*,*,#5785,.F.);
#5899 = ORIENTED_EDGE('',*,*,#5855,.T.);
#5900 = ORIENTED_EDGE('',*,*,#5825,.T.);
#5901 = ORIENTED_EDGE('',*,*,#5877,.F.);
#5902 = PLANE('',#5903);
#5903 = AXIS2_PLACEMENT_3D('',#5904,#5905,#5906);
#5904 = CARTESIAN_POINT('',(10.564544740256,-9.358848944823,3.7905));
#5905 = DIRECTION('',(0.,0.,1.));
#5906 = DIRECTION('',(2.22044604925E-16,1.,-0.));
#5907 = ADVANCED_FACE('',(#5908),#5914,.T.);
#5908 = FACE_BOUND('',#5909,.T.);
#5909 = EDGE_LOOP('',(#5910,#5911,#5912,#5913));
#5910 = ORIENTED_EDGE('',*,*,#5801,.F.);
#5911 = ORIENTED_EDGE('',*,*,#5862,.T.);
#5912 = ORIENTED_EDGE('',*,*,#5841,.T.);
#5913 = ORIENTED_EDGE('',*,*,#5884,.F.);
#5914 = PLANE('',#5915);
#5915 = AXIS2_PLACEMENT_3D('',#5916,#5917,#5918);
#5916 = CARTESIAN_POINT('',(10.564544740256,-9.358848944823,4.0405));
#5917 = DIRECTION('',(0.,0.,1.));
#5918 = DIRECTION('',(2.22044604925E-16,1.,-0.));
#5919 = ( GEOMETRIC_REPRESENTATION_CONTEXT(3) 
GLOBAL_UNCERTAINTY_ASSIGNED_CONTEXT((#5923)) 
GLOBAL_UNIT_ASSIGNED_CONTEXT((#5920,#5921,#5922)) REPRESENTATION_CONTEXT
('Context #1','3D Context with UNIT and UNCERTAINTY') );
#5920 = ( LENGTH_UNIT() NAMED_UNIT(*) SI_UNIT(.MILLI.,.METRE.) );
#5921 = ( NAMED_UNIT(*) PLANE_ANGLE_UNIT() SI_UNIT($,.RADIAN.) );
#5922 = ( NAMED_UNIT(*) SI_UNIT($,.STERADIAN.) SOLID_ANGLE_UNIT() );
#5923 = UNCERTAINTY_MEASURE_WITH_UNIT(LENGTH_MEASURE(1.E-07),#5920,
  'distance_accuracy_value','confusion accuracy');
#5924 = CONTEXT_DEPENDENT_SHAPE_REPRESENTATION(#5925,#5927);
#5925 = ( REPRESENTATION_RELATIONSHIP('','',#5768,#4172) 
REPRESENTATION_RELATIONSHIP_WITH_TRANSFORMATION(#5926) 
SHAPE_REPRESENTATION_RELATIONSHIP() );
#5926 = ITEM_DEFINED_TRANSFORMATION('','',#11,#4209);
#5927 = PRODUCT_DEFINITION_SHAPE('Placement','Placement of an item',
  #5928);
#5928 = NEXT_ASSEMBLY_USAGE_OCCURRENCE('22',
  'Small components, STEP envelopes009','',#4167,#5763,$);
#5929 = PRODUCT_RELATED_PRODUCT_CATEGORY('part',$,(#5765));
#5930 = SHAPE_DEFINITION_REPRESENTATION(#5931,#5937);
#5931 = PRODUCT_DEFINITION_SHAPE('','',#5932);
#5932 = PRODUCT_DEFINITION('design','',#5933,#5936);
#5933 = PRODUCT_DEFINITION_FORMATION('','',#5934);
#5934 = PRODUCT('Small components, STEP envelopes010',
  'Small components, STEP envelopes010','',(#5935));
#5935 = PRODUCT_CONTEXT('',#2,'mechanical');
#5936 = PRODUCT_DEFINITION_CONTEXT('part definition',#2,'design');
#5937 = ADVANCED_BREP_SHAPE_REPRESENTATION('',(#11,#5938),#6088);
#5938 = MANIFOLD_SOLID_BREP('',#5939);
#5939 = CLOSED_SHELL('',(#5940,#5980,#6020,#6042,#6064,#6076));
#5940 = ADVANCED_FACE('',(#5941),#5975,.F.);
#5941 = FACE_BOUND('',#5942,.F.);
#5942 = EDGE_LOOP('',(#5943,#5953,#5961,#5969));
#5943 = ORIENTED_EDGE('',*,*,#5944,.F.);
#5944 = EDGE_CURVE('',#5945,#5947,#5949,.T.);
#5945 = VERTEX_POINT('',#5946);
#5946 = CARTESIAN_POINT('',(13.461665607533,-8.294247162425,3.7905));
#5947 = VERTEX_POINT('',#5948);
#5948 = CARTESIAN_POINT('',(13.461665607533,-8.294247162425,4.0405));
#5949 = LINE('',#5950,#5951);
#5950 = CARTESIAN_POINT('',(13.461665607533,-8.294247162425,3.7905));
#5951 = VECTOR('',#5952,1.);
#5952 = DIRECTION('',(0.,0.,1.));
#5953 = ORIENTED_EDGE('',*,*,#5954,.T.);
#5954 = EDGE_CURVE('',#5945,#5955,#5957,.T.);
#5955 = VERTEX_POINT('',#5956);
#5956 = CARTESIAN_POINT('',(12.861665607533,-8.294247162425,3.7905));
#5957 = LINE('',#5958,#5959);
#5958 = CARTESIAN_POINT('',(13.461665607533,-8.294247162425,3.7905));
#5959 = VECTOR('',#5960,1.);
#5960 = DIRECTION('',(-1.,2.22044604925E-16,0.));
#5961 = ORIENTED_EDGE('',*,*,#5962,.T.);
#5962 = EDGE_CURVE('',#5955,#5963,#5965,.T.);
#5963 = VERTEX_POINT('',#5964);
#5964 = CARTESIAN_POINT('',(12.861665607533,-8.294247162425,4.0405));
#5965 = LINE('',#5966,#5967);
#5966 = CARTESIAN_POINT('',(12.861665607533,-8.294247162425,3.7905));
#5967 = VECTOR('',#5968,1.);
#5968 = DIRECTION('',(0.,0.,1.));
#5969 = ORIENTED_EDGE('',*,*,#5970,.F.);
#5970 = EDGE_CURVE('',#5947,#5963,#5971,.T.);
#5971 = LINE('',#5972,#5973);
#5972 = CARTESIAN_POINT('',(13.461665607533,-8.294247162425,4.0405));
#5973 = VECTOR('',#5974,1.);
#5974 = DIRECTION('',(-1.,2.22044604925E-16,0.));
#5975 = PLANE('',#5976);
#5976 = AXIS2_PLACEMENT_3D('',#5977,#5978,#5979);
#5977 = CARTESIAN_POINT('',(13.461665607533,-8.294247162425,3.7905));
#5978 = DIRECTION('',(2.22044604925E-16,1.,0.));
#5979 = DIRECTION('',(0.,-0.,1.));
#5980 = ADVANCED_FACE('',(#5981),#6015,.T.);
#5981 = FACE_BOUND('',#5982,.T.);
#5982 = EDGE_LOOP('',(#5983,#5993,#6001,#6009));
#5983 = ORIENTED_EDGE('',*,*,#5984,.F.);
#5984 = EDGE_CURVE('',#5985,#5987,#5989,.T.);
#5985 = VERTEX_POINT('',#5986);
#5986 = CARTESIAN_POINT('',(13.461665607533,-8.094247162425,3.7905));
#5987 = VERTEX_POINT('',#5988);
#5988 = CARTESIAN_POINT('',(13.461665607533,-8.094247162425,4.0405));
#5989 = LINE('',#5990,#5991);
#5990 = CARTESIAN_POINT('',(13.461665607533,-8.094247162425,3.7905));
#5991 = VECTOR('',#5992,1.);
#5992 = DIRECTION('',(0.,0.,1.));
#5993 = ORIENTED_EDGE('',*,*,#5994,.T.);
#5994 = EDGE_CURVE('',#5985,#5995,#5997,.T.);
#5995 = VERTEX_POINT('',#5996);
#5996 = CARTESIAN_POINT('',(12.861665607533,-8.094247162425,3.7905));
#5997 = LINE('',#5998,#5999);
#5998 = CARTESIAN_POINT('',(13.461665607533,-8.094247162425,3.7905));
#5999 = VECTOR('',#6000,1.);
#6000 = DIRECTION('',(-1.,2.22044604925E-16,0.));
#6001 = ORIENTED_EDGE('',*,*,#6002,.T.);
#6002 = EDGE_CURVE('',#5995,#6003,#6005,.T.);
#6003 = VERTEX_POINT('',#6004);
#6004 = CARTESIAN_POINT('',(12.861665607533,-8.094247162425,4.0405));
#6005 = LINE('',#6006,#6007);
#6006 = CARTESIAN_POINT('',(12.861665607533,-8.094247162425,3.7905));
#6007 = VECTOR('',#6008,1.);
#6008 = DIRECTION('',(0.,0.,1.));
#6009 = ORIENTED_EDGE('',*,*,#6010,.F.);
#6010 = EDGE_CURVE('',#5987,#6003,#6011,.T.);
#6011 = LINE('',#6012,#6013);
#6012 = CARTESIAN_POINT('',(13.461665607533,-8.094247162425,4.0405));
#6013 = VECTOR('',#6014,1.);
#6014 = DIRECTION('',(-1.,2.22044604925E-16,0.));
#6015 = PLANE('',#6016);
#6016 = AXIS2_PLACEMENT_3D('',#6017,#6018,#6019);
#6017 = CARTESIAN_POINT('',(13.461665607533,-8.094247162425,3.7905));
#6018 = DIRECTION('',(2.22044604925E-16,1.,0.));
#6019 = DIRECTION('',(0.,-0.,1.));
#6020 = ADVANCED_FACE('',(#6021),#6037,.F.);
#6021 = FACE_BOUND('',#6022,.F.);
#6022 = EDGE_LOOP('',(#6023,#6029,#6030,#6036));
#6023 = ORIENTED_EDGE('',*,*,#6024,.F.);
#6024 = EDGE_CURVE('',#5945,#5985,#6025,.T.);
#6025 = LINE('',#6026,#6027);
#6026 = CARTESIAN_POINT('',(13.461665607533,-8.294247162425,3.7905));
#6027 = VECTOR('',#6028,1.);
#6028 = DIRECTION('',(2.22044604925E-16,1.,0.));
#6029 = ORIENTED_EDGE('',*,*,#5944,.T.);
#6030 = ORIENTED_EDGE('',*,*,#6031,.T.);
#6031 = EDGE_CURVE('',#5947,#5987,#6032,.T.);
#6032 = LINE('',#6033,#6034);
#6033 = CARTESIAN_POINT('',(13.461665607533,-8.294247162425,4.0405));
#6034 = VECTOR('',#6035,1.);
#6035 = DIRECTION('',(2.22044604925E-16,1.,0.));
#6036 = ORIENTED_EDGE('',*,*,#5984,.F.);
#6037 = PLANE('',#6038);
#6038 = AXIS2_PLACEMENT_3D('',#6039,#6040,#6041);
#6039 = CARTESIAN_POINT('',(13.461665607533,-8.294247162425,3.7905));
#6040 = DIRECTION('',(-1.,2.22044604925E-16,0.));
#6041 = DIRECTION('',(0.,0.,1.));
#6042 = ADVANCED_FACE('',(#6043),#6059,.T.);
#6043 = FACE_BOUND('',#6044,.T.);
#6044 = EDGE_LOOP('',(#6045,#6051,#6052,#6058));
#6045 = ORIENTED_EDGE('',*,*,#6046,.F.);
#6046 = EDGE_CURVE('',#5955,#5995,#6047,.T.);
#6047 = LINE('',#6048,#6049);
#6048 = CARTESIAN_POINT('',(12.861665607533,-8.294247162425,3.7905));
#6049 = VECTOR('',#6050,1.);
#6050 = DIRECTION('',(2.22044604925E-16,1.,0.));
#6051 = ORIENTED_EDGE('',*,*,#5962,.T.);
#6052 = ORIENTED_EDGE('',*,*,#6053,.T.);
#6053 = EDGE_CURVE('',#5963,#6003,#6054,.T.);
#6054 = LINE('',#6055,#6056);
#6055 = CARTESIAN_POINT('',(12.861665607533,-8.294247162425,4.0405));
#6056 = VECTOR('',#6057,1.);
#6057 = DIRECTION('',(2.22044604925E-16,1.,0.));
#6058 = ORIENTED_EDGE('',*,*,#6002,.F.);
#6059 = PLANE('',#6060);
#6060 = AXIS2_PLACEMENT_3D('',#6061,#6062,#6063);
#6061 = CARTESIAN_POINT('',(12.861665607533,-8.294247162425,3.7905));
#6062 = DIRECTION('',(-1.,2.22044604925E-16,0.));
#6063 = DIRECTION('',(0.,0.,1.));
#6064 = ADVANCED_FACE('',(#6065),#6071,.F.);
#6065 = FACE_BOUND('',#6066,.F.);
#6066 = EDGE_LOOP('',(#6067,#6068,#6069,#6070));
#6067 = ORIENTED_EDGE('',*,*,#5954,.F.);
#6068 = ORIENTED_EDGE('',*,*,#6024,.T.);
#6069 = ORIENTED_EDGE('',*,*,#5994,.T.);
#6070 = ORIENTED_EDGE('',*,*,#6046,.F.);
#6071 = PLANE('',#6072);
#6072 = AXIS2_PLACEMENT_3D('',#6073,#6074,#6075);
#6073 = CARTESIAN_POINT('',(13.461665607533,-8.294247162425,3.7905));
#6074 = DIRECTION('',(0.,0.,1.));
#6075 = DIRECTION('',(2.22044604925E-16,1.,-0.));
#6076 = ADVANCED_FACE('',(#6077),#6083,.T.);
#6077 = FACE_BOUND('',#6078,.T.);
#6078 = EDGE_LOOP('',(#6079,#6080,#6081,#6082));
#6079 = ORIENTED_EDGE('',*,*,#5970,.F.);
#6080 = ORIENTED_EDGE('',*,*,#6031,.T.);
#6081 = ORIENTED_EDGE('',*,*,#6010,.T.);
#6082 = ORIENTED_EDGE('',*,*,#6053,.F.);
#6083 = PLANE('',#6084);
#6084 = AXIS2_PLACEMENT_3D('',#6085,#6086,#6087);
#6085 = CARTESIAN_POINT('',(13.461665607533,-8.294247162425,4.0405));
#6086 = DIRECTION('',(0.,0.,1.));
#6087 = DIRECTION('',(2.22044604925E-16,1.,-0.));
#6088 = ( GEOMETRIC_REPRESENTATION_CONTEXT(3) 
GLOBAL_UNCERTAINTY_ASSIGNED_CONTEXT((#6092)) 
GLOBAL_UNIT_ASSIGNED_CONTEXT((#6089,#6090,#6091)) REPRESENTATION_CONTEXT
('Context #1','3D Context with UNIT and UNCERTAINTY') );
#6089 = ( LENGTH_UNIT() NAMED_UNIT(*) SI_UNIT(.MILLI.,.METRE.) );
#6090 = ( NAMED_UNIT(*) PLANE_ANGLE_UNIT() SI_UNIT($,.RADIAN.) );
#6091 = ( NAMED_UNIT(*) SI_UNIT($,.STERADIAN.) SOLID_ANGLE_UNIT() );
#6092 = UNCERTAINTY_MEASURE_WITH_UNIT(LENGTH_MEASURE(1.E-07),#6089,
  'distance_accuracy_value','confusion accuracy');
#6093 = CONTEXT_DEPENDENT_SHAPE_REPRESENTATION(#6094,#6096);
#6094 = ( REPRESENTATION_RELATIONSHIP('','',#5937,#4172) 
REPRESENTATION_RELATIONSHIP_WITH_TRANSFORMATION(#6095) 
SHAPE_REPRESENTATION_RELATIONSHIP() );
#6095 = ITEM_DEFINED_TRANSFORMATION('','',#11,#4213);
#6096 = PRODUCT_DEFINITION_SHAPE('Placement','Placement of an item',
  #6097);
#6097 = NEXT_ASSEMBLY_USAGE_OCCURRENCE('23',
  'Small components, STEP envelopes010','',#4167,#5932,$);
#6098 = PRODUCT_RELATED_PRODUCT_CATEGORY('part',$,(#5934));
#6099 = SHAPE_DEFINITION_REPRESENTATION(#6100,#6106);
#6100 = PRODUCT_DEFINITION_SHAPE('','',#6101);
#6101 = PRODUCT_DEFINITION('design','',#6102,#6105);
#6102 = PRODUCT_DEFINITION_FORMATION('','',#6103);
#6103 = PRODUCT('Small components, STEP envelopes011',
  'Small components, STEP envelopes011','',(#6104));
#6104 = PRODUCT_CONTEXT('',#2,'mechanical');
#6105 = PRODUCT_DEFINITION_CONTEXT('part definition',#2,'design');
#6106 = ADVANCED_BREP_SHAPE_REPRESENTATION('',(#11,#6107),#6257);
#6107 = MANIFOLD_SOLID_BREP('',#6108);
#6108 = CLOSED_SHELL('',(#6109,#6149,#6189,#6211,#6233,#6245));
#6109 = ADVANCED_FACE('',(#6110),#6144,.F.);
#6110 = FACE_BOUND('',#6111,.F.);
#6111 = EDGE_LOOP('',(#6112,#6122,#6130,#6138));
#6112 = ORIENTED_EDGE('',*,*,#6113,.F.);
#6113 = EDGE_CURVE('',#6114,#6116,#6118,.T.);
#6114 = VERTEX_POINT('',#6115);
#6115 = CARTESIAN_POINT('',(10.564544740256,-8.294247162425,3.7905));
#6116 = VERTEX_POINT('',#6117);
#6117 = CARTESIAN_POINT('',(10.564544740256,-8.294247162425,4.0405));
#6118 = LINE('',#6119,#6120);
#6119 = CARTESIAN_POINT('',(10.564544740256,-8.294247162425,3.7905));
#6120 = VECTOR('',#6121,1.);
#6121 = DIRECTION('',(0.,0.,1.));
#6122 = ORIENTED_EDGE('',*,*,#6123,.T.);
#6123 = EDGE_CURVE('',#6114,#6124,#6126,.T.);
#6124 = VERTEX_POINT('',#6125);
#6125 = CARTESIAN_POINT('',(9.964544740256,-8.294247162425,3.7905));
#6126 = LINE('',#6127,#6128);
#6127 = CARTESIAN_POINT('',(10.564544740256,-8.294247162425,3.7905));
#6128 = VECTOR('',#6129,1.);
#6129 = DIRECTION('',(-1.,2.22044604925E-16,0.));
#6130 = ORIENTED_EDGE('',*,*,#6131,.T.);
#6131 = EDGE_CURVE('',#6124,#6132,#6134,.T.);
#6132 = VERTEX_POINT('',#6133);
#6133 = CARTESIAN_POINT('',(9.964544740256,-8.294247162425,4.0405));
#6134 = LINE('',#6135,#6136);
#6135 = CARTESIAN_POINT('',(9.964544740256,-8.294247162425,3.7905));
#6136 = VECTOR('',#6137,1.);
#6137 = DIRECTION('',(0.,0.,1.));
#6138 = ORIENTED_EDGE('',*,*,#6139,.F.);
#6139 = EDGE_CURVE('',#6116,#6132,#6140,.T.);
#6140 = LINE('',#6141,#6142);
#6141 = CARTESIAN_POINT('',(10.564544740256,-8.294247162425,4.0405));
#6142 = VECTOR('',#6143,1.);
#6143 = DIRECTION('',(-1.,2.22044604925E-16,0.));
#6144 = PLANE('',#6145);
#6145 = AXIS2_PLACEMENT_3D('',#6146,#6147,#6148);
#6146 = CARTESIAN_POINT('',(10.564544740256,-8.294247162425,3.7905));
#6147 = DIRECTION('',(2.22044604925E-16,1.,0.));
#6148 = DIRECTION('',(0.,-0.,1.));
#6149 = ADVANCED_FACE('',(#6150),#6184,.T.);
#6150 = FACE_BOUND('',#6151,.T.);
#6151 = EDGE_LOOP('',(#6152,#6162,#6170,#6178));
#6152 = ORIENTED_EDGE('',*,*,#6153,.F.);
#6153 = EDGE_CURVE('',#6154,#6156,#6158,.T.);
#6154 = VERTEX_POINT('',#6155);
#6155 = CARTESIAN_POINT('',(10.564544740256,-8.094247162425,3.7905));
#6156 = VERTEX_POINT('',#6157);
#6157 = CARTESIAN_POINT('',(10.564544740256,-8.094247162425,4.0405));
#6158 = LINE('',#6159,#6160);
#6159 = CARTESIAN_POINT('',(10.564544740256,-8.094247162425,3.7905));
#6160 = VECTOR('',#6161,1.);
#6161 = DIRECTION('',(0.,0.,1.));
#6162 = ORIENTED_EDGE('',*,*,#6163,.T.);
#6163 = EDGE_CURVE('',#6154,#6164,#6166,.T.);
#6164 = VERTEX_POINT('',#6165);
#6165 = CARTESIAN_POINT('',(9.964544740256,-8.094247162425,3.7905));
#6166 = LINE('',#6167,#6168);
#6167 = CARTESIAN_POINT('',(10.564544740256,-8.094247162425,3.7905));
#6168 = VECTOR('',#6169,1.);
#6169 = DIRECTION('',(-1.,2.22044604925E-16,0.));
#6170 = ORIENTED_EDGE('',*,*,#6171,.T.);
#6171 = EDGE_CURVE('',#6164,#6172,#6174,.T.);
#6172 = VERTEX_POINT('',#6173);
#6173 = CARTESIAN_POINT('',(9.964544740256,-8.094247162425,4.0405));
#6174 = LINE('',#6175,#6176);
#6175 = CARTESIAN_POINT('',(9.964544740256,-8.094247162425,3.7905));
#6176 = VECTOR('',#6177,1.);
#6177 = DIRECTION('',(0.,0.,1.));
#6178 = ORIENTED_EDGE('',*,*,#6179,.F.);
#6179 = EDGE_CURVE('',#6156,#6172,#6180,.T.);
#6180 = LINE('',#6181,#6182);
#6181 = CARTESIAN_POINT('',(10.564544740256,-8.094247162425,4.0405));
#6182 = VECTOR('',#6183,1.);
#6183 = DIRECTION('',(-1.,2.22044604925E-16,0.));
#6184 = PLANE('',#6185);
#6185 = AXIS2_PLACEMENT_3D('',#6186,#6187,#6188);
#6186 = CARTESIAN_POINT('',(10.564544740256,-8.094247162425,3.7905));
#6187 = DIRECTION('',(2.22044604925E-16,1.,0.));
#6188 = DIRECTION('',(0.,-0.,1.));
#6189 = ADVANCED_FACE('',(#6190),#6206,.F.);
#6190 = FACE_BOUND('',#6191,.F.);
#6191 = EDGE_LOOP('',(#6192,#6198,#6199,#6205));
#6192 = ORIENTED_EDGE('',*,*,#6193,.F.);
#6193 = EDGE_CURVE('',#6114,#6154,#6194,.T.);
#6194 = LINE('',#6195,#6196);
#6195 = CARTESIAN_POINT('',(10.564544740256,-8.294247162425,3.7905));
#6196 = VECTOR('',#6197,1.);
#6197 = DIRECTION('',(2.22044604925E-16,1.,0.));
#6198 = ORIENTED_EDGE('',*,*,#6113,.T.);
#6199 = ORIENTED_EDGE('',*,*,#6200,.T.);
#6200 = EDGE_CURVE('',#6116,#6156,#6201,.T.);
#6201 = LINE('',#6202,#6203);
#6202 = CARTESIAN_POINT('',(10.564544740256,-8.294247162425,4.0405));
#6203 = VECTOR('',#6204,1.);
#6204 = DIRECTION('',(2.22044604925E-16,1.,0.));
#6205 = ORIENTED_EDGE('',*,*,#6153,.F.);
#6206 = PLANE('',#6207);
#6207 = AXIS2_PLACEMENT_3D('',#6208,#6209,#6210);
#6208 = CARTESIAN_POINT('',(10.564544740256,-8.294247162425,3.7905));
#6209 = DIRECTION('',(-1.,2.22044604925E-16,0.));
#6210 = DIRECTION('',(0.,0.,1.));
#6211 = ADVANCED_FACE('',(#6212),#6228,.T.);
#6212 = FACE_BOUND('',#6213,.T.);
#6213 = EDGE_LOOP('',(#6214,#6220,#6221,#6227));
#6214 = ORIENTED_EDGE('',*,*,#6215,.F.);
#6215 = EDGE_CURVE('',#6124,#6164,#6216,.T.);
#6216 = LINE('',#6217,#6218);
#6217 = CARTESIAN_POINT('',(9.964544740256,-8.294247162425,3.7905));
#6218 = VECTOR('',#6219,1.);
#6219 = DIRECTION('',(2.22044604925E-16,1.,0.));
#6220 = ORIENTED_EDGE('',*,*,#6131,.T.);
#6221 = ORIENTED_EDGE('',*,*,#6222,.T.);
#6222 = EDGE_CURVE('',#6132,#6172,#6223,.T.);
#6223 = LINE('',#6224,#6225);
#6224 = CARTESIAN_POINT('',(9.964544740256,-8.294247162425,4.0405));
#6225 = VECTOR('',#6226,1.);
#6226 = DIRECTION('',(2.22044604925E-16,1.,0.));
#6227 = ORIENTED_EDGE('',*,*,#6171,.F.);
#6228 = PLANE('',#6229);
#6229 = AXIS2_PLACEMENT_3D('',#6230,#6231,#6232);
#6230 = CARTESIAN_POINT('',(9.964544740256,-8.294247162425,3.7905));
#6231 = DIRECTION('',(-1.,2.22044604925E-16,0.));
#6232 = DIRECTION('',(0.,0.,1.));
#6233 = ADVANCED_FACE('',(#6234),#6240,.F.);
#6234 = FACE_BOUND('',#6235,.F.);
#6235 = EDGE_LOOP('',(#6236,#6237,#6238,#6239));
#6236 = ORIENTED_EDGE('',*,*,#6123,.F.);
#6237 = ORIENTED_EDGE('',*,*,#6193,.T.);
#6238 = ORIENTED_EDGE('',*,*,#6163,.T.);
#6239 = ORIENTED_EDGE('',*,*,#6215,.F.);
#6240 = PLANE('',#6241);
#6241 = AXIS2_PLACEMENT_3D('',#6242,#6243,#6244);
#6242 = CARTESIAN_POINT('',(10.564544740256,-8.294247162425,3.7905));
#6243 = DIRECTION('',(0.,0.,1.));
#6244 = DIRECTION('',(2.22044604925E-16,1.,-0.));
#6245 = ADVANCED_FACE('',(#6246),#6252,.T.);
#6246 = FACE_BOUND('',#6247,.T.);
#6247 = EDGE_LOOP('',(#6248,#6249,#6250,#6251));
#6248 = ORIENTED_EDGE('',*,*,#6139,.F.);
#6249 = ORIENTED_EDGE('',*,*,#6200,.T.);
#6250 = ORIENTED_EDGE('',*,*,#6179,.T.);
#6251 = ORIENTED_EDGE('',*,*,#6222,.F.);
#6252 = PLANE('',#6253);
#6253 = AXIS2_PLACEMENT_3D('',#6254,#6255,#6256);
#6254 = CARTESIAN_POINT('',(10.564544740256,-8.294247162425,4.0405));
#6255 = DIRECTION('',(0.,0.,1.));
#6256 = DIRECTION('',(2.22044604925E-16,1.,-0.));
#6257 = ( GEOMETRIC_REPRESENTATION_CONTEXT(3) 
GLOBAL_UNCERTAINTY_ASSIGNED_CONTEXT((#6261)) 
GLOBAL_UNIT_ASSIGNED_CONTEXT((#6258,#6259,#6260)) REPRESENTATION_CONTEXT
('Context #1','3D Context with UNIT and UNCERTAINTY') );
#6258 = ( LENGTH_UNIT() NAMED_UNIT(*) SI_UNIT(.MILLI.,.METRE.) );
#6259 = ( NAMED_UNIT(*) PLANE_ANGLE_UNIT() SI_UNIT($,.RADIAN.) );
#6260 = ( NAMED_UNIT(*) SI_UNIT($,.STERADIAN.) SOLID_ANGLE_UNIT() );
#6261 = UNCERTAINTY_MEASURE_WITH_UNIT(LENGTH_MEASURE(1.E-07),#6258,
  'distance_accuracy_value','confusion accuracy');
#6262 = CONTEXT_DEPENDENT_SHAPE_REPRESENTATION(#6263,#6265);
#6263 = ( REPRESENTATION_RELATIONSHIP('','',#6106,#4172) 
REPRESENTATION_RELATIONSHIP_WITH_TRANSFORMATION(#6264) 
SHAPE_REPRESENTATION_RELATIONSHIP() );
#6264 = ITEM_DEFINED_TRANSFORMATION('','',#11,#4217);
#6265 = PRODUCT_DEFINITION_SHAPE('Placement','Placement of an item',
  #6266);
#6266 = NEXT_ASSEMBLY_USAGE_OCCURRENCE('24',
  'Small components, STEP envelopes011','',#4167,#6101,$);
#6267 = PRODUCT_RELATED_PRODUCT_CATEGORY('part',$,(#6103));
#6268 = SHAPE_DEFINITION_REPRESENTATION(#6269,#6275);
#6269 = PRODUCT_DEFINITION_SHAPE('','',#6270);
#6270 = PRODUCT_DEFINITION('design','',#6271,#6274);
#6271 = PRODUCT_DEFINITION_FORMATION('','',#6272);
#6272 = PRODUCT('Small components, STEP envelopes012',
  'Small components, STEP envelopes012','',(#6273));
#6273 = PRODUCT_CONTEXT('',#2,'mechanical');
#6274 = PRODUCT_DEFINITION_CONTEXT('part definition',#2,'design');
#6275 = ADVANCED_BREP_SHAPE_REPRESENTATION('',(#11,#6276),#6426);
#6276 = MANIFOLD_SOLID_BREP('',#6277);
#6277 = CLOSED_SHELL('',(#6278,#6318,#6358,#6380,#6402,#6414));
#6278 = ADVANCED_FACE('',(#6279),#6313,.F.);
#6279 = FACE_BOUND('',#6280,.F.);
#6280 = EDGE_LOOP('',(#6281,#6291,#6299,#6307));
#6281 = ORIENTED_EDGE('',*,*,#6282,.F.);
#6282 = EDGE_CURVE('',#6283,#6285,#6287,.T.);
#6283 = VERTEX_POINT('',#6284);
#6284 = CARTESIAN_POINT('',(14.763723838279,-5.492739731253,3.7905));
#6285 = VERTEX_POINT('',#6286);
#6286 = CARTESIAN_POINT('',(14.763723838279,-5.492739731253,4.0405));
#6287 = LINE('',#6288,#6289);
#6288 = CARTESIAN_POINT('',(14.763723838279,-5.492739731253,3.7905));
#6289 = VECTOR('',#6290,1.);
#6290 = DIRECTION('',(0.,0.,1.));
#6291 = ORIENTED_EDGE('',*,*,#6292,.T.);
#6292 = EDGE_CURVE('',#6283,#6293,#6295,.T.);
#6293 = VERTEX_POINT('',#6294);
#6294 = CARTESIAN_POINT('',(14.163723838279,-5.492739731253,3.7905));
#6295 = LINE('',#6296,#6297);
#6296 = CARTESIAN_POINT('',(14.763723838279,-5.492739731253,3.7905));
#6297 = VECTOR('',#6298,1.);
#6298 = DIRECTION('',(-1.,2.22044604925E-16,0.));
#6299 = ORIENTED_EDGE('',*,*,#6300,.T.);
#6300 = EDGE_CURVE('',#6293,#6301,#6303,.T.);
#6301 = VERTEX_POINT('',#6302);
#6302 = CARTESIAN_POINT('',(14.163723838279,-5.492739731253,4.0405));
#6303 = LINE('',#6304,#6305);
#6304 = CARTESIAN_POINT('',(14.163723838279,-5.492739731253,3.7905));
#6305 = VECTOR('',#6306,1.);
#6306 = DIRECTION('',(0.,0.,1.));
#6307 = ORIENTED_EDGE('',*,*,#6308,.F.);
#6308 = EDGE_CURVE('',#6285,#6301,#6309,.T.);
#6309 = LINE('',#6310,#6311);
#6310 = CARTESIAN_POINT('',(14.763723838279,-5.492739731253,4.0405));
#6311 = VECTOR('',#6312,1.);
#6312 = DIRECTION('',(-1.,2.22044604925E-16,0.));
#6313 = PLANE('',#6314);
#6314 = AXIS2_PLACEMENT_3D('',#6315,#6316,#6317);
#6315 = CARTESIAN_POINT('',(14.763723838279,-5.492739731253,3.7905));
#6316 = DIRECTION('',(2.22044604925E-16,1.,0.));
#6317 = DIRECTION('',(0.,-0.,1.));
#6318 = ADVANCED_FACE('',(#6319),#6353,.T.);
#6319 = FACE_BOUND('',#6320,.T.);
#6320 = EDGE_LOOP('',(#6321,#6331,#6339,#6347));
#6321 = ORIENTED_EDGE('',*,*,#6322,.F.);
#6322 = EDGE_CURVE('',#6323,#6325,#6327,.T.);
#6323 = VERTEX_POINT('',#6324);
#6324 = CARTESIAN_POINT('',(14.763723838279,-5.292739731253,3.7905));
#6325 = VERTEX_POINT('',#6326);
#6326 = CARTESIAN_POINT('',(14.763723838279,-5.292739731253,4.0405));
#6327 = LINE('',#6328,#6329);
#6328 = CARTESIAN_POINT('',(14.763723838279,-5.292739731253,3.7905));
#6329 = VECTOR('',#6330,1.);
#6330 = DIRECTION('',(0.,0.,1.));
#6331 = ORIENTED_EDGE('',*,*,#6332,.T.);
#6332 = EDGE_CURVE('',#6323,#6333,#6335,.T.);
#6333 = VERTEX_POINT('',#6334);
#6334 = CARTESIAN_POINT('',(14.163723838279,-5.292739731253,3.7905));
#6335 = LINE('',#6336,#6337);
#6336 = CARTESIAN_POINT('',(14.763723838279,-5.292739731253,3.7905));
#6337 = VECTOR('',#6338,1.);
#6338 = DIRECTION('',(-1.,2.22044604925E-16,0.));
#6339 = ORIENTED_EDGE('',*,*,#6340,.T.);
#6340 = EDGE_CURVE('',#6333,#6341,#6343,.T.);
#6341 = VERTEX_POINT('',#6342);
#6342 = CARTESIAN_POINT('',(14.163723838279,-5.292739731253,4.0405));
#6343 = LINE('',#6344,#6345);
#6344 = CARTESIAN_POINT('',(14.163723838279,-5.292739731253,3.7905));
#6345 = VECTOR('',#6346,1.);
#6346 = DIRECTION('',(0.,0.,1.));
#6347 = ORIENTED_EDGE('',*,*,#6348,.F.);
#6348 = EDGE_CURVE('',#6325,#6341,#6349,.T.);
#6349 = LINE('',#6350,#6351);
#6350 = CARTESIAN_POINT('',(14.763723838279,-5.292739731253,4.0405));
#6351 = VECTOR('',#6352,1.);
#6352 = DIRECTION('',(-1.,2.22044604925E-16,0.));
#6353 = PLANE('',#6354);
#6354 = AXIS2_PLACEMENT_3D('',#6355,#6356,#6357);
#6355 = CARTESIAN_POINT('',(14.763723838279,-5.292739731253,3.7905));
#6356 = DIRECTION('',(2.22044604925E-16,1.,0.));
#6357 = DIRECTION('',(0.,-0.,1.));
#6358 = ADVANCED_FACE('',(#6359),#6375,.F.);
#6359 = FACE_BOUND('',#6360,.F.);
#6360 = EDGE_LOOP('',(#6361,#6367,#6368,#6374));
#6361 = ORIENTED_EDGE('',*,*,#6362,.F.);
#6362 = EDGE_CURVE('',#6283,#6323,#6363,.T.);
#6363 = LINE('',#6364,#6365);
#6364 = CARTESIAN_POINT('',(14.763723838279,-5.492739731253,3.7905));
#6365 = VECTOR('',#6366,1.);
#6366 = DIRECTION('',(2.22044604925E-16,1.,0.));
#6367 = ORIENTED_EDGE('',*,*,#6282,.T.);
#6368 = ORIENTED_EDGE('',*,*,#6369,.T.);
#6369 = EDGE_CURVE('',#6285,#6325,#6370,.T.);
#6370 = LINE('',#6371,#6372);
#6371 = CARTESIAN_POINT('',(14.763723838279,-5.492739731253,4.0405));
#6372 = VECTOR('',#6373,1.);
#6373 = DIRECTION('',(2.22044604925E-16,1.,0.));
#6374 = ORIENTED_EDGE('',*,*,#6322,.F.);
#6375 = PLANE('',#6376);
#6376 = AXIS2_PLACEMENT_3D('',#6377,#6378,#6379);
#6377 = CARTESIAN_POINT('',(14.763723838279,-5.492739731253,3.7905));
#6378 = DIRECTION('',(-1.,2.22044604925E-16,0.));
#6379 = DIRECTION('',(0.,0.,1.));
#6380 = ADVANCED_FACE('',(#6381),#6397,.T.);
#6381 = FACE_BOUND('',#6382,.T.);
#6382 = EDGE_LOOP('',(#6383,#6389,#6390,#6396));
#6383 = ORIENTED_EDGE('',*,*,#6384,.F.);
#6384 = EDGE_CURVE('',#6293,#6333,#6385,.T.);
#6385 = LINE('',#6386,#6387);
#6386 = CARTESIAN_POINT('',(14.163723838279,-5.492739731253,3.7905));
#6387 = VECTOR('',#6388,1.);
#6388 = DIRECTION('',(2.22044604925E-16,1.,0.));
#6389 = ORIENTED_EDGE('',*,*,#6300,.T.);
#6390 = ORIENTED_EDGE('',*,*,#6391,.T.);
#6391 = EDGE_CURVE('',#6301,#6341,#6392,.T.);
#6392 = LINE('',#6393,#6394);
#6393 = CARTESIAN_POINT('',(14.163723838279,-5.492739731253,4.0405));
#6394 = VECTOR('',#6395,1.);
#6395 = DIRECTION('',(2.22044604925E-16,1.,0.));
#6396 = ORIENTED_EDGE('',*,*,#6340,.F.);
#6397 = PLANE('',#6398);
#6398 = AXIS2_PLACEMENT_3D('',#6399,#6400,#6401);
#6399 = CARTESIAN_POINT('',(14.163723838279,-5.492739731253,3.7905));
#6400 = DIRECTION('',(-1.,2.22044604925E-16,0.));
#6401 = DIRECTION('',(0.,0.,1.));
#6402 = ADVANCED_FACE('',(#6403),#6409,.F.);
#6403 = FACE_BOUND('',#6404,.F.);
#6404 = EDGE_LOOP('',(#6405,#6406,#6407,#6408));
#6405 = ORIENTED_EDGE('',*,*,#6292,.F.);
#6406 = ORIENTED_EDGE('',*,*,#6362,.T.);
#6407 = ORIENTED_EDGE('',*,*,#6332,.T.);
#6408 = ORIENTED_EDGE('',*,*,#6384,.F.);
#6409 = PLANE('',#6410);
#6410 = AXIS2_PLACEMENT_3D('',#6411,#6412,#6413);
#6411 = CARTESIAN_POINT('',(14.763723838279,-5.492739731253,3.7905));
#6412 = DIRECTION('',(0.,0.,1.));
#6413 = DIRECTION('',(2.22044604925E-16,1.,-0.));
#6414 = ADVANCED_FACE('',(#6415),#6421,.T.);
#6415 = FACE_BOUND('',#6416,.T.);
#6416 = EDGE_LOOP('',(#6417,#6418,#6419,#6420));
#6417 = ORIENTED_EDGE('',*,*,#6308,.F.);
#6418 = ORIENTED_EDGE('',*,*,#6369,.T.);
#6419 = ORIENTED_EDGE('',*,*,#6348,.T.);
#6420 = ORIENTED_EDGE('',*,*,#6391,.F.);
#6421 = PLANE('',#6422);
#6422 = AXIS2_PLACEMENT_3D('',#6423,#6424,#6425);
#6423 = CARTESIAN_POINT('',(14.763723838279,-5.492739731253,4.0405));
#6424 = DIRECTION('',(0.,0.,1.));
#6425 = DIRECTION('',(2.22044604925E-16,1.,-0.));
#6426 = ( GEOMETRIC_REPRESENTATION_CONTEXT(3) 
GLOBAL_UNCERTAINTY_ASSIGNED_CONTEXT((#6430)) 
GLOBAL_UNIT_ASSIGNED_CONTEXT((#6427,#6428,#6429)) REPRESENTATION_CONTEXT
('Context #1','3D Context with UNIT and UNCERTAINTY') );
#6427 = ( LENGTH_UNIT() NAMED_UNIT(*) SI_UNIT(.MILLI.,.METRE.) );
#6428 = ( NAMED_UNIT(*) PLANE_ANGLE_UNIT() SI_UNIT($,.RADIAN.) );
#6429 = ( NAMED_UNIT(*) SI_UNIT($,.STERADIAN.) SOLID_ANGLE_UNIT() );
#6430 = UNCERTAINTY_MEASURE_WITH_UNIT(LENGTH_MEASURE(1.E-07),#6427,
  'distance_accuracy_value','confusion accuracy');
#6431 = CONTEXT_DEPENDENT_SHAPE_REPRESENTATION(#6432,#6434);
#6432 = ( REPRESENTATION_RELATIONSHIP('','',#6275,#4172) 
REPRESENTATION_RELATIONSHIP_WITH_TRANSFORMATION(#6433) 
SHAPE_REPRESENTATION_RELATIONSHIP() );
#6433 = ITEM_DEFINED_TRANSFORMATION('','',#11,#4221);
#6434 = PRODUCT_DEFINITION_SHAPE('Placement','Placement of an item',
  #6435);
#6435 = NEXT_ASSEMBLY_USAGE_OCCURRENCE('25',
  'Small components, STEP envelopes012','',#4167,#6270,$);
#6436 = PRODUCT_RELATED_PRODUCT_CATEGORY('part',$,(#6272));
#6437 = SHAPE_DEFINITION_REPRESENTATION(#6438,#6444);
#6438 = PRODUCT_DEFINITION_SHAPE('','',#6439);
#6439 = PRODUCT_DEFINITION('design','',#6440,#6443);
#6440 = PRODUCT_DEFINITION_FORMATION('','',#6441);
#6441 = PRODUCT('Small components, STEP envelopes013',
  'Small components, STEP envelopes013','',(#6442));
#6442 = PRODUCT_CONTEXT('',#2,'mechanical');
#6443 = PRODUCT_DEFINITION_CONTEXT('part definition',#2,'design');
#6444 = ADVANCED_BREP_SHAPE_REPRESENTATION('',(#11,#6445),#6595);
#6445 = MANIFOLD_SOLID_BREP('',#6446);
#6446 = CLOSED_SHELL('',(#6447,#6487,#6527,#6549,#6571,#6583));
#6447 = ADVANCED_FACE('',(#6448),#6482,.F.);
#6448 = FACE_BOUND('',#6449,.F.);
#6449 = EDGE_LOOP('',(#6450,#6460,#6468,#6476));
#6450 = ORIENTED_EDGE('',*,*,#6451,.F.);
#6451 = EDGE_CURVE('',#6452,#6454,#6456,.T.);
#6452 = VERTEX_POINT('',#6453);
#6453 = CARTESIAN_POINT('',(14.763723838279,-6.557341513651,3.7905));
#6454 = VERTEX_POINT('',#6455);
#6455 = CARTESIAN_POINT('',(14.763723838279,-6.557341513651,4.0405));
#6456 = LINE('',#6457,#6458);
#6457 = CARTESIAN_POINT('',(14.763723838279,-6.557341513651,3.7905));
#6458 = VECTOR('',#6459,1.);
#6459 = DIRECTION('',(0.,0.,1.));
#6460 = ORIENTED_EDGE('',*,*,#6461,.T.);
#6461 = EDGE_CURVE('',#6452,#6462,#6464,.T.);
#6462 = VERTEX_POINT('',#6463);
#6463 = CARTESIAN_POINT('',(14.163723838279,-6.557341513651,3.7905));
#6464 = LINE('',#6465,#6466);
#6465 = CARTESIAN_POINT('',(14.763723838279,-6.557341513651,3.7905));
#6466 = VECTOR('',#6467,1.);
#6467 = DIRECTION('',(-1.,2.22044604925E-16,0.));
#6468 = ORIENTED_EDGE('',*,*,#6469,.T.);
#6469 = EDGE_CURVE('',#6462,#6470,#6472,.T.);
#6470 = VERTEX_POINT('',#6471);
#6471 = CARTESIAN_POINT('',(14.163723838279,-6.557341513651,4.0405));
#6472 = LINE('',#6473,#6474);
#6473 = CARTESIAN_POINT('',(14.163723838279,-6.557341513651,3.7905));
#6474 = VECTOR('',#6475,1.);
#6475 = DIRECTION('',(0.,0.,1.));
#6476 = ORIENTED_EDGE('',*,*,#6477,.F.);
#6477 = EDGE_CURVE('',#6454,#6470,#6478,.T.);
#6478 = LINE('',#6479,#6480);
#6479 = CARTESIAN_POINT('',(14.763723838279,-6.557341513651,4.0405));
#6480 = VECTOR('',#6481,1.);
#6481 = DIRECTION('',(-1.,2.22044604925E-16,0.));
#6482 = PLANE('',#6483);
#6483 = AXIS2_PLACEMENT_3D('',#6484,#6485,#6486);
#6484 = CARTESIAN_POINT('',(14.763723838279,-6.557341513651,3.7905));
#6485 = DIRECTION('',(2.22044604925E-16,1.,0.));
#6486 = DIRECTION('',(0.,-0.,1.));
#6487 = ADVANCED_FACE('',(#6488),#6522,.T.);
#6488 = FACE_BOUND('',#6489,.T.);
#6489 = EDGE_LOOP('',(#6490,#6500,#6508,#6516));
#6490 = ORIENTED_EDGE('',*,*,#6491,.F.);
#6491 = EDGE_CURVE('',#6492,#6494,#6496,.T.);
#6492 = VERTEX_POINT('',#6493);
#6493 = CARTESIAN_POINT('',(14.763723838279,-6.357341513651,3.7905));
#6494 = VERTEX_POINT('',#6495);
#6495 = CARTESIAN_POINT('',(14.763723838279,-6.357341513651,4.0405));
#6496 = LINE('',#6497,#6498);
#6497 = CARTESIAN_POINT('',(14.763723838279,-6.357341513651,3.7905));
#6498 = VECTOR('',#6499,1.);
#6499 = DIRECTION('',(0.,0.,1.));
#6500 = ORIENTED_EDGE('',*,*,#6501,.T.);
#6501 = EDGE_CURVE('',#6492,#6502,#6504,.T.);
#6502 = VERTEX_POINT('',#6503);
#6503 = CARTESIAN_POINT('',(14.163723838279,-6.357341513651,3.7905));
#6504 = LINE('',#6505,#6506);
#6505 = CARTESIAN_POINT('',(14.763723838279,-6.357341513651,3.7905));
#6506 = VECTOR('',#6507,1.);
#6507 = DIRECTION('',(-1.,2.22044604925E-16,0.));
#6508 = ORIENTED_EDGE('',*,*,#6509,.T.);
#6509 = EDGE_CURVE('',#6502,#6510,#6512,.T.);
#6510 = VERTEX_POINT('',#6511);
#6511 = CARTESIAN_POINT('',(14.163723838279,-6.357341513651,4.0405));
#6512 = LINE('',#6513,#6514);
#6513 = CARTESIAN_POINT('',(14.163723838279,-6.357341513651,3.7905));
#6514 = VECTOR('',#6515,1.);
#6515 = DIRECTION('',(0.,0.,1.));
#6516 = ORIENTED_EDGE('',*,*,#6517,.F.);
#6517 = EDGE_CURVE('',#6494,#6510,#6518,.T.);
#6518 = LINE('',#6519,#6520);
#6519 = CARTESIAN_POINT('',(14.763723838279,-6.357341513651,4.0405));
#6520 = VECTOR('',#6521,1.);
#6521 = DIRECTION('',(-1.,2.22044604925E-16,0.));
#6522 = PLANE('',#6523);
#6523 = AXIS2_PLACEMENT_3D('',#6524,#6525,#6526);
#6524 = CARTESIAN_POINT('',(14.763723838279,-6.357341513651,3.7905));
#6525 = DIRECTION('',(2.22044604925E-16,1.,0.));
#6526 = DIRECTION('',(0.,-0.,1.));
#6527 = ADVANCED_FACE('',(#6528),#6544,.F.);
#6528 = FACE_BOUND('',#6529,.F.);
#6529 = EDGE_LOOP('',(#6530,#6536,#6537,#6543));
#6530 = ORIENTED_EDGE('',*,*,#6531,.F.);
#6531 = EDGE_CURVE('',#6452,#6492,#6532,.T.);
#6532 = LINE('',#6533,#6534);
#6533 = CARTESIAN_POINT('',(14.763723838279,-6.557341513651,3.7905));
#6534 = VECTOR('',#6535,1.);
#6535 = DIRECTION('',(2.22044604925E-16,1.,0.));
#6536 = ORIENTED_EDGE('',*,*,#6451,.T.);
#6537 = ORIENTED_EDGE('',*,*,#6538,.T.);
#6538 = EDGE_CURVE('',#6454,#6494,#6539,.T.);
#6539 = LINE('',#6540,#6541);
#6540 = CARTESIAN_POINT('',(14.763723838279,-6.557341513651,4.0405));
#6541 = VECTOR('',#6542,1.);
#6542 = DIRECTION('',(2.22044604925E-16,1.,0.));
#6543 = ORIENTED_EDGE('',*,*,#6491,.F.);
#6544 = PLANE('',#6545);
#6545 = AXIS2_PLACEMENT_3D('',#6546,#6547,#6548);
#6546 = CARTESIAN_POINT('',(14.763723838279,-6.557341513651,3.7905));
#6547 = DIRECTION('',(-1.,2.22044604925E-16,0.));
#6548 = DIRECTION('',(0.,0.,1.));
#6549 = ADVANCED_FACE('',(#6550),#6566,.T.);
#6550 = FACE_BOUND('',#6551,.T.);
#6551 = EDGE_LOOP('',(#6552,#6558,#6559,#6565));
#6552 = ORIENTED_EDGE('',*,*,#6553,.F.);
#6553 = EDGE_CURVE('',#6462,#6502,#6554,.T.);
#6554 = LINE('',#6555,#6556);
#6555 = CARTESIAN_POINT('',(14.163723838279,-6.557341513651,3.7905));
#6556 = VECTOR('',#6557,1.);
#6557 = DIRECTION('',(2.22044604925E-16,1.,0.));
#6558 = ORIENTED_EDGE('',*,*,#6469,.T.);
#6559 = ORIENTED_EDGE('',*,*,#6560,.T.);
#6560 = EDGE_CURVE('',#6470,#6510,#6561,.T.);
#6561 = LINE('',#6562,#6563);
#6562 = CARTESIAN_POINT('',(14.163723838279,-6.557341513651,4.0405));
#6563 = VECTOR('',#6564,1.);
#6564 = DIRECTION('',(2.22044604925E-16,1.,0.));
#6565 = ORIENTED_EDGE('',*,*,#6509,.F.);
#6566 = PLANE('',#6567);
#6567 = AXIS2_PLACEMENT_3D('',#6568,#6569,#6570);
#6568 = CARTESIAN_POINT('',(14.163723838279,-6.557341513651,3.7905));
#6569 = DIRECTION('',(-1.,2.22044604925E-16,0.));
#6570 = DIRECTION('',(0.,0.,1.));
#6571 = ADVANCED_FACE('',(#6572),#6578,.F.);
#6572 = FACE_BOUND('',#6573,.F.);
#6573 = EDGE_LOOP('',(#6574,#6575,#6576,#6577));
#6574 = ORIENTED_EDGE('',*,*,#6461,.F.);
#6575 = ORIENTED_EDGE('',*,*,#6531,.T.);
#6576 = ORIENTED_EDGE('',*,*,#6501,.T.);
#6577 = ORIENTED_EDGE('',*,*,#6553,.F.);
#6578 = PLANE('',#6579);
#6579 = AXIS2_PLACEMENT_3D('',#6580,#6581,#6582);
#6580 = CARTESIAN_POINT('',(14.763723838279,-6.557341513651,3.7905));
#6581 = DIRECTION('',(0.,0.,1.));
#6582 = DIRECTION('',(2.22044604925E-16,1.,-0.));
#6583 = ADVANCED_FACE('',(#6584),#6590,.T.);
#6584 = FACE_BOUND('',#6585,.T.);
#6585 = EDGE_LOOP('',(#6586,#6587,#6588,#6589));
#6586 = ORIENTED_EDGE('',*,*,#6477,.F.);
#6587 = ORIENTED_EDGE('',*,*,#6538,.T.);
#6588 = ORIENTED_EDGE('',*,*,#6517,.T.);
#6589 = ORIENTED_EDGE('',*,*,#6560,.F.);
#6590 = PLANE('',#6591);
#6591 = AXIS2_PLACEMENT_3D('',#6592,#6593,#6594);
#6592 = CARTESIAN_POINT('',(14.763723838279,-6.557341513651,4.0405));
#6593 = DIRECTION('',(0.,0.,1.));
#6594 = DIRECTION('',(2.22044604925E-16,1.,-0.));
#6595 = ( GEOMETRIC_REPRESENTATION_CONTEXT(3) 
GLOBAL_UNCERTAINTY_ASSIGNED_CONTEXT((#6599)) 
GLOBAL_UNIT_ASSIGNED_CONTEXT((#6596,#6597,#6598)) REPRESENTATION_CONTEXT
('Context #1','3D Context with UNIT and UNCERTAINTY') );
#6596 = ( LENGTH_UNIT() NAMED_UNIT(*) SI_UNIT(.MILLI.,.METRE.) );
#6597 = ( NAMED_UNIT(*) PLANE_ANGLE_UNIT() SI_UNIT($,.RADIAN.) );
#6598 = ( NAMED_UNIT(*) SI_UNIT($,.STERADIAN.) SOLID_ANGLE_UNIT() );
#6599 = UNCERTAINTY_MEASURE_WITH_UNIT(LENGTH_MEASURE(1.E-07),#6596,
  'distance_accuracy_value','confusion accuracy');
#6600 = CONTEXT_DEPENDENT_SHAPE_REPRESENTATION(#6601,#6603);
#6601 = ( REPRESENTATION_RELATIONSHIP('','',#6444,#4172) 
REPRESENTATION_RELATIONSHIP_WITH_TRANSFORMATION(#6602) 
SHAPE_REPRESENTATION_RELATIONSHIP() );
#6602 = ITEM_DEFINED_TRANSFORMATION('','',#11,#4225);
#6603 = PRODUCT_DEFINITION_SHAPE('Placement','Placement of an item',
  #6604);
#6604 = NEXT_ASSEMBLY_USAGE_OCCURRENCE('26',
  'Small components, STEP envelopes013','',#4167,#6439,$);
#6605 = PRODUCT_RELATED_PRODUCT_CATEGORY('part',$,(#6441));
ENDSEC;
END-ISO-10303-21;
