ISO-10303-21;
HEADER;
FILE_DESCRIPTION(('FreeCAD Model'),'2;1');
FILE_NAME('Open CASCADE Shape Model','2026-09-12T21:46:53',('FreeCAD'),(
    'FreeCAD'),'Open CASCADE STEP processor 7.8','FreeCAD','Unknown');
FILE_SCHEMA(('AUTOMOTIVE_DESIGN { 1 0 10303 214 1 1 1 1 }'));
ENDSEC;
DATA;
#1 = APPLICATION_PROTOCOL_DEFINITION('international standard',
  'automotive_design',2000,#2);
#2 = APPLICATION_CONTEXT(
  'core data for automotive mechanical design processes');
#3 = SHAPE_DEFINITION_REPRESENTATION(#4,#10);
#4 = PRODUCT_DEFINITION_SHAPE('','',#5);
#5 = PRODUCT_DEFINITION('design','',#6,#9);
#6 = PRODUCT_DEFINITION_FORMATION('','',#7);
#7 = PRODUCT('Open CASCADE STEP translator 7.8 1',
  'Open CASCADE STEP translator 7.8 1','',(#8));
#8 = PRODUCT_CONTEXT('',#2,'mechanical');
#9 = PRODUCT_DEFINITION_CONTEXT('part definition',#2,'design');
#10 = SHAPE_REPRESENTATION('',(#11,#15,#477,#627,#777,#927,#980,#1033,
    #1086,#1178,#1270,#1362,#1454,#1546,#1638,#1730,#1822,#2580,#3338,
    #4096,#4854,#5612,#6370,#7128),#7886);
#11 = AXIS2_PLACEMENT_3D('',#12,#13,#14);
#12 = CARTESIAN_POINT('',(0.,0.,0.));
#13 = DIRECTION('',(0.,0.,1.));
#14 = DIRECTION('',(1.,0.,-0.));
#15 = MANIFOLD_SOLID_BREP('',#16);
#16 = CLOSED_SHELL('',(#17,#57,#88,#200,#224,#329,#341,#358,#375,#392,
    #409,#426,#443,#460));
#17 = ADVANCED_FACE('',(#18),#52,.F.);
#18 = FACE_BOUND('',#19,.F.);
#19 = EDGE_LOOP('',(#20,#30,#38,#46));
#20 = ORIENTED_EDGE('',*,*,#21,.F.);
#21 = EDGE_CURVE('',#22,#24,#26,.T.);
#22 = VERTEX_POINT('',#23);
#23 = CARTESIAN_POINT('',(-11.049,-8.382,2.54));
#24 = VERTEX_POINT('',#25);
#25 = CARTESIAN_POINT('',(-11.049,-8.382,3.74));
#26 = LINE('',#27,#28);
#27 = CARTESIAN_POINT('',(-11.049,-8.382,2.54));
#28 = VECTOR('',#29,1.);
#29 = DIRECTION('',(0.,0.,1.));
#30 = ORIENTED_EDGE('',*,*,#31,.T.);
#31 = EDGE_CURVE('',#22,#32,#34,.T.);
#32 = VERTEX_POINT('',#33);
#33 = CARTESIAN_POINT('',(-11.049,8.382,2.54));
#34 = LINE('',#35,#36);
#35 = CARTESIAN_POINT('',(-11.049,-8.382,2.54));
#36 = VECTOR('',#37,1.);
#37 = DIRECTION('',(0.,1.,0.));
#38 = ORIENTED_EDGE('',*,*,#39,.T.);
#39 = EDGE_CURVE('',#32,#40,#42,.T.);
#40 = VERTEX_POINT('',#41);
#41 = CARTESIAN_POINT('',(-11.049,8.382,3.74));
#42 = LINE('',#43,#44);
#43 = CARTESIAN_POINT('',(-11.049,8.382,2.54));
#44 = VECTOR('',#45,1.);
#45 = DIRECTION('',(0.,0.,1.));
#46 = ORIENTED_EDGE('',*,*,#47,.F.);
#47 = EDGE_CURVE('',#24,#40,#48,.T.);
#48 = LINE('',#49,#50);
#49 = CARTESIAN_POINT('',(-11.049,-8.382,3.74));
#50 = VECTOR('',#51,1.);
#51 = DIRECTION('',(0.,1.,0.));
#52 = PLANE('',#53);
#53 = AXIS2_PLACEMENT_3D('',#54,#55,#56);
#54 = CARTESIAN_POINT('',(-11.049,-8.382,2.54));
#55 = DIRECTION('',(1.,0.,0.));
#56 = DIRECTION('',(0.,0.,1.));
#57 = ADVANCED_FACE('',(#58),#83,.F.);
#58 = FACE_BOUND('',#59,.F.);
#59 = EDGE_LOOP('',(#60,#68,#69,#77));
#60 = ORIENTED_EDGE('',*,*,#61,.F.);
#61 = EDGE_CURVE('',#22,#62,#64,.T.);
#62 = VERTEX_POINT('',#63);
#63 = CARTESIAN_POINT('',(11.049,-8.382,2.54));
#64 = LINE('',#65,#66);
#65 = CARTESIAN_POINT('',(-11.049,-8.382,2.54));
#66 = VECTOR('',#67,1.);
#67 = DIRECTION('',(1.,0.,0.));
#68 = ORIENTED_EDGE('',*,*,#21,.T.);
#69 = ORIENTED_EDGE('',*,*,#70,.T.);
#70 = EDGE_CURVE('',#24,#71,#73,.T.);
#71 = VERTEX_POINT('',#72);
#72 = CARTESIAN_POINT('',(11.049,-8.382,3.74));
#73 = LINE('',#74,#75);
#74 = CARTESIAN_POINT('',(-11.049,-8.382,3.74));
#75 = VECTOR('',#76,1.);
#76 = DIRECTION('',(1.,0.,0.));
#77 = ORIENTED_EDGE('',*,*,#78,.F.);
#78 = EDGE_CURVE('',#62,#71,#79,.T.);
#79 = LINE('',#80,#81);
#80 = CARTESIAN_POINT('',(11.049,-8.382,2.54));
#81 = VECTOR('',#82,1.);
#82 = DIRECTION('',(0.,0.,1.));
#83 = PLANE('',#84);
#84 = AXIS2_PLACEMENT_3D('',#85,#86,#87);
#85 = CARTESIAN_POINT('',(-11.049,-8.382,2.54));
#86 = DIRECTION('',(0.,1.,0.));
#87 = DIRECTION('',(0.,0.,1.));
#88 = ADVANCED_FACE('',(#89,#107,#118,#129,#140,#151,#162,#173,#184),
  #195,.T.);
#89 = FACE_BOUND('',#90,.T.);
#90 = EDGE_LOOP('',(#91,#92,#93,#101));
#91 = ORIENTED_EDGE('',*,*,#47,.F.);
#92 = ORIENTED_EDGE('',*,*,#70,.T.);
#93 = ORIENTED_EDGE('',*,*,#94,.T.);
#94 = EDGE_CURVE('',#71,#95,#97,.T.);
#95 = VERTEX_POINT('',#96);
#96 = CARTESIAN_POINT('',(11.049,8.382,3.74));
#97 = LINE('',#98,#99);
#98 = CARTESIAN_POINT('',(11.049,-8.382,3.74));
#99 = VECTOR('',#100,1.);
#100 = DIRECTION('',(0.,1.,0.));
#101 = ORIENTED_EDGE('',*,*,#102,.F.);
#102 = EDGE_CURVE('',#40,#95,#103,.T.);
#103 = LINE('',#104,#105);
#104 = CARTESIAN_POINT('',(-11.049,8.382,3.74));
#105 = VECTOR('',#106,1.);
#106 = DIRECTION('',(1.,0.,0.));
#107 = FACE_BOUND('',#108,.T.);
#108 = EDGE_LOOP('',(#109));
#109 = ORIENTED_EDGE('',*,*,#110,.F.);
#110 = EDGE_CURVE('',#111,#111,#113,.T.);
#111 = VERTEX_POINT('',#112);
#112 = CARTESIAN_POINT('',(-8.821,-6.604,3.74));
#113 = CIRCLE('',#114,0.45);
#114 = AXIS2_PLACEMENT_3D('',#115,#116,#117);
#115 = CARTESIAN_POINT('',(-9.271,-6.604,3.74));
#116 = DIRECTION('',(0.,0.,1.));
#117 = DIRECTION('',(1.,0.,0.));
#118 = FACE_BOUND('',#119,.T.);
#119 = EDGE_LOOP('',(#120));
#120 = ORIENTED_EDGE('',*,*,#121,.F.);
#121 = EDGE_CURVE('',#122,#122,#124,.T.);
#122 = VERTEX_POINT('',#123);
#123 = CARTESIAN_POINT('',(-8.821,-4.064,3.74));
#124 = CIRCLE('',#125,0.45);
#125 = AXIS2_PLACEMENT_3D('',#126,#127,#128);
#126 = CARTESIAN_POINT('',(-9.271,-4.064,3.74));
#127 = DIRECTION('',(0.,0.,1.));
#128 = DIRECTION('',(1.,0.,0.));
#129 = FACE_BOUND('',#130,.T.);
#130 = EDGE_LOOP('',(#131));
#131 = ORIENTED_EDGE('',*,*,#132,.F.);
#132 = EDGE_CURVE('',#133,#133,#135,.T.);
#133 = VERTEX_POINT('',#134);
#134 = CARTESIAN_POINT('',(9.721,-6.604,3.74));
#135 = CIRCLE('',#136,0.45);
#136 = AXIS2_PLACEMENT_3D('',#137,#138,#139);
#137 = CARTESIAN_POINT('',(9.271,-6.604,3.74));
#138 = DIRECTION('',(0.,0.,1.));
#139 = DIRECTION('',(1.,0.,0.));
#140 = FACE_BOUND('',#141,.T.);
#141 = EDGE_LOOP('',(#142));
#142 = ORIENTED_EDGE('',*,*,#143,.F.);
#143 = EDGE_CURVE('',#144,#144,#146,.T.);
#144 = VERTEX_POINT('',#145);
#145 = CARTESIAN_POINT('',(9.721,-4.064,3.74));
#146 = CIRCLE('',#147,0.45);
#147 = AXIS2_PLACEMENT_3D('',#148,#149,#150);
#148 = CARTESIAN_POINT('',(9.271,-4.064,3.74));
#149 = DIRECTION('',(0.,0.,1.));
#150 = DIRECTION('',(1.,0.,0.));
#151 = FACE_BOUND('',#152,.T.);
#152 = EDGE_LOOP('',(#153));
#153 = ORIENTED_EDGE('',*,*,#154,.F.);
#154 = EDGE_CURVE('',#155,#155,#157,.T.);
#155 = VERTEX_POINT('',#156);
#156 = CARTESIAN_POINT('',(-8.821,4.064,3.74));
#157 = CIRCLE('',#158,0.45);
#158 = AXIS2_PLACEMENT_3D('',#159,#160,#161);
#159 = CARTESIAN_POINT('',(-9.271,4.064,3.74));
#160 = DIRECTION('',(0.,0.,1.));
#161 = DIRECTION('',(1.,0.,0.));
#162 = FACE_BOUND('',#163,.T.);
#163 = EDGE_LOOP('',(#164));
#164 = ORIENTED_EDGE('',*,*,#165,.F.);
#165 = EDGE_CURVE('',#166,#166,#168,.T.);
#166 = VERTEX_POINT('',#167);
#167 = CARTESIAN_POINT('',(-8.821,6.604,3.74));
#168 = CIRCLE('',#169,0.45);
#169 = AXIS2_PLACEMENT_3D('',#170,#171,#172);
#170 = CARTESIAN_POINT('',(-9.271,6.604,3.74));
#171 = DIRECTION('',(0.,0.,1.));
#172 = DIRECTION('',(1.,0.,0.));
#173 = FACE_BOUND('',#174,.T.);
#174 = EDGE_LOOP('',(#175));
#175 = ORIENTED_EDGE('',*,*,#176,.F.);
#176 = EDGE_CURVE('',#177,#177,#179,.T.);
#177 = VERTEX_POINT('',#178);
#178 = CARTESIAN_POINT('',(9.721,4.064,3.74));
#179 = CIRCLE('',#180,0.45);
#180 = AXIS2_PLACEMENT_3D('',#181,#182,#183);
#181 = CARTESIAN_POINT('',(9.271,4.064,3.74));
#182 = DIRECTION('',(0.,0.,1.));
#183 = DIRECTION('',(1.,0.,0.));
#184 = FACE_BOUND('',#185,.T.);
#185 = EDGE_LOOP('',(#186));
#186 = ORIENTED_EDGE('',*,*,#187,.F.);
#187 = EDGE_CURVE('',#188,#188,#190,.T.);
#188 = VERTEX_POINT('',#189);
#189 = CARTESIAN_POINT('',(9.721,6.604,3.74));
#190 = CIRCLE('',#191,0.45);
#191 = AXIS2_PLACEMENT_3D('',#192,#193,#194);
#192 = CARTESIAN_POINT('',(9.271,6.604,3.74));
#193 = DIRECTION('',(0.,0.,1.));
#194 = DIRECTION('',(1.,0.,0.));
#195 = PLANE('',#196);
#196 = AXIS2_PLACEMENT_3D('',#197,#198,#199);
#197 = CARTESIAN_POINT('',(-11.049,-8.382,3.74));
#198 = DIRECTION('',(0.,0.,1.));
#199 = DIRECTION('',(1.,0.,0.));
#200 = ADVANCED_FACE('',(#201),#219,.T.);
#201 = FACE_BOUND('',#202,.T.);
#202 = EDGE_LOOP('',(#203,#211,#212,#213));
#203 = ORIENTED_EDGE('',*,*,#204,.F.);
#204 = EDGE_CURVE('',#32,#205,#207,.T.);
#205 = VERTEX_POINT('',#206);
#206 = CARTESIAN_POINT('',(11.049,8.382,2.54));
#207 = LINE('',#208,#209);
#208 = CARTESIAN_POINT('',(-11.049,8.382,2.54));
#209 = VECTOR('',#210,1.);
#210 = DIRECTION('',(1.,0.,0.));
#211 = ORIENTED_EDGE('',*,*,#39,.T.);
#212 = ORIENTED_EDGE('',*,*,#102,.T.);
#213 = ORIENTED_EDGE('',*,*,#214,.F.);
#214 = EDGE_CURVE('',#205,#95,#215,.T.);
#215 = LINE('',#216,#217);
#216 = CARTESIAN_POINT('',(11.049,8.382,2.54));
#217 = VECTOR('',#218,1.);
#218 = DIRECTION('',(0.,0.,1.));
#219 = PLANE('',#220);
#220 = AXIS2_PLACEMENT_3D('',#221,#222,#223);
#221 = CARTESIAN_POINT('',(-11.049,8.382,2.54));
#222 = DIRECTION('',(0.,1.,0.));
#223 = DIRECTION('',(0.,0.,1.));
#224 = ADVANCED_FACE('',(#225,#236,#247,#258,#269,#280,#291,#302,#313),
  #324,.F.);
#225 = FACE_BOUND('',#226,.F.);
#226 = EDGE_LOOP('',(#227,#228,#229,#235));
#227 = ORIENTED_EDGE('',*,*,#31,.F.);
#228 = ORIENTED_EDGE('',*,*,#61,.T.);
#229 = ORIENTED_EDGE('',*,*,#230,.T.);
#230 = EDGE_CURVE('',#62,#205,#231,.T.);
#231 = LINE('',#232,#233);
#232 = CARTESIAN_POINT('',(11.049,-8.382,2.54));
#233 = VECTOR('',#234,1.);
#234 = DIRECTION('',(0.,1.,0.));
#235 = ORIENTED_EDGE('',*,*,#204,.F.);
#236 = FACE_BOUND('',#237,.F.);
#237 = EDGE_LOOP('',(#238));
#238 = ORIENTED_EDGE('',*,*,#239,.F.);
#239 = EDGE_CURVE('',#240,#240,#242,.T.);
#240 = VERTEX_POINT('',#241);
#241 = CARTESIAN_POINT('',(-8.821,-6.604,2.54));
#242 = CIRCLE('',#243,0.45);
#243 = AXIS2_PLACEMENT_3D('',#244,#245,#246);
#244 = CARTESIAN_POINT('',(-9.271,-6.604,2.54));
#245 = DIRECTION('',(0.,0.,1.));
#246 = DIRECTION('',(1.,0.,0.));
#247 = FACE_BOUND('',#248,.F.);
#248 = EDGE_LOOP('',(#249));
#249 = ORIENTED_EDGE('',*,*,#250,.F.);
#250 = EDGE_CURVE('',#251,#251,#253,.T.);
#251 = VERTEX_POINT('',#252);
#252 = CARTESIAN_POINT('',(-8.821,-4.064,2.54));
#253 = CIRCLE('',#254,0.45);
#254 = AXIS2_PLACEMENT_3D('',#255,#256,#257);
#255 = CARTESIAN_POINT('',(-9.271,-4.064,2.54));
#256 = DIRECTION('',(0.,0.,1.));
#257 = DIRECTION('',(1.,0.,0.));
#258 = FACE_BOUND('',#259,.F.);
#259 = EDGE_LOOP('',(#260));
#260 = ORIENTED_EDGE('',*,*,#261,.F.);
#261 = EDGE_CURVE('',#262,#262,#264,.T.);
#262 = VERTEX_POINT('',#263);
#263 = CARTESIAN_POINT('',(9.721,-6.604,2.54));
#264 = CIRCLE('',#265,0.45);
#265 = AXIS2_PLACEMENT_3D('',#266,#267,#268);
#266 = CARTESIAN_POINT('',(9.271,-6.604,2.54));
#267 = DIRECTION('',(0.,0.,1.));
#268 = DIRECTION('',(1.,0.,0.));
#269 = FACE_BOUND('',#270,.F.);
#270 = EDGE_LOOP('',(#271));
#271 = ORIENTED_EDGE('',*,*,#272,.F.);
#272 = EDGE_CURVE('',#273,#273,#275,.T.);
#273 = VERTEX_POINT('',#274);
#274 = CARTESIAN_POINT('',(9.721,-4.064,2.54));
#275 = CIRCLE('',#276,0.45);
#276 = AXIS2_PLACEMENT_3D('',#277,#278,#279);
#277 = CARTESIAN_POINT('',(9.271,-4.064,2.54));
#278 = DIRECTION('',(0.,0.,1.));
#279 = DIRECTION('',(1.,0.,0.));
#280 = FACE_BOUND('',#281,.F.);
#281 = EDGE_LOOP('',(#282));
#282 = ORIENTED_EDGE('',*,*,#283,.F.);
#283 = EDGE_CURVE('',#284,#284,#286,.T.);
#284 = VERTEX_POINT('',#285);
#285 = CARTESIAN_POINT('',(-8.821,4.064,2.54));
#286 = CIRCLE('',#287,0.45);
#287 = AXIS2_PLACEMENT_3D('',#288,#289,#290);
#288 = CARTESIAN_POINT('',(-9.271,4.064,2.54));
#289 = DIRECTION('',(0.,0.,1.));
#290 = DIRECTION('',(1.,0.,0.));
#291 = FACE_BOUND('',#292,.F.);
#292 = EDGE_LOOP('',(#293));
#293 = ORIENTED_EDGE('',*,*,#294,.F.);
#294 = EDGE_CURVE('',#295,#295,#297,.T.);
#295 = VERTEX_POINT('',#296);
#296 = CARTESIAN_POINT('',(-8.821,6.604,2.54));
#297 = CIRCLE('',#298,0.45);
#298 = AXIS2_PLACEMENT_3D('',#299,#300,#301);
#299 = CARTESIAN_POINT('',(-9.271,6.604,2.54));
#300 = DIRECTION('',(0.,0.,1.));
#301 = DIRECTION('',(1.,0.,0.));
#302 = FACE_BOUND('',#303,.F.);
#303 = EDGE_LOOP('',(#304));
#304 = ORIENTED_EDGE('',*,*,#305,.F.);
#305 = EDGE_CURVE('',#306,#306,#308,.T.);
#306 = VERTEX_POINT('',#307);
#307 = CARTESIAN_POINT('',(9.721,4.064,2.54));
#308 = CIRCLE('',#309,0.45);
#309 = AXIS2_PLACEMENT_3D('',#310,#311,#312);
#310 = CARTESIAN_POINT('',(9.271,4.064,2.54));
#311 = DIRECTION('',(0.,0.,1.));
#312 = DIRECTION('',(1.,0.,0.));
#313 = FACE_BOUND('',#314,.F.);
#314 = EDGE_LOOP('',(#315));
#315 = ORIENTED_EDGE('',*,*,#316,.F.);
#316 = EDGE_CURVE('',#317,#317,#319,.T.);
#317 = VERTEX_POINT('',#318);
#318 = CARTESIAN_POINT('',(9.721,6.604,2.54));
#319 = CIRCLE('',#320,0.45);
#320 = AXIS2_PLACEMENT_3D('',#321,#322,#323);
#321 = CARTESIAN_POINT('',(9.271,6.604,2.54));
#322 = DIRECTION('',(0.,0.,1.));
#323 = DIRECTION('',(1.,0.,0.));
#324 = PLANE('',#325);
#325 = AXIS2_PLACEMENT_3D('',#326,#327,#328);
#326 = CARTESIAN_POINT('',(-11.049,-8.382,2.54));
#327 = DIRECTION('',(0.,0.,1.));
#328 = DIRECTION('',(1.,0.,0.));
#329 = ADVANCED_FACE('',(#330),#336,.T.);
#330 = FACE_BOUND('',#331,.T.);
#331 = EDGE_LOOP('',(#332,#333,#334,#335));
#332 = ORIENTED_EDGE('',*,*,#78,.F.);
#333 = ORIENTED_EDGE('',*,*,#230,.T.);
#334 = ORIENTED_EDGE('',*,*,#214,.T.);
#335 = ORIENTED_EDGE('',*,*,#94,.F.);
#336 = PLANE('',#337);
#337 = AXIS2_PLACEMENT_3D('',#338,#339,#340);
#338 = CARTESIAN_POINT('',(11.049,-8.382,2.54));
#339 = DIRECTION('',(1.,0.,0.));
#340 = DIRECTION('',(0.,0.,1.));
#341 = ADVANCED_FACE('',(#342),#353,.F.);
#342 = FACE_BOUND('',#343,.F.);
#343 = EDGE_LOOP('',(#344,#345,#351,#352));
#344 = ORIENTED_EDGE('',*,*,#110,.F.);
#345 = ORIENTED_EDGE('',*,*,#346,.F.);
#346 = EDGE_CURVE('',#240,#111,#347,.T.);
#347 = LINE('',#348,#349);
#348 = CARTESIAN_POINT('',(-8.821,-6.604,1.54));
#349 = VECTOR('',#350,1.);
#350 = DIRECTION('',(0.,0.,1.));
#351 = ORIENTED_EDGE('',*,*,#239,.T.);
#352 = ORIENTED_EDGE('',*,*,#346,.T.);
#353 = CYLINDRICAL_SURFACE('',#354,0.45);
#354 = AXIS2_PLACEMENT_3D('',#355,#356,#357);
#355 = CARTESIAN_POINT('',(-9.271,-6.604,1.54));
#356 = DIRECTION('',(0.,0.,1.));
#357 = DIRECTION('',(1.,0.,0.));
#358 = ADVANCED_FACE('',(#359),#370,.F.);
#359 = FACE_BOUND('',#360,.F.);
#360 = EDGE_LOOP('',(#361,#362,#368,#369));
#361 = ORIENTED_EDGE('',*,*,#121,.F.);
#362 = ORIENTED_EDGE('',*,*,#363,.F.);
#363 = EDGE_CURVE('',#251,#122,#364,.T.);
#364 = LINE('',#365,#366);
#365 = CARTESIAN_POINT('',(-8.821,-4.064,1.54));
#366 = VECTOR('',#367,1.);
#367 = DIRECTION('',(0.,0.,1.));
#368 = ORIENTED_EDGE('',*,*,#250,.T.);
#369 = ORIENTED_EDGE('',*,*,#363,.T.);
#370 = CYLINDRICAL_SURFACE('',#371,0.45);
#371 = AXIS2_PLACEMENT_3D('',#372,#373,#374);
#372 = CARTESIAN_POINT('',(-9.271,-4.064,1.54));
#373 = DIRECTION('',(0.,0.,1.));
#374 = DIRECTION('',(1.,0.,0.));
#375 = ADVANCED_FACE('',(#376),#387,.F.);
#376 = FACE_BOUND('',#377,.F.);
#377 = EDGE_LOOP('',(#378,#379,#385,#386));
#378 = ORIENTED_EDGE('',*,*,#132,.F.);
#379 = ORIENTED_EDGE('',*,*,#380,.F.);
#380 = EDGE_CURVE('',#262,#133,#381,.T.);
#381 = LINE('',#382,#383);
#382 = CARTESIAN_POINT('',(9.721,-6.604,1.54));
#383 = VECTOR('',#384,1.);
#384 = DIRECTION('',(0.,0.,1.));
#385 = ORIENTED_EDGE('',*,*,#261,.T.);
#386 = ORIENTED_EDGE('',*,*,#380,.T.);
#387 = CYLINDRICAL_SURFACE('',#388,0.45);
#388 = AXIS2_PLACEMENT_3D('',#389,#390,#391);
#389 = CARTESIAN_POINT('',(9.271,-6.604,1.54));
#390 = DIRECTION('',(0.,0.,1.));
#391 = DIRECTION('',(1.,0.,0.));
#392 = ADVANCED_FACE('',(#393),#404,.F.);
#393 = FACE_BOUND('',#394,.F.);
#394 = EDGE_LOOP('',(#395,#396,#402,#403));
#395 = ORIENTED_EDGE('',*,*,#143,.F.);
#396 = ORIENTED_EDGE('',*,*,#397,.F.);
#397 = EDGE_CURVE('',#273,#144,#398,.T.);
#398 = LINE('',#399,#400);
#399 = CARTESIAN_POINT('',(9.721,-4.064,1.54));
#400 = VECTOR('',#401,1.);
#401 = DIRECTION('',(0.,0.,1.));
#402 = ORIENTED_EDGE('',*,*,#272,.T.);
#403 = ORIENTED_EDGE('',*,*,#397,.T.);
#404 = CYLINDRICAL_SURFACE('',#405,0.45);
#405 = AXIS2_PLACEMENT_3D('',#406,#407,#408);
#406 = CARTESIAN_POINT('',(9.271,-4.064,1.54));
#407 = DIRECTION('',(0.,0.,1.));
#408 = DIRECTION('',(1.,0.,0.));
#409 = ADVANCED_FACE('',(#410),#421,.F.);
#410 = FACE_BOUND('',#411,.F.);
#411 = EDGE_LOOP('',(#412,#413,#419,#420));
#412 = ORIENTED_EDGE('',*,*,#154,.F.);
#413 = ORIENTED_EDGE('',*,*,#414,.F.);
#414 = EDGE_CURVE('',#284,#155,#415,.T.);
#415 = LINE('',#416,#417);
#416 = CARTESIAN_POINT('',(-8.821,4.064,1.54));
#417 = VECTOR('',#418,1.);
#418 = DIRECTION('',(0.,0.,1.));
#419 = ORIENTED_EDGE('',*,*,#283,.T.);
#420 = ORIENTED_EDGE('',*,*,#414,.T.);
#421 = CYLINDRICAL_SURFACE('',#422,0.45);
#422 = AXIS2_PLACEMENT_3D('',#423,#424,#425);
#423 = CARTESIAN_POINT('',(-9.271,4.064,1.54));
#424 = DIRECTION('',(0.,0.,1.));
#425 = DIRECTION('',(1.,0.,0.));
#426 = ADVANCED_FACE('',(#427),#438,.F.);
#427 = FACE_BOUND('',#428,.F.);
#428 = EDGE_LOOP('',(#429,#430,#436,#437));
#429 = ORIENTED_EDGE('',*,*,#165,.F.);
#430 = ORIENTED_EDGE('',*,*,#431,.F.);
#431 = EDGE_CURVE('',#295,#166,#432,.T.);
#432 = LINE('',#433,#434);
#433 = CARTESIAN_POINT('',(-8.821,6.604,1.54));
#434 = VECTOR('',#435,1.);
#435 = DIRECTION('',(0.,0.,1.));
#436 = ORIENTED_EDGE('',*,*,#294,.T.);
#437 = ORIENTED_EDGE('',*,*,#431,.T.);
#438 = CYLINDRICAL_SURFACE('',#439,0.45);
#439 = AXIS2_PLACEMENT_3D('',#440,#441,#442);
#440 = CARTESIAN_POINT('',(-9.271,6.604,1.54));
#441 = DIRECTION('',(0.,0.,1.));
#442 = DIRECTION('',(1.,0.,0.));
#443 = ADVANCED_FACE('',(#444),#455,.F.);
#444 = FACE_BOUND('',#445,.F.);
#445 = EDGE_LOOP('',(#446,#447,#453,#454));
#446 = ORIENTED_EDGE('',*,*,#176,.F.);
#447 = ORIENTED_EDGE('',*,*,#448,.F.);
#448 = EDGE_CURVE('',#306,#177,#449,.T.);
#449 = LINE('',#450,#451);
#450 = CARTESIAN_POINT('',(9.721,4.064,1.54));
#451 = VECTOR('',#452,1.);
#452 = DIRECTION('',(0.,0.,1.));
#453 = ORIENTED_EDGE('',*,*,#305,.T.);
#454 = ORIENTED_EDGE('',*,*,#448,.T.);
#455 = CYLINDRICAL_SURFACE('',#456,0.45);
#456 = AXIS2_PLACEMENT_3D('',#457,#458,#459);
#457 = CARTESIAN_POINT('',(9.271,4.064,1.54));
#458 = DIRECTION('',(0.,0.,1.));
#459 = DIRECTION('',(1.,0.,0.));
#460 = ADVANCED_FACE('',(#461),#472,.F.);
#461 = FACE_BOUND('',#462,.F.);
#462 = EDGE_LOOP('',(#463,#464,#470,#471));
#463 = ORIENTED_EDGE('',*,*,#187,.F.);
#464 = ORIENTED_EDGE('',*,*,#465,.F.);
#465 = EDGE_CURVE('',#317,#188,#466,.T.);
#466 = LINE('',#467,#468);
#467 = CARTESIAN_POINT('',(9.721,6.604,1.54));
#468 = VECTOR('',#469,1.);
#469 = DIRECTION('',(0.,0.,1.));
#470 = ORIENTED_EDGE('',*,*,#316,.T.);
#471 = ORIENTED_EDGE('',*,*,#465,.T.);
#472 = CYLINDRICAL_SURFACE('',#473,0.45);
#473 = AXIS2_PLACEMENT_3D('',#474,#475,#476);
#474 = CARTESIAN_POINT('',(9.271,6.604,1.54));
#475 = DIRECTION('',(0.,0.,1.));
#476 = DIRECTION('',(1.,0.,0.));
#477 = MANIFOLD_SOLID_BREP('',#478);
#478 = CLOSED_SHELL('',(#479,#519,#559,#581,#603,#615));
#479 = ADVANCED_FACE('',(#480),#514,.F.);
#480 = FACE_BOUND('',#481,.F.);
#481 = EDGE_LOOP('',(#482,#492,#500,#508));
#482 = ORIENTED_EDGE('',*,*,#483,.F.);
#483 = EDGE_CURVE('',#484,#486,#488,.T.);
#484 = VERTEX_POINT('',#485);
#485 = CARTESIAN_POINT('',(-5.,-3.5,3.74));
#486 = VERTEX_POINT('',#487);
#487 = CARTESIAN_POINT('',(-5.,-3.5,6.54));
#488 = LINE('',#489,#490);
#489 = CARTESIAN_POINT('',(-5.,-3.5,3.74));
#490 = VECTOR('',#491,1.);
#491 = DIRECTION('',(0.,0.,1.));
#492 = ORIENTED_EDGE('',*,*,#493,.T.);
#493 = EDGE_CURVE('',#484,#494,#496,.T.);
#494 = VERTEX_POINT('',#495);
#495 = CARTESIAN_POINT('',(-5.,3.5,3.74));
#496 = LINE('',#497,#498);
#497 = CARTESIAN_POINT('',(-5.,-3.5,3.74));
#498 = VECTOR('',#499,1.);
#499 = DIRECTION('',(0.,1.,0.));
#500 = ORIENTED_EDGE('',*,*,#501,.T.);
#501 = EDGE_CURVE('',#494,#502,#504,.T.);
#502 = VERTEX_POINT('',#503);
#503 = CARTESIAN_POINT('',(-5.,3.5,6.54));
#504 = LINE('',#505,#506);
#505 = CARTESIAN_POINT('',(-5.,3.5,3.74));
#506 = VECTOR('',#507,1.);
#507 = DIRECTION('',(0.,0.,1.));
#508 = ORIENTED_EDGE('',*,*,#509,.F.);
#509 = EDGE_CURVE('',#486,#502,#510,.T.);
#510 = LINE('',#511,#512);
#511 = CARTESIAN_POINT('',(-5.,-3.5,6.54));
#512 = VECTOR('',#513,1.);
#513 = DIRECTION('',(0.,1.,0.));
#514 = PLANE('',#515);
#515 = AXIS2_PLACEMENT_3D('',#516,#517,#518);
#516 = CARTESIAN_POINT('',(-5.,-3.5,3.74));
#517 = DIRECTION('',(1.,0.,0.));
#518 = DIRECTION('',(0.,0.,1.));
#519 = ADVANCED_FACE('',(#520),#554,.T.);
#520 = FACE_BOUND('',#521,.T.);
#521 = EDGE_LOOP('',(#522,#532,#540,#548));
#522 = ORIENTED_EDGE('',*,*,#523,.F.);
#523 = EDGE_CURVE('',#524,#526,#528,.T.);
#524 = VERTEX_POINT('',#525);
#525 = CARTESIAN_POINT('',(2.8,-3.5,3.74));
#526 = VERTEX_POINT('',#527);
#527 = CARTESIAN_POINT('',(2.8,-3.5,6.54));
#528 = LINE('',#529,#530);
#529 = CARTESIAN_POINT('',(2.8,-3.5,3.74));
#530 = VECTOR('',#531,1.);
#531 = DIRECTION('',(0.,0.,1.));
#532 = ORIENTED_EDGE('',*,*,#533,.T.);
#533 = EDGE_CURVE('',#524,#534,#536,.T.);
#534 = VERTEX_POINT('',#535);
#535 = CARTESIAN_POINT('',(2.8,3.5,3.74));
#536 = LINE('',#537,#538);
#537 = CARTESIAN_POINT('',(2.8,-3.5,3.74));
#538 = VECTOR('',#539,1.);
#539 = DIRECTION('',(0.,1.,0.));
#540 = ORIENTED_EDGE('',*,*,#541,.T.);
#541 = EDGE_CURVE('',#534,#542,#544,.T.);
#542 = VERTEX_POINT('',#543);
#543 = CARTESIAN_POINT('',(2.8,3.5,6.54));
#544 = LINE('',#545,#546);
#545 = CARTESIAN_POINT('',(2.8,3.5,3.74));
#546 = VECTOR('',#547,1.);
#547 = DIRECTION('',(0.,0.,1.));
#548 = ORIENTED_EDGE('',*,*,#549,.F.);
#549 = EDGE_CURVE('',#526,#542,#550,.T.);
#550 = LINE('',#551,#552);
#551 = CARTESIAN_POINT('',(2.8,-3.5,6.54));
#552 = VECTOR('',#553,1.);
#553 = DIRECTION('',(0.,1.,0.));
#554 = PLANE('',#555);
#555 = AXIS2_PLACEMENT_3D('',#556,#557,#558);
#556 = CARTESIAN_POINT('',(2.8,-3.5,3.74));
#557 = DIRECTION('',(1.,0.,0.));
#558 = DIRECTION('',(0.,0.,1.));
#559 = ADVANCED_FACE('',(#560),#576,.F.);
#560 = FACE_BOUND('',#561,.F.);
#561 = EDGE_LOOP('',(#562,#568,#569,#575));
#562 = ORIENTED_EDGE('',*,*,#563,.F.);
#563 = EDGE_CURVE('',#484,#524,#564,.T.);
#564 = LINE('',#565,#566);
#565 = CARTESIAN_POINT('',(-5.,-3.5,3.74));
#566 = VECTOR('',#567,1.);
#567 = DIRECTION('',(1.,0.,0.));
#568 = ORIENTED_EDGE('',*,*,#483,.T.);
#569 = ORIENTED_EDGE('',*,*,#570,.T.);
#570 = EDGE_CURVE('',#486,#526,#571,.T.);
#571 = LINE('',#572,#573);
#572 = CARTESIAN_POINT('',(-5.,-3.5,6.54));
#573 = VECTOR('',#574,1.);
#574 = DIRECTION('',(1.,0.,0.));
#575 = ORIENTED_EDGE('',*,*,#523,.F.);
#576 = PLANE('',#577);
#577 = AXIS2_PLACEMENT_3D('',#578,#579,#580);
#578 = CARTESIAN_POINT('',(-5.,-3.5,3.74));
#579 = DIRECTION('',(0.,1.,0.));
#580 = DIRECTION('',(0.,0.,1.));
#581 = ADVANCED_FACE('',(#582),#598,.T.);
#582 = FACE_BOUND('',#583,.T.);
#583 = EDGE_LOOP('',(#584,#590,#591,#597));
#584 = ORIENTED_EDGE('',*,*,#585,.F.);
#585 = EDGE_CURVE('',#494,#534,#586,.T.);
#586 = LINE('',#587,#588);
#587 = CARTESIAN_POINT('',(-5.,3.5,3.74));
#588 = VECTOR('',#589,1.);
#589 = DIRECTION('',(1.,0.,0.));
#590 = ORIENTED_EDGE('',*,*,#501,.T.);
#591 = ORIENTED_EDGE('',*,*,#592,.T.);
#592 = EDGE_CURVE('',#502,#542,#593,.T.);
#593 = LINE('',#594,#595);
#594 = CARTESIAN_POINT('',(-5.,3.5,6.54));
#595 = VECTOR('',#596,1.);
#596 = DIRECTION('',(1.,0.,0.));
#597 = ORIENTED_EDGE('',*,*,#541,.F.);
#598 = PLANE('',#599);
#599 = AXIS2_PLACEMENT_3D('',#600,#601,#602);
#600 = CARTESIAN_POINT('',(-5.,3.5,3.74));
#601 = DIRECTION('',(0.,1.,0.));
#602 = DIRECTION('',(0.,0.,1.));
#603 = ADVANCED_FACE('',(#604),#610,.F.);
#604 = FACE_BOUND('',#605,.F.);
#605 = EDGE_LOOP('',(#606,#607,#608,#609));
#606 = ORIENTED_EDGE('',*,*,#493,.F.);
#607 = ORIENTED_EDGE('',*,*,#563,.T.);
#608 = ORIENTED_EDGE('',*,*,#533,.T.);
#609 = ORIENTED_EDGE('',*,*,#585,.F.);
#610 = PLANE('',#611);
#611 = AXIS2_PLACEMENT_3D('',#612,#613,#614);
#612 = CARTESIAN_POINT('',(-5.,-3.5,3.74));
#613 = DIRECTION('',(0.,0.,1.));
#614 = DIRECTION('',(1.,0.,0.));
#615 = ADVANCED_FACE('',(#616),#622,.T.);
#616 = FACE_BOUND('',#617,.T.);
#617 = EDGE_LOOP('',(#618,#619,#620,#621));
#618 = ORIENTED_EDGE('',*,*,#509,.F.);
#619 = ORIENTED_EDGE('',*,*,#570,.T.);
#620 = ORIENTED_EDGE('',*,*,#549,.T.);
#621 = ORIENTED_EDGE('',*,*,#592,.F.);
#622 = PLANE('',#623);
#623 = AXIS2_PLACEMENT_3D('',#624,#625,#626);
#624 = CARTESIAN_POINT('',(-5.,-3.5,6.54));
#625 = DIRECTION('',(0.,0.,1.));
#626 = DIRECTION('',(1.,0.,0.));
#627 = MANIFOLD_SOLID_BREP('',#628);
#628 = CLOSED_SHELL('',(#629,#669,#709,#731,#753,#765));
#629 = ADVANCED_FACE('',(#630),#664,.F.);
#630 = FACE_BOUND('',#631,.F.);
#631 = EDGE_LOOP('',(#632,#642,#650,#658));
#632 = ORIENTED_EDGE('',*,*,#633,.F.);
#633 = EDGE_CURVE('',#634,#636,#638,.T.);
#634 = VERTEX_POINT('',#635);
#635 = CARTESIAN_POINT('',(1.2,-1.6,3.74));
#636 = VERTEX_POINT('',#637);
#637 = CARTESIAN_POINT('',(1.2,-1.6,4.59));
#638 = LINE('',#639,#640);
#639 = CARTESIAN_POINT('',(1.2,-1.6,3.74));
#640 = VECTOR('',#641,1.);
#641 = DIRECTION('',(0.,0.,1.));
#642 = ORIENTED_EDGE('',*,*,#643,.T.);
#643 = EDGE_CURVE('',#634,#644,#646,.T.);
#644 = VERTEX_POINT('',#645);
#645 = CARTESIAN_POINT('',(1.2,1.6,3.74));
#646 = LINE('',#647,#648);
#647 = CARTESIAN_POINT('',(1.2,-1.6,3.74));
#648 = VECTOR('',#649,1.);
#649 = DIRECTION('',(0.,1.,0.));
#650 = ORIENTED_EDGE('',*,*,#651,.T.);
#651 = EDGE_CURVE('',#644,#652,#654,.T.);
#652 = VERTEX_POINT('',#653);
#653 = CARTESIAN_POINT('',(1.2,1.6,4.59));
#654 = LINE('',#655,#656);
#655 = CARTESIAN_POINT('',(1.2,1.6,3.74));
#656 = VECTOR('',#657,1.);
#657 = DIRECTION('',(0.,0.,1.));
#658 = ORIENTED_EDGE('',*,*,#659,.F.);
#659 = EDGE_CURVE('',#636,#652,#660,.T.);
#660 = LINE('',#661,#662);
#661 = CARTESIAN_POINT('',(1.2,-1.6,4.59));
#662 = VECTOR('',#663,1.);
#663 = DIRECTION('',(0.,1.,0.));
#664 = PLANE('',#665);
#665 = AXIS2_PLACEMENT_3D('',#666,#667,#668);
#666 = CARTESIAN_POINT('',(1.2,-1.6,3.74));
#667 = DIRECTION('',(1.,0.,0.));
#668 = DIRECTION('',(0.,0.,1.));
#669 = ADVANCED_FACE('',(#670),#704,.T.);
#670 = FACE_BOUND('',#671,.T.);
#671 = EDGE_LOOP('',(#672,#682,#690,#698));
#672 = ORIENTED_EDGE('',*,*,#673,.F.);
#673 = EDGE_CURVE('',#674,#676,#678,.T.);
#674 = VERTEX_POINT('',#675);
#675 = CARTESIAN_POINT('',(5.4,-1.6,3.74));
#676 = VERTEX_POINT('',#677);
#677 = CARTESIAN_POINT('',(5.4,-1.6,4.59));
#678 = LINE('',#679,#680);
#679 = CARTESIAN_POINT('',(5.4,-1.6,3.74));
#680 = VECTOR('',#681,1.);
#681 = DIRECTION('',(0.,0.,1.));
#682 = ORIENTED_EDGE('',*,*,#683,.T.);
#683 = EDGE_CURVE('',#674,#684,#686,.T.);
#684 = VERTEX_POINT('',#685);
#685 = CARTESIAN_POINT('',(5.4,1.6,3.74));
#686 = LINE('',#687,#688);
#687 = CARTESIAN_POINT('',(5.4,-1.6,3.74));
#688 = VECTOR('',#689,1.);
#689 = DIRECTION('',(0.,1.,0.));
#690 = ORIENTED_EDGE('',*,*,#691,.T.);
#691 = EDGE_CURVE('',#684,#692,#694,.T.);
#692 = VERTEX_POINT('',#693);
#693 = CARTESIAN_POINT('',(5.4,1.6,4.59));
#694 = LINE('',#695,#696);
#695 = CARTESIAN_POINT('',(5.4,1.6,3.74));
#696 = VECTOR('',#697,1.);
#697 = DIRECTION('',(0.,0.,1.));
#698 = ORIENTED_EDGE('',*,*,#699,.F.);
#699 = EDGE_CURVE('',#676,#692,#700,.T.);
#700 = LINE('',#701,#702);
#701 = CARTESIAN_POINT('',(5.4,-1.6,4.59));
#702 = VECTOR('',#703,1.);
#703 = DIRECTION('',(0.,1.,0.));
#704 = PLANE('',#705);
#705 = AXIS2_PLACEMENT_3D('',#706,#707,#708);
#706 = CARTESIAN_POINT('',(5.4,-1.6,3.74));
#707 = DIRECTION('',(1.,0.,0.));
#708 = DIRECTION('',(0.,0.,1.));
#709 = ADVANCED_FACE('',(#710),#726,.F.);
#710 = FACE_BOUND('',#711,.F.);
#711 = EDGE_LOOP('',(#712,#718,#719,#725));
#712 = ORIENTED_EDGE('',*,*,#713,.F.);
#713 = EDGE_CURVE('',#634,#674,#714,.T.);
#714 = LINE('',#715,#716);
#715 = CARTESIAN_POINT('',(1.2,-1.6,3.74));
#716 = VECTOR('',#717,1.);
#717 = DIRECTION('',(1.,0.,0.));
#718 = ORIENTED_EDGE('',*,*,#633,.T.);
#719 = ORIENTED_EDGE('',*,*,#720,.T.);
#720 = EDGE_CURVE('',#636,#676,#721,.T.);
#721 = LINE('',#722,#723);
#722 = CARTESIAN_POINT('',(1.2,-1.6,4.59));
#723 = VECTOR('',#724,1.);
#724 = DIRECTION('',(1.,0.,0.));
#725 = ORIENTED_EDGE('',*,*,#673,.F.);
#726 = PLANE('',#727);
#727 = AXIS2_PLACEMENT_3D('',#728,#729,#730);
#728 = CARTESIAN_POINT('',(1.2,-1.6,3.74));
#729 = DIRECTION('',(0.,1.,0.));
#730 = DIRECTION('',(0.,0.,1.));
#731 = ADVANCED_FACE('',(#732),#748,.T.);
#732 = FACE_BOUND('',#733,.T.);
#733 = EDGE_LOOP('',(#734,#740,#741,#747));
#734 = ORIENTED_EDGE('',*,*,#735,.F.);
#735 = EDGE_CURVE('',#644,#684,#736,.T.);
#736 = LINE('',#737,#738);
#737 = CARTESIAN_POINT('',(1.2,1.6,3.74));
#738 = VECTOR('',#739,1.);
#739 = DIRECTION('',(1.,0.,0.));
#740 = ORIENTED_EDGE('',*,*,#651,.T.);
#741 = ORIENTED_EDGE('',*,*,#742,.T.);
#742 = EDGE_CURVE('',#652,#692,#743,.T.);
#743 = LINE('',#744,#745);
#744 = CARTESIAN_POINT('',(1.2,1.6,4.59));
#745 = VECTOR('',#746,1.);
#746 = DIRECTION('',(1.,0.,0.));
#747 = ORIENTED_EDGE('',*,*,#691,.F.);
#748 = PLANE('',#749);
#749 = AXIS2_PLACEMENT_3D('',#750,#751,#752);
#750 = CARTESIAN_POINT('',(1.2,1.6,3.74));
#751 = DIRECTION('',(0.,1.,0.));
#752 = DIRECTION('',(0.,0.,1.));
#753 = ADVANCED_FACE('',(#754),#760,.F.);
#754 = FACE_BOUND('',#755,.F.);
#755 = EDGE_LOOP('',(#756,#757,#758,#759));
#756 = ORIENTED_EDGE('',*,*,#643,.F.);
#757 = ORIENTED_EDGE('',*,*,#713,.T.);
#758 = ORIENTED_EDGE('',*,*,#683,.T.);
#759 = ORIENTED_EDGE('',*,*,#735,.F.);
#760 = PLANE('',#761);
#761 = AXIS2_PLACEMENT_3D('',#762,#763,#764);
#762 = CARTESIAN_POINT('',(1.2,-1.6,3.74));
#763 = DIRECTION('',(0.,0.,1.));
#764 = DIRECTION('',(1.,0.,0.));
#765 = ADVANCED_FACE('',(#766),#772,.T.);
#766 = FACE_BOUND('',#767,.T.);
#767 = EDGE_LOOP('',(#768,#769,#770,#771));
#768 = ORIENTED_EDGE('',*,*,#659,.F.);
#769 = ORIENTED_EDGE('',*,*,#720,.T.);
#770 = ORIENTED_EDGE('',*,*,#699,.T.);
#771 = ORIENTED_EDGE('',*,*,#742,.F.);
#772 = PLANE('',#773);
#773 = AXIS2_PLACEMENT_3D('',#774,#775,#776);
#774 = CARTESIAN_POINT('',(1.2,-1.6,4.59));
#775 = DIRECTION('',(0.,0.,1.));
#776 = DIRECTION('',(1.,0.,0.));
#777 = MANIFOLD_SOLID_BREP('',#778);
#778 = CLOSED_SHELL('',(#779,#819,#859,#881,#903,#915));
#779 = ADVANCED_FACE('',(#780),#814,.F.);
#780 = FACE_BOUND('',#781,.F.);
#781 = EDGE_LOOP('',(#782,#792,#800,#808));
#782 = ORIENTED_EDGE('',*,*,#783,.F.);
#783 = EDGE_CURVE('',#784,#786,#788,.T.);
#784 = VERTEX_POINT('',#785);
#785 = CARTESIAN_POINT('',(0.8,2.25,3.74));
#786 = VERTEX_POINT('',#787);
#787 = CARTESIAN_POINT('',(0.8,2.25,4.39));
#788 = LINE('',#789,#790);
#789 = CARTESIAN_POINT('',(0.8,2.25,3.74));
#790 = VECTOR('',#791,1.);
#791 = DIRECTION('',(0.,0.,1.));
#792 = ORIENTED_EDGE('',*,*,#793,.T.);
#793 = EDGE_CURVE('',#784,#794,#796,.T.);
#794 = VERTEX_POINT('',#795);
#795 = CARTESIAN_POINT('',(0.8,4.05,3.74));
#796 = LINE('',#797,#798);
#797 = CARTESIAN_POINT('',(0.8,2.25,3.74));
#798 = VECTOR('',#799,1.);
#799 = DIRECTION('',(0.,1.,0.));
#800 = ORIENTED_EDGE('',*,*,#801,.T.);
#801 = EDGE_CURVE('',#794,#802,#804,.T.);
#802 = VERTEX_POINT('',#803);
#803 = CARTESIAN_POINT('',(0.8,4.05,4.39));
#804 = LINE('',#805,#806);
#805 = CARTESIAN_POINT('',(0.8,4.05,3.74));
#806 = VECTOR('',#807,1.);
#807 = DIRECTION('',(0.,0.,1.));
#808 = ORIENTED_EDGE('',*,*,#809,.F.);
#809 = EDGE_CURVE('',#786,#802,#810,.T.);
#810 = LINE('',#811,#812);
#811 = CARTESIAN_POINT('',(0.8,2.25,4.39));
#812 = VECTOR('',#813,1.);
#813 = DIRECTION('',(0.,1.,0.));
#814 = PLANE('',#815);
#815 = AXIS2_PLACEMENT_3D('',#816,#817,#818);
#816 = CARTESIAN_POINT('',(0.8,2.25,3.74));
#817 = DIRECTION('',(1.,0.,0.));
#818 = DIRECTION('',(0.,0.,1.));
#819 = ADVANCED_FACE('',(#820),#854,.T.);
#820 = FACE_BOUND('',#821,.T.);
#821 = EDGE_LOOP('',(#822,#832,#840,#848));
#822 = ORIENTED_EDGE('',*,*,#823,.F.);
#823 = EDGE_CURVE('',#824,#826,#828,.T.);
#824 = VERTEX_POINT('',#825);
#825 = CARTESIAN_POINT('',(5.6,2.25,3.74));
#826 = VERTEX_POINT('',#827);
#827 = CARTESIAN_POINT('',(5.6,2.25,4.39));
#828 = LINE('',#829,#830);
#829 = CARTESIAN_POINT('',(5.6,2.25,3.74));
#830 = VECTOR('',#831,1.);
#831 = DIRECTION('',(0.,0.,1.));
#832 = ORIENTED_EDGE('',*,*,#833,.T.);
#833 = EDGE_CURVE('',#824,#834,#836,.T.);
#834 = VERTEX_POINT('',#835);
#835 = CARTESIAN_POINT('',(5.6,4.05,3.74));
#836 = LINE('',#837,#838);
#837 = CARTESIAN_POINT('',(5.6,2.25,3.74));
#838 = VECTOR('',#839,1.);
#839 = DIRECTION('',(0.,1.,0.));
#840 = ORIENTED_EDGE('',*,*,#841,.T.);
#841 = EDGE_CURVE('',#834,#842,#844,.T.);
#842 = VERTEX_POINT('',#843);
#843 = CARTESIAN_POINT('',(5.6,4.05,4.39));
#844 = LINE('',#845,#846);
#845 = CARTESIAN_POINT('',(5.6,4.05,3.74));
#846 = VECTOR('',#847,1.);
#847 = DIRECTION('',(0.,0.,1.));
#848 = ORIENTED_EDGE('',*,*,#849,.F.);
#849 = EDGE_CURVE('',#826,#842,#850,.T.);
#850 = LINE('',#851,#852);
#851 = CARTESIAN_POINT('',(5.6,2.25,4.39));
#852 = VECTOR('',#853,1.);
#853 = DIRECTION('',(0.,1.,0.));
#854 = PLANE('',#855);
#855 = AXIS2_PLACEMENT_3D('',#856,#857,#858);
#856 = CARTESIAN_POINT('',(5.6,2.25,3.74));
#857 = DIRECTION('',(1.,0.,0.));
#858 = DIRECTION('',(0.,0.,1.));
#859 = ADVANCED_FACE('',(#860),#876,.F.);
#860 = FACE_BOUND('',#861,.F.);
#861 = EDGE_LOOP('',(#862,#868,#869,#875));
#862 = ORIENTED_EDGE('',*,*,#863,.F.);
#863 = EDGE_CURVE('',#784,#824,#864,.T.);
#864 = LINE('',#865,#866);
#865 = CARTESIAN_POINT('',(0.8,2.25,3.74));
#866 = VECTOR('',#867,1.);
#867 = DIRECTION('',(1.,0.,0.));
#868 = ORIENTED_EDGE('',*,*,#783,.T.);
#869 = ORIENTED_EDGE('',*,*,#870,.T.);
#870 = EDGE_CURVE('',#786,#826,#871,.T.);
#871 = LINE('',#872,#873);
#872 = CARTESIAN_POINT('',(0.8,2.25,4.39));
#873 = VECTOR('',#874,1.);
#874 = DIRECTION('',(1.,0.,0.));
#875 = ORIENTED_EDGE('',*,*,#823,.F.);
#876 = PLANE('',#877);
#877 = AXIS2_PLACEMENT_3D('',#878,#879,#880);
#878 = CARTESIAN_POINT('',(0.8,2.25,3.74));
#879 = DIRECTION('',(0.,1.,0.));
#880 = DIRECTION('',(0.,0.,1.));
#881 = ADVANCED_FACE('',(#882),#898,.T.);
#882 = FACE_BOUND('',#883,.T.);
#883 = EDGE_LOOP('',(#884,#890,#891,#897));
#884 = ORIENTED_EDGE('',*,*,#885,.F.);
#885 = EDGE_CURVE('',#794,#834,#886,.T.);
#886 = LINE('',#887,#888);
#887 = CARTESIAN_POINT('',(0.8,4.05,3.74));
#888 = VECTOR('',#889,1.);
#889 = DIRECTION('',(1.,0.,0.));
#890 = ORIENTED_EDGE('',*,*,#801,.T.);
#891 = ORIENTED_EDGE('',*,*,#892,.T.);
#892 = EDGE_CURVE('',#802,#842,#893,.T.);
#893 = LINE('',#894,#895);
#894 = CARTESIAN_POINT('',(0.8,4.05,4.39));
#895 = VECTOR('',#896,1.);
#896 = DIRECTION('',(1.,0.,0.));
#897 = ORIENTED_EDGE('',*,*,#841,.F.);
#898 = PLANE('',#899);
#899 = AXIS2_PLACEMENT_3D('',#900,#901,#902);
#900 = CARTESIAN_POINT('',(0.8,4.05,3.74));
#901 = DIRECTION('',(0.,1.,0.));
#902 = DIRECTION('',(0.,0.,1.));
#903 = ADVANCED_FACE('',(#904),#910,.F.);
#904 = FACE_BOUND('',#905,.F.);
#905 = EDGE_LOOP('',(#906,#907,#908,#909));
#906 = ORIENTED_EDGE('',*,*,#793,.F.);
#907 = ORIENTED_EDGE('',*,*,#863,.T.);
#908 = ORIENTED_EDGE('',*,*,#833,.T.);
#909 = ORIENTED_EDGE('',*,*,#885,.F.);
#910 = PLANE('',#911);
#911 = AXIS2_PLACEMENT_3D('',#912,#913,#914);
#912 = CARTESIAN_POINT('',(0.8,2.25,3.74));
#913 = DIRECTION('',(0.,0.,1.));
#914 = DIRECTION('',(1.,0.,0.));
#915 = ADVANCED_FACE('',(#916),#922,.T.);
#916 = FACE_BOUND('',#917,.T.);
#917 = EDGE_LOOP('',(#918,#919,#920,#921));
#918 = ORIENTED_EDGE('',*,*,#809,.F.);
#919 = ORIENTED_EDGE('',*,*,#870,.T.);
#920 = ORIENTED_EDGE('',*,*,#849,.T.);
#921 = ORIENTED_EDGE('',*,*,#892,.F.);
#922 = PLANE('',#923);
#923 = AXIS2_PLACEMENT_3D('',#924,#925,#926);
#924 = CARTESIAN_POINT('',(0.8,2.25,4.39));
#925 = DIRECTION('',(0.,0.,1.));
#926 = DIRECTION('',(1.,0.,0.));
#927 = MANIFOLD_SOLID_BREP('',#928);
#928 = CLOSED_SHELL('',(#929,#962,#971));
#929 = ADVANCED_FACE('',(#930),#957,.T.);
#930 = FACE_BOUND('',#931,.T.);
#931 = EDGE_LOOP('',(#932,#941,#949,#956));
#932 = ORIENTED_EDGE('',*,*,#933,.F.);
#933 = EDGE_CURVE('',#934,#934,#936,.T.);
#934 = VERTEX_POINT('',#935);
#935 = CARTESIAN_POINT('',(5.E-02,2.,4.74));
#936 = CIRCLE('',#937,1.05);
#937 = AXIS2_PLACEMENT_3D('',#938,#939,#940);
#938 = CARTESIAN_POINT('',(-1.,2.,4.74));
#939 = DIRECTION('',(0.,0.,1.));
#940 = DIRECTION('',(1.,0.,0.));
#941 = ORIENTED_EDGE('',*,*,#942,.F.);
#942 = EDGE_CURVE('',#943,#934,#945,.T.);
#943 = VERTEX_POINT('',#944);
#944 = CARTESIAN_POINT('',(5.E-02,2.,3.74));
#945 = LINE('',#946,#947);
#946 = CARTESIAN_POINT('',(5.E-02,2.,3.74));
#947 = VECTOR('',#948,1.);
#948 = DIRECTION('',(0.,0.,1.));
#949 = ORIENTED_EDGE('',*,*,#950,.T.);
#950 = EDGE_CURVE('',#943,#943,#951,.T.);
#951 = CIRCLE('',#952,1.05);
#952 = AXIS2_PLACEMENT_3D('',#953,#954,#955);
#953 = CARTESIAN_POINT('',(-1.,2.,3.74));
#954 = DIRECTION('',(0.,0.,1.));
#955 = DIRECTION('',(1.,0.,0.));
#956 = ORIENTED_EDGE('',*,*,#942,.T.);
#957 = CYLINDRICAL_SURFACE('',#958,1.05);
#958 = AXIS2_PLACEMENT_3D('',#959,#960,#961);
#959 = CARTESIAN_POINT('',(-1.,2.,3.74));
#960 = DIRECTION('',(0.,0.,1.));
#961 = DIRECTION('',(1.,0.,0.));
#962 = ADVANCED_FACE('',(#963),#966,.T.);
#963 = FACE_BOUND('',#964,.T.);
#964 = EDGE_LOOP('',(#965));
#965 = ORIENTED_EDGE('',*,*,#933,.T.);
#966 = PLANE('',#967);
#967 = AXIS2_PLACEMENT_3D('',#968,#969,#970);
#968 = CARTESIAN_POINT('',(-1.,2.,4.74));
#969 = DIRECTION('',(0.,0.,1.));
#970 = DIRECTION('',(1.,0.,0.));
#971 = ADVANCED_FACE('',(#972),#975,.F.);
#972 = FACE_BOUND('',#973,.T.);
#973 = EDGE_LOOP('',(#974));
#974 = ORIENTED_EDGE('',*,*,#950,.F.);
#975 = PLANE('',#976);
#976 = AXIS2_PLACEMENT_3D('',#977,#978,#979);
#977 = CARTESIAN_POINT('',(-1.,2.,3.74));
#978 = DIRECTION('',(0.,0.,1.));
#979 = DIRECTION('',(1.,0.,0.));
#980 = MANIFOLD_SOLID_BREP('',#981);
#981 = CLOSED_SHELL('',(#982,#1015,#1024));
#982 = ADVANCED_FACE('',(#983),#1010,.T.);
#983 = FACE_BOUND('',#984,.T.);
#984 = EDGE_LOOP('',(#985,#994,#1002,#1009));
#985 = ORIENTED_EDGE('',*,*,#986,.F.);
#986 = EDGE_CURVE('',#987,#987,#989,.T.);
#987 = VERTEX_POINT('',#988);
#988 = CARTESIAN_POINT('',(4.85,2.,4.59));
#989 = CIRCLE('',#990,0.85);
#990 = AXIS2_PLACEMENT_3D('',#991,#992,#993);
#991 = CARTESIAN_POINT('',(4.,2.,4.59));
#992 = DIRECTION('',(0.,0.,1.));
#993 = DIRECTION('',(1.,0.,0.));
#994 = ORIENTED_EDGE('',*,*,#995,.F.);
#995 = EDGE_CURVE('',#996,#987,#998,.T.);
#996 = VERTEX_POINT('',#997);
#997 = CARTESIAN_POINT('',(4.85,2.,3.74));
#998 = LINE('',#999,#1000);
#999 = CARTESIAN_POINT('',(4.85,2.,3.74));
#1000 = VECTOR('',#1001,1.);
#1001 = DIRECTION('',(0.,0.,1.));
#1002 = ORIENTED_EDGE('',*,*,#1003,.T.);
#1003 = EDGE_CURVE('',#996,#996,#1004,.T.);
#1004 = CIRCLE('',#1005,0.85);
#1005 = AXIS2_PLACEMENT_3D('',#1006,#1007,#1008);
#1006 = CARTESIAN_POINT('',(4.,2.,3.74));
#1007 = DIRECTION('',(0.,0.,1.));
#1008 = DIRECTION('',(1.,0.,0.));
#1009 = ORIENTED_EDGE('',*,*,#995,.T.);
#1010 = CYLINDRICAL_SURFACE('',#1011,0.85);
#1011 = AXIS2_PLACEMENT_3D('',#1012,#1013,#1014);
#1012 = CARTESIAN_POINT('',(4.,2.,3.74));
#1013 = DIRECTION('',(0.,0.,1.));
#1014 = DIRECTION('',(1.,0.,0.));
#1015 = ADVANCED_FACE('',(#1016),#1019,.T.);
#1016 = FACE_BOUND('',#1017,.T.);
#1017 = EDGE_LOOP('',(#1018));
#1018 = ORIENTED_EDGE('',*,*,#986,.T.);
#1019 = PLANE('',#1020);
#1020 = AXIS2_PLACEMENT_3D('',#1021,#1022,#1023);
#1021 = CARTESIAN_POINT('',(4.,2.,4.59));
#1022 = DIRECTION('',(0.,0.,1.));
#1023 = DIRECTION('',(1.,0.,0.));
#1024 = ADVANCED_FACE('',(#1025),#1028,.F.);
#1025 = FACE_BOUND('',#1026,.T.);
#1026 = EDGE_LOOP('',(#1027));
#1027 = ORIENTED_EDGE('',*,*,#1003,.F.);
#1028 = PLANE('',#1029);
#1029 = AXIS2_PLACEMENT_3D('',#1030,#1031,#1032);
#1030 = CARTESIAN_POINT('',(4.,2.,3.74));
#1031 = DIRECTION('',(0.,0.,1.));
#1032 = DIRECTION('',(1.,0.,0.));
#1033 = MANIFOLD_SOLID_BREP('',#1034);
#1034 = CLOSED_SHELL('',(#1035,#1068,#1077));
#1035 = ADVANCED_FACE('',(#1036),#1063,.T.);
#1036 = FACE_BOUND('',#1037,.T.);
#1037 = EDGE_LOOP('',(#1038,#1047,#1055,#1062));
#1038 = ORIENTED_EDGE('',*,*,#1039,.F.);
#1039 = EDGE_CURVE('',#1040,#1040,#1042,.T.);
#1040 = VERTEX_POINT('',#1041);
#1041 = CARTESIAN_POINT('',(5.75,-2.8,4.49));
#1042 = CIRCLE('',#1043,0.75);
#1043 = AXIS2_PLACEMENT_3D('',#1044,#1045,#1046);
#1044 = CARTESIAN_POINT('',(5.,-2.8,4.49));
#1045 = DIRECTION('',(0.,0.,1.));
#1046 = DIRECTION('',(1.,0.,0.));
#1047 = ORIENTED_EDGE('',*,*,#1048,.F.);
#1048 = EDGE_CURVE('',#1049,#1040,#1051,.T.);
#1049 = VERTEX_POINT('',#1050);
#1050 = CARTESIAN_POINT('',(5.75,-2.8,3.74));
#1051 = LINE('',#1052,#1053);
#1052 = CARTESIAN_POINT('',(5.75,-2.8,3.74));
#1053 = VECTOR('',#1054,1.);
#1054 = DIRECTION('',(0.,0.,1.));
#1055 = ORIENTED_EDGE('',*,*,#1056,.T.);
#1056 = EDGE_CURVE('',#1049,#1049,#1057,.T.);
#1057 = CIRCLE('',#1058,0.75);
#1058 = AXIS2_PLACEMENT_3D('',#1059,#1060,#1061);
#1059 = CARTESIAN_POINT('',(5.,-2.8,3.74));
#1060 = DIRECTION('',(0.,0.,1.));
#1061 = DIRECTION('',(1.,0.,0.));
#1062 = ORIENTED_EDGE('',*,*,#1048,.T.);
#1063 = CYLINDRICAL_SURFACE('',#1064,0.75);
#1064 = AXIS2_PLACEMENT_3D('',#1065,#1066,#1067);
#1065 = CARTESIAN_POINT('',(5.,-2.8,3.74));
#1066 = DIRECTION('',(0.,0.,1.));
#1067 = DIRECTION('',(1.,0.,0.));
#1068 = ADVANCED_FACE('',(#1069),#1072,.T.);
#1069 = FACE_BOUND('',#1070,.T.);
#1070 = EDGE_LOOP('',(#1071));
#1071 = ORIENTED_EDGE('',*,*,#1039,.T.);
#1072 = PLANE('',#1073);
#1073 = AXIS2_PLACEMENT_3D('',#1074,#1075,#1076);
#1074 = CARTESIAN_POINT('',(5.,-2.8,4.49));
#1075 = DIRECTION('',(0.,0.,1.));
#1076 = DIRECTION('',(1.,0.,0.));
#1077 = ADVANCED_FACE('',(#1078),#1081,.F.);
#1078 = FACE_BOUND('',#1079,.T.);
#1079 = EDGE_LOOP('',(#1080));
#1080 = ORIENTED_EDGE('',*,*,#1056,.F.);
#1081 = PLANE('',#1082);
#1082 = AXIS2_PLACEMENT_3D('',#1083,#1084,#1085);
#1083 = CARTESIAN_POINT('',(5.,-2.8,3.74));
#1084 = DIRECTION('',(0.,0.,1.));
#1085 = DIRECTION('',(1.,0.,0.));
#1086 = MANIFOLD_SOLID_BREP('',#1087);
#1087 = CLOSED_SHELL('',(#1088,#1121,#1141,#1161));
#1088 = ADVANCED_FACE('',(#1089),#1116,.T.);
#1089 = FACE_BOUND('',#1090,.T.);
#1090 = EDGE_LOOP('',(#1091,#1100,#1108,#1115));
#1091 = ORIENTED_EDGE('',*,*,#1092,.F.);
#1092 = EDGE_CURVE('',#1093,#1093,#1095,.T.);
#1093 = VERTEX_POINT('',#1094);
#1094 = CARTESIAN_POINT('',(-8.171,-6.604,3.79));
#1095 = CIRCLE('',#1096,1.1);
#1096 = AXIS2_PLACEMENT_3D('',#1097,#1098,#1099);
#1097 = CARTESIAN_POINT('',(-9.271,-6.604,3.79));
#1098 = DIRECTION('',(0.,0.,1.));
#1099 = DIRECTION('',(1.,0.,0.));
#1100 = ORIENTED_EDGE('',*,*,#1101,.F.);
#1101 = EDGE_CURVE('',#1102,#1093,#1104,.T.);
#1102 = VERTEX_POINT('',#1103);
#1103 = CARTESIAN_POINT('',(-8.171,-6.604,3.74));
#1104 = LINE('',#1105,#1106);
#1105 = CARTESIAN_POINT('',(-8.171,-6.604,3.74));
#1106 = VECTOR('',#1107,1.);
#1107 = DIRECTION('',(0.,0.,1.));
#1108 = ORIENTED_EDGE('',*,*,#1109,.T.);
#1109 = EDGE_CURVE('',#1102,#1102,#1110,.T.);
#1110 = CIRCLE('',#1111,1.1);
#1111 = AXIS2_PLACEMENT_3D('',#1112,#1113,#1114);
#1112 = CARTESIAN_POINT('',(-9.271,-6.604,3.74));
#1113 = DIRECTION('',(0.,0.,1.));
#1114 = DIRECTION('',(1.,0.,0.));
#1115 = ORIENTED_EDGE('',*,*,#1101,.T.);
#1116 = CYLINDRICAL_SURFACE('',#1117,1.1);
#1117 = AXIS2_PLACEMENT_3D('',#1118,#1119,#1120);
#1118 = CARTESIAN_POINT('',(-9.271,-6.604,3.74));
#1119 = DIRECTION('',(0.,0.,1.));
#1120 = DIRECTION('',(1.,0.,0.));
#1121 = ADVANCED_FACE('',(#1122,#1125),#1136,.T.);
#1122 = FACE_BOUND('',#1123,.T.);
#1123 = EDGE_LOOP('',(#1124));
#1124 = ORIENTED_EDGE('',*,*,#1092,.T.);
#1125 = FACE_BOUND('',#1126,.T.);
#1126 = EDGE_LOOP('',(#1127));
#1127 = ORIENTED_EDGE('',*,*,#1128,.F.);
#1128 = EDGE_CURVE('',#1129,#1129,#1131,.T.);
#1129 = VERTEX_POINT('',#1130);
#1130 = CARTESIAN_POINT('',(-8.821,-6.604,3.79));
#1131 = CIRCLE('',#1132,0.45);
#1132 = AXIS2_PLACEMENT_3D('',#1133,#1134,#1135);
#1133 = CARTESIAN_POINT('',(-9.271,-6.604,3.79));
#1134 = DIRECTION('',(0.,0.,1.));
#1135 = DIRECTION('',(1.,0.,0.));
#1136 = PLANE('',#1137);
#1137 = AXIS2_PLACEMENT_3D('',#1138,#1139,#1140);
#1138 = CARTESIAN_POINT('',(-9.271,-6.604,3.79));
#1139 = DIRECTION('',(0.,0.,1.));
#1140 = DIRECTION('',(1.,0.,0.));
#1141 = ADVANCED_FACE('',(#1142,#1145),#1156,.F.);
#1142 = FACE_BOUND('',#1143,.F.);
#1143 = EDGE_LOOP('',(#1144));
#1144 = ORIENTED_EDGE('',*,*,#1109,.T.);
#1145 = FACE_BOUND('',#1146,.F.);
#1146 = EDGE_LOOP('',(#1147));
#1147 = ORIENTED_EDGE('',*,*,#1148,.F.);
#1148 = EDGE_CURVE('',#1149,#1149,#1151,.T.);
#1149 = VERTEX_POINT('',#1150);
#1150 = CARTESIAN_POINT('',(-8.821,-6.604,3.74));
#1151 = CIRCLE('',#1152,0.45);
#1152 = AXIS2_PLACEMENT_3D('',#1153,#1154,#1155);
#1153 = CARTESIAN_POINT('',(-9.271,-6.604,3.74));
#1154 = DIRECTION('',(0.,0.,1.));
#1155 = DIRECTION('',(1.,0.,0.));
#1156 = PLANE('',#1157);
#1157 = AXIS2_PLACEMENT_3D('',#1158,#1159,#1160);
#1158 = CARTESIAN_POINT('',(-9.271,-6.604,3.74));
#1159 = DIRECTION('',(0.,0.,1.));
#1160 = DIRECTION('',(1.,0.,0.));
#1161 = ADVANCED_FACE('',(#1162),#1173,.F.);
#1162 = FACE_BOUND('',#1163,.F.);
#1163 = EDGE_LOOP('',(#1164,#1165,#1171,#1172));
#1164 = ORIENTED_EDGE('',*,*,#1128,.F.);
#1165 = ORIENTED_EDGE('',*,*,#1166,.F.);
#1166 = EDGE_CURVE('',#1149,#1129,#1167,.T.);
#1167 = LINE('',#1168,#1169);
#1168 = CARTESIAN_POINT('',(-8.821,-6.604,3.74));
#1169 = VECTOR('',#1170,1.);
#1170 = DIRECTION('',(0.,0.,1.));
#1171 = ORIENTED_EDGE('',*,*,#1148,.T.);
#1172 = ORIENTED_EDGE('',*,*,#1166,.T.);
#1173 = CYLINDRICAL_SURFACE('',#1174,0.45);
#1174 = AXIS2_PLACEMENT_3D('',#1175,#1176,#1177);
#1175 = CARTESIAN_POINT('',(-9.271,-6.604,3.74));
#1176 = DIRECTION('',(0.,0.,1.));
#1177 = DIRECTION('',(1.,0.,0.));
#1178 = MANIFOLD_SOLID_BREP('',#1179);
#1179 = CLOSED_SHELL('',(#1180,#1213,#1233,#1253));
#1180 = ADVANCED_FACE('',(#1181),#1208,.T.);
#1181 = FACE_BOUND('',#1182,.T.);
#1182 = EDGE_LOOP('',(#1183,#1192,#1200,#1207));
#1183 = ORIENTED_EDGE('',*,*,#1184,.F.);
#1184 = EDGE_CURVE('',#1185,#1185,#1187,.T.);
#1185 = VERTEX_POINT('',#1186);
#1186 = CARTESIAN_POINT('',(10.371,-6.604,3.79));
#1187 = CIRCLE('',#1188,1.1);
#1188 = AXIS2_PLACEMENT_3D('',#1189,#1190,#1191);
#1189 = CARTESIAN_POINT('',(9.271,-6.604,3.79));
#1190 = DIRECTION('',(0.,0.,1.));
#1191 = DIRECTION('',(1.,0.,0.));
#1192 = ORIENTED_EDGE('',*,*,#1193,.F.);
#1193 = EDGE_CURVE('',#1194,#1185,#1196,.T.);
#1194 = VERTEX_POINT('',#1195);
#1195 = CARTESIAN_POINT('',(10.371,-6.604,3.74));
#1196 = LINE('',#1197,#1198);
#1197 = CARTESIAN_POINT('',(10.371,-6.604,3.74));
#1198 = VECTOR('',#1199,1.);
#1199 = DIRECTION('',(0.,0.,1.));
#1200 = ORIENTED_EDGE('',*,*,#1201,.T.);
#1201 = EDGE_CURVE('',#1194,#1194,#1202,.T.);
#1202 = CIRCLE('',#1203,1.1);
#1203 = AXIS2_PLACEMENT_3D('',#1204,#1205,#1206);
#1204 = CARTESIAN_POINT('',(9.271,-6.604,3.74));
#1205 = DIRECTION('',(0.,0.,1.));
#1206 = DIRECTION('',(1.,0.,0.));
#1207 = ORIENTED_EDGE('',*,*,#1193,.T.);
#1208 = CYLINDRICAL_SURFACE('',#1209,1.1);
#1209 = AXIS2_PLACEMENT_3D('',#1210,#1211,#1212);
#1210 = CARTESIAN_POINT('',(9.271,-6.604,3.74));
#1211 = DIRECTION('',(0.,0.,1.));
#1212 = DIRECTION('',(1.,0.,0.));
#1213 = ADVANCED_FACE('',(#1214,#1217),#1228,.T.);
#1214 = FACE_BOUND('',#1215,.T.);
#1215 = EDGE_LOOP('',(#1216));
#1216 = ORIENTED_EDGE('',*,*,#1184,.T.);
#1217 = FACE_BOUND('',#1218,.T.);
#1218 = EDGE_LOOP('',(#1219));
#1219 = ORIENTED_EDGE('',*,*,#1220,.F.);
#1220 = EDGE_CURVE('',#1221,#1221,#1223,.T.);
#1221 = VERTEX_POINT('',#1222);
#1222 = CARTESIAN_POINT('',(9.721,-6.604,3.79));
#1223 = CIRCLE('',#1224,0.45);
#1224 = AXIS2_PLACEMENT_3D('',#1225,#1226,#1227);
#1225 = CARTESIAN_POINT('',(9.271,-6.604,3.79));
#1226 = DIRECTION('',(0.,0.,1.));
#1227 = DIRECTION('',(1.,0.,0.));
#1228 = PLANE('',#1229);
#1229 = AXIS2_PLACEMENT_3D('',#1230,#1231,#1232);
#1230 = CARTESIAN_POINT('',(9.271,-6.604,3.79));
#1231 = DIRECTION('',(0.,0.,1.));
#1232 = DIRECTION('',(1.,0.,0.));
#1233 = ADVANCED_FACE('',(#1234,#1237),#1248,.F.);
#1234 = FACE_BOUND('',#1235,.F.);
#1235 = EDGE_LOOP('',(#1236));
#1236 = ORIENTED_EDGE('',*,*,#1201,.T.);
#1237 = FACE_BOUND('',#1238,.F.);
#1238 = EDGE_LOOP('',(#1239));
#1239 = ORIENTED_EDGE('',*,*,#1240,.F.);
#1240 = EDGE_CURVE('',#1241,#1241,#1243,.T.);
#1241 = VERTEX_POINT('',#1242);
#1242 = CARTESIAN_POINT('',(9.721,-6.604,3.74));
#1243 = CIRCLE('',#1244,0.45);
#1244 = AXIS2_PLACEMENT_3D('',#1245,#1246,#1247);
#1245 = CARTESIAN_POINT('',(9.271,-6.604,3.74));
#1246 = DIRECTION('',(0.,0.,1.));
#1247 = DIRECTION('',(1.,0.,0.));
#1248 = PLANE('',#1249);
#1249 = AXIS2_PLACEMENT_3D('',#1250,#1251,#1252);
#1250 = CARTESIAN_POINT('',(9.271,-6.604,3.74));
#1251 = DIRECTION('',(0.,0.,1.));
#1252 = DIRECTION('',(1.,0.,0.));
#1253 = ADVANCED_FACE('',(#1254),#1265,.F.);
#1254 = FACE_BOUND('',#1255,.F.);
#1255 = EDGE_LOOP('',(#1256,#1257,#1263,#1264));
#1256 = ORIENTED_EDGE('',*,*,#1220,.F.);
#1257 = ORIENTED_EDGE('',*,*,#1258,.F.);
#1258 = EDGE_CURVE('',#1241,#1221,#1259,.T.);
#1259 = LINE('',#1260,#1261);
#1260 = CARTESIAN_POINT('',(9.721,-6.604,3.74));
#1261 = VECTOR('',#1262,1.);
#1262 = DIRECTION('',(0.,0.,1.));
#1263 = ORIENTED_EDGE('',*,*,#1240,.T.);
#1264 = ORIENTED_EDGE('',*,*,#1258,.T.);
#1265 = CYLINDRICAL_SURFACE('',#1266,0.45);
#1266 = AXIS2_PLACEMENT_3D('',#1267,#1268,#1269);
#1267 = CARTESIAN_POINT('',(9.271,-6.604,3.74));
#1268 = DIRECTION('',(0.,0.,1.));
#1269 = DIRECTION('',(1.,0.,0.));
#1270 = MANIFOLD_SOLID_BREP('',#1271);
#1271 = CLOSED_SHELL('',(#1272,#1305,#1325,#1345));
#1272 = ADVANCED_FACE('',(#1273),#1300,.T.);
#1273 = FACE_BOUND('',#1274,.T.);
#1274 = EDGE_LOOP('',(#1275,#1284,#1292,#1299));
#1275 = ORIENTED_EDGE('',*,*,#1276,.F.);
#1276 = EDGE_CURVE('',#1277,#1277,#1279,.T.);
#1277 = VERTEX_POINT('',#1278);
#1278 = CARTESIAN_POINT('',(-8.171,-4.064,3.79));
#1279 = CIRCLE('',#1280,1.1);
#1280 = AXIS2_PLACEMENT_3D('',#1281,#1282,#1283);
#1281 = CARTESIAN_POINT('',(-9.271,-4.064,3.79));
#1282 = DIRECTION('',(0.,0.,1.));
#1283 = DIRECTION('',(1.,0.,0.));
#1284 = ORIENTED_EDGE('',*,*,#1285,.F.);
#1285 = EDGE_CURVE('',#1286,#1277,#1288,.T.);
#1286 = VERTEX_POINT('',#1287);
#1287 = CARTESIAN_POINT('',(-8.171,-4.064,3.74));
#1288 = LINE('',#1289,#1290);
#1289 = CARTESIAN_POINT('',(-8.171,-4.064,3.74));
#1290 = VECTOR('',#1291,1.);
#1291 = DIRECTION('',(0.,0.,1.));
#1292 = ORIENTED_EDGE('',*,*,#1293,.T.);
#1293 = EDGE_CURVE('',#1286,#1286,#1294,.T.);
#1294 = CIRCLE('',#1295,1.1);
#1295 = AXIS2_PLACEMENT_3D('',#1296,#1297,#1298);
#1296 = CARTESIAN_POINT('',(-9.271,-4.064,3.74));
#1297 = DIRECTION('',(0.,0.,1.));
#1298 = DIRECTION('',(1.,0.,0.));
#1299 = ORIENTED_EDGE('',*,*,#1285,.T.);
#1300 = CYLINDRICAL_SURFACE('',#1301,1.1);
#1301 = AXIS2_PLACEMENT_3D('',#1302,#1303,#1304);
#1302 = CARTESIAN_POINT('',(-9.271,-4.064,3.74));
#1303 = DIRECTION('',(0.,0.,1.));
#1304 = DIRECTION('',(1.,0.,0.));
#1305 = ADVANCED_FACE('',(#1306,#1309),#1320,.T.);
#1306 = FACE_BOUND('',#1307,.T.);
#1307 = EDGE_LOOP('',(#1308));
#1308 = ORIENTED_EDGE('',*,*,#1276,.T.);
#1309 = FACE_BOUND('',#1310,.T.);
#1310 = EDGE_LOOP('',(#1311));
#1311 = ORIENTED_EDGE('',*,*,#1312,.F.);
#1312 = EDGE_CURVE('',#1313,#1313,#1315,.T.);
#1313 = VERTEX_POINT('',#1314);
#1314 = CARTESIAN_POINT('',(-8.821,-4.064,3.79));
#1315 = CIRCLE('',#1316,0.45);
#1316 = AXIS2_PLACEMENT_3D('',#1317,#1318,#1319);
#1317 = CARTESIAN_POINT('',(-9.271,-4.064,3.79));
#1318 = DIRECTION('',(0.,0.,1.));
#1319 = DIRECTION('',(1.,0.,0.));
#1320 = PLANE('',#1321);
#1321 = AXIS2_PLACEMENT_3D('',#1322,#1323,#1324);
#1322 = CARTESIAN_POINT('',(-9.271,-4.064,3.79));
#1323 = DIRECTION('',(0.,0.,1.));
#1324 = DIRECTION('',(1.,0.,0.));
#1325 = ADVANCED_FACE('',(#1326,#1329),#1340,.F.);
#1326 = FACE_BOUND('',#1327,.F.);
#1327 = EDGE_LOOP('',(#1328));
#1328 = ORIENTED_EDGE('',*,*,#1293,.T.);
#1329 = FACE_BOUND('',#1330,.F.);
#1330 = EDGE_LOOP('',(#1331));
#1331 = ORIENTED_EDGE('',*,*,#1332,.F.);
#1332 = EDGE_CURVE('',#1333,#1333,#1335,.T.);
#1333 = VERTEX_POINT('',#1334);
#1334 = CARTESIAN_POINT('',(-8.821,-4.064,3.74));
#1335 = CIRCLE('',#1336,0.45);
#1336 = AXIS2_PLACEMENT_3D('',#1337,#1338,#1339);
#1337 = CARTESIAN_POINT('',(-9.271,-4.064,3.74));
#1338 = DIRECTION('',(0.,0.,1.));
#1339 = DIRECTION('',(1.,0.,0.));
#1340 = PLANE('',#1341);
#1341 = AXIS2_PLACEMENT_3D('',#1342,#1343,#1344);
#1342 = CARTESIAN_POINT('',(-9.271,-4.064,3.74));
#1343 = DIRECTION('',(0.,0.,1.));
#1344 = DIRECTION('',(1.,0.,0.));
#1345 = ADVANCED_FACE('',(#1346),#1357,.F.);
#1346 = FACE_BOUND('',#1347,.F.);
#1347 = EDGE_LOOP('',(#1348,#1349,#1355,#1356));
#1348 = ORIENTED_EDGE('',*,*,#1312,.F.);
#1349 = ORIENTED_EDGE('',*,*,#1350,.F.);
#1350 = EDGE_CURVE('',#1333,#1313,#1351,.T.);
#1351 = LINE('',#1352,#1353);
#1352 = CARTESIAN_POINT('',(-8.821,-4.064,3.74));
#1353 = VECTOR('',#1354,1.);
#1354 = DIRECTION('',(0.,0.,1.));
#1355 = ORIENTED_EDGE('',*,*,#1332,.T.);
#1356 = ORIENTED_EDGE('',*,*,#1350,.T.);
#1357 = CYLINDRICAL_SURFACE('',#1358,0.45);
#1358 = AXIS2_PLACEMENT_3D('',#1359,#1360,#1361);
#1359 = CARTESIAN_POINT('',(-9.271,-4.064,3.74));
#1360 = DIRECTION('',(0.,0.,1.));
#1361 = DIRECTION('',(1.,0.,0.));
#1362 = MANIFOLD_SOLID_BREP('',#1363);
#1363 = CLOSED_SHELL('',(#1364,#1397,#1417,#1437));
#1364 = ADVANCED_FACE('',(#1365),#1392,.T.);
#1365 = FACE_BOUND('',#1366,.T.);
#1366 = EDGE_LOOP('',(#1367,#1376,#1384,#1391));
#1367 = ORIENTED_EDGE('',*,*,#1368,.F.);
#1368 = EDGE_CURVE('',#1369,#1369,#1371,.T.);
#1369 = VERTEX_POINT('',#1370);
#1370 = CARTESIAN_POINT('',(10.371,-4.064,3.79));
#1371 = CIRCLE('',#1372,1.1);
#1372 = AXIS2_PLACEMENT_3D('',#1373,#1374,#1375);
#1373 = CARTESIAN_POINT('',(9.271,-4.064,3.79));
#1374 = DIRECTION('',(0.,0.,1.));
#1375 = DIRECTION('',(1.,0.,0.));
#1376 = ORIENTED_EDGE('',*,*,#1377,.F.);
#1377 = EDGE_CURVE('',#1378,#1369,#1380,.T.);
#1378 = VERTEX_POINT('',#1379);
#1379 = CARTESIAN_POINT('',(10.371,-4.064,3.74));
#1380 = LINE('',#1381,#1382);
#1381 = CARTESIAN_POINT('',(10.371,-4.064,3.74));
#1382 = VECTOR('',#1383,1.);
#1383 = DIRECTION('',(0.,0.,1.));
#1384 = ORIENTED_EDGE('',*,*,#1385,.T.);
#1385 = EDGE_CURVE('',#1378,#1378,#1386,.T.);
#1386 = CIRCLE('',#1387,1.1);
#1387 = AXIS2_PLACEMENT_3D('',#1388,#1389,#1390);
#1388 = CARTESIAN_POINT('',(9.271,-4.064,3.74));
#1389 = DIRECTION('',(0.,0.,1.));
#1390 = DIRECTION('',(1.,0.,0.));
#1391 = ORIENTED_EDGE('',*,*,#1377,.T.);
#1392 = CYLINDRICAL_SURFACE('',#1393,1.1);
#1393 = AXIS2_PLACEMENT_3D('',#1394,#1395,#1396);
#1394 = CARTESIAN_POINT('',(9.271,-4.064,3.74));
#1395 = DIRECTION('',(0.,0.,1.));
#1396 = DIRECTION('',(1.,0.,0.));
#1397 = ADVANCED_FACE('',(#1398,#1401),#1412,.T.);
#1398 = FACE_BOUND('',#1399,.T.);
#1399 = EDGE_LOOP('',(#1400));
#1400 = ORIENTED_EDGE('',*,*,#1368,.T.);
#1401 = FACE_BOUND('',#1402,.T.);
#1402 = EDGE_LOOP('',(#1403));
#1403 = ORIENTED_EDGE('',*,*,#1404,.F.);
#1404 = EDGE_CURVE('',#1405,#1405,#1407,.T.);
#1405 = VERTEX_POINT('',#1406);
#1406 = CARTESIAN_POINT('',(9.721,-4.064,3.79));
#1407 = CIRCLE('',#1408,0.45);
#1408 = AXIS2_PLACEMENT_3D('',#1409,#1410,#1411);
#1409 = CARTESIAN_POINT('',(9.271,-4.064,3.79));
#1410 = DIRECTION('',(0.,0.,1.));
#1411 = DIRECTION('',(1.,0.,0.));
#1412 = PLANE('',#1413);
#1413 = AXIS2_PLACEMENT_3D('',#1414,#1415,#1416);
#1414 = CARTESIAN_POINT('',(9.271,-4.064,3.79));
#1415 = DIRECTION('',(0.,0.,1.));
#1416 = DIRECTION('',(1.,0.,0.));
#1417 = ADVANCED_FACE('',(#1418,#1421),#1432,.F.);
#1418 = FACE_BOUND('',#1419,.F.);
#1419 = EDGE_LOOP('',(#1420));
#1420 = ORIENTED_EDGE('',*,*,#1385,.T.);
#1421 = FACE_BOUND('',#1422,.F.);
#1422 = EDGE_LOOP('',(#1423));
#1423 = ORIENTED_EDGE('',*,*,#1424,.F.);
#1424 = EDGE_CURVE('',#1425,#1425,#1427,.T.);
#1425 = VERTEX_POINT('',#1426);
#1426 = CARTESIAN_POINT('',(9.721,-4.064,3.74));
#1427 = CIRCLE('',#1428,0.45);
#1428 = AXIS2_PLACEMENT_3D('',#1429,#1430,#1431);
#1429 = CARTESIAN_POINT('',(9.271,-4.064,3.74));
#1430 = DIRECTION('',(0.,0.,1.));
#1431 = DIRECTION('',(1.,0.,0.));
#1432 = PLANE('',#1433);
#1433 = AXIS2_PLACEMENT_3D('',#1434,#1435,#1436);
#1434 = CARTESIAN_POINT('',(9.271,-4.064,3.74));
#1435 = DIRECTION('',(0.,0.,1.));
#1436 = DIRECTION('',(1.,0.,0.));
#1437 = ADVANCED_FACE('',(#1438),#1449,.F.);
#1438 = FACE_BOUND('',#1439,.F.);
#1439 = EDGE_LOOP('',(#1440,#1441,#1447,#1448));
#1440 = ORIENTED_EDGE('',*,*,#1404,.F.);
#1441 = ORIENTED_EDGE('',*,*,#1442,.F.);
#1442 = EDGE_CURVE('',#1425,#1405,#1443,.T.);
#1443 = LINE('',#1444,#1445);
#1444 = CARTESIAN_POINT('',(9.721,-4.064,3.74));
#1445 = VECTOR('',#1446,1.);
#1446 = DIRECTION('',(0.,0.,1.));
#1447 = ORIENTED_EDGE('',*,*,#1424,.T.);
#1448 = ORIENTED_EDGE('',*,*,#1442,.T.);
#1449 = CYLINDRICAL_SURFACE('',#1450,0.45);
#1450 = AXIS2_PLACEMENT_3D('',#1451,#1452,#1453);
#1451 = CARTESIAN_POINT('',(9.271,-4.064,3.74));
#1452 = DIRECTION('',(0.,0.,1.));
#1453 = DIRECTION('',(1.,0.,0.));
#1454 = MANIFOLD_SOLID_BREP('',#1455);
#1455 = CLOSED_SHELL('',(#1456,#1489,#1509,#1529));
#1456 = ADVANCED_FACE('',(#1457),#1484,.T.);
#1457 = FACE_BOUND('',#1458,.T.);
#1458 = EDGE_LOOP('',(#1459,#1468,#1476,#1483));
#1459 = ORIENTED_EDGE('',*,*,#1460,.F.);
#1460 = EDGE_CURVE('',#1461,#1461,#1463,.T.);
#1461 = VERTEX_POINT('',#1462);
#1462 = CARTESIAN_POINT('',(-8.171,4.064,3.79));
#1463 = CIRCLE('',#1464,1.1);
#1464 = AXIS2_PLACEMENT_3D('',#1465,#1466,#1467);
#1465 = CARTESIAN_POINT('',(-9.271,4.064,3.79));
#1466 = DIRECTION('',(0.,0.,1.));
#1467 = DIRECTION('',(1.,0.,0.));
#1468 = ORIENTED_EDGE('',*,*,#1469,.F.);
#1469 = EDGE_CURVE('',#1470,#1461,#1472,.T.);
#1470 = VERTEX_POINT('',#1471);
#1471 = CARTESIAN_POINT('',(-8.171,4.064,3.74));
#1472 = LINE('',#1473,#1474);
#1473 = CARTESIAN_POINT('',(-8.171,4.064,3.74));
#1474 = VECTOR('',#1475,1.);
#1475 = DIRECTION('',(0.,0.,1.));
#1476 = ORIENTED_EDGE('',*,*,#1477,.T.);
#1477 = EDGE_CURVE('',#1470,#1470,#1478,.T.);
#1478 = CIRCLE('',#1479,1.1);
#1479 = AXIS2_PLACEMENT_3D('',#1480,#1481,#1482);
#1480 = CARTESIAN_POINT('',(-9.271,4.064,3.74));
#1481 = DIRECTION('',(0.,0.,1.));
#1482 = DIRECTION('',(1.,0.,0.));
#1483 = ORIENTED_EDGE('',*,*,#1469,.T.);
#1484 = CYLINDRICAL_SURFACE('',#1485,1.1);
#1485 = AXIS2_PLACEMENT_3D('',#1486,#1487,#1488);
#1486 = CARTESIAN_POINT('',(-9.271,4.064,3.74));
#1487 = DIRECTION('',(0.,0.,1.));
#1488 = DIRECTION('',(1.,0.,0.));
#1489 = ADVANCED_FACE('',(#1490,#1493),#1504,.T.);
#1490 = FACE_BOUND('',#1491,.T.);
#1491 = EDGE_LOOP('',(#1492));
#1492 = ORIENTED_EDGE('',*,*,#1460,.T.);
#1493 = FACE_BOUND('',#1494,.T.);
#1494 = EDGE_LOOP('',(#1495));
#1495 = ORIENTED_EDGE('',*,*,#1496,.F.);
#1496 = EDGE_CURVE('',#1497,#1497,#1499,.T.);
#1497 = VERTEX_POINT('',#1498);
#1498 = CARTESIAN_POINT('',(-8.821,4.064,3.79));
#1499 = CIRCLE('',#1500,0.45);
#1500 = AXIS2_PLACEMENT_3D('',#1501,#1502,#1503);
#1501 = CARTESIAN_POINT('',(-9.271,4.064,3.79));
#1502 = DIRECTION('',(0.,0.,1.));
#1503 = DIRECTION('',(1.,0.,0.));
#1504 = PLANE('',#1505);
#1505 = AXIS2_PLACEMENT_3D('',#1506,#1507,#1508);
#1506 = CARTESIAN_POINT('',(-9.271,4.064,3.79));
#1507 = DIRECTION('',(0.,0.,1.));
#1508 = DIRECTION('',(1.,0.,0.));
#1509 = ADVANCED_FACE('',(#1510,#1513),#1524,.F.);
#1510 = FACE_BOUND('',#1511,.F.);
#1511 = EDGE_LOOP('',(#1512));
#1512 = ORIENTED_EDGE('',*,*,#1477,.T.);
#1513 = FACE_BOUND('',#1514,.F.);
#1514 = EDGE_LOOP('',(#1515));
#1515 = ORIENTED_EDGE('',*,*,#1516,.F.);
#1516 = EDGE_CURVE('',#1517,#1517,#1519,.T.);
#1517 = VERTEX_POINT('',#1518);
#1518 = CARTESIAN_POINT('',(-8.821,4.064,3.74));
#1519 = CIRCLE('',#1520,0.45);
#1520 = AXIS2_PLACEMENT_3D('',#1521,#1522,#1523);
#1521 = CARTESIAN_POINT('',(-9.271,4.064,3.74));
#1522 = DIRECTION('',(0.,0.,1.));
#1523 = DIRECTION('',(1.,0.,0.));
#1524 = PLANE('',#1525);
#1525 = AXIS2_PLACEMENT_3D('',#1526,#1527,#1528);
#1526 = CARTESIAN_POINT('',(-9.271,4.064,3.74));
#1527 = DIRECTION('',(0.,0.,1.));
#1528 = DIRECTION('',(1.,0.,0.));
#1529 = ADVANCED_FACE('',(#1530),#1541,.F.);
#1530 = FACE_BOUND('',#1531,.F.);
#1531 = EDGE_LOOP('',(#1532,#1533,#1539,#1540));
#1532 = ORIENTED_EDGE('',*,*,#1496,.F.);
#1533 = ORIENTED_EDGE('',*,*,#1534,.F.);
#1534 = EDGE_CURVE('',#1517,#1497,#1535,.T.);
#1535 = LINE('',#1536,#1537);
#1536 = CARTESIAN_POINT('',(-8.821,4.064,3.74));
#1537 = VECTOR('',#1538,1.);
#1538 = DIRECTION('',(0.,0.,1.));
#1539 = ORIENTED_EDGE('',*,*,#1516,.T.);
#1540 = ORIENTED_EDGE('',*,*,#1534,.T.);
#1541 = CYLINDRICAL_SURFACE('',#1542,0.45);
#1542 = AXIS2_PLACEMENT_3D('',#1543,#1544,#1545);
#1543 = CARTESIAN_POINT('',(-9.271,4.064,3.74));
#1544 = DIRECTION('',(0.,0.,1.));
#1545 = DIRECTION('',(1.,0.,0.));
#1546 = MANIFOLD_SOLID_BREP('',#1547);
#1547 = CLOSED_SHELL('',(#1548,#1581,#1601,#1621));
#1548 = ADVANCED_FACE('',(#1549),#1576,.T.);
#1549 = FACE_BOUND('',#1550,.T.);
#1550 = EDGE_LOOP('',(#1551,#1560,#1568,#1575));
#1551 = ORIENTED_EDGE('',*,*,#1552,.F.);
#1552 = EDGE_CURVE('',#1553,#1553,#1555,.T.);
#1553 = VERTEX_POINT('',#1554);
#1554 = CARTESIAN_POINT('',(10.371,4.064,3.79));
#1555 = CIRCLE('',#1556,1.1);
#1556 = AXIS2_PLACEMENT_3D('',#1557,#1558,#1559);
#1557 = CARTESIAN_POINT('',(9.271,4.064,3.79));
#1558 = DIRECTION('',(0.,0.,1.));
#1559 = DIRECTION('',(1.,0.,0.));
#1560 = ORIENTED_EDGE('',*,*,#1561,.F.);
#1561 = EDGE_CURVE('',#1562,#1553,#1564,.T.);
#1562 = VERTEX_POINT('',#1563);
#1563 = CARTESIAN_POINT('',(10.371,4.064,3.74));
#1564 = LINE('',#1565,#1566);
#1565 = CARTESIAN_POINT('',(10.371,4.064,3.74));
#1566 = VECTOR('',#1567,1.);
#1567 = DIRECTION('',(0.,0.,1.));
#1568 = ORIENTED_EDGE('',*,*,#1569,.T.);
#1569 = EDGE_CURVE('',#1562,#1562,#1570,.T.);
#1570 = CIRCLE('',#1571,1.1);
#1571 = AXIS2_PLACEMENT_3D('',#1572,#1573,#1574);
#1572 = CARTESIAN_POINT('',(9.271,4.064,3.74));
#1573 = DIRECTION('',(0.,0.,1.));
#1574 = DIRECTION('',(1.,0.,0.));
#1575 = ORIENTED_EDGE('',*,*,#1561,.T.);
#1576 = CYLINDRICAL_SURFACE('',#1577,1.1);
#1577 = AXIS2_PLACEMENT_3D('',#1578,#1579,#1580);
#1578 = CARTESIAN_POINT('',(9.271,4.064,3.74));
#1579 = DIRECTION('',(0.,0.,1.));
#1580 = DIRECTION('',(1.,0.,0.));
#1581 = ADVANCED_FACE('',(#1582,#1585),#1596,.T.);
#1582 = FACE_BOUND('',#1583,.T.);
#1583 = EDGE_LOOP('',(#1584));
#1584 = ORIENTED_EDGE('',*,*,#1552,.T.);
#1585 = FACE_BOUND('',#1586,.T.);
#1586 = EDGE_LOOP('',(#1587));
#1587 = ORIENTED_EDGE('',*,*,#1588,.F.);
#1588 = EDGE_CURVE('',#1589,#1589,#1591,.T.);
#1589 = VERTEX_POINT('',#1590);
#1590 = CARTESIAN_POINT('',(9.721,4.064,3.79));
#1591 = CIRCLE('',#1592,0.45);
#1592 = AXIS2_PLACEMENT_3D('',#1593,#1594,#1595);
#1593 = CARTESIAN_POINT('',(9.271,4.064,3.79));
#1594 = DIRECTION('',(0.,0.,1.));
#1595 = DIRECTION('',(1.,0.,0.));
#1596 = PLANE('',#1597);
#1597 = AXIS2_PLACEMENT_3D('',#1598,#1599,#1600);
#1598 = CARTESIAN_POINT('',(9.271,4.064,3.79));
#1599 = DIRECTION('',(0.,0.,1.));
#1600 = DIRECTION('',(1.,0.,0.));
#1601 = ADVANCED_FACE('',(#1602,#1605),#1616,.F.);
#1602 = FACE_BOUND('',#1603,.F.);
#1603 = EDGE_LOOP('',(#1604));
#1604 = ORIENTED_EDGE('',*,*,#1569,.T.);
#1605 = FACE_BOUND('',#1606,.F.);
#1606 = EDGE_LOOP('',(#1607));
#1607 = ORIENTED_EDGE('',*,*,#1608,.F.);
#1608 = EDGE_CURVE('',#1609,#1609,#1611,.T.);
#1609 = VERTEX_POINT('',#1610);
#1610 = CARTESIAN_POINT('',(9.721,4.064,3.74));
#1611 = CIRCLE('',#1612,0.45);
#1612 = AXIS2_PLACEMENT_3D('',#1613,#1614,#1615);
#1613 = CARTESIAN_POINT('',(9.271,4.064,3.74));
#1614 = DIRECTION('',(0.,0.,1.));
#1615 = DIRECTION('',(1.,0.,0.));
#1616 = PLANE('',#1617);
#1617 = AXIS2_PLACEMENT_3D('',#1618,#1619,#1620);
#1618 = CARTESIAN_POINT('',(9.271,4.064,3.74));
#1619 = DIRECTION('',(0.,0.,1.));
#1620 = DIRECTION('',(1.,0.,0.));
#1621 = ADVANCED_FACE('',(#1622),#1633,.F.);
#1622 = FACE_BOUND('',#1623,.F.);
#1623 = EDGE_LOOP('',(#1624,#1625,#1631,#1632));
#1624 = ORIENTED_EDGE('',*,*,#1588,.F.);
#1625 = ORIENTED_EDGE('',*,*,#1626,.F.);
#1626 = EDGE_CURVE('',#1609,#1589,#1627,.T.);
#1627 = LINE('',#1628,#1629);
#1628 = CARTESIAN_POINT('',(9.721,4.064,3.74));
#1629 = VECTOR('',#1630,1.);
#1630 = DIRECTION('',(0.,0.,1.));
#1631 = ORIENTED_EDGE('',*,*,#1608,.T.);
#1632 = ORIENTED_EDGE('',*,*,#1626,.T.);
#1633 = CYLINDRICAL_SURFACE('',#1634,0.45);
#1634 = AXIS2_PLACEMENT_3D('',#1635,#1636,#1637);
#1635 = CARTESIAN_POINT('',(9.271,4.064,3.74));
#1636 = DIRECTION('',(0.,0.,1.));
#1637 = DIRECTION('',(1.,0.,0.));
#1638 = MANIFOLD_SOLID_BREP('',#1639);
#1639 = CLOSED_SHELL('',(#1640,#1673,#1693,#1713));
#1640 = ADVANCED_FACE('',(#1641),#1668,.T.);
#1641 = FACE_BOUND('',#1642,.T.);
#1642 = EDGE_LOOP('',(#1643,#1652,#1660,#1667));
#1643 = ORIENTED_EDGE('',*,*,#1644,.F.);
#1644 = EDGE_CURVE('',#1645,#1645,#1647,.T.);
#1645 = VERTEX_POINT('',#1646);
#1646 = CARTESIAN_POINT('',(-8.171,6.604,3.79));
#1647 = CIRCLE('',#1648,1.1);
#1648 = AXIS2_PLACEMENT_3D('',#1649,#1650,#1651);
#1649 = CARTESIAN_POINT('',(-9.271,6.604,3.79));
#1650 = DIRECTION('',(0.,0.,1.));
#1651 = DIRECTION('',(1.,0.,0.));
#1652 = ORIENTED_EDGE('',*,*,#1653,.F.);
#1653 = EDGE_CURVE('',#1654,#1645,#1656,.T.);
#1654 = VERTEX_POINT('',#1655);
#1655 = CARTESIAN_POINT('',(-8.171,6.604,3.74));
#1656 = LINE('',#1657,#1658);
#1657 = CARTESIAN_POINT('',(-8.171,6.604,3.74));
#1658 = VECTOR('',#1659,1.);
#1659 = DIRECTION('',(0.,0.,1.));
#1660 = ORIENTED_EDGE('',*,*,#1661,.T.);
#1661 = EDGE_CURVE('',#1654,#1654,#1662,.T.);
#1662 = CIRCLE('',#1663,1.1);
#1663 = AXIS2_PLACEMENT_3D('',#1664,#1665,#1666);
#1664 = CARTESIAN_POINT('',(-9.271,6.604,3.74));
#1665 = DIRECTION('',(0.,0.,1.));
#1666 = DIRECTION('',(1.,0.,0.));
#1667 = ORIENTED_EDGE('',*,*,#1653,.T.);
#1668 = CYLINDRICAL_SURFACE('',#1669,1.1);
#1669 = AXIS2_PLACEMENT_3D('',#1670,#1671,#1672);
#1670 = CARTESIAN_POINT('',(-9.271,6.604,3.74));
#1671 = DIRECTION('',(0.,0.,1.));
#1672 = DIRECTION('',(1.,0.,0.));
#1673 = ADVANCED_FACE('',(#1674,#1677),#1688,.T.);
#1674 = FACE_BOUND('',#1675,.T.);
#1675 = EDGE_LOOP('',(#1676));
#1676 = ORIENTED_EDGE('',*,*,#1644,.T.);
#1677 = FACE_BOUND('',#1678,.T.);
#1678 = EDGE_LOOP('',(#1679));
#1679 = ORIENTED_EDGE('',*,*,#1680,.F.);
#1680 = EDGE_CURVE('',#1681,#1681,#1683,.T.);
#1681 = VERTEX_POINT('',#1682);
#1682 = CARTESIAN_POINT('',(-8.821,6.604,3.79));
#1683 = CIRCLE('',#1684,0.45);
#1684 = AXIS2_PLACEMENT_3D('',#1685,#1686,#1687);
#1685 = CARTESIAN_POINT('',(-9.271,6.604,3.79));
#1686 = DIRECTION('',(0.,0.,1.));
#1687 = DIRECTION('',(1.,0.,0.));
#1688 = PLANE('',#1689);
#1689 = AXIS2_PLACEMENT_3D('',#1690,#1691,#1692);
#1690 = CARTESIAN_POINT('',(-9.271,6.604,3.79));
#1691 = DIRECTION('',(0.,0.,1.));
#1692 = DIRECTION('',(1.,0.,0.));
#1693 = ADVANCED_FACE('',(#1694,#1697),#1708,.F.);
#1694 = FACE_BOUND('',#1695,.F.);
#1695 = EDGE_LOOP('',(#1696));
#1696 = ORIENTED_EDGE('',*,*,#1661,.T.);
#1697 = FACE_BOUND('',#1698,.F.);
#1698 = EDGE_LOOP('',(#1699));
#1699 = ORIENTED_EDGE('',*,*,#1700,.F.);
#1700 = EDGE_CURVE('',#1701,#1701,#1703,.T.);
#1701 = VERTEX_POINT('',#1702);
#1702 = CARTESIAN_POINT('',(-8.821,6.604,3.74));
#1703 = CIRCLE('',#1704,0.45);
#1704 = AXIS2_PLACEMENT_3D('',#1705,#1706,#1707);
#1705 = CARTESIAN_POINT('',(-9.271,6.604,3.74));
#1706 = DIRECTION('',(0.,0.,1.));
#1707 = DIRECTION('',(1.,0.,0.));
#1708 = PLANE('',#1709);
#1709 = AXIS2_PLACEMENT_3D('',#1710,#1711,#1712);
#1710 = CARTESIAN_POINT('',(-9.271,6.604,3.74));
#1711 = DIRECTION('',(0.,0.,1.));
#1712 = DIRECTION('',(1.,0.,0.));
#1713 = ADVANCED_FACE('',(#1714),#1725,.F.);
#1714 = FACE_BOUND('',#1715,.F.);
#1715 = EDGE_LOOP('',(#1716,#1717,#1723,#1724));
#1716 = ORIENTED_EDGE('',*,*,#1680,.F.);
#1717 = ORIENTED_EDGE('',*,*,#1718,.F.);
#1718 = EDGE_CURVE('',#1701,#1681,#1719,.T.);
#1719 = LINE('',#1720,#1721);
#1720 = CARTESIAN_POINT('',(-8.821,6.604,3.74));
#1721 = VECTOR('',#1722,1.);
#1722 = DIRECTION('',(0.,0.,1.));
#1723 = ORIENTED_EDGE('',*,*,#1700,.T.);
#1724 = ORIENTED_EDGE('',*,*,#1718,.T.);
#1725 = CYLINDRICAL_SURFACE('',#1726,0.45);
#1726 = AXIS2_PLACEMENT_3D('',#1727,#1728,#1729);
#1727 = CARTESIAN_POINT('',(-9.271,6.604,3.74));
#1728 = DIRECTION('',(0.,0.,1.));
#1729 = DIRECTION('',(1.,0.,0.));
#1730 = MANIFOLD_SOLID_BREP('',#1731);
#1731 = CLOSED_SHELL('',(#1732,#1765,#1785,#1805));
#1732 = ADVANCED_FACE('',(#1733),#1760,.T.);
#1733 = FACE_BOUND('',#1734,.T.);
#1734 = EDGE_LOOP('',(#1735,#1744,#1752,#1759));
#1735 = ORIENTED_EDGE('',*,*,#1736,.F.);
#1736 = EDGE_CURVE('',#1737,#1737,#1739,.T.);
#1737 = VERTEX_POINT('',#1738);
#1738 = CARTESIAN_POINT('',(10.371,6.604,3.79));
#1739 = CIRCLE('',#1740,1.1);
#1740 = AXIS2_PLACEMENT_3D('',#1741,#1742,#1743);
#1741 = CARTESIAN_POINT('',(9.271,6.604,3.79));
#1742 = DIRECTION('',(0.,0.,1.));
#1743 = DIRECTION('',(1.,0.,0.));
#1744 = ORIENTED_EDGE('',*,*,#1745,.F.);
#1745 = EDGE_CURVE('',#1746,#1737,#1748,.T.);
#1746 = VERTEX_POINT('',#1747);
#1747 = CARTESIAN_POINT('',(10.371,6.604,3.74));
#1748 = LINE('',#1749,#1750);
#1749 = CARTESIAN_POINT('',(10.371,6.604,3.74));
#1750 = VECTOR('',#1751,1.);
#1751 = DIRECTION('',(0.,0.,1.));
#1752 = ORIENTED_EDGE('',*,*,#1753,.T.);
#1753 = EDGE_CURVE('',#1746,#1746,#1754,.T.);
#1754 = CIRCLE('',#1755,1.1);
#1755 = AXIS2_PLACEMENT_3D('',#1756,#1757,#1758);
#1756 = CARTESIAN_POINT('',(9.271,6.604,3.74));
#1757 = DIRECTION('',(0.,0.,1.));
#1758 = DIRECTION('',(1.,0.,0.));
#1759 = ORIENTED_EDGE('',*,*,#1745,.T.);
#1760 = CYLINDRICAL_SURFACE('',#1761,1.1);
#1761 = AXIS2_PLACEMENT_3D('',#1762,#1763,#1764);
#1762 = CARTESIAN_POINT('',(9.271,6.604,3.74));
#1763 = DIRECTION('',(0.,0.,1.));
#1764 = DIRECTION('',(1.,0.,0.));
#1765 = ADVANCED_FACE('',(#1766,#1769),#1780,.T.);
#1766 = FACE_BOUND('',#1767,.T.);
#1767 = EDGE_LOOP('',(#1768));
#1768 = ORIENTED_EDGE('',*,*,#1736,.T.);
#1769 = FACE_BOUND('',#1770,.T.);
#1770 = EDGE_LOOP('',(#1771));
#1771 = ORIENTED_EDGE('',*,*,#1772,.F.);
#1772 = EDGE_CURVE('',#1773,#1773,#1775,.T.);
#1773 = VERTEX_POINT('',#1774);
#1774 = CARTESIAN_POINT('',(9.721,6.604,3.79));
#1775 = CIRCLE('',#1776,0.45);
#1776 = AXIS2_PLACEMENT_3D('',#1777,#1778,#1779);
#1777 = CARTESIAN_POINT('',(9.271,6.604,3.79));
#1778 = DIRECTION('',(0.,0.,1.));
#1779 = DIRECTION('',(1.,0.,0.));
#1780 = PLANE('',#1781);
#1781 = AXIS2_PLACEMENT_3D('',#1782,#1783,#1784);
#1782 = CARTESIAN_POINT('',(9.271,6.604,3.79));
#1783 = DIRECTION('',(0.,0.,1.));
#1784 = DIRECTION('',(1.,0.,0.));
#1785 = ADVANCED_FACE('',(#1786,#1789),#1800,.F.);
#1786 = FACE_BOUND('',#1787,.F.);
#1787 = EDGE_LOOP('',(#1788));
#1788 = ORIENTED_EDGE('',*,*,#1753,.T.);
#1789 = FACE_BOUND('',#1790,.F.);
#1790 = EDGE_LOOP('',(#1791));
#1791 = ORIENTED_EDGE('',*,*,#1792,.F.);
#1792 = EDGE_CURVE('',#1793,#1793,#1795,.T.);
#1793 = VERTEX_POINT('',#1794);
#1794 = CARTESIAN_POINT('',(9.721,6.604,3.74));
#1795 = CIRCLE('',#1796,0.45);
#1796 = AXIS2_PLACEMENT_3D('',#1797,#1798,#1799);
#1797 = CARTESIAN_POINT('',(9.271,6.604,3.74));
#1798 = DIRECTION('',(0.,0.,1.));
#1799 = DIRECTION('',(1.,0.,0.));
#1800 = PLANE('',#1801);
#1801 = AXIS2_PLACEMENT_3D('',#1802,#1803,#1804);
#1802 = CARTESIAN_POINT('',(9.271,6.604,3.74));
#1803 = DIRECTION('',(0.,0.,1.));
#1804 = DIRECTION('',(1.,0.,0.));
#1805 = ADVANCED_FACE('',(#1806),#1817,.F.);
#1806 = FACE_BOUND('',#1807,.F.);
#1807 = EDGE_LOOP('',(#1808,#1809,#1815,#1816));
#1808 = ORIENTED_EDGE('',*,*,#1772,.F.);
#1809 = ORIENTED_EDGE('',*,*,#1810,.F.);
#1810 = EDGE_CURVE('',#1793,#1773,#1811,.T.);
#1811 = LINE('',#1812,#1813);
#1812 = CARTESIAN_POINT('',(9.721,6.604,3.74));
#1813 = VECTOR('',#1814,1.);
#1814 = DIRECTION('',(0.,0.,1.));
#1815 = ORIENTED_EDGE('',*,*,#1792,.T.);
#1816 = ORIENTED_EDGE('',*,*,#1810,.T.);
#1817 = CYLINDRICAL_SURFACE('',#1818,0.45);
#1818 = AXIS2_PLACEMENT_3D('',#1819,#1820,#1821);
#1819 = CARTESIAN_POINT('',(9.271,6.604,3.74));
#1820 = DIRECTION('',(0.,0.,1.));
#1821 = DIRECTION('',(1.,0.,0.));
#1822 = MANIFOLD_SOLID_BREP('',#1823);
#1823 = CLOSED_SHELL('',(#1824,#1864,#1895,#1926,#2009,#2092,#2109,#2126
    ,#2143,#2160,#2172,#2203,#2227,#2251,#2268,#2299,#2323,#2347,#2364,
    #2395,#2419,#2443,#2460,#2491,#2515,#2539,#2556,#2568));
#1824 = ADVANCED_FACE('',(#1825),#1859,.F.);
#1825 = FACE_BOUND('',#1826,.F.);
#1826 = EDGE_LOOP('',(#1827,#1837,#1845,#1853));
#1827 = ORIENTED_EDGE('',*,*,#1828,.T.);
#1828 = EDGE_CURVE('',#1829,#1831,#1833,.T.);
#1829 = VERTEX_POINT('',#1830);
#1830 = CARTESIAN_POINT('',(-10.287,-7.874,2.54));
#1831 = VERTEX_POINT('',#1832);
#1832 = CARTESIAN_POINT('',(-10.287,-7.874,0.));
#1833 = LINE('',#1834,#1835);
#1834 = CARTESIAN_POINT('',(-10.287,-7.874,2.54));
#1835 = VECTOR('',#1836,1.);
#1836 = DIRECTION('',(0.,-1.224646799147E-16,-1.));
#1837 = ORIENTED_EDGE('',*,*,#1838,.T.);
#1838 = EDGE_CURVE('',#1831,#1839,#1841,.T.);
#1839 = VERTEX_POINT('',#1840);
#1840 = CARTESIAN_POINT('',(-10.541,-7.62,0.));
#1841 = LINE('',#1842,#1843);
#1842 = CARTESIAN_POINT('',(-10.287,-7.874,0.));
#1843 = VECTOR('',#1844,1.);
#1844 = DIRECTION('',(-0.707106781187,0.707106781187,-8.659560562355E-17
    ));
#1845 = ORIENTED_EDGE('',*,*,#1846,.F.);
#1846 = EDGE_CURVE('',#1847,#1839,#1849,.T.);
#1847 = VERTEX_POINT('',#1848);
#1848 = CARTESIAN_POINT('',(-10.541,-7.62,2.54));
#1849 = LINE('',#1850,#1851);
#1850 = CARTESIAN_POINT('',(-10.541,-7.62,2.54));
#1851 = VECTOR('',#1852,1.);
#1852 = DIRECTION('',(0.,-1.224646799147E-16,-1.));
#1853 = ORIENTED_EDGE('',*,*,#1854,.F.);
#1854 = EDGE_CURVE('',#1829,#1847,#1855,.T.);
#1855 = LINE('',#1856,#1857);
#1856 = CARTESIAN_POINT('',(-10.287,-7.874,2.54));
#1857 = VECTOR('',#1858,1.);
#1858 = DIRECTION('',(-0.707106781187,0.707106781187,-8.659560562355E-17
    ));
#1859 = PLANE('',#1860);
#1860 = AXIS2_PLACEMENT_3D('',#1861,#1862,#1863);
#1861 = CARTESIAN_POINT('',(-10.287,-7.874,2.54));
#1862 = DIRECTION('',(0.707106781187,0.707106781187,-8.659560562355E-17)
  );
#1863 = DIRECTION('',(-0.707106781187,0.707106781187,-8.659560562355E-17
    ));
#1864 = ADVANCED_FACE('',(#1865),#1890,.F.);
#1865 = FACE_BOUND('',#1866,.F.);
#1866 = EDGE_LOOP('',(#1867,#1877,#1883,#1884));
#1867 = ORIENTED_EDGE('',*,*,#1868,.T.);
#1868 = EDGE_CURVE('',#1869,#1871,#1873,.T.);
#1869 = VERTEX_POINT('',#1870);
#1870 = CARTESIAN_POINT('',(-8.255,-7.874,2.54));
#1871 = VERTEX_POINT('',#1872);
#1872 = CARTESIAN_POINT('',(-8.255,-7.874,0.));
#1873 = LINE('',#1874,#1875);
#1874 = CARTESIAN_POINT('',(-8.255,-7.874,2.54));
#1875 = VECTOR('',#1876,1.);
#1876 = DIRECTION('',(0.,-1.224646799147E-16,-1.));
#1877 = ORIENTED_EDGE('',*,*,#1878,.T.);
#1878 = EDGE_CURVE('',#1871,#1831,#1879,.T.);
#1879 = LINE('',#1880,#1881);
#1880 = CARTESIAN_POINT('',(-8.255,-7.874,0.));
#1881 = VECTOR('',#1882,1.);
#1882 = DIRECTION('',(-1.,-0.,0.));
#1883 = ORIENTED_EDGE('',*,*,#1828,.F.);
#1884 = ORIENTED_EDGE('',*,*,#1885,.F.);
#1885 = EDGE_CURVE('',#1869,#1829,#1886,.T.);
#1886 = LINE('',#1887,#1888);
#1887 = CARTESIAN_POINT('',(-8.255,-7.874,2.54));
#1888 = VECTOR('',#1889,1.);
#1889 = DIRECTION('',(-1.,-0.,0.));
#1890 = PLANE('',#1891);
#1891 = AXIS2_PLACEMENT_3D('',#1892,#1893,#1894);
#1892 = CARTESIAN_POINT('',(-8.255,-7.874,2.54));
#1893 = DIRECTION('',(0.,1.,-1.224646799147E-16));
#1894 = DIRECTION('',(-1.,-0.,0.));
#1895 = ADVANCED_FACE('',(#1896),#1921,.F.);
#1896 = FACE_BOUND('',#1897,.F.);
#1897 = EDGE_LOOP('',(#1898,#1899,#1907,#1915));
#1898 = ORIENTED_EDGE('',*,*,#1846,.T.);
#1899 = ORIENTED_EDGE('',*,*,#1900,.T.);
#1900 = EDGE_CURVE('',#1839,#1901,#1903,.T.);
#1901 = VERTEX_POINT('',#1902);
#1902 = CARTESIAN_POINT('',(-10.541,-5.588,0.));
#1903 = LINE('',#1904,#1905);
#1904 = CARTESIAN_POINT('',(-10.541,-7.62,0.));
#1905 = VECTOR('',#1906,1.);
#1906 = DIRECTION('',(0.,1.,-1.224646799147E-16));
#1907 = ORIENTED_EDGE('',*,*,#1908,.F.);
#1908 = EDGE_CURVE('',#1909,#1901,#1911,.T.);
#1909 = VERTEX_POINT('',#1910);
#1910 = CARTESIAN_POINT('',(-10.541,-5.588,2.54));
#1911 = LINE('',#1912,#1913);
#1912 = CARTESIAN_POINT('',(-10.541,-5.588,2.54));
#1913 = VECTOR('',#1914,1.);
#1914 = DIRECTION('',(0.,-1.224646799147E-16,-1.));
#1915 = ORIENTED_EDGE('',*,*,#1916,.F.);
#1916 = EDGE_CURVE('',#1847,#1909,#1917,.T.);
#1917 = LINE('',#1918,#1919);
#1918 = CARTESIAN_POINT('',(-10.541,-7.62,2.54));
#1919 = VECTOR('',#1920,1.);
#1920 = DIRECTION('',(0.,1.,-1.224646799147E-16));
#1921 = PLANE('',#1922);
#1922 = AXIS2_PLACEMENT_3D('',#1923,#1924,#1925);
#1923 = CARTESIAN_POINT('',(-10.541,-7.62,2.54));
#1924 = DIRECTION('',(1.,0.,0.));
#1925 = DIRECTION('',(0.,1.,-1.224646799147E-16));
#1926 = ADVANCED_FACE('',(#1927,#1970),#2004,.F.);
#1927 = FACE_BOUND('',#1928,.F.);
#1928 = EDGE_LOOP('',(#1929,#1930,#1931,#1939,#1947,#1955,#1963,#1969));
#1929 = ORIENTED_EDGE('',*,*,#1854,.T.);
#1930 = ORIENTED_EDGE('',*,*,#1916,.T.);
#1931 = ORIENTED_EDGE('',*,*,#1932,.T.);
#1932 = EDGE_CURVE('',#1909,#1933,#1935,.T.);
#1933 = VERTEX_POINT('',#1934);
#1934 = CARTESIAN_POINT('',(-10.287,-5.334,2.54));
#1935 = LINE('',#1936,#1937);
#1936 = CARTESIAN_POINT('',(-10.541,-5.588,2.54));
#1937 = VECTOR('',#1938,1.);
#1938 = DIRECTION('',(0.707106781187,0.707106781187,-8.659560562355E-17)
  );
#1939 = ORIENTED_EDGE('',*,*,#1940,.T.);
#1940 = EDGE_CURVE('',#1933,#1941,#1943,.T.);
#1941 = VERTEX_POINT('',#1942);
#1942 = CARTESIAN_POINT('',(-8.255,-5.334,2.54));
#1943 = LINE('',#1944,#1945);
#1944 = CARTESIAN_POINT('',(-10.287,-5.334,2.54));
#1945 = VECTOR('',#1946,1.);
#1946 = DIRECTION('',(1.,0.,0.));
#1947 = ORIENTED_EDGE('',*,*,#1948,.T.);
#1948 = EDGE_CURVE('',#1941,#1949,#1951,.T.);
#1949 = VERTEX_POINT('',#1950);
#1950 = CARTESIAN_POINT('',(-8.001,-5.588,2.54));
#1951 = LINE('',#1952,#1953);
#1952 = CARTESIAN_POINT('',(-8.255,-5.334,2.54));
#1953 = VECTOR('',#1954,1.);
#1954 = DIRECTION('',(0.707106781187,-0.707106781187,8.659560562355E-17)
  );
#1955 = ORIENTED_EDGE('',*,*,#1956,.T.);
#1956 = EDGE_CURVE('',#1949,#1957,#1959,.T.);
#1957 = VERTEX_POINT('',#1958);
#1958 = CARTESIAN_POINT('',(-8.001,-7.62,2.54));
#1959 = LINE('',#1960,#1961);
#1960 = CARTESIAN_POINT('',(-8.001,-5.588,2.54));
#1961 = VECTOR('',#1962,1.);
#1962 = DIRECTION('',(0.,-1.,1.224646799147E-16));
#1963 = ORIENTED_EDGE('',*,*,#1964,.T.);
#1964 = EDGE_CURVE('',#1957,#1869,#1965,.T.);
#1965 = LINE('',#1966,#1967);
#1966 = CARTESIAN_POINT('',(-8.001,-7.62,2.54));
#1967 = VECTOR('',#1968,1.);
#1968 = DIRECTION('',(-0.707106781187,-0.707106781187,8.659560562355E-17
    ));
#1969 = ORIENTED_EDGE('',*,*,#1885,.T.);
#1970 = FACE_BOUND('',#1971,.F.);
#1971 = EDGE_LOOP('',(#1972,#1982,#1990,#1998));
#1972 = ORIENTED_EDGE('',*,*,#1973,.T.);
#1973 = EDGE_CURVE('',#1974,#1976,#1978,.T.);
#1974 = VERTEX_POINT('',#1975);
#1975 = CARTESIAN_POINT('',(-8.951,-6.284,2.54));
#1976 = VERTEX_POINT('',#1977);
#1977 = CARTESIAN_POINT('',(-9.591,-6.284,2.54));
#1978 = LINE('',#1979,#1980);
#1979 = CARTESIAN_POINT('',(-9.431,-6.284,2.54));
#1980 = VECTOR('',#1981,1.);
#1981 = DIRECTION('',(-1.,-0.,0.));
#1982 = ORIENTED_EDGE('',*,*,#1983,.T.);
#1983 = EDGE_CURVE('',#1976,#1984,#1986,.T.);
#1984 = VERTEX_POINT('',#1985);
#1985 = CARTESIAN_POINT('',(-9.591,-6.924,2.54));
#1986 = LINE('',#1987,#1988);
#1987 = CARTESIAN_POINT('',(-9.591,-6.444,2.54));
#1988 = VECTOR('',#1989,1.);
#1989 = DIRECTION('',(0.,-1.,1.224646799147E-16));
#1990 = ORIENTED_EDGE('',*,*,#1991,.F.);
#1991 = EDGE_CURVE('',#1992,#1984,#1994,.T.);
#1992 = VERTEX_POINT('',#1993);
#1993 = CARTESIAN_POINT('',(-8.951,-6.924,2.54));
#1994 = LINE('',#1995,#1996);
#1995 = CARTESIAN_POINT('',(-9.431,-6.924,2.54));
#1996 = VECTOR('',#1997,1.);
#1997 = DIRECTION('',(-1.,-0.,0.));
#1998 = ORIENTED_EDGE('',*,*,#1999,.F.);
#1999 = EDGE_CURVE('',#1974,#1992,#2000,.T.);
#2000 = LINE('',#2001,#2002);
#2001 = CARTESIAN_POINT('',(-8.951,-6.444,2.54));
#2002 = VECTOR('',#2003,1.);
#2003 = DIRECTION('',(0.,-1.,1.224646799147E-16));
#2004 = PLANE('',#2005);
#2005 = AXIS2_PLACEMENT_3D('',#2006,#2007,#2008);
#2006 = CARTESIAN_POINT('',(-9.271,-6.604,2.54));
#2007 = DIRECTION('',(0.,-1.224646799147E-16,-1.));
#2008 = DIRECTION('',(1.,0.,0.));
#2009 = ADVANCED_FACE('',(#2010,#2053),#2087,.T.);
#2010 = FACE_BOUND('',#2011,.T.);
#2011 = EDGE_LOOP('',(#2012,#2013,#2014,#2022,#2030,#2038,#2046,#2052));
#2012 = ORIENTED_EDGE('',*,*,#1838,.T.);
#2013 = ORIENTED_EDGE('',*,*,#1900,.T.);
#2014 = ORIENTED_EDGE('',*,*,#2015,.T.);
#2015 = EDGE_CURVE('',#1901,#2016,#2018,.T.);
#2016 = VERTEX_POINT('',#2017);
#2017 = CARTESIAN_POINT('',(-10.287,-5.334,0.));
#2018 = LINE('',#2019,#2020);
#2019 = CARTESIAN_POINT('',(-10.541,-5.588,0.));
#2020 = VECTOR('',#2021,1.);
#2021 = DIRECTION('',(0.707106781187,0.707106781187,-8.659560562355E-17)
  );
#2022 = ORIENTED_EDGE('',*,*,#2023,.T.);
#2023 = EDGE_CURVE('',#2016,#2024,#2026,.T.);
#2024 = VERTEX_POINT('',#2025);
#2025 = CARTESIAN_POINT('',(-8.255,-5.334,0.));
#2026 = LINE('',#2027,#2028);
#2027 = CARTESIAN_POINT('',(-10.287,-5.334,0.));
#2028 = VECTOR('',#2029,1.);
#2029 = DIRECTION('',(1.,0.,0.));
#2030 = ORIENTED_EDGE('',*,*,#2031,.T.);
#2031 = EDGE_CURVE('',#2024,#2032,#2034,.T.);
#2032 = VERTEX_POINT('',#2033);
#2033 = CARTESIAN_POINT('',(-8.001,-5.588,0.));
#2034 = LINE('',#2035,#2036);
#2035 = CARTESIAN_POINT('',(-8.255,-5.334,0.));
#2036 = VECTOR('',#2037,1.);
#2037 = DIRECTION('',(0.707106781187,-0.707106781187,8.659560562355E-17)
  );
#2038 = ORIENTED_EDGE('',*,*,#2039,.T.);
#2039 = EDGE_CURVE('',#2032,#2040,#2042,.T.);
#2040 = VERTEX_POINT('',#2041);
#2041 = CARTESIAN_POINT('',(-8.001,-7.62,0.));
#2042 = LINE('',#2043,#2044);
#2043 = CARTESIAN_POINT('',(-8.001,-5.588,0.));
#2044 = VECTOR('',#2045,1.);
#2045 = DIRECTION('',(0.,-1.,1.224646799147E-16));
#2046 = ORIENTED_EDGE('',*,*,#2047,.T.);
#2047 = EDGE_CURVE('',#2040,#1871,#2048,.T.);
#2048 = LINE('',#2049,#2050);
#2049 = CARTESIAN_POINT('',(-8.001,-7.62,0.));
#2050 = VECTOR('',#2051,1.);
#2051 = DIRECTION('',(-0.707106781187,-0.707106781187,8.659560562355E-17
    ));
#2052 = ORIENTED_EDGE('',*,*,#1878,.T.);
#2053 = FACE_BOUND('',#2054,.T.);
#2054 = EDGE_LOOP('',(#2055,#2065,#2073,#2081));
#2055 = ORIENTED_EDGE('',*,*,#2056,.T.);
#2056 = EDGE_CURVE('',#2057,#2059,#2061,.T.);
#2057 = VERTEX_POINT('',#2058);
#2058 = CARTESIAN_POINT('',(-8.951,-6.284,0.));
#2059 = VERTEX_POINT('',#2060);
#2060 = CARTESIAN_POINT('',(-9.591,-6.284,0.));
#2061 = LINE('',#2062,#2063);
#2062 = CARTESIAN_POINT('',(-9.431,-6.284,0.));
#2063 = VECTOR('',#2064,1.);
#2064 = DIRECTION('',(-1.,-0.,0.));
#2065 = ORIENTED_EDGE('',*,*,#2066,.T.);
#2066 = EDGE_CURVE('',#2059,#2067,#2069,.T.);
#2067 = VERTEX_POINT('',#2068);
#2068 = CARTESIAN_POINT('',(-9.591,-6.924,0.));
#2069 = LINE('',#2070,#2071);
#2070 = CARTESIAN_POINT('',(-9.591,-6.444,0.));
#2071 = VECTOR('',#2072,1.);
#2072 = DIRECTION('',(0.,-1.,1.224646799147E-16));
#2073 = ORIENTED_EDGE('',*,*,#2074,.F.);
#2074 = EDGE_CURVE('',#2075,#2067,#2077,.T.);
#2075 = VERTEX_POINT('',#2076);
#2076 = CARTESIAN_POINT('',(-8.951,-6.924,0.));
#2077 = LINE('',#2078,#2079);
#2078 = CARTESIAN_POINT('',(-9.431,-6.924,0.));
#2079 = VECTOR('',#2080,1.);
#2080 = DIRECTION('',(-1.,-0.,0.));
#2081 = ORIENTED_EDGE('',*,*,#2082,.F.);
#2082 = EDGE_CURVE('',#2057,#2075,#2083,.T.);
#2083 = LINE('',#2084,#2085);
#2084 = CARTESIAN_POINT('',(-8.951,-6.444,0.));
#2085 = VECTOR('',#2086,1.);
#2086 = DIRECTION('',(0.,-1.,1.224646799147E-16));
#2087 = PLANE('',#2088);
#2088 = AXIS2_PLACEMENT_3D('',#2089,#2090,#2091);
#2089 = CARTESIAN_POINT('',(-9.271,-6.604,0.));
#2090 = DIRECTION('',(0.,-1.224646799147E-16,-1.));
#2091 = DIRECTION('',(1.,0.,0.));
#2092 = ADVANCED_FACE('',(#2093),#2104,.F.);
#2093 = FACE_BOUND('',#2094,.F.);
#2094 = EDGE_LOOP('',(#2095,#2101,#2102,#2103));
#2095 = ORIENTED_EDGE('',*,*,#2096,.T.);
#2096 = EDGE_CURVE('',#1957,#2040,#2097,.T.);
#2097 = LINE('',#2098,#2099);
#2098 = CARTESIAN_POINT('',(-8.001,-7.62,2.54));
#2099 = VECTOR('',#2100,1.);
#2100 = DIRECTION('',(0.,-1.224646799147E-16,-1.));
#2101 = ORIENTED_EDGE('',*,*,#2047,.T.);
#2102 = ORIENTED_EDGE('',*,*,#1868,.F.);
#2103 = ORIENTED_EDGE('',*,*,#1964,.F.);
#2104 = PLANE('',#2105);
#2105 = AXIS2_PLACEMENT_3D('',#2106,#2107,#2108);
#2106 = CARTESIAN_POINT('',(-8.001,-7.62,2.54));
#2107 = DIRECTION('',(-0.707106781187,0.707106781187,-8.659560562355E-17
    ));
#2108 = DIRECTION('',(-0.707106781187,-0.707106781187,8.659560562355E-17
    ));
#2109 = ADVANCED_FACE('',(#2110),#2121,.F.);
#2110 = FACE_BOUND('',#2111,.F.);
#2111 = EDGE_LOOP('',(#2112,#2113,#2114,#2120));
#2112 = ORIENTED_EDGE('',*,*,#1908,.T.);
#2113 = ORIENTED_EDGE('',*,*,#2015,.T.);
#2114 = ORIENTED_EDGE('',*,*,#2115,.F.);
#2115 = EDGE_CURVE('',#1933,#2016,#2116,.T.);
#2116 = LINE('',#2117,#2118);
#2117 = CARTESIAN_POINT('',(-10.287,-5.334,2.54));
#2118 = VECTOR('',#2119,1.);
#2119 = DIRECTION('',(0.,-1.224646799147E-16,-1.));
#2120 = ORIENTED_EDGE('',*,*,#1932,.F.);
#2121 = PLANE('',#2122);
#2122 = AXIS2_PLACEMENT_3D('',#2123,#2124,#2125);
#2123 = CARTESIAN_POINT('',(-10.541,-5.588,2.54));
#2124 = DIRECTION('',(0.707106781187,-0.707106781187,8.659560562355E-17)
  );
#2125 = DIRECTION('',(0.707106781187,0.707106781187,-8.659560562355E-17)
  );
#2126 = ADVANCED_FACE('',(#2127),#2138,.F.);
#2127 = FACE_BOUND('',#2128,.F.);
#2128 = EDGE_LOOP('',(#2129,#2135,#2136,#2137));
#2129 = ORIENTED_EDGE('',*,*,#2130,.T.);
#2130 = EDGE_CURVE('',#1949,#2032,#2131,.T.);
#2131 = LINE('',#2132,#2133);
#2132 = CARTESIAN_POINT('',(-8.001,-5.588,2.54));
#2133 = VECTOR('',#2134,1.);
#2134 = DIRECTION('',(0.,-1.224646799147E-16,-1.));
#2135 = ORIENTED_EDGE('',*,*,#2039,.T.);
#2136 = ORIENTED_EDGE('',*,*,#2096,.F.);
#2137 = ORIENTED_EDGE('',*,*,#1956,.F.);
#2138 = PLANE('',#2139);
#2139 = AXIS2_PLACEMENT_3D('',#2140,#2141,#2142);
#2140 = CARTESIAN_POINT('',(-8.001,-5.588,2.54));
#2141 = DIRECTION('',(-1.,-0.,0.));
#2142 = DIRECTION('',(0.,-1.,1.224646799147E-16));
#2143 = ADVANCED_FACE('',(#2144),#2155,.F.);
#2144 = FACE_BOUND('',#2145,.F.);
#2145 = EDGE_LOOP('',(#2146,#2147,#2148,#2154));
#2146 = ORIENTED_EDGE('',*,*,#2115,.T.);
#2147 = ORIENTED_EDGE('',*,*,#2023,.T.);
#2148 = ORIENTED_EDGE('',*,*,#2149,.F.);
#2149 = EDGE_CURVE('',#1941,#2024,#2150,.T.);
#2150 = LINE('',#2151,#2152);
#2151 = CARTESIAN_POINT('',(-8.255,-5.334,2.54));
#2152 = VECTOR('',#2153,1.);
#2153 = DIRECTION('',(0.,-1.224646799147E-16,-1.));
#2154 = ORIENTED_EDGE('',*,*,#1940,.F.);
#2155 = PLANE('',#2156);
#2156 = AXIS2_PLACEMENT_3D('',#2157,#2158,#2159);
#2157 = CARTESIAN_POINT('',(-10.287,-5.334,2.54));
#2158 = DIRECTION('',(0.,-1.,1.224646799147E-16));
#2159 = DIRECTION('',(1.,0.,0.));
#2160 = ADVANCED_FACE('',(#2161),#2167,.F.);
#2161 = FACE_BOUND('',#2162,.F.);
#2162 = EDGE_LOOP('',(#2163,#2164,#2165,#2166));
#2163 = ORIENTED_EDGE('',*,*,#2149,.T.);
#2164 = ORIENTED_EDGE('',*,*,#2031,.T.);
#2165 = ORIENTED_EDGE('',*,*,#2130,.F.);
#2166 = ORIENTED_EDGE('',*,*,#1948,.F.);
#2167 = PLANE('',#2168);
#2168 = AXIS2_PLACEMENT_3D('',#2169,#2170,#2171);
#2169 = CARTESIAN_POINT('',(-8.255,-5.334,2.54));
#2170 = DIRECTION('',(-0.707106781187,-0.707106781187,8.659560562355E-17
    ));
#2171 = DIRECTION('',(0.707106781187,-0.707106781187,8.659560562355E-17)
  );
#2172 = ADVANCED_FACE('',(#2173),#2198,.F.);
#2173 = FACE_BOUND('',#2174,.F.);
#2174 = EDGE_LOOP('',(#2175,#2183,#2191,#2197));
#2175 = ORIENTED_EDGE('',*,*,#2176,.F.);
#2176 = EDGE_CURVE('',#2177,#1974,#2179,.T.);
#2177 = VERTEX_POINT('',#2178);
#2178 = CARTESIAN_POINT('',(-8.951,-6.284,5.38));
#2179 = LINE('',#2180,#2181);
#2180 = CARTESIAN_POINT('',(-8.951,-6.284,5.54));
#2181 = VECTOR('',#2182,1.);
#2182 = DIRECTION('',(0.,-1.224646799147E-16,-1.));
#2183 = ORIENTED_EDGE('',*,*,#2184,.F.);
#2184 = EDGE_CURVE('',#2185,#2177,#2187,.T.);
#2185 = VERTEX_POINT('',#2186);
#2186 = CARTESIAN_POINT('',(-9.591,-6.284,5.38));
#2187 = LINE('',#2188,#2189);
#2188 = CARTESIAN_POINT('',(-9.591,-6.284,5.38));
#2189 = VECTOR('',#2190,1.);
#2190 = DIRECTION('',(1.,0.,0.));
#2191 = ORIENTED_EDGE('',*,*,#2192,.T.);
#2192 = EDGE_CURVE('',#2185,#1976,#2193,.T.);
#2193 = LINE('',#2194,#2195);
#2194 = CARTESIAN_POINT('',(-9.591,-6.284,5.54));
#2195 = VECTOR('',#2196,1.);
#2196 = DIRECTION('',(0.,-1.224646799147E-16,-1.));
#2197 = ORIENTED_EDGE('',*,*,#1973,.F.);
#2198 = PLANE('',#2199);
#2199 = AXIS2_PLACEMENT_3D('',#2200,#2201,#2202);
#2200 = CARTESIAN_POINT('',(-9.591,-6.284,5.54));
#2201 = DIRECTION('',(0.,-1.,1.224646799147E-16));
#2202 = DIRECTION('',(0.,-1.224646799147E-16,-1.));
#2203 = ADVANCED_FACE('',(#2204),#2222,.T.);
#2204 = FACE_BOUND('',#2205,.T.);
#2205 = EDGE_LOOP('',(#2206,#2207,#2215,#2221));
#2206 = ORIENTED_EDGE('',*,*,#2176,.F.);
#2207 = ORIENTED_EDGE('',*,*,#2208,.T.);
#2208 = EDGE_CURVE('',#2177,#2209,#2211,.T.);
#2209 = VERTEX_POINT('',#2210);
#2210 = CARTESIAN_POINT('',(-8.951,-6.924,5.38));
#2211 = LINE('',#2212,#2213);
#2212 = CARTESIAN_POINT('',(-8.951,-6.284,5.38));
#2213 = VECTOR('',#2214,1.);
#2214 = DIRECTION('',(0.,-1.,1.224646799147E-16));
#2215 = ORIENTED_EDGE('',*,*,#2216,.T.);
#2216 = EDGE_CURVE('',#2209,#1992,#2217,.T.);
#2217 = LINE('',#2218,#2219);
#2218 = CARTESIAN_POINT('',(-8.951,-6.924,5.54));
#2219 = VECTOR('',#2220,1.);
#2220 = DIRECTION('',(0.,-1.224646799147E-16,-1.));
#2221 = ORIENTED_EDGE('',*,*,#1999,.F.);
#2222 = PLANE('',#2223);
#2223 = AXIS2_PLACEMENT_3D('',#2224,#2225,#2226);
#2224 = CARTESIAN_POINT('',(-8.951,-6.284,5.54));
#2225 = DIRECTION('',(1.,0.,0.));
#2226 = DIRECTION('',(0.,-1.224646799147E-16,-1.));
#2227 = ADVANCED_FACE('',(#2228),#2246,.T.);
#2228 = FACE_BOUND('',#2229,.T.);
#2229 = EDGE_LOOP('',(#2230,#2231,#2239,#2245));
#2230 = ORIENTED_EDGE('',*,*,#2216,.F.);
#2231 = ORIENTED_EDGE('',*,*,#2232,.F.);
#2232 = EDGE_CURVE('',#2233,#2209,#2235,.T.);
#2233 = VERTEX_POINT('',#2234);
#2234 = CARTESIAN_POINT('',(-9.591,-6.924,5.38));
#2235 = LINE('',#2236,#2237);
#2236 = CARTESIAN_POINT('',(-9.591,-6.924,5.38));
#2237 = VECTOR('',#2238,1.);
#2238 = DIRECTION('',(1.,0.,0.));
#2239 = ORIENTED_EDGE('',*,*,#2240,.T.);
#2240 = EDGE_CURVE('',#2233,#1984,#2241,.T.);
#2241 = LINE('',#2242,#2243);
#2242 = CARTESIAN_POINT('',(-9.591,-6.924,5.54));
#2243 = VECTOR('',#2244,1.);
#2244 = DIRECTION('',(0.,-1.224646799147E-16,-1.));
#2245 = ORIENTED_EDGE('',*,*,#1991,.F.);
#2246 = PLANE('',#2247);
#2247 = AXIS2_PLACEMENT_3D('',#2248,#2249,#2250);
#2248 = CARTESIAN_POINT('',(-9.591,-6.924,5.54));
#2249 = DIRECTION('',(0.,-1.,1.224646799147E-16));
#2250 = DIRECTION('',(0.,-1.224646799147E-16,-1.));
#2251 = ADVANCED_FACE('',(#2252),#2263,.F.);
#2252 = FACE_BOUND('',#2253,.F.);
#2253 = EDGE_LOOP('',(#2254,#2255,#2261,#2262));
#2254 = ORIENTED_EDGE('',*,*,#2192,.F.);
#2255 = ORIENTED_EDGE('',*,*,#2256,.T.);
#2256 = EDGE_CURVE('',#2185,#2233,#2257,.T.);
#2257 = LINE('',#2258,#2259);
#2258 = CARTESIAN_POINT('',(-9.591,-6.284,5.38));
#2259 = VECTOR('',#2260,1.);
#2260 = DIRECTION('',(0.,-1.,1.224646799147E-16));
#2261 = ORIENTED_EDGE('',*,*,#2240,.T.);
#2262 = ORIENTED_EDGE('',*,*,#1983,.F.);
#2263 = PLANE('',#2264);
#2264 = AXIS2_PLACEMENT_3D('',#2265,#2266,#2267);
#2265 = CARTESIAN_POINT('',(-9.591,-6.284,5.54));
#2266 = DIRECTION('',(1.,0.,0.));
#2267 = DIRECTION('',(0.,-1.224646799147E-16,-1.));
#2268 = ADVANCED_FACE('',(#2269),#2294,.F.);
#2269 = FACE_BOUND('',#2270,.F.);
#2270 = EDGE_LOOP('',(#2271,#2279,#2280,#2288));
#2271 = ORIENTED_EDGE('',*,*,#2272,.F.);
#2272 = EDGE_CURVE('',#2057,#2273,#2275,.T.);
#2273 = VERTEX_POINT('',#2274);
#2274 = CARTESIAN_POINT('',(-8.951,-6.284,-5.84));
#2275 = LINE('',#2276,#2277);
#2276 = CARTESIAN_POINT('',(-8.951,-6.284,5.54));
#2277 = VECTOR('',#2278,1.);
#2278 = DIRECTION('',(0.,-1.224646799147E-16,-1.));
#2279 = ORIENTED_EDGE('',*,*,#2056,.T.);
#2280 = ORIENTED_EDGE('',*,*,#2281,.T.);
#2281 = EDGE_CURVE('',#2059,#2282,#2284,.T.);
#2282 = VERTEX_POINT('',#2283);
#2283 = CARTESIAN_POINT('',(-9.591,-6.284,-5.84));
#2284 = LINE('',#2285,#2286);
#2285 = CARTESIAN_POINT('',(-9.591,-6.284,5.54));
#2286 = VECTOR('',#2287,1.);
#2287 = DIRECTION('',(0.,-1.224646799147E-16,-1.));
#2288 = ORIENTED_EDGE('',*,*,#2289,.T.);
#2289 = EDGE_CURVE('',#2282,#2273,#2290,.T.);
#2290 = LINE('',#2291,#2292);
#2291 = CARTESIAN_POINT('',(-9.591,-6.284,-5.84));
#2292 = VECTOR('',#2293,1.);
#2293 = DIRECTION('',(1.,0.,0.));
#2294 = PLANE('',#2295);
#2295 = AXIS2_PLACEMENT_3D('',#2296,#2297,#2298);
#2296 = CARTESIAN_POINT('',(-9.591,-6.284,5.54));
#2297 = DIRECTION('',(0.,-1.,1.224646799147E-16));
#2298 = DIRECTION('',(0.,-1.224646799147E-16,-1.));
#2299 = ADVANCED_FACE('',(#2300),#2318,.T.);
#2300 = FACE_BOUND('',#2301,.T.);
#2301 = EDGE_LOOP('',(#2302,#2303,#2304,#2312));
#2302 = ORIENTED_EDGE('',*,*,#2272,.F.);
#2303 = ORIENTED_EDGE('',*,*,#2082,.T.);
#2304 = ORIENTED_EDGE('',*,*,#2305,.T.);
#2305 = EDGE_CURVE('',#2075,#2306,#2308,.T.);
#2306 = VERTEX_POINT('',#2307);
#2307 = CARTESIAN_POINT('',(-8.951,-6.924,-5.84));
#2308 = LINE('',#2309,#2310);
#2309 = CARTESIAN_POINT('',(-8.951,-6.924,5.54));
#2310 = VECTOR('',#2311,1.);
#2311 = DIRECTION('',(0.,-1.224646799147E-16,-1.));
#2312 = ORIENTED_EDGE('',*,*,#2313,.F.);
#2313 = EDGE_CURVE('',#2273,#2306,#2314,.T.);
#2314 = LINE('',#2315,#2316);
#2315 = CARTESIAN_POINT('',(-8.951,-6.284,-5.84));
#2316 = VECTOR('',#2317,1.);
#2317 = DIRECTION('',(0.,-1.,1.224646799147E-16));
#2318 = PLANE('',#2319);
#2319 = AXIS2_PLACEMENT_3D('',#2320,#2321,#2322);
#2320 = CARTESIAN_POINT('',(-8.951,-6.284,5.54));
#2321 = DIRECTION('',(1.,0.,0.));
#2322 = DIRECTION('',(0.,-1.224646799147E-16,-1.));
#2323 = ADVANCED_FACE('',(#2324),#2342,.T.);
#2324 = FACE_BOUND('',#2325,.T.);
#2325 = EDGE_LOOP('',(#2326,#2327,#2328,#2336));
#2326 = ORIENTED_EDGE('',*,*,#2305,.F.);
#2327 = ORIENTED_EDGE('',*,*,#2074,.T.);
#2328 = ORIENTED_EDGE('',*,*,#2329,.T.);
#2329 = EDGE_CURVE('',#2067,#2330,#2332,.T.);
#2330 = VERTEX_POINT('',#2331);
#2331 = CARTESIAN_POINT('',(-9.591,-6.924,-5.84));
#2332 = LINE('',#2333,#2334);
#2333 = CARTESIAN_POINT('',(-9.591,-6.924,5.54));
#2334 = VECTOR('',#2335,1.);
#2335 = DIRECTION('',(0.,-1.224646799147E-16,-1.));
#2336 = ORIENTED_EDGE('',*,*,#2337,.T.);
#2337 = EDGE_CURVE('',#2330,#2306,#2338,.T.);
#2338 = LINE('',#2339,#2340);
#2339 = CARTESIAN_POINT('',(-9.591,-6.924,-5.84));
#2340 = VECTOR('',#2341,1.);
#2341 = DIRECTION('',(1.,0.,0.));
#2342 = PLANE('',#2343);
#2343 = AXIS2_PLACEMENT_3D('',#2344,#2345,#2346);
#2344 = CARTESIAN_POINT('',(-9.591,-6.924,5.54));
#2345 = DIRECTION('',(0.,-1.,1.224646799147E-16));
#2346 = DIRECTION('',(0.,-1.224646799147E-16,-1.));
#2347 = ADVANCED_FACE('',(#2348),#2359,.F.);
#2348 = FACE_BOUND('',#2349,.F.);
#2349 = EDGE_LOOP('',(#2350,#2351,#2352,#2353));
#2350 = ORIENTED_EDGE('',*,*,#2281,.F.);
#2351 = ORIENTED_EDGE('',*,*,#2066,.T.);
#2352 = ORIENTED_EDGE('',*,*,#2329,.T.);
#2353 = ORIENTED_EDGE('',*,*,#2354,.F.);
#2354 = EDGE_CURVE('',#2282,#2330,#2355,.T.);
#2355 = LINE('',#2356,#2357);
#2356 = CARTESIAN_POINT('',(-9.591,-6.284,-5.84));
#2357 = VECTOR('',#2358,1.);
#2358 = DIRECTION('',(0.,-1.,1.224646799147E-16));
#2359 = PLANE('',#2360);
#2360 = AXIS2_PLACEMENT_3D('',#2361,#2362,#2363);
#2361 = CARTESIAN_POINT('',(-9.591,-6.284,5.54));
#2362 = DIRECTION('',(1.,0.,0.));
#2363 = DIRECTION('',(0.,-1.224646799147E-16,-1.));
#2364 = ADVANCED_FACE('',(#2365),#2390,.T.);
#2365 = FACE_BOUND('',#2366,.F.);
#2366 = EDGE_LOOP('',(#2367,#2375,#2376,#2384));
#2367 = ORIENTED_EDGE('',*,*,#2368,.F.);
#2368 = EDGE_CURVE('',#2185,#2369,#2371,.T.);
#2369 = VERTEX_POINT('',#2370);
#2370 = CARTESIAN_POINT('',(-9.431,-6.444,5.54));
#2371 = LINE('',#2372,#2373);
#2372 = CARTESIAN_POINT('',(-9.537666666667,-6.337333333333,
    5.433333333333));
#2373 = VECTOR('',#2374,1.);
#2374 = DIRECTION('',(0.57735026919,-0.57735026919,0.57735026919));
#2375 = ORIENTED_EDGE('',*,*,#2184,.T.);
#2376 = ORIENTED_EDGE('',*,*,#2377,.T.);
#2377 = EDGE_CURVE('',#2177,#2378,#2380,.T.);
#2378 = VERTEX_POINT('',#2379);
#2379 = CARTESIAN_POINT('',(-9.111,-6.444,5.54));
#2380 = LINE('',#2381,#2382);
#2381 = CARTESIAN_POINT('',(-9.111,-6.444,5.54));
#2382 = VECTOR('',#2383,1.);
#2383 = DIRECTION('',(-0.57735026919,-0.57735026919,0.57735026919));
#2384 = ORIENTED_EDGE('',*,*,#2385,.F.);
#2385 = EDGE_CURVE('',#2369,#2378,#2386,.T.);
#2386 = LINE('',#2387,#2388);
#2387 = CARTESIAN_POINT('',(-9.591,-6.444,5.54));
#2388 = VECTOR('',#2389,1.);
#2389 = DIRECTION('',(1.,0.,0.));
#2390 = PLANE('',#2391);
#2391 = AXIS2_PLACEMENT_3D('',#2392,#2393,#2394);
#2392 = CARTESIAN_POINT('',(-9.591,-6.364,5.46));
#2393 = DIRECTION('',(0.,0.707106781187,0.707106781187));
#2394 = DIRECTION('',(-1.,0.,-0.));
#2395 = ADVANCED_FACE('',(#2396),#2414,.F.);
#2396 = FACE_BOUND('',#2397,.F.);
#2397 = EDGE_LOOP('',(#2398,#2399,#2400,#2408));
#2398 = ORIENTED_EDGE('',*,*,#2377,.F.);
#2399 = ORIENTED_EDGE('',*,*,#2208,.T.);
#2400 = ORIENTED_EDGE('',*,*,#2401,.T.);
#2401 = EDGE_CURVE('',#2209,#2402,#2404,.T.);
#2402 = VERTEX_POINT('',#2403);
#2403 = CARTESIAN_POINT('',(-9.111,-6.764,5.54));
#2404 = LINE('',#2405,#2406);
#2405 = CARTESIAN_POINT('',(-9.217666666667,-6.657333333333,
    5.646666666667));
#2406 = VECTOR('',#2407,1.);
#2407 = DIRECTION('',(-0.57735026919,0.57735026919,0.57735026919));
#2408 = ORIENTED_EDGE('',*,*,#2409,.F.);
#2409 = EDGE_CURVE('',#2378,#2402,#2410,.T.);
#2410 = LINE('',#2411,#2412);
#2411 = CARTESIAN_POINT('',(-9.111,-6.284,5.54));
#2412 = VECTOR('',#2413,1.);
#2413 = DIRECTION('',(0.,-1.,1.224646799147E-16));
#2414 = PLANE('',#2415);
#2415 = AXIS2_PLACEMENT_3D('',#2416,#2417,#2418);
#2416 = CARTESIAN_POINT('',(-9.031,-6.284,5.46));
#2417 = DIRECTION('',(-0.707106781187,-8.659560562355E-17,
    -0.707106781187));
#2418 = DIRECTION('',(0.,-1.,1.224646799147E-16));
#2419 = ADVANCED_FACE('',(#2420),#2438,.F.);
#2420 = FACE_BOUND('',#2421,.T.);
#2421 = EDGE_LOOP('',(#2422,#2430,#2431,#2432));
#2422 = ORIENTED_EDGE('',*,*,#2423,.F.);
#2423 = EDGE_CURVE('',#2233,#2424,#2426,.T.);
#2424 = VERTEX_POINT('',#2425);
#2425 = CARTESIAN_POINT('',(-9.431,-6.764,5.54));
#2426 = LINE('',#2427,#2428);
#2427 = CARTESIAN_POINT('',(-9.431,-6.764,5.54));
#2428 = VECTOR('',#2429,1.);
#2429 = DIRECTION('',(0.57735026919,0.57735026919,0.57735026919));
#2430 = ORIENTED_EDGE('',*,*,#2232,.T.);
#2431 = ORIENTED_EDGE('',*,*,#2401,.T.);
#2432 = ORIENTED_EDGE('',*,*,#2433,.F.);
#2433 = EDGE_CURVE('',#2424,#2402,#2434,.T.);
#2434 = LINE('',#2435,#2436);
#2435 = CARTESIAN_POINT('',(-9.591,-6.764,5.54));
#2436 = VECTOR('',#2437,1.);
#2437 = DIRECTION('',(1.,0.,0.));
#2438 = PLANE('',#2439);
#2439 = AXIS2_PLACEMENT_3D('',#2440,#2441,#2442);
#2440 = CARTESIAN_POINT('',(-9.591,-6.844,5.46));
#2441 = DIRECTION('',(0.,0.707106781187,-0.707106781187));
#2442 = DIRECTION('',(-1.,-0.,0.));
#2443 = ADVANCED_FACE('',(#2444),#2455,.T.);
#2444 = FACE_BOUND('',#2445,.T.);
#2445 = EDGE_LOOP('',(#2446,#2447,#2448,#2449));
#2446 = ORIENTED_EDGE('',*,*,#2368,.F.);
#2447 = ORIENTED_EDGE('',*,*,#2256,.T.);
#2448 = ORIENTED_EDGE('',*,*,#2423,.T.);
#2449 = ORIENTED_EDGE('',*,*,#2450,.F.);
#2450 = EDGE_CURVE('',#2369,#2424,#2451,.T.);
#2451 = LINE('',#2452,#2453);
#2452 = CARTESIAN_POINT('',(-9.431,-6.284,5.54));
#2453 = VECTOR('',#2454,1.);
#2454 = DIRECTION('',(0.,-1.,1.224646799147E-16));
#2455 = PLANE('',#2456);
#2456 = AXIS2_PLACEMENT_3D('',#2457,#2458,#2459);
#2457 = CARTESIAN_POINT('',(-9.511,-6.284,5.46));
#2458 = DIRECTION('',(-0.707106781187,8.659560562355E-17,0.707106781187)
  );
#2459 = DIRECTION('',(0.,-1.,1.224646799147E-16));
#2460 = ADVANCED_FACE('',(#2461),#2486,.F.);
#2461 = FACE_BOUND('',#2462,.T.);
#2462 = EDGE_LOOP('',(#2463,#2471,#2472,#2480));
#2463 = ORIENTED_EDGE('',*,*,#2464,.F.);
#2464 = EDGE_CURVE('',#2282,#2465,#2467,.T.);
#2465 = VERTEX_POINT('',#2466);
#2466 = CARTESIAN_POINT('',(-9.431,-6.444,-6.));
#2467 = LINE('',#2468,#2469);
#2468 = CARTESIAN_POINT('',(-9.537666666667,-6.337333333333,
    -5.893333333333));
#2469 = VECTOR('',#2470,1.);
#2470 = DIRECTION('',(0.57735026919,-0.57735026919,-0.57735026919));
#2471 = ORIENTED_EDGE('',*,*,#2289,.T.);
#2472 = ORIENTED_EDGE('',*,*,#2473,.T.);
#2473 = EDGE_CURVE('',#2273,#2474,#2476,.T.);
#2474 = VERTEX_POINT('',#2475);
#2475 = CARTESIAN_POINT('',(-9.111,-6.444,-6.));
#2476 = LINE('',#2477,#2478);
#2477 = CARTESIAN_POINT('',(-9.111,-6.444,-6.));
#2478 = VECTOR('',#2479,1.);
#2479 = DIRECTION('',(-0.57735026919,-0.57735026919,-0.57735026919));
#2480 = ORIENTED_EDGE('',*,*,#2481,.F.);
#2481 = EDGE_CURVE('',#2465,#2474,#2482,.T.);
#2482 = LINE('',#2483,#2484);
#2483 = CARTESIAN_POINT('',(-9.591,-6.444,-6.));
#2484 = VECTOR('',#2485,1.);
#2485 = DIRECTION('',(1.,0.,0.));
#2486 = PLANE('',#2487);
#2487 = AXIS2_PLACEMENT_3D('',#2488,#2489,#2490);
#2488 = CARTESIAN_POINT('',(-9.591,-6.364,-5.92));
#2489 = DIRECTION('',(0.,-0.707106781187,0.707106781187));
#2490 = DIRECTION('',(-1.,0.,-0.));
#2491 = ADVANCED_FACE('',(#2492),#2510,.T.);
#2492 = FACE_BOUND('',#2493,.T.);
#2493 = EDGE_LOOP('',(#2494,#2495,#2496,#2504));
#2494 = ORIENTED_EDGE('',*,*,#2473,.F.);
#2495 = ORIENTED_EDGE('',*,*,#2313,.T.);
#2496 = ORIENTED_EDGE('',*,*,#2497,.T.);
#2497 = EDGE_CURVE('',#2306,#2498,#2500,.T.);
#2498 = VERTEX_POINT('',#2499);
#2499 = CARTESIAN_POINT('',(-9.111,-6.764,-6.));
#2500 = LINE('',#2501,#2502);
#2501 = CARTESIAN_POINT('',(-9.217666666667,-6.657333333333,
    -6.106666666667));
#2502 = VECTOR('',#2503,1.);
#2503 = DIRECTION('',(-0.57735026919,0.57735026919,-0.57735026919));
#2504 = ORIENTED_EDGE('',*,*,#2505,.F.);
#2505 = EDGE_CURVE('',#2474,#2498,#2506,.T.);
#2506 = LINE('',#2507,#2508);
#2507 = CARTESIAN_POINT('',(-9.111,-6.284,-6.));
#2508 = VECTOR('',#2509,1.);
#2509 = DIRECTION('',(0.,-1.,1.224646799147E-16));
#2510 = PLANE('',#2511);
#2511 = AXIS2_PLACEMENT_3D('',#2512,#2513,#2514);
#2512 = CARTESIAN_POINT('',(-9.031,-6.284,-5.92));
#2513 = DIRECTION('',(0.707106781187,-8.659560562355E-17,-0.707106781187
    ));
#2514 = DIRECTION('',(0.,-1.,1.224646799147E-16));
#2515 = ADVANCED_FACE('',(#2516),#2534,.T.);
#2516 = FACE_BOUND('',#2517,.F.);
#2517 = EDGE_LOOP('',(#2518,#2526,#2527,#2528));
#2518 = ORIENTED_EDGE('',*,*,#2519,.F.);
#2519 = EDGE_CURVE('',#2330,#2520,#2522,.T.);
#2520 = VERTEX_POINT('',#2521);
#2521 = CARTESIAN_POINT('',(-9.431,-6.764,-6.));
#2522 = LINE('',#2523,#2524);
#2523 = CARTESIAN_POINT('',(-9.431,-6.764,-6.));
#2524 = VECTOR('',#2525,1.);
#2525 = DIRECTION('',(0.57735026919,0.57735026919,-0.57735026919));
#2526 = ORIENTED_EDGE('',*,*,#2337,.T.);
#2527 = ORIENTED_EDGE('',*,*,#2497,.T.);
#2528 = ORIENTED_EDGE('',*,*,#2529,.F.);
#2529 = EDGE_CURVE('',#2520,#2498,#2530,.T.);
#2530 = LINE('',#2531,#2532);
#2531 = CARTESIAN_POINT('',(-9.591,-6.764,-6.));
#2532 = VECTOR('',#2533,1.);
#2533 = DIRECTION('',(1.,0.,0.));
#2534 = PLANE('',#2535);
#2535 = AXIS2_PLACEMENT_3D('',#2536,#2537,#2538);
#2536 = CARTESIAN_POINT('',(-9.591,-6.844,-5.92));
#2537 = DIRECTION('',(0.,-0.707106781187,-0.707106781187));
#2538 = DIRECTION('',(-1.,-0.,0.));
#2539 = ADVANCED_FACE('',(#2540),#2551,.F.);
#2540 = FACE_BOUND('',#2541,.F.);
#2541 = EDGE_LOOP('',(#2542,#2543,#2544,#2545));
#2542 = ORIENTED_EDGE('',*,*,#2464,.F.);
#2543 = ORIENTED_EDGE('',*,*,#2354,.T.);
#2544 = ORIENTED_EDGE('',*,*,#2519,.T.);
#2545 = ORIENTED_EDGE('',*,*,#2546,.F.);
#2546 = EDGE_CURVE('',#2465,#2520,#2547,.T.);
#2547 = LINE('',#2548,#2549);
#2548 = CARTESIAN_POINT('',(-9.431,-6.284,-6.));
#2549 = VECTOR('',#2550,1.);
#2550 = DIRECTION('',(0.,-1.,1.224646799147E-16));
#2551 = PLANE('',#2552);
#2552 = AXIS2_PLACEMENT_3D('',#2553,#2554,#2555);
#2553 = CARTESIAN_POINT('',(-9.511,-6.284,-5.92));
#2554 = DIRECTION('',(0.707106781187,8.659560562355E-17,0.707106781187)
  );
#2555 = DIRECTION('',(0.,-1.,1.224646799147E-16));
#2556 = ADVANCED_FACE('',(#2557),#2563,.F.);
#2557 = FACE_BOUND('',#2558,.F.);
#2558 = EDGE_LOOP('',(#2559,#2560,#2561,#2562));
#2559 = ORIENTED_EDGE('',*,*,#2433,.F.);
#2560 = ORIENTED_EDGE('',*,*,#2450,.F.);
#2561 = ORIENTED_EDGE('',*,*,#2385,.T.);
#2562 = ORIENTED_EDGE('',*,*,#2409,.T.);
#2563 = PLANE('',#2564);
#2564 = AXIS2_PLACEMENT_3D('',#2565,#2566,#2567);
#2565 = CARTESIAN_POINT('',(-9.591,-6.284,5.54));
#2566 = DIRECTION('',(0.,-1.224646799147E-16,-1.));
#2567 = DIRECTION('',(1.,0.,0.));
#2568 = ADVANCED_FACE('',(#2569),#2575,.T.);
#2569 = FACE_BOUND('',#2570,.T.);
#2570 = EDGE_LOOP('',(#2571,#2572,#2573,#2574));
#2571 = ORIENTED_EDGE('',*,*,#2505,.T.);
#2572 = ORIENTED_EDGE('',*,*,#2529,.F.);
#2573 = ORIENTED_EDGE('',*,*,#2546,.F.);
#2574 = ORIENTED_EDGE('',*,*,#2481,.T.);
#2575 = PLANE('',#2576);
#2576 = AXIS2_PLACEMENT_3D('',#2577,#2578,#2579);
#2577 = CARTESIAN_POINT('',(-9.591,-6.284,-6.));
#2578 = DIRECTION('',(0.,-1.224646799147E-16,-1.));
#2579 = DIRECTION('',(1.,0.,0.));
#2580 = MANIFOLD_SOLID_BREP('',#2581);
#2581 = CLOSED_SHELL('',(#2582,#2622,#2653,#2684,#2767,#2850,#2867,#2884
    ,#2901,#2918,#2930,#2961,#2985,#3009,#3026,#3057,#3081,#3105,#3122,
    #3153,#3177,#3201,#3218,#3249,#3273,#3297,#3314,#3326));
#2582 = ADVANCED_FACE('',(#2583),#2617,.F.);
#2583 = FACE_BOUND('',#2584,.F.);
#2584 = EDGE_LOOP('',(#2585,#2595,#2603,#2611));
#2585 = ORIENTED_EDGE('',*,*,#2586,.T.);
#2586 = EDGE_CURVE('',#2587,#2589,#2591,.T.);
#2587 = VERTEX_POINT('',#2588);
#2588 = CARTESIAN_POINT('',(8.255,-7.874,2.54));
#2589 = VERTEX_POINT('',#2590);
#2590 = CARTESIAN_POINT('',(8.255,-7.874,0.));
#2591 = LINE('',#2592,#2593);
#2592 = CARTESIAN_POINT('',(8.255,-7.874,2.54));
#2593 = VECTOR('',#2594,1.);
#2594 = DIRECTION('',(0.,-1.224646799147E-16,-1.));
#2595 = ORIENTED_EDGE('',*,*,#2596,.T.);
#2596 = EDGE_CURVE('',#2589,#2597,#2599,.T.);
#2597 = VERTEX_POINT('',#2598);
#2598 = CARTESIAN_POINT('',(8.001,-7.62,0.));
#2599 = LINE('',#2600,#2601);
#2600 = CARTESIAN_POINT('',(8.255,-7.874,0.));
#2601 = VECTOR('',#2602,1.);
#2602 = DIRECTION('',(-0.707106781187,0.707106781187,-8.659560562355E-17
    ));
#2603 = ORIENTED_EDGE('',*,*,#2604,.F.);
#2604 = EDGE_CURVE('',#2605,#2597,#2607,.T.);
#2605 = VERTEX_POINT('',#2606);
#2606 = CARTESIAN_POINT('',(8.001,-7.62,2.54));
#2607 = LINE('',#2608,#2609);
#2608 = CARTESIAN_POINT('',(8.001,-7.62,2.54));
#2609 = VECTOR('',#2610,1.);
#2610 = DIRECTION('',(0.,-1.224646799147E-16,-1.));
#2611 = ORIENTED_EDGE('',*,*,#2612,.F.);
#2612 = EDGE_CURVE('',#2587,#2605,#2613,.T.);
#2613 = LINE('',#2614,#2615);
#2614 = CARTESIAN_POINT('',(8.255,-7.874,2.54));
#2615 = VECTOR('',#2616,1.);
#2616 = DIRECTION('',(-0.707106781187,0.707106781187,-8.659560562355E-17
    ));
#2617 = PLANE('',#2618);
#2618 = AXIS2_PLACEMENT_3D('',#2619,#2620,#2621);
#2619 = CARTESIAN_POINT('',(8.255,-7.874,2.54));
#2620 = DIRECTION('',(0.707106781187,0.707106781187,-8.659560562355E-17)
  );
#2621 = DIRECTION('',(-0.707106781187,0.707106781187,-8.659560562355E-17
    ));
#2622 = ADVANCED_FACE('',(#2623),#2648,.F.);
#2623 = FACE_BOUND('',#2624,.F.);
#2624 = EDGE_LOOP('',(#2625,#2635,#2641,#2642));
#2625 = ORIENTED_EDGE('',*,*,#2626,.T.);
#2626 = EDGE_CURVE('',#2627,#2629,#2631,.T.);
#2627 = VERTEX_POINT('',#2628);
#2628 = CARTESIAN_POINT('',(10.287,-7.874,2.54));
#2629 = VERTEX_POINT('',#2630);
#2630 = CARTESIAN_POINT('',(10.287,-7.874,0.));
#2631 = LINE('',#2632,#2633);
#2632 = CARTESIAN_POINT('',(10.287,-7.874,2.54));
#2633 = VECTOR('',#2634,1.);
#2634 = DIRECTION('',(0.,-1.224646799147E-16,-1.));
#2635 = ORIENTED_EDGE('',*,*,#2636,.T.);
#2636 = EDGE_CURVE('',#2629,#2589,#2637,.T.);
#2637 = LINE('',#2638,#2639);
#2638 = CARTESIAN_POINT('',(10.287,-7.874,0.));
#2639 = VECTOR('',#2640,1.);
#2640 = DIRECTION('',(-1.,-0.,0.));
#2641 = ORIENTED_EDGE('',*,*,#2586,.F.);
#2642 = ORIENTED_EDGE('',*,*,#2643,.F.);
#2643 = EDGE_CURVE('',#2627,#2587,#2644,.T.);
#2644 = LINE('',#2645,#2646);
#2645 = CARTESIAN_POINT('',(10.287,-7.874,2.54));
#2646 = VECTOR('',#2647,1.);
#2647 = DIRECTION('',(-1.,-0.,0.));
#2648 = PLANE('',#2649);
#2649 = AXIS2_PLACEMENT_3D('',#2650,#2651,#2652);
#2650 = CARTESIAN_POINT('',(10.287,-7.874,2.54));
#2651 = DIRECTION('',(0.,1.,-1.224646799147E-16));
#2652 = DIRECTION('',(-1.,-0.,0.));
#2653 = ADVANCED_FACE('',(#2654),#2679,.F.);
#2654 = FACE_BOUND('',#2655,.F.);
#2655 = EDGE_LOOP('',(#2656,#2657,#2665,#2673));
#2656 = ORIENTED_EDGE('',*,*,#2604,.T.);
#2657 = ORIENTED_EDGE('',*,*,#2658,.T.);
#2658 = EDGE_CURVE('',#2597,#2659,#2661,.T.);
#2659 = VERTEX_POINT('',#2660);
#2660 = CARTESIAN_POINT('',(8.001,-5.588,0.));
#2661 = LINE('',#2662,#2663);
#2662 = CARTESIAN_POINT('',(8.001,-7.62,0.));
#2663 = VECTOR('',#2664,1.);
#2664 = DIRECTION('',(0.,1.,-1.224646799147E-16));
#2665 = ORIENTED_EDGE('',*,*,#2666,.F.);
#2666 = EDGE_CURVE('',#2667,#2659,#2669,.T.);
#2667 = VERTEX_POINT('',#2668);
#2668 = CARTESIAN_POINT('',(8.001,-5.588,2.54));
#2669 = LINE('',#2670,#2671);
#2670 = CARTESIAN_POINT('',(8.001,-5.588,2.54));
#2671 = VECTOR('',#2672,1.);
#2672 = DIRECTION('',(0.,-1.224646799147E-16,-1.));
#2673 = ORIENTED_EDGE('',*,*,#2674,.F.);
#2674 = EDGE_CURVE('',#2605,#2667,#2675,.T.);
#2675 = LINE('',#2676,#2677);
#2676 = CARTESIAN_POINT('',(8.001,-7.62,2.54));
#2677 = VECTOR('',#2678,1.);
#2678 = DIRECTION('',(0.,1.,-1.224646799147E-16));
#2679 = PLANE('',#2680);
#2680 = AXIS2_PLACEMENT_3D('',#2681,#2682,#2683);
#2681 = CARTESIAN_POINT('',(8.001,-7.62,2.54));
#2682 = DIRECTION('',(1.,0.,0.));
#2683 = DIRECTION('',(0.,1.,-1.224646799147E-16));
#2684 = ADVANCED_FACE('',(#2685,#2728),#2762,.F.);
#2685 = FACE_BOUND('',#2686,.F.);
#2686 = EDGE_LOOP('',(#2687,#2688,#2689,#2697,#2705,#2713,#2721,#2727));
#2687 = ORIENTED_EDGE('',*,*,#2612,.T.);
#2688 = ORIENTED_EDGE('',*,*,#2674,.T.);
#2689 = ORIENTED_EDGE('',*,*,#2690,.T.);
#2690 = EDGE_CURVE('',#2667,#2691,#2693,.T.);
#2691 = VERTEX_POINT('',#2692);
#2692 = CARTESIAN_POINT('',(8.255,-5.334,2.54));
#2693 = LINE('',#2694,#2695);
#2694 = CARTESIAN_POINT('',(8.001,-5.588,2.54));
#2695 = VECTOR('',#2696,1.);
#2696 = DIRECTION('',(0.707106781187,0.707106781187,-8.659560562355E-17)
  );
#2697 = ORIENTED_EDGE('',*,*,#2698,.T.);
#2698 = EDGE_CURVE('',#2691,#2699,#2701,.T.);
#2699 = VERTEX_POINT('',#2700);
#2700 = CARTESIAN_POINT('',(10.287,-5.334,2.54));
#2701 = LINE('',#2702,#2703);
#2702 = CARTESIAN_POINT('',(8.255,-5.334,2.54));
#2703 = VECTOR('',#2704,1.);
#2704 = DIRECTION('',(1.,0.,0.));
#2705 = ORIENTED_EDGE('',*,*,#2706,.T.);
#2706 = EDGE_CURVE('',#2699,#2707,#2709,.T.);
#2707 = VERTEX_POINT('',#2708);
#2708 = CARTESIAN_POINT('',(10.541,-5.588,2.54));
#2709 = LINE('',#2710,#2711);
#2710 = CARTESIAN_POINT('',(10.287,-5.334,2.54));
#2711 = VECTOR('',#2712,1.);
#2712 = DIRECTION('',(0.707106781187,-0.707106781187,8.659560562355E-17)
  );
#2713 = ORIENTED_EDGE('',*,*,#2714,.T.);
#2714 = EDGE_CURVE('',#2707,#2715,#2717,.T.);
#2715 = VERTEX_POINT('',#2716);
#2716 = CARTESIAN_POINT('',(10.541,-7.62,2.54));
#2717 = LINE('',#2718,#2719);
#2718 = CARTESIAN_POINT('',(10.541,-5.588,2.54));
#2719 = VECTOR('',#2720,1.);
#2720 = DIRECTION('',(0.,-1.,1.224646799147E-16));
#2721 = ORIENTED_EDGE('',*,*,#2722,.T.);
#2722 = EDGE_CURVE('',#2715,#2627,#2723,.T.);
#2723 = LINE('',#2724,#2725);
#2724 = CARTESIAN_POINT('',(10.541,-7.62,2.54));
#2725 = VECTOR('',#2726,1.);
#2726 = DIRECTION('',(-0.707106781187,-0.707106781187,8.659560562355E-17
    ));
#2727 = ORIENTED_EDGE('',*,*,#2643,.T.);
#2728 = FACE_BOUND('',#2729,.F.);
#2729 = EDGE_LOOP('',(#2730,#2740,#2748,#2756));
#2730 = ORIENTED_EDGE('',*,*,#2731,.T.);
#2731 = EDGE_CURVE('',#2732,#2734,#2736,.T.);
#2732 = VERTEX_POINT('',#2733);
#2733 = CARTESIAN_POINT('',(9.591,-6.284,2.54));
#2734 = VERTEX_POINT('',#2735);
#2735 = CARTESIAN_POINT('',(8.951,-6.284,2.54));
#2736 = LINE('',#2737,#2738);
#2737 = CARTESIAN_POINT('',(9.111,-6.284,2.54));
#2738 = VECTOR('',#2739,1.);
#2739 = DIRECTION('',(-1.,-0.,0.));
#2740 = ORIENTED_EDGE('',*,*,#2741,.T.);
#2741 = EDGE_CURVE('',#2734,#2742,#2744,.T.);
#2742 = VERTEX_POINT('',#2743);
#2743 = CARTESIAN_POINT('',(8.951,-6.924,2.54));
#2744 = LINE('',#2745,#2746);
#2745 = CARTESIAN_POINT('',(8.951,-6.444,2.54));
#2746 = VECTOR('',#2747,1.);
#2747 = DIRECTION('',(0.,-1.,1.224646799147E-16));
#2748 = ORIENTED_EDGE('',*,*,#2749,.F.);
#2749 = EDGE_CURVE('',#2750,#2742,#2752,.T.);
#2750 = VERTEX_POINT('',#2751);
#2751 = CARTESIAN_POINT('',(9.591,-6.924,2.54));
#2752 = LINE('',#2753,#2754);
#2753 = CARTESIAN_POINT('',(9.111,-6.924,2.54));
#2754 = VECTOR('',#2755,1.);
#2755 = DIRECTION('',(-1.,-0.,0.));
#2756 = ORIENTED_EDGE('',*,*,#2757,.F.);
#2757 = EDGE_CURVE('',#2732,#2750,#2758,.T.);
#2758 = LINE('',#2759,#2760);
#2759 = CARTESIAN_POINT('',(9.591,-6.444,2.54));
#2760 = VECTOR('',#2761,1.);
#2761 = DIRECTION('',(0.,-1.,1.224646799147E-16));
#2762 = PLANE('',#2763);
#2763 = AXIS2_PLACEMENT_3D('',#2764,#2765,#2766);
#2764 = CARTESIAN_POINT('',(9.271,-6.604,2.54));
#2765 = DIRECTION('',(0.,-1.224646799147E-16,-1.));
#2766 = DIRECTION('',(1.,0.,0.));
#2767 = ADVANCED_FACE('',(#2768,#2811),#2845,.T.);
#2768 = FACE_BOUND('',#2769,.T.);
#2769 = EDGE_LOOP('',(#2770,#2771,#2772,#2780,#2788,#2796,#2804,#2810));
#2770 = ORIENTED_EDGE('',*,*,#2596,.T.);
#2771 = ORIENTED_EDGE('',*,*,#2658,.T.);
#2772 = ORIENTED_EDGE('',*,*,#2773,.T.);
#2773 = EDGE_CURVE('',#2659,#2774,#2776,.T.);
#2774 = VERTEX_POINT('',#2775);
#2775 = CARTESIAN_POINT('',(8.255,-5.334,0.));
#2776 = LINE('',#2777,#2778);
#2777 = CARTESIAN_POINT('',(8.001,-5.588,0.));
#2778 = VECTOR('',#2779,1.);
#2779 = DIRECTION('',(0.707106781187,0.707106781187,-8.659560562355E-17)
  );
#2780 = ORIENTED_EDGE('',*,*,#2781,.T.);
#2781 = EDGE_CURVE('',#2774,#2782,#2784,.T.);
#2782 = VERTEX_POINT('',#2783);
#2783 = CARTESIAN_POINT('',(10.287,-5.334,0.));
#2784 = LINE('',#2785,#2786);
#2785 = CARTESIAN_POINT('',(8.255,-5.334,0.));
#2786 = VECTOR('',#2787,1.);
#2787 = DIRECTION('',(1.,0.,0.));
#2788 = ORIENTED_EDGE('',*,*,#2789,.T.);
#2789 = EDGE_CURVE('',#2782,#2790,#2792,.T.);
#2790 = VERTEX_POINT('',#2791);
#2791 = CARTESIAN_POINT('',(10.541,-5.588,0.));
#2792 = LINE('',#2793,#2794);
#2793 = CARTESIAN_POINT('',(10.287,-5.334,0.));
#2794 = VECTOR('',#2795,1.);
#2795 = DIRECTION('',(0.707106781187,-0.707106781187,8.659560562355E-17)
  );
#2796 = ORIENTED_EDGE('',*,*,#2797,.T.);
#2797 = EDGE_CURVE('',#2790,#2798,#2800,.T.);
#2798 = VERTEX_POINT('',#2799);
#2799 = CARTESIAN_POINT('',(10.541,-7.62,0.));
#2800 = LINE('',#2801,#2802);
#2801 = CARTESIAN_POINT('',(10.541,-5.588,0.));
#2802 = VECTOR('',#2803,1.);
#2803 = DIRECTION('',(0.,-1.,1.224646799147E-16));
#2804 = ORIENTED_EDGE('',*,*,#2805,.T.);
#2805 = EDGE_CURVE('',#2798,#2629,#2806,.T.);
#2806 = LINE('',#2807,#2808);
#2807 = CARTESIAN_POINT('',(10.541,-7.62,0.));
#2808 = VECTOR('',#2809,1.);
#2809 = DIRECTION('',(-0.707106781187,-0.707106781187,8.659560562355E-17
    ));
#2810 = ORIENTED_EDGE('',*,*,#2636,.T.);
#2811 = FACE_BOUND('',#2812,.T.);
#2812 = EDGE_LOOP('',(#2813,#2823,#2831,#2839));
#2813 = ORIENTED_EDGE('',*,*,#2814,.T.);
#2814 = EDGE_CURVE('',#2815,#2817,#2819,.T.);
#2815 = VERTEX_POINT('',#2816);
#2816 = CARTESIAN_POINT('',(9.591,-6.284,0.));
#2817 = VERTEX_POINT('',#2818);
#2818 = CARTESIAN_POINT('',(8.951,-6.284,0.));
#2819 = LINE('',#2820,#2821);
#2820 = CARTESIAN_POINT('',(9.111,-6.284,0.));
#2821 = VECTOR('',#2822,1.);
#2822 = DIRECTION('',(-1.,-0.,0.));
#2823 = ORIENTED_EDGE('',*,*,#2824,.T.);
#2824 = EDGE_CURVE('',#2817,#2825,#2827,.T.);
#2825 = VERTEX_POINT('',#2826);
#2826 = CARTESIAN_POINT('',(8.951,-6.924,0.));
#2827 = LINE('',#2828,#2829);
#2828 = CARTESIAN_POINT('',(8.951,-6.444,0.));
#2829 = VECTOR('',#2830,1.);
#2830 = DIRECTION('',(0.,-1.,1.224646799147E-16));
#2831 = ORIENTED_EDGE('',*,*,#2832,.F.);
#2832 = EDGE_CURVE('',#2833,#2825,#2835,.T.);
#2833 = VERTEX_POINT('',#2834);
#2834 = CARTESIAN_POINT('',(9.591,-6.924,0.));
#2835 = LINE('',#2836,#2837);
#2836 = CARTESIAN_POINT('',(9.111,-6.924,0.));
#2837 = VECTOR('',#2838,1.);
#2838 = DIRECTION('',(-1.,-0.,0.));
#2839 = ORIENTED_EDGE('',*,*,#2840,.F.);
#2840 = EDGE_CURVE('',#2815,#2833,#2841,.T.);
#2841 = LINE('',#2842,#2843);
#2842 = CARTESIAN_POINT('',(9.591,-6.444,0.));
#2843 = VECTOR('',#2844,1.);
#2844 = DIRECTION('',(0.,-1.,1.224646799147E-16));
#2845 = PLANE('',#2846);
#2846 = AXIS2_PLACEMENT_3D('',#2847,#2848,#2849);
#2847 = CARTESIAN_POINT('',(9.271,-6.604,0.));
#2848 = DIRECTION('',(0.,-1.224646799147E-16,-1.));
#2849 = DIRECTION('',(1.,0.,0.));
#2850 = ADVANCED_FACE('',(#2851),#2862,.F.);
#2851 = FACE_BOUND('',#2852,.F.);
#2852 = EDGE_LOOP('',(#2853,#2859,#2860,#2861));
#2853 = ORIENTED_EDGE('',*,*,#2854,.T.);
#2854 = EDGE_CURVE('',#2715,#2798,#2855,.T.);
#2855 = LINE('',#2856,#2857);
#2856 = CARTESIAN_POINT('',(10.541,-7.62,2.54));
#2857 = VECTOR('',#2858,1.);
#2858 = DIRECTION('',(0.,-1.224646799147E-16,-1.));
#2859 = ORIENTED_EDGE('',*,*,#2805,.T.);
#2860 = ORIENTED_EDGE('',*,*,#2626,.F.);
#2861 = ORIENTED_EDGE('',*,*,#2722,.F.);
#2862 = PLANE('',#2863);
#2863 = AXIS2_PLACEMENT_3D('',#2864,#2865,#2866);
#2864 = CARTESIAN_POINT('',(10.541,-7.62,2.54));
#2865 = DIRECTION('',(-0.707106781187,0.707106781187,-8.659560562355E-17
    ));
#2866 = DIRECTION('',(-0.707106781187,-0.707106781187,8.659560562355E-17
    ));
#2867 = ADVANCED_FACE('',(#2868),#2879,.F.);
#2868 = FACE_BOUND('',#2869,.F.);
#2869 = EDGE_LOOP('',(#2870,#2871,#2872,#2878));
#2870 = ORIENTED_EDGE('',*,*,#2666,.T.);
#2871 = ORIENTED_EDGE('',*,*,#2773,.T.);
#2872 = ORIENTED_EDGE('',*,*,#2873,.F.);
#2873 = EDGE_CURVE('',#2691,#2774,#2874,.T.);
#2874 = LINE('',#2875,#2876);
#2875 = CARTESIAN_POINT('',(8.255,-5.334,2.54));
#2876 = VECTOR('',#2877,1.);
#2877 = DIRECTION('',(0.,-1.224646799147E-16,-1.));
#2878 = ORIENTED_EDGE('',*,*,#2690,.F.);
#2879 = PLANE('',#2880);
#2880 = AXIS2_PLACEMENT_3D('',#2881,#2882,#2883);
#2881 = CARTESIAN_POINT('',(8.001,-5.588,2.54));
#2882 = DIRECTION('',(0.707106781187,-0.707106781187,8.659560562355E-17)
  );
#2883 = DIRECTION('',(0.707106781187,0.707106781187,-8.659560562355E-17)
  );
#2884 = ADVANCED_FACE('',(#2885),#2896,.F.);
#2885 = FACE_BOUND('',#2886,.F.);
#2886 = EDGE_LOOP('',(#2887,#2893,#2894,#2895));
#2887 = ORIENTED_EDGE('',*,*,#2888,.T.);
#2888 = EDGE_CURVE('',#2707,#2790,#2889,.T.);
#2889 = LINE('',#2890,#2891);
#2890 = CARTESIAN_POINT('',(10.541,-5.588,2.54));
#2891 = VECTOR('',#2892,1.);
#2892 = DIRECTION('',(0.,-1.224646799147E-16,-1.));
#2893 = ORIENTED_EDGE('',*,*,#2797,.T.);
#2894 = ORIENTED_EDGE('',*,*,#2854,.F.);
#2895 = ORIENTED_EDGE('',*,*,#2714,.F.);
#2896 = PLANE('',#2897);
#2897 = AXIS2_PLACEMENT_3D('',#2898,#2899,#2900);
#2898 = CARTESIAN_POINT('',(10.541,-5.588,2.54));
#2899 = DIRECTION('',(-1.,-0.,0.));
#2900 = DIRECTION('',(0.,-1.,1.224646799147E-16));
#2901 = ADVANCED_FACE('',(#2902),#2913,.F.);
#2902 = FACE_BOUND('',#2903,.F.);
#2903 = EDGE_LOOP('',(#2904,#2905,#2906,#2912));
#2904 = ORIENTED_EDGE('',*,*,#2873,.T.);
#2905 = ORIENTED_EDGE('',*,*,#2781,.T.);
#2906 = ORIENTED_EDGE('',*,*,#2907,.F.);
#2907 = EDGE_CURVE('',#2699,#2782,#2908,.T.);
#2908 = LINE('',#2909,#2910);
#2909 = CARTESIAN_POINT('',(10.287,-5.334,2.54));
#2910 = VECTOR('',#2911,1.);
#2911 = DIRECTION('',(0.,-1.224646799147E-16,-1.));
#2912 = ORIENTED_EDGE('',*,*,#2698,.F.);
#2913 = PLANE('',#2914);
#2914 = AXIS2_PLACEMENT_3D('',#2915,#2916,#2917);
#2915 = CARTESIAN_POINT('',(8.255,-5.334,2.54));
#2916 = DIRECTION('',(0.,-1.,1.224646799147E-16));
#2917 = DIRECTION('',(1.,0.,0.));
#2918 = ADVANCED_FACE('',(#2919),#2925,.F.);
#2919 = FACE_BOUND('',#2920,.F.);
#2920 = EDGE_LOOP('',(#2921,#2922,#2923,#2924));
#2921 = ORIENTED_EDGE('',*,*,#2907,.T.);
#2922 = ORIENTED_EDGE('',*,*,#2789,.T.);
#2923 = ORIENTED_EDGE('',*,*,#2888,.F.);
#2924 = ORIENTED_EDGE('',*,*,#2706,.F.);
#2925 = PLANE('',#2926);
#2926 = AXIS2_PLACEMENT_3D('',#2927,#2928,#2929);
#2927 = CARTESIAN_POINT('',(10.287,-5.334,2.54));
#2928 = DIRECTION('',(-0.707106781187,-0.707106781187,8.659560562355E-17
    ));
#2929 = DIRECTION('',(0.707106781187,-0.707106781187,8.659560562355E-17)
  );
#2930 = ADVANCED_FACE('',(#2931),#2956,.F.);
#2931 = FACE_BOUND('',#2932,.F.);
#2932 = EDGE_LOOP('',(#2933,#2941,#2949,#2955));
#2933 = ORIENTED_EDGE('',*,*,#2934,.F.);
#2934 = EDGE_CURVE('',#2935,#2732,#2937,.T.);
#2935 = VERTEX_POINT('',#2936);
#2936 = CARTESIAN_POINT('',(9.591,-6.284,5.38));
#2937 = LINE('',#2938,#2939);
#2938 = CARTESIAN_POINT('',(9.591,-6.284,5.54));
#2939 = VECTOR('',#2940,1.);
#2940 = DIRECTION('',(0.,-1.224646799147E-16,-1.));
#2941 = ORIENTED_EDGE('',*,*,#2942,.F.);
#2942 = EDGE_CURVE('',#2943,#2935,#2945,.T.);
#2943 = VERTEX_POINT('',#2944);
#2944 = CARTESIAN_POINT('',(8.951,-6.284,5.38));
#2945 = LINE('',#2946,#2947);
#2946 = CARTESIAN_POINT('',(8.951,-6.284,5.38));
#2947 = VECTOR('',#2948,1.);
#2948 = DIRECTION('',(1.,0.,0.));
#2949 = ORIENTED_EDGE('',*,*,#2950,.T.);
#2950 = EDGE_CURVE('',#2943,#2734,#2951,.T.);
#2951 = LINE('',#2952,#2953);
#2952 = CARTESIAN_POINT('',(8.951,-6.284,5.54));
#2953 = VECTOR('',#2954,1.);
#2954 = DIRECTION('',(0.,-1.224646799147E-16,-1.));
#2955 = ORIENTED_EDGE('',*,*,#2731,.F.);
#2956 = PLANE('',#2957);
#2957 = AXIS2_PLACEMENT_3D('',#2958,#2959,#2960);
#2958 = CARTESIAN_POINT('',(8.951,-6.284,5.54));
#2959 = DIRECTION('',(0.,-1.,1.224646799147E-16));
#2960 = DIRECTION('',(0.,-1.224646799147E-16,-1.));
#2961 = ADVANCED_FACE('',(#2962),#2980,.T.);
#2962 = FACE_BOUND('',#2963,.T.);
#2963 = EDGE_LOOP('',(#2964,#2965,#2973,#2979));
#2964 = ORIENTED_EDGE('',*,*,#2934,.F.);
#2965 = ORIENTED_EDGE('',*,*,#2966,.T.);
#2966 = EDGE_CURVE('',#2935,#2967,#2969,.T.);
#2967 = VERTEX_POINT('',#2968);
#2968 = CARTESIAN_POINT('',(9.591,-6.924,5.38));
#2969 = LINE('',#2970,#2971);
#2970 = CARTESIAN_POINT('',(9.591,-6.284,5.38));
#2971 = VECTOR('',#2972,1.);
#2972 = DIRECTION('',(0.,-1.,1.224646799147E-16));
#2973 = ORIENTED_EDGE('',*,*,#2974,.T.);
#2974 = EDGE_CURVE('',#2967,#2750,#2975,.T.);
#2975 = LINE('',#2976,#2977);
#2976 = CARTESIAN_POINT('',(9.591,-6.924,5.54));
#2977 = VECTOR('',#2978,1.);
#2978 = DIRECTION('',(0.,-1.224646799147E-16,-1.));
#2979 = ORIENTED_EDGE('',*,*,#2757,.F.);
#2980 = PLANE('',#2981);
#2981 = AXIS2_PLACEMENT_3D('',#2982,#2983,#2984);
#2982 = CARTESIAN_POINT('',(9.591,-6.284,5.54));
#2983 = DIRECTION('',(1.,0.,0.));
#2984 = DIRECTION('',(0.,-1.224646799147E-16,-1.));
#2985 = ADVANCED_FACE('',(#2986),#3004,.T.);
#2986 = FACE_BOUND('',#2987,.T.);
#2987 = EDGE_LOOP('',(#2988,#2989,#2997,#3003));
#2988 = ORIENTED_EDGE('',*,*,#2974,.F.);
#2989 = ORIENTED_EDGE('',*,*,#2990,.F.);
#2990 = EDGE_CURVE('',#2991,#2967,#2993,.T.);
#2991 = VERTEX_POINT('',#2992);
#2992 = CARTESIAN_POINT('',(8.951,-6.924,5.38));
#2993 = LINE('',#2994,#2995);
#2994 = CARTESIAN_POINT('',(8.951,-6.924,5.38));
#2995 = VECTOR('',#2996,1.);
#2996 = DIRECTION('',(1.,0.,0.));
#2997 = ORIENTED_EDGE('',*,*,#2998,.T.);
#2998 = EDGE_CURVE('',#2991,#2742,#2999,.T.);
#2999 = LINE('',#3000,#3001);
#3000 = CARTESIAN_POINT('',(8.951,-6.924,5.54));
#3001 = VECTOR('',#3002,1.);
#3002 = DIRECTION('',(0.,-1.224646799147E-16,-1.));
#3003 = ORIENTED_EDGE('',*,*,#2749,.F.);
#3004 = PLANE('',#3005);
#3005 = AXIS2_PLACEMENT_3D('',#3006,#3007,#3008);
#3006 = CARTESIAN_POINT('',(8.951,-6.924,5.54));
#3007 = DIRECTION('',(0.,-1.,1.224646799147E-16));
#3008 = DIRECTION('',(0.,-1.224646799147E-16,-1.));
#3009 = ADVANCED_FACE('',(#3010),#3021,.F.);
#3010 = FACE_BOUND('',#3011,.F.);
#3011 = EDGE_LOOP('',(#3012,#3013,#3019,#3020));
#3012 = ORIENTED_EDGE('',*,*,#2950,.F.);
#3013 = ORIENTED_EDGE('',*,*,#3014,.T.);
#3014 = EDGE_CURVE('',#2943,#2991,#3015,.T.);
#3015 = LINE('',#3016,#3017);
#3016 = CARTESIAN_POINT('',(8.951,-6.284,5.38));
#3017 = VECTOR('',#3018,1.);
#3018 = DIRECTION('',(0.,-1.,1.224646799147E-16));
#3019 = ORIENTED_EDGE('',*,*,#2998,.T.);
#3020 = ORIENTED_EDGE('',*,*,#2741,.F.);
#3021 = PLANE('',#3022);
#3022 = AXIS2_PLACEMENT_3D('',#3023,#3024,#3025);
#3023 = CARTESIAN_POINT('',(8.951,-6.284,5.54));
#3024 = DIRECTION('',(1.,0.,0.));
#3025 = DIRECTION('',(0.,-1.224646799147E-16,-1.));
#3026 = ADVANCED_FACE('',(#3027),#3052,.F.);
#3027 = FACE_BOUND('',#3028,.F.);
#3028 = EDGE_LOOP('',(#3029,#3037,#3038,#3046));
#3029 = ORIENTED_EDGE('',*,*,#3030,.F.);
#3030 = EDGE_CURVE('',#2815,#3031,#3033,.T.);
#3031 = VERTEX_POINT('',#3032);
#3032 = CARTESIAN_POINT('',(9.591,-6.284,-5.84));
#3033 = LINE('',#3034,#3035);
#3034 = CARTESIAN_POINT('',(9.591,-6.284,5.54));
#3035 = VECTOR('',#3036,1.);
#3036 = DIRECTION('',(0.,-1.224646799147E-16,-1.));
#3037 = ORIENTED_EDGE('',*,*,#2814,.T.);
#3038 = ORIENTED_EDGE('',*,*,#3039,.T.);
#3039 = EDGE_CURVE('',#2817,#3040,#3042,.T.);
#3040 = VERTEX_POINT('',#3041);
#3041 = CARTESIAN_POINT('',(8.951,-6.284,-5.84));
#3042 = LINE('',#3043,#3044);
#3043 = CARTESIAN_POINT('',(8.951,-6.284,5.54));
#3044 = VECTOR('',#3045,1.);
#3045 = DIRECTION('',(0.,-1.224646799147E-16,-1.));
#3046 = ORIENTED_EDGE('',*,*,#3047,.T.);
#3047 = EDGE_CURVE('',#3040,#3031,#3048,.T.);
#3048 = LINE('',#3049,#3050);
#3049 = CARTESIAN_POINT('',(8.951,-6.284,-5.84));
#3050 = VECTOR('',#3051,1.);
#3051 = DIRECTION('',(1.,0.,0.));
#3052 = PLANE('',#3053);
#3053 = AXIS2_PLACEMENT_3D('',#3054,#3055,#3056);
#3054 = CARTESIAN_POINT('',(8.951,-6.284,5.54));
#3055 = DIRECTION('',(0.,-1.,1.224646799147E-16));
#3056 = DIRECTION('',(0.,-1.224646799147E-16,-1.));
#3057 = ADVANCED_FACE('',(#3058),#3076,.T.);
#3058 = FACE_BOUND('',#3059,.T.);
#3059 = EDGE_LOOP('',(#3060,#3061,#3062,#3070));
#3060 = ORIENTED_EDGE('',*,*,#3030,.F.);
#3061 = ORIENTED_EDGE('',*,*,#2840,.T.);
#3062 = ORIENTED_EDGE('',*,*,#3063,.T.);
#3063 = EDGE_CURVE('',#2833,#3064,#3066,.T.);
#3064 = VERTEX_POINT('',#3065);
#3065 = CARTESIAN_POINT('',(9.591,-6.924,-5.84));
#3066 = LINE('',#3067,#3068);
#3067 = CARTESIAN_POINT('',(9.591,-6.924,5.54));
#3068 = VECTOR('',#3069,1.);
#3069 = DIRECTION('',(0.,-1.224646799147E-16,-1.));
#3070 = ORIENTED_EDGE('',*,*,#3071,.F.);
#3071 = EDGE_CURVE('',#3031,#3064,#3072,.T.);
#3072 = LINE('',#3073,#3074);
#3073 = CARTESIAN_POINT('',(9.591,-6.284,-5.84));
#3074 = VECTOR('',#3075,1.);
#3075 = DIRECTION('',(0.,-1.,1.224646799147E-16));
#3076 = PLANE('',#3077);
#3077 = AXIS2_PLACEMENT_3D('',#3078,#3079,#3080);
#3078 = CARTESIAN_POINT('',(9.591,-6.284,5.54));
#3079 = DIRECTION('',(1.,0.,0.));
#3080 = DIRECTION('',(0.,-1.224646799147E-16,-1.));
#3081 = ADVANCED_FACE('',(#3082),#3100,.T.);
#3082 = FACE_BOUND('',#3083,.T.);
#3083 = EDGE_LOOP('',(#3084,#3085,#3086,#3094));
#3084 = ORIENTED_EDGE('',*,*,#3063,.F.);
#3085 = ORIENTED_EDGE('',*,*,#2832,.T.);
#3086 = ORIENTED_EDGE('',*,*,#3087,.T.);
#3087 = EDGE_CURVE('',#2825,#3088,#3090,.T.);
#3088 = VERTEX_POINT('',#3089);
#3089 = CARTESIAN_POINT('',(8.951,-6.924,-5.84));
#3090 = LINE('',#3091,#3092);
#3091 = CARTESIAN_POINT('',(8.951,-6.924,5.54));
#3092 = VECTOR('',#3093,1.);
#3093 = DIRECTION('',(0.,-1.224646799147E-16,-1.));
#3094 = ORIENTED_EDGE('',*,*,#3095,.T.);
#3095 = EDGE_CURVE('',#3088,#3064,#3096,.T.);
#3096 = LINE('',#3097,#3098);
#3097 = CARTESIAN_POINT('',(8.951,-6.924,-5.84));
#3098 = VECTOR('',#3099,1.);
#3099 = DIRECTION('',(1.,0.,0.));
#3100 = PLANE('',#3101);
#3101 = AXIS2_PLACEMENT_3D('',#3102,#3103,#3104);
#3102 = CARTESIAN_POINT('',(8.951,-6.924,5.54));
#3103 = DIRECTION('',(0.,-1.,1.224646799147E-16));
#3104 = DIRECTION('',(0.,-1.224646799147E-16,-1.));
#3105 = ADVANCED_FACE('',(#3106),#3117,.F.);
#3106 = FACE_BOUND('',#3107,.F.);
#3107 = EDGE_LOOP('',(#3108,#3109,#3110,#3111));
#3108 = ORIENTED_EDGE('',*,*,#3039,.F.);
#3109 = ORIENTED_EDGE('',*,*,#2824,.T.);
#3110 = ORIENTED_EDGE('',*,*,#3087,.T.);
#3111 = ORIENTED_EDGE('',*,*,#3112,.F.);
#3112 = EDGE_CURVE('',#3040,#3088,#3113,.T.);
#3113 = LINE('',#3114,#3115);
#3114 = CARTESIAN_POINT('',(8.951,-6.284,-5.84));
#3115 = VECTOR('',#3116,1.);
#3116 = DIRECTION('',(0.,-1.,1.224646799147E-16));
#3117 = PLANE('',#3118);
#3118 = AXIS2_PLACEMENT_3D('',#3119,#3120,#3121);
#3119 = CARTESIAN_POINT('',(8.951,-6.284,5.54));
#3120 = DIRECTION('',(1.,0.,0.));
#3121 = DIRECTION('',(0.,-1.224646799147E-16,-1.));
#3122 = ADVANCED_FACE('',(#3123),#3148,.T.);
#3123 = FACE_BOUND('',#3124,.F.);
#3124 = EDGE_LOOP('',(#3125,#3133,#3134,#3142));
#3125 = ORIENTED_EDGE('',*,*,#3126,.F.);
#3126 = EDGE_CURVE('',#2943,#3127,#3129,.T.);
#3127 = VERTEX_POINT('',#3128);
#3128 = CARTESIAN_POINT('',(9.111,-6.444,5.54));
#3129 = LINE('',#3130,#3131);
#3130 = CARTESIAN_POINT('',(9.004333333333,-6.337333333333,
    5.433333333333));
#3131 = VECTOR('',#3132,1.);
#3132 = DIRECTION('',(0.57735026919,-0.57735026919,0.57735026919));
#3133 = ORIENTED_EDGE('',*,*,#2942,.T.);
#3134 = ORIENTED_EDGE('',*,*,#3135,.T.);
#3135 = EDGE_CURVE('',#2935,#3136,#3138,.T.);
#3136 = VERTEX_POINT('',#3137);
#3137 = CARTESIAN_POINT('',(9.431,-6.444,5.54));
#3138 = LINE('',#3139,#3140);
#3139 = CARTESIAN_POINT('',(9.431,-6.444,5.54));
#3140 = VECTOR('',#3141,1.);
#3141 = DIRECTION('',(-0.57735026919,-0.57735026919,0.57735026919));
#3142 = ORIENTED_EDGE('',*,*,#3143,.F.);
#3143 = EDGE_CURVE('',#3127,#3136,#3144,.T.);
#3144 = LINE('',#3145,#3146);
#3145 = CARTESIAN_POINT('',(8.951,-6.444,5.54));
#3146 = VECTOR('',#3147,1.);
#3147 = DIRECTION('',(1.,0.,0.));
#3148 = PLANE('',#3149);
#3149 = AXIS2_PLACEMENT_3D('',#3150,#3151,#3152);
#3150 = CARTESIAN_POINT('',(8.951,-6.364,5.46));
#3151 = DIRECTION('',(0.,0.707106781187,0.707106781187));
#3152 = DIRECTION('',(-1.,0.,-0.));
#3153 = ADVANCED_FACE('',(#3154),#3172,.F.);
#3154 = FACE_BOUND('',#3155,.F.);
#3155 = EDGE_LOOP('',(#3156,#3157,#3158,#3166));
#3156 = ORIENTED_EDGE('',*,*,#3135,.F.);
#3157 = ORIENTED_EDGE('',*,*,#2966,.T.);
#3158 = ORIENTED_EDGE('',*,*,#3159,.T.);
#3159 = EDGE_CURVE('',#2967,#3160,#3162,.T.);
#3160 = VERTEX_POINT('',#3161);
#3161 = CARTESIAN_POINT('',(9.431,-6.764,5.54));
#3162 = LINE('',#3163,#3164);
#3163 = CARTESIAN_POINT('',(9.324333333333,-6.657333333333,
    5.646666666667));
#3164 = VECTOR('',#3165,1.);
#3165 = DIRECTION('',(-0.57735026919,0.57735026919,0.57735026919));
#3166 = ORIENTED_EDGE('',*,*,#3167,.F.);
#3167 = EDGE_CURVE('',#3136,#3160,#3168,.T.);
#3168 = LINE('',#3169,#3170);
#3169 = CARTESIAN_POINT('',(9.431,-6.284,5.54));
#3170 = VECTOR('',#3171,1.);
#3171 = DIRECTION('',(0.,-1.,1.224646799147E-16));
#3172 = PLANE('',#3173);
#3173 = AXIS2_PLACEMENT_3D('',#3174,#3175,#3176);
#3174 = CARTESIAN_POINT('',(9.511,-6.284,5.46));
#3175 = DIRECTION('',(-0.707106781187,-8.659560562355E-17,
    -0.707106781187));
#3176 = DIRECTION('',(0.,-1.,1.224646799147E-16));
#3177 = ADVANCED_FACE('',(#3178),#3196,.F.);
#3178 = FACE_BOUND('',#3179,.T.);
#3179 = EDGE_LOOP('',(#3180,#3188,#3189,#3190));
#3180 = ORIENTED_EDGE('',*,*,#3181,.F.);
#3181 = EDGE_CURVE('',#2991,#3182,#3184,.T.);
#3182 = VERTEX_POINT('',#3183);
#3183 = CARTESIAN_POINT('',(9.111,-6.764,5.54));
#3184 = LINE('',#3185,#3186);
#3185 = CARTESIAN_POINT('',(9.111,-6.764,5.54));
#3186 = VECTOR('',#3187,1.);
#3187 = DIRECTION('',(0.57735026919,0.57735026919,0.57735026919));
#3188 = ORIENTED_EDGE('',*,*,#2990,.T.);
#3189 = ORIENTED_EDGE('',*,*,#3159,.T.);
#3190 = ORIENTED_EDGE('',*,*,#3191,.F.);
#3191 = EDGE_CURVE('',#3182,#3160,#3192,.T.);
#3192 = LINE('',#3193,#3194);
#3193 = CARTESIAN_POINT('',(8.951,-6.764,5.54));
#3194 = VECTOR('',#3195,1.);
#3195 = DIRECTION('',(1.,0.,0.));
#3196 = PLANE('',#3197);
#3197 = AXIS2_PLACEMENT_3D('',#3198,#3199,#3200);
#3198 = CARTESIAN_POINT('',(8.951,-6.844,5.46));
#3199 = DIRECTION('',(0.,0.707106781187,-0.707106781187));
#3200 = DIRECTION('',(-1.,-0.,0.));
#3201 = ADVANCED_FACE('',(#3202),#3213,.T.);
#3202 = FACE_BOUND('',#3203,.T.);
#3203 = EDGE_LOOP('',(#3204,#3205,#3206,#3207));
#3204 = ORIENTED_EDGE('',*,*,#3126,.F.);
#3205 = ORIENTED_EDGE('',*,*,#3014,.T.);
#3206 = ORIENTED_EDGE('',*,*,#3181,.T.);
#3207 = ORIENTED_EDGE('',*,*,#3208,.F.);
#3208 = EDGE_CURVE('',#3127,#3182,#3209,.T.);
#3209 = LINE('',#3210,#3211);
#3210 = CARTESIAN_POINT('',(9.111,-6.284,5.54));
#3211 = VECTOR('',#3212,1.);
#3212 = DIRECTION('',(0.,-1.,1.224646799147E-16));
#3213 = PLANE('',#3214);
#3214 = AXIS2_PLACEMENT_3D('',#3215,#3216,#3217);
#3215 = CARTESIAN_POINT('',(9.031,-6.284,5.46));
#3216 = DIRECTION('',(-0.707106781187,8.659560562355E-17,0.707106781187)
  );
#3217 = DIRECTION('',(0.,-1.,1.224646799147E-16));
#3218 = ADVANCED_FACE('',(#3219),#3244,.F.);
#3219 = FACE_BOUND('',#3220,.T.);
#3220 = EDGE_LOOP('',(#3221,#3229,#3230,#3238));
#3221 = ORIENTED_EDGE('',*,*,#3222,.F.);
#3222 = EDGE_CURVE('',#3040,#3223,#3225,.T.);
#3223 = VERTEX_POINT('',#3224);
#3224 = CARTESIAN_POINT('',(9.111,-6.444,-6.));
#3225 = LINE('',#3226,#3227);
#3226 = CARTESIAN_POINT('',(9.004333333333,-6.337333333333,
    -5.893333333333));
#3227 = VECTOR('',#3228,1.);
#3228 = DIRECTION('',(0.57735026919,-0.57735026919,-0.57735026919));
#3229 = ORIENTED_EDGE('',*,*,#3047,.T.);
#3230 = ORIENTED_EDGE('',*,*,#3231,.T.);
#3231 = EDGE_CURVE('',#3031,#3232,#3234,.T.);
#3232 = VERTEX_POINT('',#3233);
#3233 = CARTESIAN_POINT('',(9.431,-6.444,-6.));
#3234 = LINE('',#3235,#3236);
#3235 = CARTESIAN_POINT('',(9.431,-6.444,-6.));
#3236 = VECTOR('',#3237,1.);
#3237 = DIRECTION('',(-0.57735026919,-0.57735026919,-0.57735026919));
#3238 = ORIENTED_EDGE('',*,*,#3239,.F.);
#3239 = EDGE_CURVE('',#3223,#3232,#3240,.T.);
#3240 = LINE('',#3241,#3242);
#3241 = CARTESIAN_POINT('',(8.951,-6.444,-6.));
#3242 = VECTOR('',#3243,1.);
#3243 = DIRECTION('',(1.,0.,0.));
#3244 = PLANE('',#3245);
#3245 = AXIS2_PLACEMENT_3D('',#3246,#3247,#3248);
#3246 = CARTESIAN_POINT('',(8.951,-6.364,-5.92));
#3247 = DIRECTION('',(0.,-0.707106781187,0.707106781187));
#3248 = DIRECTION('',(-1.,0.,-0.));
#3249 = ADVANCED_FACE('',(#3250),#3268,.T.);
#3250 = FACE_BOUND('',#3251,.T.);
#3251 = EDGE_LOOP('',(#3252,#3253,#3254,#3262));
#3252 = ORIENTED_EDGE('',*,*,#3231,.F.);
#3253 = ORIENTED_EDGE('',*,*,#3071,.T.);
#3254 = ORIENTED_EDGE('',*,*,#3255,.T.);
#3255 = EDGE_CURVE('',#3064,#3256,#3258,.T.);
#3256 = VERTEX_POINT('',#3257);
#3257 = CARTESIAN_POINT('',(9.431,-6.764,-6.));
#3258 = LINE('',#3259,#3260);
#3259 = CARTESIAN_POINT('',(9.324333333333,-6.657333333333,
    -6.106666666667));
#3260 = VECTOR('',#3261,1.);
#3261 = DIRECTION('',(-0.57735026919,0.57735026919,-0.57735026919));
#3262 = ORIENTED_EDGE('',*,*,#3263,.F.);
#3263 = EDGE_CURVE('',#3232,#3256,#3264,.T.);
#3264 = LINE('',#3265,#3266);
#3265 = CARTESIAN_POINT('',(9.431,-6.284,-6.));
#3266 = VECTOR('',#3267,1.);
#3267 = DIRECTION('',(0.,-1.,1.224646799147E-16));
#3268 = PLANE('',#3269);
#3269 = AXIS2_PLACEMENT_3D('',#3270,#3271,#3272);
#3270 = CARTESIAN_POINT('',(9.511,-6.284,-5.92));
#3271 = DIRECTION('',(0.707106781187,-8.659560562355E-17,-0.707106781187
    ));
#3272 = DIRECTION('',(0.,-1.,1.224646799147E-16));
#3273 = ADVANCED_FACE('',(#3274),#3292,.T.);
#3274 = FACE_BOUND('',#3275,.F.);
#3275 = EDGE_LOOP('',(#3276,#3284,#3285,#3286));
#3276 = ORIENTED_EDGE('',*,*,#3277,.F.);
#3277 = EDGE_CURVE('',#3088,#3278,#3280,.T.);
#3278 = VERTEX_POINT('',#3279);
#3279 = CARTESIAN_POINT('',(9.111,-6.764,-6.));
#3280 = LINE('',#3281,#3282);
#3281 = CARTESIAN_POINT('',(9.111,-6.764,-6.));
#3282 = VECTOR('',#3283,1.);
#3283 = DIRECTION('',(0.57735026919,0.57735026919,-0.57735026919));
#3284 = ORIENTED_EDGE('',*,*,#3095,.T.);
#3285 = ORIENTED_EDGE('',*,*,#3255,.T.);
#3286 = ORIENTED_EDGE('',*,*,#3287,.F.);
#3287 = EDGE_CURVE('',#3278,#3256,#3288,.T.);
#3288 = LINE('',#3289,#3290);
#3289 = CARTESIAN_POINT('',(8.951,-6.764,-6.));
#3290 = VECTOR('',#3291,1.);
#3291 = DIRECTION('',(1.,0.,0.));
#3292 = PLANE('',#3293);
#3293 = AXIS2_PLACEMENT_3D('',#3294,#3295,#3296);
#3294 = CARTESIAN_POINT('',(8.951,-6.844,-5.92));
#3295 = DIRECTION('',(0.,-0.707106781187,-0.707106781187));
#3296 = DIRECTION('',(-1.,-0.,0.));
#3297 = ADVANCED_FACE('',(#3298),#3309,.F.);
#3298 = FACE_BOUND('',#3299,.F.);
#3299 = EDGE_LOOP('',(#3300,#3301,#3302,#3303));
#3300 = ORIENTED_EDGE('',*,*,#3222,.F.);
#3301 = ORIENTED_EDGE('',*,*,#3112,.T.);
#3302 = ORIENTED_EDGE('',*,*,#3277,.T.);
#3303 = ORIENTED_EDGE('',*,*,#3304,.F.);
#3304 = EDGE_CURVE('',#3223,#3278,#3305,.T.);
#3305 = LINE('',#3306,#3307);
#3306 = CARTESIAN_POINT('',(9.111,-6.284,-6.));
#3307 = VECTOR('',#3308,1.);
#3308 = DIRECTION('',(0.,-1.,1.224646799147E-16));
#3309 = PLANE('',#3310);
#3310 = AXIS2_PLACEMENT_3D('',#3311,#3312,#3313);
#3311 = CARTESIAN_POINT('',(9.031,-6.284,-5.92));
#3312 = DIRECTION('',(0.707106781187,8.659560562355E-17,0.707106781187)
  );
#3313 = DIRECTION('',(0.,-1.,1.224646799147E-16));
#3314 = ADVANCED_FACE('',(#3315),#3321,.F.);
#3315 = FACE_BOUND('',#3316,.F.);
#3316 = EDGE_LOOP('',(#3317,#3318,#3319,#3320));
#3317 = ORIENTED_EDGE('',*,*,#3191,.F.);
#3318 = ORIENTED_EDGE('',*,*,#3208,.F.);
#3319 = ORIENTED_EDGE('',*,*,#3143,.T.);
#3320 = ORIENTED_EDGE('',*,*,#3167,.T.);
#3321 = PLANE('',#3322);
#3322 = AXIS2_PLACEMENT_3D('',#3323,#3324,#3325);
#3323 = CARTESIAN_POINT('',(8.951,-6.284,5.54));
#3324 = DIRECTION('',(0.,-1.224646799147E-16,-1.));
#3325 = DIRECTION('',(1.,0.,0.));
#3326 = ADVANCED_FACE('',(#3327),#3333,.T.);
#3327 = FACE_BOUND('',#3328,.T.);
#3328 = EDGE_LOOP('',(#3329,#3330,#3331,#3332));
#3329 = ORIENTED_EDGE('',*,*,#3263,.T.);
#3330 = ORIENTED_EDGE('',*,*,#3287,.F.);
#3331 = ORIENTED_EDGE('',*,*,#3304,.F.);
#3332 = ORIENTED_EDGE('',*,*,#3239,.T.);
#3333 = PLANE('',#3334);
#3334 = AXIS2_PLACEMENT_3D('',#3335,#3336,#3337);
#3335 = CARTESIAN_POINT('',(8.951,-6.284,-6.));
#3336 = DIRECTION('',(0.,-1.224646799147E-16,-1.));
#3337 = DIRECTION('',(1.,0.,0.));
#3338 = MANIFOLD_SOLID_BREP('',#3339);
#3339 = CLOSED_SHELL('',(#3340,#3380,#3411,#3442,#3525,#3608,#3625,#3642
    ,#3659,#3676,#3688,#3719,#3743,#3767,#3784,#3815,#3839,#3863,#3880,
    #3911,#3935,#3959,#3976,#4007,#4031,#4055,#4072,#4084));
#3340 = ADVANCED_FACE('',(#3341),#3375,.F.);
#3341 = FACE_BOUND('',#3342,.F.);
#3342 = EDGE_LOOP('',(#3343,#3353,#3361,#3369));
#3343 = ORIENTED_EDGE('',*,*,#3344,.T.);
#3344 = EDGE_CURVE('',#3345,#3347,#3349,.T.);
#3345 = VERTEX_POINT('',#3346);
#3346 = CARTESIAN_POINT('',(-10.287,-5.334,2.54));
#3347 = VERTEX_POINT('',#3348);
#3348 = CARTESIAN_POINT('',(-10.287,-5.334,0.));
#3349 = LINE('',#3350,#3351);
#3350 = CARTESIAN_POINT('',(-10.287,-5.334,2.54));
#3351 = VECTOR('',#3352,1.);
#3352 = DIRECTION('',(0.,-1.224646799147E-16,-1.));
#3353 = ORIENTED_EDGE('',*,*,#3354,.T.);
#3354 = EDGE_CURVE('',#3347,#3355,#3357,.T.);
#3355 = VERTEX_POINT('',#3356);
#3356 = CARTESIAN_POINT('',(-10.541,-5.08,0.));
#3357 = LINE('',#3358,#3359);
#3358 = CARTESIAN_POINT('',(-10.287,-5.334,0.));
#3359 = VECTOR('',#3360,1.);
#3360 = DIRECTION('',(-0.707106781187,0.707106781187,-8.659560562355E-17
    ));
#3361 = ORIENTED_EDGE('',*,*,#3362,.F.);
#3362 = EDGE_CURVE('',#3363,#3355,#3365,.T.);
#3363 = VERTEX_POINT('',#3364);
#3364 = CARTESIAN_POINT('',(-10.541,-5.08,2.54));
#3365 = LINE('',#3366,#3367);
#3366 = CARTESIAN_POINT('',(-10.541,-5.08,2.54));
#3367 = VECTOR('',#3368,1.);
#3368 = DIRECTION('',(0.,-1.224646799147E-16,-1.));
#3369 = ORIENTED_EDGE('',*,*,#3370,.F.);
#3370 = EDGE_CURVE('',#3345,#3363,#3371,.T.);
#3371 = LINE('',#3372,#3373);
#3372 = CARTESIAN_POINT('',(-10.287,-5.334,2.54));
#3373 = VECTOR('',#3374,1.);
#3374 = DIRECTION('',(-0.707106781187,0.707106781187,-8.659560562355E-17
    ));
#3375 = PLANE('',#3376);
#3376 = AXIS2_PLACEMENT_3D('',#3377,#3378,#3379);
#3377 = CARTESIAN_POINT('',(-10.287,-5.334,2.54));
#3378 = DIRECTION('',(0.707106781187,0.707106781187,-8.659560562355E-17)
  );
#3379 = DIRECTION('',(-0.707106781187,0.707106781187,-8.659560562355E-17
    ));
#3380 = ADVANCED_FACE('',(#3381),#3406,.F.);
#3381 = FACE_BOUND('',#3382,.F.);
#3382 = EDGE_LOOP('',(#3383,#3393,#3399,#3400));
#3383 = ORIENTED_EDGE('',*,*,#3384,.T.);
#3384 = EDGE_CURVE('',#3385,#3387,#3389,.T.);
#3385 = VERTEX_POINT('',#3386);
#3386 = CARTESIAN_POINT('',(-8.255,-5.334,2.54));
#3387 = VERTEX_POINT('',#3388);
#3388 = CARTESIAN_POINT('',(-8.255,-5.334,0.));
#3389 = LINE('',#3390,#3391);
#3390 = CARTESIAN_POINT('',(-8.255,-5.334,2.54));
#3391 = VECTOR('',#3392,1.);
#3392 = DIRECTION('',(0.,-1.224646799147E-16,-1.));
#3393 = ORIENTED_EDGE('',*,*,#3394,.T.);
#3394 = EDGE_CURVE('',#3387,#3347,#3395,.T.);
#3395 = LINE('',#3396,#3397);
#3396 = CARTESIAN_POINT('',(-8.255,-5.334,0.));
#3397 = VECTOR('',#3398,1.);
#3398 = DIRECTION('',(-1.,-0.,0.));
#3399 = ORIENTED_EDGE('',*,*,#3344,.F.);
#3400 = ORIENTED_EDGE('',*,*,#3401,.F.);
#3401 = EDGE_CURVE('',#3385,#3345,#3402,.T.);
#3402 = LINE('',#3403,#3404);
#3403 = CARTESIAN_POINT('',(-8.255,-5.334,2.54));
#3404 = VECTOR('',#3405,1.);
#3405 = DIRECTION('',(-1.,-0.,0.));
#3406 = PLANE('',#3407);
#3407 = AXIS2_PLACEMENT_3D('',#3408,#3409,#3410);
#3408 = CARTESIAN_POINT('',(-8.255,-5.334,2.54));
#3409 = DIRECTION('',(0.,1.,-1.224646799147E-16));
#3410 = DIRECTION('',(-1.,-0.,0.));
#3411 = ADVANCED_FACE('',(#3412),#3437,.F.);
#3412 = FACE_BOUND('',#3413,.F.);
#3413 = EDGE_LOOP('',(#3414,#3415,#3423,#3431));
#3414 = ORIENTED_EDGE('',*,*,#3362,.T.);
#3415 = ORIENTED_EDGE('',*,*,#3416,.T.);
#3416 = EDGE_CURVE('',#3355,#3417,#3419,.T.);
#3417 = VERTEX_POINT('',#3418);
#3418 = CARTESIAN_POINT('',(-10.541,-3.048,0.));
#3419 = LINE('',#3420,#3421);
#3420 = CARTESIAN_POINT('',(-10.541,-5.08,0.));
#3421 = VECTOR('',#3422,1.);
#3422 = DIRECTION('',(0.,1.,-1.224646799147E-16));
#3423 = ORIENTED_EDGE('',*,*,#3424,.F.);
#3424 = EDGE_CURVE('',#3425,#3417,#3427,.T.);
#3425 = VERTEX_POINT('',#3426);
#3426 = CARTESIAN_POINT('',(-10.541,-3.048,2.54));
#3427 = LINE('',#3428,#3429);
#3428 = CARTESIAN_POINT('',(-10.541,-3.048,2.54));
#3429 = VECTOR('',#3430,1.);
#3430 = DIRECTION('',(0.,-1.224646799147E-16,-1.));
#3431 = ORIENTED_EDGE('',*,*,#3432,.F.);
#3432 = EDGE_CURVE('',#3363,#3425,#3433,.T.);
#3433 = LINE('',#3434,#3435);
#3434 = CARTESIAN_POINT('',(-10.541,-5.08,2.54));
#3435 = VECTOR('',#3436,1.);
#3436 = DIRECTION('',(0.,1.,-1.224646799147E-16));
#3437 = PLANE('',#3438);
#3438 = AXIS2_PLACEMENT_3D('',#3439,#3440,#3441);
#3439 = CARTESIAN_POINT('',(-10.541,-5.08,2.54));
#3440 = DIRECTION('',(1.,0.,0.));
#3441 = DIRECTION('',(0.,1.,-1.224646799147E-16));
#3442 = ADVANCED_FACE('',(#3443,#3486),#3520,.F.);
#3443 = FACE_BOUND('',#3444,.F.);
#3444 = EDGE_LOOP('',(#3445,#3446,#3447,#3455,#3463,#3471,#3479,#3485));
#3445 = ORIENTED_EDGE('',*,*,#3370,.T.);
#3446 = ORIENTED_EDGE('',*,*,#3432,.T.);
#3447 = ORIENTED_EDGE('',*,*,#3448,.T.);
#3448 = EDGE_CURVE('',#3425,#3449,#3451,.T.);
#3449 = VERTEX_POINT('',#3450);
#3450 = CARTESIAN_POINT('',(-10.287,-2.794,2.54));
#3451 = LINE('',#3452,#3453);
#3452 = CARTESIAN_POINT('',(-10.541,-3.048,2.54));
#3453 = VECTOR('',#3454,1.);
#3454 = DIRECTION('',(0.707106781187,0.707106781187,-8.659560562355E-17)
  );
#3455 = ORIENTED_EDGE('',*,*,#3456,.T.);
#3456 = EDGE_CURVE('',#3449,#3457,#3459,.T.);
#3457 = VERTEX_POINT('',#3458);
#3458 = CARTESIAN_POINT('',(-8.255,-2.794,2.54));
#3459 = LINE('',#3460,#3461);
#3460 = CARTESIAN_POINT('',(-10.287,-2.794,2.54));
#3461 = VECTOR('',#3462,1.);
#3462 = DIRECTION('',(1.,0.,0.));
#3463 = ORIENTED_EDGE('',*,*,#3464,.T.);
#3464 = EDGE_CURVE('',#3457,#3465,#3467,.T.);
#3465 = VERTEX_POINT('',#3466);
#3466 = CARTESIAN_POINT('',(-8.001,-3.048,2.54));
#3467 = LINE('',#3468,#3469);
#3468 = CARTESIAN_POINT('',(-8.255,-2.794,2.54));
#3469 = VECTOR('',#3470,1.);
#3470 = DIRECTION('',(0.707106781187,-0.707106781187,8.659560562355E-17)
  );
#3471 = ORIENTED_EDGE('',*,*,#3472,.T.);
#3472 = EDGE_CURVE('',#3465,#3473,#3475,.T.);
#3473 = VERTEX_POINT('',#3474);
#3474 = CARTESIAN_POINT('',(-8.001,-5.08,2.54));
#3475 = LINE('',#3476,#3477);
#3476 = CARTESIAN_POINT('',(-8.001,-3.048,2.54));
#3477 = VECTOR('',#3478,1.);
#3478 = DIRECTION('',(0.,-1.,1.224646799147E-16));
#3479 = ORIENTED_EDGE('',*,*,#3480,.T.);
#3480 = EDGE_CURVE('',#3473,#3385,#3481,.T.);
#3481 = LINE('',#3482,#3483);
#3482 = CARTESIAN_POINT('',(-8.001,-5.08,2.54));
#3483 = VECTOR('',#3484,1.);
#3484 = DIRECTION('',(-0.707106781187,-0.707106781187,8.659560562355E-17
    ));
#3485 = ORIENTED_EDGE('',*,*,#3401,.T.);
#3486 = FACE_BOUND('',#3487,.F.);
#3487 = EDGE_LOOP('',(#3488,#3498,#3506,#3514));
#3488 = ORIENTED_EDGE('',*,*,#3489,.T.);
#3489 = EDGE_CURVE('',#3490,#3492,#3494,.T.);
#3490 = VERTEX_POINT('',#3491);
#3491 = CARTESIAN_POINT('',(-8.951,-3.744,2.54));
#3492 = VERTEX_POINT('',#3493);
#3493 = CARTESIAN_POINT('',(-9.591,-3.744,2.54));
#3494 = LINE('',#3495,#3496);
#3495 = CARTESIAN_POINT('',(-9.431,-3.744,2.54));
#3496 = VECTOR('',#3497,1.);
#3497 = DIRECTION('',(-1.,-0.,0.));
#3498 = ORIENTED_EDGE('',*,*,#3499,.T.);
#3499 = EDGE_CURVE('',#3492,#3500,#3502,.T.);
#3500 = VERTEX_POINT('',#3501);
#3501 = CARTESIAN_POINT('',(-9.591,-4.384,2.54));
#3502 = LINE('',#3503,#3504);
#3503 = CARTESIAN_POINT('',(-9.591,-3.904,2.54));
#3504 = VECTOR('',#3505,1.);
#3505 = DIRECTION('',(0.,-1.,1.224646799147E-16));
#3506 = ORIENTED_EDGE('',*,*,#3507,.F.);
#3507 = EDGE_CURVE('',#3508,#3500,#3510,.T.);
#3508 = VERTEX_POINT('',#3509);
#3509 = CARTESIAN_POINT('',(-8.951,-4.384,2.54));
#3510 = LINE('',#3511,#3512);
#3511 = CARTESIAN_POINT('',(-9.431,-4.384,2.54));
#3512 = VECTOR('',#3513,1.);
#3513 = DIRECTION('',(-1.,-0.,0.));
#3514 = ORIENTED_EDGE('',*,*,#3515,.F.);
#3515 = EDGE_CURVE('',#3490,#3508,#3516,.T.);
#3516 = LINE('',#3517,#3518);
#3517 = CARTESIAN_POINT('',(-8.951,-3.904,2.54));
#3518 = VECTOR('',#3519,1.);
#3519 = DIRECTION('',(0.,-1.,1.224646799147E-16));
#3520 = PLANE('',#3521);
#3521 = AXIS2_PLACEMENT_3D('',#3522,#3523,#3524);
#3522 = CARTESIAN_POINT('',(-9.271,-4.064,2.54));
#3523 = DIRECTION('',(0.,-1.224646799147E-16,-1.));
#3524 = DIRECTION('',(1.,0.,0.));
#3525 = ADVANCED_FACE('',(#3526,#3569),#3603,.T.);
#3526 = FACE_BOUND('',#3527,.T.);
#3527 = EDGE_LOOP('',(#3528,#3529,#3530,#3538,#3546,#3554,#3562,#3568));
#3528 = ORIENTED_EDGE('',*,*,#3354,.T.);
#3529 = ORIENTED_EDGE('',*,*,#3416,.T.);
#3530 = ORIENTED_EDGE('',*,*,#3531,.T.);
#3531 = EDGE_CURVE('',#3417,#3532,#3534,.T.);
#3532 = VERTEX_POINT('',#3533);
#3533 = CARTESIAN_POINT('',(-10.287,-2.794,0.));
#3534 = LINE('',#3535,#3536);
#3535 = CARTESIAN_POINT('',(-10.541,-3.048,0.));
#3536 = VECTOR('',#3537,1.);
#3537 = DIRECTION('',(0.707106781187,0.707106781187,-8.659560562355E-17)
  );
#3538 = ORIENTED_EDGE('',*,*,#3539,.T.);
#3539 = EDGE_CURVE('',#3532,#3540,#3542,.T.);
#3540 = VERTEX_POINT('',#3541);
#3541 = CARTESIAN_POINT('',(-8.255,-2.794,0.));
#3542 = LINE('',#3543,#3544);
#3543 = CARTESIAN_POINT('',(-10.287,-2.794,0.));
#3544 = VECTOR('',#3545,1.);
#3545 = DIRECTION('',(1.,0.,0.));
#3546 = ORIENTED_EDGE('',*,*,#3547,.T.);
#3547 = EDGE_CURVE('',#3540,#3548,#3550,.T.);
#3548 = VERTEX_POINT('',#3549);
#3549 = CARTESIAN_POINT('',(-8.001,-3.048,0.));
#3550 = LINE('',#3551,#3552);
#3551 = CARTESIAN_POINT('',(-8.255,-2.794,0.));
#3552 = VECTOR('',#3553,1.);
#3553 = DIRECTION('',(0.707106781187,-0.707106781187,8.659560562355E-17)
  );
#3554 = ORIENTED_EDGE('',*,*,#3555,.T.);
#3555 = EDGE_CURVE('',#3548,#3556,#3558,.T.);
#3556 = VERTEX_POINT('',#3557);
#3557 = CARTESIAN_POINT('',(-8.001,-5.08,0.));
#3558 = LINE('',#3559,#3560);
#3559 = CARTESIAN_POINT('',(-8.001,-3.048,0.));
#3560 = VECTOR('',#3561,1.);
#3561 = DIRECTION('',(0.,-1.,1.224646799147E-16));
#3562 = ORIENTED_EDGE('',*,*,#3563,.T.);
#3563 = EDGE_CURVE('',#3556,#3387,#3564,.T.);
#3564 = LINE('',#3565,#3566);
#3565 = CARTESIAN_POINT('',(-8.001,-5.08,0.));
#3566 = VECTOR('',#3567,1.);
#3567 = DIRECTION('',(-0.707106781187,-0.707106781187,8.659560562355E-17
    ));
#3568 = ORIENTED_EDGE('',*,*,#3394,.T.);
#3569 = FACE_BOUND('',#3570,.T.);
#3570 = EDGE_LOOP('',(#3571,#3581,#3589,#3597));
#3571 = ORIENTED_EDGE('',*,*,#3572,.T.);
#3572 = EDGE_CURVE('',#3573,#3575,#3577,.T.);
#3573 = VERTEX_POINT('',#3574);
#3574 = CARTESIAN_POINT('',(-8.951,-3.744,0.));
#3575 = VERTEX_POINT('',#3576);
#3576 = CARTESIAN_POINT('',(-9.591,-3.744,0.));
#3577 = LINE('',#3578,#3579);
#3578 = CARTESIAN_POINT('',(-9.431,-3.744,0.));
#3579 = VECTOR('',#3580,1.);
#3580 = DIRECTION('',(-1.,-0.,0.));
#3581 = ORIENTED_EDGE('',*,*,#3582,.T.);
#3582 = EDGE_CURVE('',#3575,#3583,#3585,.T.);
#3583 = VERTEX_POINT('',#3584);
#3584 = CARTESIAN_POINT('',(-9.591,-4.384,0.));
#3585 = LINE('',#3586,#3587);
#3586 = CARTESIAN_POINT('',(-9.591,-3.904,0.));
#3587 = VECTOR('',#3588,1.);
#3588 = DIRECTION('',(0.,-1.,1.224646799147E-16));
#3589 = ORIENTED_EDGE('',*,*,#3590,.F.);
#3590 = EDGE_CURVE('',#3591,#3583,#3593,.T.);
#3591 = VERTEX_POINT('',#3592);
#3592 = CARTESIAN_POINT('',(-8.951,-4.384,0.));
#3593 = LINE('',#3594,#3595);
#3594 = CARTESIAN_POINT('',(-9.431,-4.384,0.));
#3595 = VECTOR('',#3596,1.);
#3596 = DIRECTION('',(-1.,-0.,0.));
#3597 = ORIENTED_EDGE('',*,*,#3598,.F.);
#3598 = EDGE_CURVE('',#3573,#3591,#3599,.T.);
#3599 = LINE('',#3600,#3601);
#3600 = CARTESIAN_POINT('',(-8.951,-3.904,0.));
#3601 = VECTOR('',#3602,1.);
#3602 = DIRECTION('',(0.,-1.,1.224646799147E-16));
#3603 = PLANE('',#3604);
#3604 = AXIS2_PLACEMENT_3D('',#3605,#3606,#3607);
#3605 = CARTESIAN_POINT('',(-9.271,-4.064,0.));
#3606 = DIRECTION('',(0.,-1.224646799147E-16,-1.));
#3607 = DIRECTION('',(1.,0.,0.));
#3608 = ADVANCED_FACE('',(#3609),#3620,.F.);
#3609 = FACE_BOUND('',#3610,.F.);
#3610 = EDGE_LOOP('',(#3611,#3617,#3618,#3619));
#3611 = ORIENTED_EDGE('',*,*,#3612,.T.);
#3612 = EDGE_CURVE('',#3473,#3556,#3613,.T.);
#3613 = LINE('',#3614,#3615);
#3614 = CARTESIAN_POINT('',(-8.001,-5.08,2.54));
#3615 = VECTOR('',#3616,1.);
#3616 = DIRECTION('',(0.,-1.224646799147E-16,-1.));
#3617 = ORIENTED_EDGE('',*,*,#3563,.T.);
#3618 = ORIENTED_EDGE('',*,*,#3384,.F.);
#3619 = ORIENTED_EDGE('',*,*,#3480,.F.);
#3620 = PLANE('',#3621);
#3621 = AXIS2_PLACEMENT_3D('',#3622,#3623,#3624);
#3622 = CARTESIAN_POINT('',(-8.001,-5.08,2.54));
#3623 = DIRECTION('',(-0.707106781187,0.707106781187,-8.659560562355E-17
    ));
#3624 = DIRECTION('',(-0.707106781187,-0.707106781187,8.659560562355E-17
    ));
#3625 = ADVANCED_FACE('',(#3626),#3637,.F.);
#3626 = FACE_BOUND('',#3627,.F.);
#3627 = EDGE_LOOP('',(#3628,#3629,#3630,#3636));
#3628 = ORIENTED_EDGE('',*,*,#3424,.T.);
#3629 = ORIENTED_EDGE('',*,*,#3531,.T.);
#3630 = ORIENTED_EDGE('',*,*,#3631,.F.);
#3631 = EDGE_CURVE('',#3449,#3532,#3632,.T.);
#3632 = LINE('',#3633,#3634);
#3633 = CARTESIAN_POINT('',(-10.287,-2.794,2.54));
#3634 = VECTOR('',#3635,1.);
#3635 = DIRECTION('',(0.,-1.224646799147E-16,-1.));
#3636 = ORIENTED_EDGE('',*,*,#3448,.F.);
#3637 = PLANE('',#3638);
#3638 = AXIS2_PLACEMENT_3D('',#3639,#3640,#3641);
#3639 = CARTESIAN_POINT('',(-10.541,-3.048,2.54));
#3640 = DIRECTION('',(0.707106781187,-0.707106781187,8.659560562355E-17)
  );
#3641 = DIRECTION('',(0.707106781187,0.707106781187,-8.659560562355E-17)
  );
#3642 = ADVANCED_FACE('',(#3643),#3654,.F.);
#3643 = FACE_BOUND('',#3644,.F.);
#3644 = EDGE_LOOP('',(#3645,#3651,#3652,#3653));
#3645 = ORIENTED_EDGE('',*,*,#3646,.T.);
#3646 = EDGE_CURVE('',#3465,#3548,#3647,.T.);
#3647 = LINE('',#3648,#3649);
#3648 = CARTESIAN_POINT('',(-8.001,-3.048,2.54));
#3649 = VECTOR('',#3650,1.);
#3650 = DIRECTION('',(0.,-1.224646799147E-16,-1.));
#3651 = ORIENTED_EDGE('',*,*,#3555,.T.);
#3652 = ORIENTED_EDGE('',*,*,#3612,.F.);
#3653 = ORIENTED_EDGE('',*,*,#3472,.F.);
#3654 = PLANE('',#3655);
#3655 = AXIS2_PLACEMENT_3D('',#3656,#3657,#3658);
#3656 = CARTESIAN_POINT('',(-8.001,-3.048,2.54));
#3657 = DIRECTION('',(-1.,-0.,0.));
#3658 = DIRECTION('',(0.,-1.,1.224646799147E-16));
#3659 = ADVANCED_FACE('',(#3660),#3671,.F.);
#3660 = FACE_BOUND('',#3661,.F.);
#3661 = EDGE_LOOP('',(#3662,#3663,#3664,#3670));
#3662 = ORIENTED_EDGE('',*,*,#3631,.T.);
#3663 = ORIENTED_EDGE('',*,*,#3539,.T.);
#3664 = ORIENTED_EDGE('',*,*,#3665,.F.);
#3665 = EDGE_CURVE('',#3457,#3540,#3666,.T.);
#3666 = LINE('',#3667,#3668);
#3667 = CARTESIAN_POINT('',(-8.255,-2.794,2.54));
#3668 = VECTOR('',#3669,1.);
#3669 = DIRECTION('',(0.,-1.224646799147E-16,-1.));
#3670 = ORIENTED_EDGE('',*,*,#3456,.F.);
#3671 = PLANE('',#3672);
#3672 = AXIS2_PLACEMENT_3D('',#3673,#3674,#3675);
#3673 = CARTESIAN_POINT('',(-10.287,-2.794,2.54));
#3674 = DIRECTION('',(0.,-1.,1.224646799147E-16));
#3675 = DIRECTION('',(1.,0.,0.));
#3676 = ADVANCED_FACE('',(#3677),#3683,.F.);
#3677 = FACE_BOUND('',#3678,.F.);
#3678 = EDGE_LOOP('',(#3679,#3680,#3681,#3682));
#3679 = ORIENTED_EDGE('',*,*,#3665,.T.);
#3680 = ORIENTED_EDGE('',*,*,#3547,.T.);
#3681 = ORIENTED_EDGE('',*,*,#3646,.F.);
#3682 = ORIENTED_EDGE('',*,*,#3464,.F.);
#3683 = PLANE('',#3684);
#3684 = AXIS2_PLACEMENT_3D('',#3685,#3686,#3687);
#3685 = CARTESIAN_POINT('',(-8.255,-2.794,2.54));
#3686 = DIRECTION('',(-0.707106781187,-0.707106781187,8.659560562355E-17
    ));
#3687 = DIRECTION('',(0.707106781187,-0.707106781187,8.659560562355E-17)
  );
#3688 = ADVANCED_FACE('',(#3689),#3714,.F.);
#3689 = FACE_BOUND('',#3690,.F.);
#3690 = EDGE_LOOP('',(#3691,#3699,#3707,#3713));
#3691 = ORIENTED_EDGE('',*,*,#3692,.F.);
#3692 = EDGE_CURVE('',#3693,#3490,#3695,.T.);
#3693 = VERTEX_POINT('',#3694);
#3694 = CARTESIAN_POINT('',(-8.951,-3.744,5.38));
#3695 = LINE('',#3696,#3697);
#3696 = CARTESIAN_POINT('',(-8.951,-3.744,5.54));
#3697 = VECTOR('',#3698,1.);
#3698 = DIRECTION('',(0.,-1.224646799147E-16,-1.));
#3699 = ORIENTED_EDGE('',*,*,#3700,.F.);
#3700 = EDGE_CURVE('',#3701,#3693,#3703,.T.);
#3701 = VERTEX_POINT('',#3702);
#3702 = CARTESIAN_POINT('',(-9.591,-3.744,5.38));
#3703 = LINE('',#3704,#3705);
#3704 = CARTESIAN_POINT('',(-9.591,-3.744,5.38));
#3705 = VECTOR('',#3706,1.);
#3706 = DIRECTION('',(1.,0.,0.));
#3707 = ORIENTED_EDGE('',*,*,#3708,.T.);
#3708 = EDGE_CURVE('',#3701,#3492,#3709,.T.);
#3709 = LINE('',#3710,#3711);
#3710 = CARTESIAN_POINT('',(-9.591,-3.744,5.54));
#3711 = VECTOR('',#3712,1.);
#3712 = DIRECTION('',(0.,-1.224646799147E-16,-1.));
#3713 = ORIENTED_EDGE('',*,*,#3489,.F.);
#3714 = PLANE('',#3715);
#3715 = AXIS2_PLACEMENT_3D('',#3716,#3717,#3718);
#3716 = CARTESIAN_POINT('',(-9.591,-3.744,5.54));
#3717 = DIRECTION('',(0.,-1.,1.224646799147E-16));
#3718 = DIRECTION('',(0.,-1.224646799147E-16,-1.));
#3719 = ADVANCED_FACE('',(#3720),#3738,.T.);
#3720 = FACE_BOUND('',#3721,.T.);
#3721 = EDGE_LOOP('',(#3722,#3723,#3731,#3737));
#3722 = ORIENTED_EDGE('',*,*,#3692,.F.);
#3723 = ORIENTED_EDGE('',*,*,#3724,.T.);
#3724 = EDGE_CURVE('',#3693,#3725,#3727,.T.);
#3725 = VERTEX_POINT('',#3726);
#3726 = CARTESIAN_POINT('',(-8.951,-4.384,5.38));
#3727 = LINE('',#3728,#3729);
#3728 = CARTESIAN_POINT('',(-8.951,-3.744,5.38));
#3729 = VECTOR('',#3730,1.);
#3730 = DIRECTION('',(0.,-1.,1.224646799147E-16));
#3731 = ORIENTED_EDGE('',*,*,#3732,.T.);
#3732 = EDGE_CURVE('',#3725,#3508,#3733,.T.);
#3733 = LINE('',#3734,#3735);
#3734 = CARTESIAN_POINT('',(-8.951,-4.384,5.54));
#3735 = VECTOR('',#3736,1.);
#3736 = DIRECTION('',(0.,-1.224646799147E-16,-1.));
#3737 = ORIENTED_EDGE('',*,*,#3515,.F.);
#3738 = PLANE('',#3739);
#3739 = AXIS2_PLACEMENT_3D('',#3740,#3741,#3742);
#3740 = CARTESIAN_POINT('',(-8.951,-3.744,5.54));
#3741 = DIRECTION('',(1.,0.,0.));
#3742 = DIRECTION('',(0.,-1.224646799147E-16,-1.));
#3743 = ADVANCED_FACE('',(#3744),#3762,.T.);
#3744 = FACE_BOUND('',#3745,.T.);
#3745 = EDGE_LOOP('',(#3746,#3747,#3755,#3761));
#3746 = ORIENTED_EDGE('',*,*,#3732,.F.);
#3747 = ORIENTED_EDGE('',*,*,#3748,.F.);
#3748 = EDGE_CURVE('',#3749,#3725,#3751,.T.);
#3749 = VERTEX_POINT('',#3750);
#3750 = CARTESIAN_POINT('',(-9.591,-4.384,5.38));
#3751 = LINE('',#3752,#3753);
#3752 = CARTESIAN_POINT('',(-9.591,-4.384,5.38));
#3753 = VECTOR('',#3754,1.);
#3754 = DIRECTION('',(1.,0.,0.));
#3755 = ORIENTED_EDGE('',*,*,#3756,.T.);
#3756 = EDGE_CURVE('',#3749,#3500,#3757,.T.);
#3757 = LINE('',#3758,#3759);
#3758 = CARTESIAN_POINT('',(-9.591,-4.384,5.54));
#3759 = VECTOR('',#3760,1.);
#3760 = DIRECTION('',(0.,-1.224646799147E-16,-1.));
#3761 = ORIENTED_EDGE('',*,*,#3507,.F.);
#3762 = PLANE('',#3763);
#3763 = AXIS2_PLACEMENT_3D('',#3764,#3765,#3766);
#3764 = CARTESIAN_POINT('',(-9.591,-4.384,5.54));
#3765 = DIRECTION('',(0.,-1.,1.224646799147E-16));
#3766 = DIRECTION('',(0.,-1.224646799147E-16,-1.));
#3767 = ADVANCED_FACE('',(#3768),#3779,.F.);
#3768 = FACE_BOUND('',#3769,.F.);
#3769 = EDGE_LOOP('',(#3770,#3771,#3777,#3778));
#3770 = ORIENTED_EDGE('',*,*,#3708,.F.);
#3771 = ORIENTED_EDGE('',*,*,#3772,.T.);
#3772 = EDGE_CURVE('',#3701,#3749,#3773,.T.);
#3773 = LINE('',#3774,#3775);
#3774 = CARTESIAN_POINT('',(-9.591,-3.744,5.38));
#3775 = VECTOR('',#3776,1.);
#3776 = DIRECTION('',(0.,-1.,1.224646799147E-16));
#3777 = ORIENTED_EDGE('',*,*,#3756,.T.);
#3778 = ORIENTED_EDGE('',*,*,#3499,.F.);
#3779 = PLANE('',#3780);
#3780 = AXIS2_PLACEMENT_3D('',#3781,#3782,#3783);
#3781 = CARTESIAN_POINT('',(-9.591,-3.744,5.54));
#3782 = DIRECTION('',(1.,0.,0.));
#3783 = DIRECTION('',(0.,-1.224646799147E-16,-1.));
#3784 = ADVANCED_FACE('',(#3785),#3810,.F.);
#3785 = FACE_BOUND('',#3786,.F.);
#3786 = EDGE_LOOP('',(#3787,#3795,#3796,#3804));
#3787 = ORIENTED_EDGE('',*,*,#3788,.F.);
#3788 = EDGE_CURVE('',#3573,#3789,#3791,.T.);
#3789 = VERTEX_POINT('',#3790);
#3790 = CARTESIAN_POINT('',(-8.951,-3.744,-5.84));
#3791 = LINE('',#3792,#3793);
#3792 = CARTESIAN_POINT('',(-8.951,-3.744,5.54));
#3793 = VECTOR('',#3794,1.);
#3794 = DIRECTION('',(0.,-1.224646799147E-16,-1.));
#3795 = ORIENTED_EDGE('',*,*,#3572,.T.);
#3796 = ORIENTED_EDGE('',*,*,#3797,.T.);
#3797 = EDGE_CURVE('',#3575,#3798,#3800,.T.);
#3798 = VERTEX_POINT('',#3799);
#3799 = CARTESIAN_POINT('',(-9.591,-3.744,-5.84));
#3800 = LINE('',#3801,#3802);
#3801 = CARTESIAN_POINT('',(-9.591,-3.744,5.54));
#3802 = VECTOR('',#3803,1.);
#3803 = DIRECTION('',(0.,-1.224646799147E-16,-1.));
#3804 = ORIENTED_EDGE('',*,*,#3805,.T.);
#3805 = EDGE_CURVE('',#3798,#3789,#3806,.T.);
#3806 = LINE('',#3807,#3808);
#3807 = CARTESIAN_POINT('',(-9.591,-3.744,-5.84));
#3808 = VECTOR('',#3809,1.);
#3809 = DIRECTION('',(1.,0.,0.));
#3810 = PLANE('',#3811);
#3811 = AXIS2_PLACEMENT_3D('',#3812,#3813,#3814);
#3812 = CARTESIAN_POINT('',(-9.591,-3.744,5.54));
#3813 = DIRECTION('',(0.,-1.,1.224646799147E-16));
#3814 = DIRECTION('',(0.,-1.224646799147E-16,-1.));
#3815 = ADVANCED_FACE('',(#3816),#3834,.T.);
#3816 = FACE_BOUND('',#3817,.T.);
#3817 = EDGE_LOOP('',(#3818,#3819,#3820,#3828));
#3818 = ORIENTED_EDGE('',*,*,#3788,.F.);
#3819 = ORIENTED_EDGE('',*,*,#3598,.T.);
#3820 = ORIENTED_EDGE('',*,*,#3821,.T.);
#3821 = EDGE_CURVE('',#3591,#3822,#3824,.T.);
#3822 = VERTEX_POINT('',#3823);
#3823 = CARTESIAN_POINT('',(-8.951,-4.384,-5.84));
#3824 = LINE('',#3825,#3826);
#3825 = CARTESIAN_POINT('',(-8.951,-4.384,5.54));
#3826 = VECTOR('',#3827,1.);
#3827 = DIRECTION('',(0.,-1.224646799147E-16,-1.));
#3828 = ORIENTED_EDGE('',*,*,#3829,.F.);
#3829 = EDGE_CURVE('',#3789,#3822,#3830,.T.);
#3830 = LINE('',#3831,#3832);
#3831 = CARTESIAN_POINT('',(-8.951,-3.744,-5.84));
#3832 = VECTOR('',#3833,1.);
#3833 = DIRECTION('',(0.,-1.,1.224646799147E-16));
#3834 = PLANE('',#3835);
#3835 = AXIS2_PLACEMENT_3D('',#3836,#3837,#3838);
#3836 = CARTESIAN_POINT('',(-8.951,-3.744,5.54));
#3837 = DIRECTION('',(1.,0.,0.));
#3838 = DIRECTION('',(0.,-1.224646799147E-16,-1.));
#3839 = ADVANCED_FACE('',(#3840),#3858,.T.);
#3840 = FACE_BOUND('',#3841,.T.);
#3841 = EDGE_LOOP('',(#3842,#3843,#3844,#3852));
#3842 = ORIENTED_EDGE('',*,*,#3821,.F.);
#3843 = ORIENTED_EDGE('',*,*,#3590,.T.);
#3844 = ORIENTED_EDGE('',*,*,#3845,.T.);
#3845 = EDGE_CURVE('',#3583,#3846,#3848,.T.);
#3846 = VERTEX_POINT('',#3847);
#3847 = CARTESIAN_POINT('',(-9.591,-4.384,-5.84));
#3848 = LINE('',#3849,#3850);
#3849 = CARTESIAN_POINT('',(-9.591,-4.384,5.54));
#3850 = VECTOR('',#3851,1.);
#3851 = DIRECTION('',(0.,-1.224646799147E-16,-1.));
#3852 = ORIENTED_EDGE('',*,*,#3853,.T.);
#3853 = EDGE_CURVE('',#3846,#3822,#3854,.T.);
#3854 = LINE('',#3855,#3856);
#3855 = CARTESIAN_POINT('',(-9.591,-4.384,-5.84));
#3856 = VECTOR('',#3857,1.);
#3857 = DIRECTION('',(1.,0.,0.));
#3858 = PLANE('',#3859);
#3859 = AXIS2_PLACEMENT_3D('',#3860,#3861,#3862);
#3860 = CARTESIAN_POINT('',(-9.591,-4.384,5.54));
#3861 = DIRECTION('',(0.,-1.,1.224646799147E-16));
#3862 = DIRECTION('',(0.,-1.224646799147E-16,-1.));
#3863 = ADVANCED_FACE('',(#3864),#3875,.F.);
#3864 = FACE_BOUND('',#3865,.F.);
#3865 = EDGE_LOOP('',(#3866,#3867,#3868,#3869));
#3866 = ORIENTED_EDGE('',*,*,#3797,.F.);
#3867 = ORIENTED_EDGE('',*,*,#3582,.T.);
#3868 = ORIENTED_EDGE('',*,*,#3845,.T.);
#3869 = ORIENTED_EDGE('',*,*,#3870,.F.);
#3870 = EDGE_CURVE('',#3798,#3846,#3871,.T.);
#3871 = LINE('',#3872,#3873);
#3872 = CARTESIAN_POINT('',(-9.591,-3.744,-5.84));
#3873 = VECTOR('',#3874,1.);
#3874 = DIRECTION('',(0.,-1.,1.224646799147E-16));
#3875 = PLANE('',#3876);
#3876 = AXIS2_PLACEMENT_3D('',#3877,#3878,#3879);
#3877 = CARTESIAN_POINT('',(-9.591,-3.744,5.54));
#3878 = DIRECTION('',(1.,0.,0.));
#3879 = DIRECTION('',(0.,-1.224646799147E-16,-1.));
#3880 = ADVANCED_FACE('',(#3881),#3906,.T.);
#3881 = FACE_BOUND('',#3882,.F.);
#3882 = EDGE_LOOP('',(#3883,#3891,#3892,#3900));
#3883 = ORIENTED_EDGE('',*,*,#3884,.F.);
#3884 = EDGE_CURVE('',#3701,#3885,#3887,.T.);
#3885 = VERTEX_POINT('',#3886);
#3886 = CARTESIAN_POINT('',(-9.431,-3.904,5.54));
#3887 = LINE('',#3888,#3889);
#3888 = CARTESIAN_POINT('',(-9.537666666667,-3.797333333333,
    5.433333333333));
#3889 = VECTOR('',#3890,1.);
#3890 = DIRECTION('',(0.57735026919,-0.57735026919,0.57735026919));
#3891 = ORIENTED_EDGE('',*,*,#3700,.T.);
#3892 = ORIENTED_EDGE('',*,*,#3893,.T.);
#3893 = EDGE_CURVE('',#3693,#3894,#3896,.T.);
#3894 = VERTEX_POINT('',#3895);
#3895 = CARTESIAN_POINT('',(-9.111,-3.904,5.54));
#3896 = LINE('',#3897,#3898);
#3897 = CARTESIAN_POINT('',(-9.111,-3.904,5.54));
#3898 = VECTOR('',#3899,1.);
#3899 = DIRECTION('',(-0.57735026919,-0.57735026919,0.57735026919));
#3900 = ORIENTED_EDGE('',*,*,#3901,.F.);
#3901 = EDGE_CURVE('',#3885,#3894,#3902,.T.);
#3902 = LINE('',#3903,#3904);
#3903 = CARTESIAN_POINT('',(-9.591,-3.904,5.54));
#3904 = VECTOR('',#3905,1.);
#3905 = DIRECTION('',(1.,0.,0.));
#3906 = PLANE('',#3907);
#3907 = AXIS2_PLACEMENT_3D('',#3908,#3909,#3910);
#3908 = CARTESIAN_POINT('',(-9.591,-3.824,5.46));
#3909 = DIRECTION('',(0.,0.707106781187,0.707106781187));
#3910 = DIRECTION('',(-1.,0.,-0.));
#3911 = ADVANCED_FACE('',(#3912),#3930,.F.);
#3912 = FACE_BOUND('',#3913,.F.);
#3913 = EDGE_LOOP('',(#3914,#3915,#3916,#3924));
#3914 = ORIENTED_EDGE('',*,*,#3893,.F.);
#3915 = ORIENTED_EDGE('',*,*,#3724,.T.);
#3916 = ORIENTED_EDGE('',*,*,#3917,.T.);
#3917 = EDGE_CURVE('',#3725,#3918,#3920,.T.);
#3918 = VERTEX_POINT('',#3919);
#3919 = CARTESIAN_POINT('',(-9.111,-4.224,5.54));
#3920 = LINE('',#3921,#3922);
#3921 = CARTESIAN_POINT('',(-9.217666666667,-4.117333333333,
    5.646666666667));
#3922 = VECTOR('',#3923,1.);
#3923 = DIRECTION('',(-0.57735026919,0.57735026919,0.57735026919));
#3924 = ORIENTED_EDGE('',*,*,#3925,.F.);
#3925 = EDGE_CURVE('',#3894,#3918,#3926,.T.);
#3926 = LINE('',#3927,#3928);
#3927 = CARTESIAN_POINT('',(-9.111,-3.744,5.54));
#3928 = VECTOR('',#3929,1.);
#3929 = DIRECTION('',(0.,-1.,1.224646799147E-16));
#3930 = PLANE('',#3931);
#3931 = AXIS2_PLACEMENT_3D('',#3932,#3933,#3934);
#3932 = CARTESIAN_POINT('',(-9.031,-3.744,5.46));
#3933 = DIRECTION('',(-0.707106781187,-8.659560562355E-17,
    -0.707106781187));
#3934 = DIRECTION('',(0.,-1.,1.224646799147E-16));
#3935 = ADVANCED_FACE('',(#3936),#3954,.F.);
#3936 = FACE_BOUND('',#3937,.T.);
#3937 = EDGE_LOOP('',(#3938,#3946,#3947,#3948));
#3938 = ORIENTED_EDGE('',*,*,#3939,.F.);
#3939 = EDGE_CURVE('',#3749,#3940,#3942,.T.);
#3940 = VERTEX_POINT('',#3941);
#3941 = CARTESIAN_POINT('',(-9.431,-4.224,5.54));
#3942 = LINE('',#3943,#3944);
#3943 = CARTESIAN_POINT('',(-9.431,-4.224,5.54));
#3944 = VECTOR('',#3945,1.);
#3945 = DIRECTION('',(0.57735026919,0.57735026919,0.57735026919));
#3946 = ORIENTED_EDGE('',*,*,#3748,.T.);
#3947 = ORIENTED_EDGE('',*,*,#3917,.T.);
#3948 = ORIENTED_EDGE('',*,*,#3949,.F.);
#3949 = EDGE_CURVE('',#3940,#3918,#3950,.T.);
#3950 = LINE('',#3951,#3952);
#3951 = CARTESIAN_POINT('',(-9.591,-4.224,5.54));
#3952 = VECTOR('',#3953,1.);
#3953 = DIRECTION('',(1.,0.,0.));
#3954 = PLANE('',#3955);
#3955 = AXIS2_PLACEMENT_3D('',#3956,#3957,#3958);
#3956 = CARTESIAN_POINT('',(-9.591,-4.304,5.46));
#3957 = DIRECTION('',(0.,0.707106781187,-0.707106781187));
#3958 = DIRECTION('',(-1.,-0.,0.));
#3959 = ADVANCED_FACE('',(#3960),#3971,.T.);
#3960 = FACE_BOUND('',#3961,.T.);
#3961 = EDGE_LOOP('',(#3962,#3963,#3964,#3965));
#3962 = ORIENTED_EDGE('',*,*,#3884,.F.);
#3963 = ORIENTED_EDGE('',*,*,#3772,.T.);
#3964 = ORIENTED_EDGE('',*,*,#3939,.T.);
#3965 = ORIENTED_EDGE('',*,*,#3966,.F.);
#3966 = EDGE_CURVE('',#3885,#3940,#3967,.T.);
#3967 = LINE('',#3968,#3969);
#3968 = CARTESIAN_POINT('',(-9.431,-3.744,5.54));
#3969 = VECTOR('',#3970,1.);
#3970 = DIRECTION('',(0.,-1.,1.224646799147E-16));
#3971 = PLANE('',#3972);
#3972 = AXIS2_PLACEMENT_3D('',#3973,#3974,#3975);
#3973 = CARTESIAN_POINT('',(-9.511,-3.744,5.46));
#3974 = DIRECTION('',(-0.707106781187,8.659560562355E-17,0.707106781187)
  );
#3975 = DIRECTION('',(0.,-1.,1.224646799147E-16));
#3976 = ADVANCED_FACE('',(#3977),#4002,.F.);
#3977 = FACE_BOUND('',#3978,.T.);
#3978 = EDGE_LOOP('',(#3979,#3987,#3988,#3996));
#3979 = ORIENTED_EDGE('',*,*,#3980,.F.);
#3980 = EDGE_CURVE('',#3798,#3981,#3983,.T.);
#3981 = VERTEX_POINT('',#3982);
#3982 = CARTESIAN_POINT('',(-9.431,-3.904,-6.));
#3983 = LINE('',#3984,#3985);
#3984 = CARTESIAN_POINT('',(-9.537666666667,-3.797333333333,
    -5.893333333333));
#3985 = VECTOR('',#3986,1.);
#3986 = DIRECTION('',(0.57735026919,-0.57735026919,-0.57735026919));
#3987 = ORIENTED_EDGE('',*,*,#3805,.T.);
#3988 = ORIENTED_EDGE('',*,*,#3989,.T.);
#3989 = EDGE_CURVE('',#3789,#3990,#3992,.T.);
#3990 = VERTEX_POINT('',#3991);
#3991 = CARTESIAN_POINT('',(-9.111,-3.904,-6.));
#3992 = LINE('',#3993,#3994);
#3993 = CARTESIAN_POINT('',(-9.111,-3.904,-6.));
#3994 = VECTOR('',#3995,1.);
#3995 = DIRECTION('',(-0.57735026919,-0.57735026919,-0.57735026919));
#3996 = ORIENTED_EDGE('',*,*,#3997,.F.);
#3997 = EDGE_CURVE('',#3981,#3990,#3998,.T.);
#3998 = LINE('',#3999,#4000);
#3999 = CARTESIAN_POINT('',(-9.591,-3.904,-6.));
#4000 = VECTOR('',#4001,1.);
#4001 = DIRECTION('',(1.,0.,0.));
#4002 = PLANE('',#4003);
#4003 = AXIS2_PLACEMENT_3D('',#4004,#4005,#4006);
#4004 = CARTESIAN_POINT('',(-9.591,-3.824,-5.92));
#4005 = DIRECTION('',(0.,-0.707106781187,0.707106781187));
#4006 = DIRECTION('',(-1.,0.,-0.));
#4007 = ADVANCED_FACE('',(#4008),#4026,.T.);
#4008 = FACE_BOUND('',#4009,.T.);
#4009 = EDGE_LOOP('',(#4010,#4011,#4012,#4020));
#4010 = ORIENTED_EDGE('',*,*,#3989,.F.);
#4011 = ORIENTED_EDGE('',*,*,#3829,.T.);
#4012 = ORIENTED_EDGE('',*,*,#4013,.T.);
#4013 = EDGE_CURVE('',#3822,#4014,#4016,.T.);
#4014 = VERTEX_POINT('',#4015);
#4015 = CARTESIAN_POINT('',(-9.111,-4.224,-6.));
#4016 = LINE('',#4017,#4018);
#4017 = CARTESIAN_POINT('',(-9.217666666667,-4.117333333333,
    -6.106666666667));
#4018 = VECTOR('',#4019,1.);
#4019 = DIRECTION('',(-0.57735026919,0.57735026919,-0.57735026919));
#4020 = ORIENTED_EDGE('',*,*,#4021,.F.);
#4021 = EDGE_CURVE('',#3990,#4014,#4022,.T.);
#4022 = LINE('',#4023,#4024);
#4023 = CARTESIAN_POINT('',(-9.111,-3.744,-6.));
#4024 = VECTOR('',#4025,1.);
#4025 = DIRECTION('',(0.,-1.,1.224646799147E-16));
#4026 = PLANE('',#4027);
#4027 = AXIS2_PLACEMENT_3D('',#4028,#4029,#4030);
#4028 = CARTESIAN_POINT('',(-9.031,-3.744,-5.92));
#4029 = DIRECTION('',(0.707106781187,-8.659560562355E-17,-0.707106781187
    ));
#4030 = DIRECTION('',(0.,-1.,1.224646799147E-16));
#4031 = ADVANCED_FACE('',(#4032),#4050,.T.);
#4032 = FACE_BOUND('',#4033,.F.);
#4033 = EDGE_LOOP('',(#4034,#4042,#4043,#4044));
#4034 = ORIENTED_EDGE('',*,*,#4035,.F.);
#4035 = EDGE_CURVE('',#3846,#4036,#4038,.T.);
#4036 = VERTEX_POINT('',#4037);
#4037 = CARTESIAN_POINT('',(-9.431,-4.224,-6.));
#4038 = LINE('',#4039,#4040);
#4039 = CARTESIAN_POINT('',(-9.431,-4.224,-6.));
#4040 = VECTOR('',#4041,1.);
#4041 = DIRECTION('',(0.57735026919,0.57735026919,-0.57735026919));
#4042 = ORIENTED_EDGE('',*,*,#3853,.T.);
#4043 = ORIENTED_EDGE('',*,*,#4013,.T.);
#4044 = ORIENTED_EDGE('',*,*,#4045,.F.);
#4045 = EDGE_CURVE('',#4036,#4014,#4046,.T.);
#4046 = LINE('',#4047,#4048);
#4047 = CARTESIAN_POINT('',(-9.591,-4.224,-6.));
#4048 = VECTOR('',#4049,1.);
#4049 = DIRECTION('',(1.,0.,0.));
#4050 = PLANE('',#4051);
#4051 = AXIS2_PLACEMENT_3D('',#4052,#4053,#4054);
#4052 = CARTESIAN_POINT('',(-9.591,-4.304,-5.92));
#4053 = DIRECTION('',(0.,-0.707106781187,-0.707106781187));
#4054 = DIRECTION('',(-1.,-0.,0.));
#4055 = ADVANCED_FACE('',(#4056),#4067,.F.);
#4056 = FACE_BOUND('',#4057,.F.);
#4057 = EDGE_LOOP('',(#4058,#4059,#4060,#4061));
#4058 = ORIENTED_EDGE('',*,*,#3980,.F.);
#4059 = ORIENTED_EDGE('',*,*,#3870,.T.);
#4060 = ORIENTED_EDGE('',*,*,#4035,.T.);
#4061 = ORIENTED_EDGE('',*,*,#4062,.F.);
#4062 = EDGE_CURVE('',#3981,#4036,#4063,.T.);
#4063 = LINE('',#4064,#4065);
#4064 = CARTESIAN_POINT('',(-9.431,-3.744,-6.));
#4065 = VECTOR('',#4066,1.);
#4066 = DIRECTION('',(0.,-1.,1.224646799147E-16));
#4067 = PLANE('',#4068);
#4068 = AXIS2_PLACEMENT_3D('',#4069,#4070,#4071);
#4069 = CARTESIAN_POINT('',(-9.511,-3.744,-5.92));
#4070 = DIRECTION('',(0.707106781187,8.659560562355E-17,0.707106781187)
  );
#4071 = DIRECTION('',(0.,-1.,1.224646799147E-16));
#4072 = ADVANCED_FACE('',(#4073),#4079,.F.);
#4073 = FACE_BOUND('',#4074,.F.);
#4074 = EDGE_LOOP('',(#4075,#4076,#4077,#4078));
#4075 = ORIENTED_EDGE('',*,*,#3949,.F.);
#4076 = ORIENTED_EDGE('',*,*,#3966,.F.);
#4077 = ORIENTED_EDGE('',*,*,#3901,.T.);
#4078 = ORIENTED_EDGE('',*,*,#3925,.T.);
#4079 = PLANE('',#4080);
#4080 = AXIS2_PLACEMENT_3D('',#4081,#4082,#4083);
#4081 = CARTESIAN_POINT('',(-9.591,-3.744,5.54));
#4082 = DIRECTION('',(0.,-1.224646799147E-16,-1.));
#4083 = DIRECTION('',(1.,0.,0.));
#4084 = ADVANCED_FACE('',(#4085),#4091,.T.);
#4085 = FACE_BOUND('',#4086,.T.);
#4086 = EDGE_LOOP('',(#4087,#4088,#4089,#4090));
#4087 = ORIENTED_EDGE('',*,*,#4021,.T.);
#4088 = ORIENTED_EDGE('',*,*,#4045,.F.);
#4089 = ORIENTED_EDGE('',*,*,#4062,.F.);
#4090 = ORIENTED_EDGE('',*,*,#3997,.T.);
#4091 = PLANE('',#4092);
#4092 = AXIS2_PLACEMENT_3D('',#4093,#4094,#4095);
#4093 = CARTESIAN_POINT('',(-9.591,-3.744,-6.));
#4094 = DIRECTION('',(0.,-1.224646799147E-16,-1.));
#4095 = DIRECTION('',(1.,0.,0.));
#4096 = MANIFOLD_SOLID_BREP('',#4097);
#4097 = CLOSED_SHELL('',(#4098,#4138,#4169,#4200,#4283,#4366,#4383,#4400
    ,#4417,#4434,#4446,#4477,#4501,#4525,#4542,#4573,#4597,#4621,#4638,
    #4669,#4693,#4717,#4734,#4765,#4789,#4813,#4830,#4842));
#4098 = ADVANCED_FACE('',(#4099),#4133,.F.);
#4099 = FACE_BOUND('',#4100,.F.);
#4100 = EDGE_LOOP('',(#4101,#4111,#4119,#4127));
#4101 = ORIENTED_EDGE('',*,*,#4102,.T.);
#4102 = EDGE_CURVE('',#4103,#4105,#4107,.T.);
#4103 = VERTEX_POINT('',#4104);
#4104 = CARTESIAN_POINT('',(8.255,-5.334,2.54));
#4105 = VERTEX_POINT('',#4106);
#4106 = CARTESIAN_POINT('',(8.255,-5.334,0.));
#4107 = LINE('',#4108,#4109);
#4108 = CARTESIAN_POINT('',(8.255,-5.334,2.54));
#4109 = VECTOR('',#4110,1.);
#4110 = DIRECTION('',(0.,-1.224646799147E-16,-1.));
#4111 = ORIENTED_EDGE('',*,*,#4112,.T.);
#4112 = EDGE_CURVE('',#4105,#4113,#4115,.T.);
#4113 = VERTEX_POINT('',#4114);
#4114 = CARTESIAN_POINT('',(8.001,-5.08,0.));
#4115 = LINE('',#4116,#4117);
#4116 = CARTESIAN_POINT('',(8.255,-5.334,0.));
#4117 = VECTOR('',#4118,1.);
#4118 = DIRECTION('',(-0.707106781187,0.707106781187,-8.659560562355E-17
    ));
#4119 = ORIENTED_EDGE('',*,*,#4120,.F.);
#4120 = EDGE_CURVE('',#4121,#4113,#4123,.T.);
#4121 = VERTEX_POINT('',#4122);
#4122 = CARTESIAN_POINT('',(8.001,-5.08,2.54));
#4123 = LINE('',#4124,#4125);
#4124 = CARTESIAN_POINT('',(8.001,-5.08,2.54));
#4125 = VECTOR('',#4126,1.);
#4126 = DIRECTION('',(0.,-1.224646799147E-16,-1.));
#4127 = ORIENTED_EDGE('',*,*,#4128,.F.);
#4128 = EDGE_CURVE('',#4103,#4121,#4129,.T.);
#4129 = LINE('',#4130,#4131);
#4130 = CARTESIAN_POINT('',(8.255,-5.334,2.54));
#4131 = VECTOR('',#4132,1.);
#4132 = DIRECTION('',(-0.707106781187,0.707106781187,-8.659560562355E-17
    ));
#4133 = PLANE('',#4134);
#4134 = AXIS2_PLACEMENT_3D('',#4135,#4136,#4137);
#4135 = CARTESIAN_POINT('',(8.255,-5.334,2.54));
#4136 = DIRECTION('',(0.707106781187,0.707106781187,-8.659560562355E-17)
  );
#4137 = DIRECTION('',(-0.707106781187,0.707106781187,-8.659560562355E-17
    ));
#4138 = ADVANCED_FACE('',(#4139),#4164,.F.);
#4139 = FACE_BOUND('',#4140,.F.);
#4140 = EDGE_LOOP('',(#4141,#4151,#4157,#4158));
#4141 = ORIENTED_EDGE('',*,*,#4142,.T.);
#4142 = EDGE_CURVE('',#4143,#4145,#4147,.T.);
#4143 = VERTEX_POINT('',#4144);
#4144 = CARTESIAN_POINT('',(10.287,-5.334,2.54));
#4145 = VERTEX_POINT('',#4146);
#4146 = CARTESIAN_POINT('',(10.287,-5.334,0.));
#4147 = LINE('',#4148,#4149);
#4148 = CARTESIAN_POINT('',(10.287,-5.334,2.54));
#4149 = VECTOR('',#4150,1.);
#4150 = DIRECTION('',(0.,-1.224646799147E-16,-1.));
#4151 = ORIENTED_EDGE('',*,*,#4152,.T.);
#4152 = EDGE_CURVE('',#4145,#4105,#4153,.T.);
#4153 = LINE('',#4154,#4155);
#4154 = CARTESIAN_POINT('',(10.287,-5.334,0.));
#4155 = VECTOR('',#4156,1.);
#4156 = DIRECTION('',(-1.,-0.,0.));
#4157 = ORIENTED_EDGE('',*,*,#4102,.F.);
#4158 = ORIENTED_EDGE('',*,*,#4159,.F.);
#4159 = EDGE_CURVE('',#4143,#4103,#4160,.T.);
#4160 = LINE('',#4161,#4162);
#4161 = CARTESIAN_POINT('',(10.287,-5.334,2.54));
#4162 = VECTOR('',#4163,1.);
#4163 = DIRECTION('',(-1.,-0.,0.));
#4164 = PLANE('',#4165);
#4165 = AXIS2_PLACEMENT_3D('',#4166,#4167,#4168);
#4166 = CARTESIAN_POINT('',(10.287,-5.334,2.54));
#4167 = DIRECTION('',(0.,1.,-1.224646799147E-16));
#4168 = DIRECTION('',(-1.,-0.,0.));
#4169 = ADVANCED_FACE('',(#4170),#4195,.F.);
#4170 = FACE_BOUND('',#4171,.F.);
#4171 = EDGE_LOOP('',(#4172,#4173,#4181,#4189));
#4172 = ORIENTED_EDGE('',*,*,#4120,.T.);
#4173 = ORIENTED_EDGE('',*,*,#4174,.T.);
#4174 = EDGE_CURVE('',#4113,#4175,#4177,.T.);
#4175 = VERTEX_POINT('',#4176);
#4176 = CARTESIAN_POINT('',(8.001,-3.048,0.));
#4177 = LINE('',#4178,#4179);
#4178 = CARTESIAN_POINT('',(8.001,-5.08,0.));
#4179 = VECTOR('',#4180,1.);
#4180 = DIRECTION('',(0.,1.,-1.224646799147E-16));
#4181 = ORIENTED_EDGE('',*,*,#4182,.F.);
#4182 = EDGE_CURVE('',#4183,#4175,#4185,.T.);
#4183 = VERTEX_POINT('',#4184);
#4184 = CARTESIAN_POINT('',(8.001,-3.048,2.54));
#4185 = LINE('',#4186,#4187);
#4186 = CARTESIAN_POINT('',(8.001,-3.048,2.54));
#4187 = VECTOR('',#4188,1.);
#4188 = DIRECTION('',(0.,-1.224646799147E-16,-1.));
#4189 = ORIENTED_EDGE('',*,*,#4190,.F.);
#4190 = EDGE_CURVE('',#4121,#4183,#4191,.T.);
#4191 = LINE('',#4192,#4193);
#4192 = CARTESIAN_POINT('',(8.001,-5.08,2.54));
#4193 = VECTOR('',#4194,1.);
#4194 = DIRECTION('',(0.,1.,-1.224646799147E-16));
#4195 = PLANE('',#4196);
#4196 = AXIS2_PLACEMENT_3D('',#4197,#4198,#4199);
#4197 = CARTESIAN_POINT('',(8.001,-5.08,2.54));
#4198 = DIRECTION('',(1.,0.,0.));
#4199 = DIRECTION('',(0.,1.,-1.224646799147E-16));
#4200 = ADVANCED_FACE('',(#4201,#4244),#4278,.F.);
#4201 = FACE_BOUND('',#4202,.F.);
#4202 = EDGE_LOOP('',(#4203,#4204,#4205,#4213,#4221,#4229,#4237,#4243));
#4203 = ORIENTED_EDGE('',*,*,#4128,.T.);
#4204 = ORIENTED_EDGE('',*,*,#4190,.T.);
#4205 = ORIENTED_EDGE('',*,*,#4206,.T.);
#4206 = EDGE_CURVE('',#4183,#4207,#4209,.T.);
#4207 = VERTEX_POINT('',#4208);
#4208 = CARTESIAN_POINT('',(8.255,-2.794,2.54));
#4209 = LINE('',#4210,#4211);
#4210 = CARTESIAN_POINT('',(8.001,-3.048,2.54));
#4211 = VECTOR('',#4212,1.);
#4212 = DIRECTION('',(0.707106781187,0.707106781187,-8.659560562355E-17)
  );
#4213 = ORIENTED_EDGE('',*,*,#4214,.T.);
#4214 = EDGE_CURVE('',#4207,#4215,#4217,.T.);
#4215 = VERTEX_POINT('',#4216);
#4216 = CARTESIAN_POINT('',(10.287,-2.794,2.54));
#4217 = LINE('',#4218,#4219);
#4218 = CARTESIAN_POINT('',(8.255,-2.794,2.54));
#4219 = VECTOR('',#4220,1.);
#4220 = DIRECTION('',(1.,0.,0.));
#4221 = ORIENTED_EDGE('',*,*,#4222,.T.);
#4222 = EDGE_CURVE('',#4215,#4223,#4225,.T.);
#4223 = VERTEX_POINT('',#4224);
#4224 = CARTESIAN_POINT('',(10.541,-3.048,2.54));
#4225 = LINE('',#4226,#4227);
#4226 = CARTESIAN_POINT('',(10.287,-2.794,2.54));
#4227 = VECTOR('',#4228,1.);
#4228 = DIRECTION('',(0.707106781187,-0.707106781187,8.659560562355E-17)
  );
#4229 = ORIENTED_EDGE('',*,*,#4230,.T.);
#4230 = EDGE_CURVE('',#4223,#4231,#4233,.T.);
#4231 = VERTEX_POINT('',#4232);
#4232 = CARTESIAN_POINT('',(10.541,-5.08,2.54));
#4233 = LINE('',#4234,#4235);
#4234 = CARTESIAN_POINT('',(10.541,-3.048,2.54));
#4235 = VECTOR('',#4236,1.);
#4236 = DIRECTION('',(0.,-1.,1.224646799147E-16));
#4237 = ORIENTED_EDGE('',*,*,#4238,.T.);
#4238 = EDGE_CURVE('',#4231,#4143,#4239,.T.);
#4239 = LINE('',#4240,#4241);
#4240 = CARTESIAN_POINT('',(10.541,-5.08,2.54));
#4241 = VECTOR('',#4242,1.);
#4242 = DIRECTION('',(-0.707106781187,-0.707106781187,8.659560562355E-17
    ));
#4243 = ORIENTED_EDGE('',*,*,#4159,.T.);
#4244 = FACE_BOUND('',#4245,.F.);
#4245 = EDGE_LOOP('',(#4246,#4256,#4264,#4272));
#4246 = ORIENTED_EDGE('',*,*,#4247,.T.);
#4247 = EDGE_CURVE('',#4248,#4250,#4252,.T.);
#4248 = VERTEX_POINT('',#4249);
#4249 = CARTESIAN_POINT('',(9.591,-3.744,2.54));
#4250 = VERTEX_POINT('',#4251);
#4251 = CARTESIAN_POINT('',(8.951,-3.744,2.54));
#4252 = LINE('',#4253,#4254);
#4253 = CARTESIAN_POINT('',(9.111,-3.744,2.54));
#4254 = VECTOR('',#4255,1.);
#4255 = DIRECTION('',(-1.,-0.,0.));
#4256 = ORIENTED_EDGE('',*,*,#4257,.T.);
#4257 = EDGE_CURVE('',#4250,#4258,#4260,.T.);
#4258 = VERTEX_POINT('',#4259);
#4259 = CARTESIAN_POINT('',(8.951,-4.384,2.54));
#4260 = LINE('',#4261,#4262);
#4261 = CARTESIAN_POINT('',(8.951,-3.904,2.54));
#4262 = VECTOR('',#4263,1.);
#4263 = DIRECTION('',(0.,-1.,1.224646799147E-16));
#4264 = ORIENTED_EDGE('',*,*,#4265,.F.);
#4265 = EDGE_CURVE('',#4266,#4258,#4268,.T.);
#4266 = VERTEX_POINT('',#4267);
#4267 = CARTESIAN_POINT('',(9.591,-4.384,2.54));
#4268 = LINE('',#4269,#4270);
#4269 = CARTESIAN_POINT('',(9.111,-4.384,2.54));
#4270 = VECTOR('',#4271,1.);
#4271 = DIRECTION('',(-1.,-0.,0.));
#4272 = ORIENTED_EDGE('',*,*,#4273,.F.);
#4273 = EDGE_CURVE('',#4248,#4266,#4274,.T.);
#4274 = LINE('',#4275,#4276);
#4275 = CARTESIAN_POINT('',(9.591,-3.904,2.54));
#4276 = VECTOR('',#4277,1.);
#4277 = DIRECTION('',(0.,-1.,1.224646799147E-16));
#4278 = PLANE('',#4279);
#4279 = AXIS2_PLACEMENT_3D('',#4280,#4281,#4282);
#4280 = CARTESIAN_POINT('',(9.271,-4.064,2.54));
#4281 = DIRECTION('',(0.,-1.224646799147E-16,-1.));
#4282 = DIRECTION('',(1.,0.,0.));
#4283 = ADVANCED_FACE('',(#4284,#4327),#4361,.T.);
#4284 = FACE_BOUND('',#4285,.T.);
#4285 = EDGE_LOOP('',(#4286,#4287,#4288,#4296,#4304,#4312,#4320,#4326));
#4286 = ORIENTED_EDGE('',*,*,#4112,.T.);
#4287 = ORIENTED_EDGE('',*,*,#4174,.T.);
#4288 = ORIENTED_EDGE('',*,*,#4289,.T.);
#4289 = EDGE_CURVE('',#4175,#4290,#4292,.T.);
#4290 = VERTEX_POINT('',#4291);
#4291 = CARTESIAN_POINT('',(8.255,-2.794,0.));
#4292 = LINE('',#4293,#4294);
#4293 = CARTESIAN_POINT('',(8.001,-3.048,0.));
#4294 = VECTOR('',#4295,1.);
#4295 = DIRECTION('',(0.707106781187,0.707106781187,-8.659560562355E-17)
  );
#4296 = ORIENTED_EDGE('',*,*,#4297,.T.);
#4297 = EDGE_CURVE('',#4290,#4298,#4300,.T.);
#4298 = VERTEX_POINT('',#4299);
#4299 = CARTESIAN_POINT('',(10.287,-2.794,0.));
#4300 = LINE('',#4301,#4302);
#4301 = CARTESIAN_POINT('',(8.255,-2.794,0.));
#4302 = VECTOR('',#4303,1.);
#4303 = DIRECTION('',(1.,0.,0.));
#4304 = ORIENTED_EDGE('',*,*,#4305,.T.);
#4305 = EDGE_CURVE('',#4298,#4306,#4308,.T.);
#4306 = VERTEX_POINT('',#4307);
#4307 = CARTESIAN_POINT('',(10.541,-3.048,0.));
#4308 = LINE('',#4309,#4310);
#4309 = CARTESIAN_POINT('',(10.287,-2.794,0.));
#4310 = VECTOR('',#4311,1.);
#4311 = DIRECTION('',(0.707106781187,-0.707106781187,8.659560562355E-17)
  );
#4312 = ORIENTED_EDGE('',*,*,#4313,.T.);
#4313 = EDGE_CURVE('',#4306,#4314,#4316,.T.);
#4314 = VERTEX_POINT('',#4315);
#4315 = CARTESIAN_POINT('',(10.541,-5.08,0.));
#4316 = LINE('',#4317,#4318);
#4317 = CARTESIAN_POINT('',(10.541,-3.048,0.));
#4318 = VECTOR('',#4319,1.);
#4319 = DIRECTION('',(0.,-1.,1.224646799147E-16));
#4320 = ORIENTED_EDGE('',*,*,#4321,.T.);
#4321 = EDGE_CURVE('',#4314,#4145,#4322,.T.);
#4322 = LINE('',#4323,#4324);
#4323 = CARTESIAN_POINT('',(10.541,-5.08,0.));
#4324 = VECTOR('',#4325,1.);
#4325 = DIRECTION('',(-0.707106781187,-0.707106781187,8.659560562355E-17
    ));
#4326 = ORIENTED_EDGE('',*,*,#4152,.T.);
#4327 = FACE_BOUND('',#4328,.T.);
#4328 = EDGE_LOOP('',(#4329,#4339,#4347,#4355));
#4329 = ORIENTED_EDGE('',*,*,#4330,.T.);
#4330 = EDGE_CURVE('',#4331,#4333,#4335,.T.);
#4331 = VERTEX_POINT('',#4332);
#4332 = CARTESIAN_POINT('',(9.591,-3.744,0.));
#4333 = VERTEX_POINT('',#4334);
#4334 = CARTESIAN_POINT('',(8.951,-3.744,0.));
#4335 = LINE('',#4336,#4337);
#4336 = CARTESIAN_POINT('',(9.111,-3.744,0.));
#4337 = VECTOR('',#4338,1.);
#4338 = DIRECTION('',(-1.,-0.,0.));
#4339 = ORIENTED_EDGE('',*,*,#4340,.T.);
#4340 = EDGE_CURVE('',#4333,#4341,#4343,.T.);
#4341 = VERTEX_POINT('',#4342);
#4342 = CARTESIAN_POINT('',(8.951,-4.384,0.));
#4343 = LINE('',#4344,#4345);
#4344 = CARTESIAN_POINT('',(8.951,-3.904,0.));
#4345 = VECTOR('',#4346,1.);
#4346 = DIRECTION('',(0.,-1.,1.224646799147E-16));
#4347 = ORIENTED_EDGE('',*,*,#4348,.F.);
#4348 = EDGE_CURVE('',#4349,#4341,#4351,.T.);
#4349 = VERTEX_POINT('',#4350);
#4350 = CARTESIAN_POINT('',(9.591,-4.384,0.));
#4351 = LINE('',#4352,#4353);
#4352 = CARTESIAN_POINT('',(9.111,-4.384,0.));
#4353 = VECTOR('',#4354,1.);
#4354 = DIRECTION('',(-1.,-0.,0.));
#4355 = ORIENTED_EDGE('',*,*,#4356,.F.);
#4356 = EDGE_CURVE('',#4331,#4349,#4357,.T.);
#4357 = LINE('',#4358,#4359);
#4358 = CARTESIAN_POINT('',(9.591,-3.904,0.));
#4359 = VECTOR('',#4360,1.);
#4360 = DIRECTION('',(0.,-1.,1.224646799147E-16));
#4361 = PLANE('',#4362);
#4362 = AXIS2_PLACEMENT_3D('',#4363,#4364,#4365);
#4363 = CARTESIAN_POINT('',(9.271,-4.064,0.));
#4364 = DIRECTION('',(0.,-1.224646799147E-16,-1.));
#4365 = DIRECTION('',(1.,0.,0.));
#4366 = ADVANCED_FACE('',(#4367),#4378,.F.);
#4367 = FACE_BOUND('',#4368,.F.);
#4368 = EDGE_LOOP('',(#4369,#4375,#4376,#4377));
#4369 = ORIENTED_EDGE('',*,*,#4370,.T.);
#4370 = EDGE_CURVE('',#4231,#4314,#4371,.T.);
#4371 = LINE('',#4372,#4373);
#4372 = CARTESIAN_POINT('',(10.541,-5.08,2.54));
#4373 = VECTOR('',#4374,1.);
#4374 = DIRECTION('',(0.,-1.224646799147E-16,-1.));
#4375 = ORIENTED_EDGE('',*,*,#4321,.T.);
#4376 = ORIENTED_EDGE('',*,*,#4142,.F.);
#4377 = ORIENTED_EDGE('',*,*,#4238,.F.);
#4378 = PLANE('',#4379);
#4379 = AXIS2_PLACEMENT_3D('',#4380,#4381,#4382);
#4380 = CARTESIAN_POINT('',(10.541,-5.08,2.54));
#4381 = DIRECTION('',(-0.707106781187,0.707106781187,-8.659560562355E-17
    ));
#4382 = DIRECTION('',(-0.707106781187,-0.707106781187,8.659560562355E-17
    ));
#4383 = ADVANCED_FACE('',(#4384),#4395,.F.);
#4384 = FACE_BOUND('',#4385,.F.);
#4385 = EDGE_LOOP('',(#4386,#4387,#4388,#4394));
#4386 = ORIENTED_EDGE('',*,*,#4182,.T.);
#4387 = ORIENTED_EDGE('',*,*,#4289,.T.);
#4388 = ORIENTED_EDGE('',*,*,#4389,.F.);
#4389 = EDGE_CURVE('',#4207,#4290,#4390,.T.);
#4390 = LINE('',#4391,#4392);
#4391 = CARTESIAN_POINT('',(8.255,-2.794,2.54));
#4392 = VECTOR('',#4393,1.);
#4393 = DIRECTION('',(0.,-1.224646799147E-16,-1.));
#4394 = ORIENTED_EDGE('',*,*,#4206,.F.);
#4395 = PLANE('',#4396);
#4396 = AXIS2_PLACEMENT_3D('',#4397,#4398,#4399);
#4397 = CARTESIAN_POINT('',(8.001,-3.048,2.54));
#4398 = DIRECTION('',(0.707106781187,-0.707106781187,8.659560562355E-17)
  );
#4399 = DIRECTION('',(0.707106781187,0.707106781187,-8.659560562355E-17)
  );
#4400 = ADVANCED_FACE('',(#4401),#4412,.F.);
#4401 = FACE_BOUND('',#4402,.F.);
#4402 = EDGE_LOOP('',(#4403,#4409,#4410,#4411));
#4403 = ORIENTED_EDGE('',*,*,#4404,.T.);
#4404 = EDGE_CURVE('',#4223,#4306,#4405,.T.);
#4405 = LINE('',#4406,#4407);
#4406 = CARTESIAN_POINT('',(10.541,-3.048,2.54));
#4407 = VECTOR('',#4408,1.);
#4408 = DIRECTION('',(0.,-1.224646799147E-16,-1.));
#4409 = ORIENTED_EDGE('',*,*,#4313,.T.);
#4410 = ORIENTED_EDGE('',*,*,#4370,.F.);
#4411 = ORIENTED_EDGE('',*,*,#4230,.F.);
#4412 = PLANE('',#4413);
#4413 = AXIS2_PLACEMENT_3D('',#4414,#4415,#4416);
#4414 = CARTESIAN_POINT('',(10.541,-3.048,2.54));
#4415 = DIRECTION('',(-1.,-0.,0.));
#4416 = DIRECTION('',(0.,-1.,1.224646799147E-16));
#4417 = ADVANCED_FACE('',(#4418),#4429,.F.);
#4418 = FACE_BOUND('',#4419,.F.);
#4419 = EDGE_LOOP('',(#4420,#4421,#4422,#4428));
#4420 = ORIENTED_EDGE('',*,*,#4389,.T.);
#4421 = ORIENTED_EDGE('',*,*,#4297,.T.);
#4422 = ORIENTED_EDGE('',*,*,#4423,.F.);
#4423 = EDGE_CURVE('',#4215,#4298,#4424,.T.);
#4424 = LINE('',#4425,#4426);
#4425 = CARTESIAN_POINT('',(10.287,-2.794,2.54));
#4426 = VECTOR('',#4427,1.);
#4427 = DIRECTION('',(0.,-1.224646799147E-16,-1.));
#4428 = ORIENTED_EDGE('',*,*,#4214,.F.);
#4429 = PLANE('',#4430);
#4430 = AXIS2_PLACEMENT_3D('',#4431,#4432,#4433);
#4431 = CARTESIAN_POINT('',(8.255,-2.794,2.54));
#4432 = DIRECTION('',(0.,-1.,1.224646799147E-16));
#4433 = DIRECTION('',(1.,0.,0.));
#4434 = ADVANCED_FACE('',(#4435),#4441,.F.);
#4435 = FACE_BOUND('',#4436,.F.);
#4436 = EDGE_LOOP('',(#4437,#4438,#4439,#4440));
#4437 = ORIENTED_EDGE('',*,*,#4423,.T.);
#4438 = ORIENTED_EDGE('',*,*,#4305,.T.);
#4439 = ORIENTED_EDGE('',*,*,#4404,.F.);
#4440 = ORIENTED_EDGE('',*,*,#4222,.F.);
#4441 = PLANE('',#4442);
#4442 = AXIS2_PLACEMENT_3D('',#4443,#4444,#4445);
#4443 = CARTESIAN_POINT('',(10.287,-2.794,2.54));
#4444 = DIRECTION('',(-0.707106781187,-0.707106781187,8.659560562355E-17
    ));
#4445 = DIRECTION('',(0.707106781187,-0.707106781187,8.659560562355E-17)
  );
#4446 = ADVANCED_FACE('',(#4447),#4472,.F.);
#4447 = FACE_BOUND('',#4448,.F.);
#4448 = EDGE_LOOP('',(#4449,#4457,#4465,#4471));
#4449 = ORIENTED_EDGE('',*,*,#4450,.F.);
#4450 = EDGE_CURVE('',#4451,#4248,#4453,.T.);
#4451 = VERTEX_POINT('',#4452);
#4452 = CARTESIAN_POINT('',(9.591,-3.744,5.38));
#4453 = LINE('',#4454,#4455);
#4454 = CARTESIAN_POINT('',(9.591,-3.744,5.54));
#4455 = VECTOR('',#4456,1.);
#4456 = DIRECTION('',(0.,-1.224646799147E-16,-1.));
#4457 = ORIENTED_EDGE('',*,*,#4458,.F.);
#4458 = EDGE_CURVE('',#4459,#4451,#4461,.T.);
#4459 = VERTEX_POINT('',#4460);
#4460 = CARTESIAN_POINT('',(8.951,-3.744,5.38));
#4461 = LINE('',#4462,#4463);
#4462 = CARTESIAN_POINT('',(8.951,-3.744,5.38));
#4463 = VECTOR('',#4464,1.);
#4464 = DIRECTION('',(1.,0.,0.));
#4465 = ORIENTED_EDGE('',*,*,#4466,.T.);
#4466 = EDGE_CURVE('',#4459,#4250,#4467,.T.);
#4467 = LINE('',#4468,#4469);
#4468 = CARTESIAN_POINT('',(8.951,-3.744,5.54));
#4469 = VECTOR('',#4470,1.);
#4470 = DIRECTION('',(0.,-1.224646799147E-16,-1.));
#4471 = ORIENTED_EDGE('',*,*,#4247,.F.);
#4472 = PLANE('',#4473);
#4473 = AXIS2_PLACEMENT_3D('',#4474,#4475,#4476);
#4474 = CARTESIAN_POINT('',(8.951,-3.744,5.54));
#4475 = DIRECTION('',(0.,-1.,1.224646799147E-16));
#4476 = DIRECTION('',(0.,-1.224646799147E-16,-1.));
#4477 = ADVANCED_FACE('',(#4478),#4496,.T.);
#4478 = FACE_BOUND('',#4479,.T.);
#4479 = EDGE_LOOP('',(#4480,#4481,#4489,#4495));
#4480 = ORIENTED_EDGE('',*,*,#4450,.F.);
#4481 = ORIENTED_EDGE('',*,*,#4482,.T.);
#4482 = EDGE_CURVE('',#4451,#4483,#4485,.T.);
#4483 = VERTEX_POINT('',#4484);
#4484 = CARTESIAN_POINT('',(9.591,-4.384,5.38));
#4485 = LINE('',#4486,#4487);
#4486 = CARTESIAN_POINT('',(9.591,-3.744,5.38));
#4487 = VECTOR('',#4488,1.);
#4488 = DIRECTION('',(0.,-1.,1.224646799147E-16));
#4489 = ORIENTED_EDGE('',*,*,#4490,.T.);
#4490 = EDGE_CURVE('',#4483,#4266,#4491,.T.);
#4491 = LINE('',#4492,#4493);
#4492 = CARTESIAN_POINT('',(9.591,-4.384,5.54));
#4493 = VECTOR('',#4494,1.);
#4494 = DIRECTION('',(0.,-1.224646799147E-16,-1.));
#4495 = ORIENTED_EDGE('',*,*,#4273,.F.);
#4496 = PLANE('',#4497);
#4497 = AXIS2_PLACEMENT_3D('',#4498,#4499,#4500);
#4498 = CARTESIAN_POINT('',(9.591,-3.744,5.54));
#4499 = DIRECTION('',(1.,0.,0.));
#4500 = DIRECTION('',(0.,-1.224646799147E-16,-1.));
#4501 = ADVANCED_FACE('',(#4502),#4520,.T.);
#4502 = FACE_BOUND('',#4503,.T.);
#4503 = EDGE_LOOP('',(#4504,#4505,#4513,#4519));
#4504 = ORIENTED_EDGE('',*,*,#4490,.F.);
#4505 = ORIENTED_EDGE('',*,*,#4506,.F.);
#4506 = EDGE_CURVE('',#4507,#4483,#4509,.T.);
#4507 = VERTEX_POINT('',#4508);
#4508 = CARTESIAN_POINT('',(8.951,-4.384,5.38));
#4509 = LINE('',#4510,#4511);
#4510 = CARTESIAN_POINT('',(8.951,-4.384,5.38));
#4511 = VECTOR('',#4512,1.);
#4512 = DIRECTION('',(1.,0.,0.));
#4513 = ORIENTED_EDGE('',*,*,#4514,.T.);
#4514 = EDGE_CURVE('',#4507,#4258,#4515,.T.);
#4515 = LINE('',#4516,#4517);
#4516 = CARTESIAN_POINT('',(8.951,-4.384,5.54));
#4517 = VECTOR('',#4518,1.);
#4518 = DIRECTION('',(0.,-1.224646799147E-16,-1.));
#4519 = ORIENTED_EDGE('',*,*,#4265,.F.);
#4520 = PLANE('',#4521);
#4521 = AXIS2_PLACEMENT_3D('',#4522,#4523,#4524);
#4522 = CARTESIAN_POINT('',(8.951,-4.384,5.54));
#4523 = DIRECTION('',(0.,-1.,1.224646799147E-16));
#4524 = DIRECTION('',(0.,-1.224646799147E-16,-1.));
#4525 = ADVANCED_FACE('',(#4526),#4537,.F.);
#4526 = FACE_BOUND('',#4527,.F.);
#4527 = EDGE_LOOP('',(#4528,#4529,#4535,#4536));
#4528 = ORIENTED_EDGE('',*,*,#4466,.F.);
#4529 = ORIENTED_EDGE('',*,*,#4530,.T.);
#4530 = EDGE_CURVE('',#4459,#4507,#4531,.T.);
#4531 = LINE('',#4532,#4533);
#4532 = CARTESIAN_POINT('',(8.951,-3.744,5.38));
#4533 = VECTOR('',#4534,1.);
#4534 = DIRECTION('',(0.,-1.,1.224646799147E-16));
#4535 = ORIENTED_EDGE('',*,*,#4514,.T.);
#4536 = ORIENTED_EDGE('',*,*,#4257,.F.);
#4537 = PLANE('',#4538);
#4538 = AXIS2_PLACEMENT_3D('',#4539,#4540,#4541);
#4539 = CARTESIAN_POINT('',(8.951,-3.744,5.54));
#4540 = DIRECTION('',(1.,0.,0.));
#4541 = DIRECTION('',(0.,-1.224646799147E-16,-1.));
#4542 = ADVANCED_FACE('',(#4543),#4568,.F.);
#4543 = FACE_BOUND('',#4544,.F.);
#4544 = EDGE_LOOP('',(#4545,#4553,#4554,#4562));
#4545 = ORIENTED_EDGE('',*,*,#4546,.F.);
#4546 = EDGE_CURVE('',#4331,#4547,#4549,.T.);
#4547 = VERTEX_POINT('',#4548);
#4548 = CARTESIAN_POINT('',(9.591,-3.744,-5.84));
#4549 = LINE('',#4550,#4551);
#4550 = CARTESIAN_POINT('',(9.591,-3.744,5.54));
#4551 = VECTOR('',#4552,1.);
#4552 = DIRECTION('',(0.,-1.224646799147E-16,-1.));
#4553 = ORIENTED_EDGE('',*,*,#4330,.T.);
#4554 = ORIENTED_EDGE('',*,*,#4555,.T.);
#4555 = EDGE_CURVE('',#4333,#4556,#4558,.T.);
#4556 = VERTEX_POINT('',#4557);
#4557 = CARTESIAN_POINT('',(8.951,-3.744,-5.84));
#4558 = LINE('',#4559,#4560);
#4559 = CARTESIAN_POINT('',(8.951,-3.744,5.54));
#4560 = VECTOR('',#4561,1.);
#4561 = DIRECTION('',(0.,-1.224646799147E-16,-1.));
#4562 = ORIENTED_EDGE('',*,*,#4563,.T.);
#4563 = EDGE_CURVE('',#4556,#4547,#4564,.T.);
#4564 = LINE('',#4565,#4566);
#4565 = CARTESIAN_POINT('',(8.951,-3.744,-5.84));
#4566 = VECTOR('',#4567,1.);
#4567 = DIRECTION('',(1.,0.,0.));
#4568 = PLANE('',#4569);
#4569 = AXIS2_PLACEMENT_3D('',#4570,#4571,#4572);
#4570 = CARTESIAN_POINT('',(8.951,-3.744,5.54));
#4571 = DIRECTION('',(0.,-1.,1.224646799147E-16));
#4572 = DIRECTION('',(0.,-1.224646799147E-16,-1.));
#4573 = ADVANCED_FACE('',(#4574),#4592,.T.);
#4574 = FACE_BOUND('',#4575,.T.);
#4575 = EDGE_LOOP('',(#4576,#4577,#4578,#4586));
#4576 = ORIENTED_EDGE('',*,*,#4546,.F.);
#4577 = ORIENTED_EDGE('',*,*,#4356,.T.);
#4578 = ORIENTED_EDGE('',*,*,#4579,.T.);
#4579 = EDGE_CURVE('',#4349,#4580,#4582,.T.);
#4580 = VERTEX_POINT('',#4581);
#4581 = CARTESIAN_POINT('',(9.591,-4.384,-5.84));
#4582 = LINE('',#4583,#4584);
#4583 = CARTESIAN_POINT('',(9.591,-4.384,5.54));
#4584 = VECTOR('',#4585,1.);
#4585 = DIRECTION('',(0.,-1.224646799147E-16,-1.));
#4586 = ORIENTED_EDGE('',*,*,#4587,.F.);
#4587 = EDGE_CURVE('',#4547,#4580,#4588,.T.);
#4588 = LINE('',#4589,#4590);
#4589 = CARTESIAN_POINT('',(9.591,-3.744,-5.84));
#4590 = VECTOR('',#4591,1.);
#4591 = DIRECTION('',(0.,-1.,1.224646799147E-16));
#4592 = PLANE('',#4593);
#4593 = AXIS2_PLACEMENT_3D('',#4594,#4595,#4596);
#4594 = CARTESIAN_POINT('',(9.591,-3.744,5.54));
#4595 = DIRECTION('',(1.,0.,0.));
#4596 = DIRECTION('',(0.,-1.224646799147E-16,-1.));
#4597 = ADVANCED_FACE('',(#4598),#4616,.T.);
#4598 = FACE_BOUND('',#4599,.T.);
#4599 = EDGE_LOOP('',(#4600,#4601,#4602,#4610));
#4600 = ORIENTED_EDGE('',*,*,#4579,.F.);
#4601 = ORIENTED_EDGE('',*,*,#4348,.T.);
#4602 = ORIENTED_EDGE('',*,*,#4603,.T.);
#4603 = EDGE_CURVE('',#4341,#4604,#4606,.T.);
#4604 = VERTEX_POINT('',#4605);
#4605 = CARTESIAN_POINT('',(8.951,-4.384,-5.84));
#4606 = LINE('',#4607,#4608);
#4607 = CARTESIAN_POINT('',(8.951,-4.384,5.54));
#4608 = VECTOR('',#4609,1.);
#4609 = DIRECTION('',(0.,-1.224646799147E-16,-1.));
#4610 = ORIENTED_EDGE('',*,*,#4611,.T.);
#4611 = EDGE_CURVE('',#4604,#4580,#4612,.T.);
#4612 = LINE('',#4613,#4614);
#4613 = CARTESIAN_POINT('',(8.951,-4.384,-5.84));
#4614 = VECTOR('',#4615,1.);
#4615 = DIRECTION('',(1.,0.,0.));
#4616 = PLANE('',#4617);
#4617 = AXIS2_PLACEMENT_3D('',#4618,#4619,#4620);
#4618 = CARTESIAN_POINT('',(8.951,-4.384,5.54));
#4619 = DIRECTION('',(0.,-1.,1.224646799147E-16));
#4620 = DIRECTION('',(0.,-1.224646799147E-16,-1.));
#4621 = ADVANCED_FACE('',(#4622),#4633,.F.);
#4622 = FACE_BOUND('',#4623,.F.);
#4623 = EDGE_LOOP('',(#4624,#4625,#4626,#4627));
#4624 = ORIENTED_EDGE('',*,*,#4555,.F.);
#4625 = ORIENTED_EDGE('',*,*,#4340,.T.);
#4626 = ORIENTED_EDGE('',*,*,#4603,.T.);
#4627 = ORIENTED_EDGE('',*,*,#4628,.F.);
#4628 = EDGE_CURVE('',#4556,#4604,#4629,.T.);
#4629 = LINE('',#4630,#4631);
#4630 = CARTESIAN_POINT('',(8.951,-3.744,-5.84));
#4631 = VECTOR('',#4632,1.);
#4632 = DIRECTION('',(0.,-1.,1.224646799147E-16));
#4633 = PLANE('',#4634);
#4634 = AXIS2_PLACEMENT_3D('',#4635,#4636,#4637);
#4635 = CARTESIAN_POINT('',(8.951,-3.744,5.54));
#4636 = DIRECTION('',(1.,0.,0.));
#4637 = DIRECTION('',(0.,-1.224646799147E-16,-1.));
#4638 = ADVANCED_FACE('',(#4639),#4664,.T.);
#4639 = FACE_BOUND('',#4640,.F.);
#4640 = EDGE_LOOP('',(#4641,#4649,#4650,#4658));
#4641 = ORIENTED_EDGE('',*,*,#4642,.F.);
#4642 = EDGE_CURVE('',#4459,#4643,#4645,.T.);
#4643 = VERTEX_POINT('',#4644);
#4644 = CARTESIAN_POINT('',(9.111,-3.904,5.54));
#4645 = LINE('',#4646,#4647);
#4646 = CARTESIAN_POINT('',(9.004333333333,-3.797333333333,
    5.433333333333));
#4647 = VECTOR('',#4648,1.);
#4648 = DIRECTION('',(0.57735026919,-0.57735026919,0.57735026919));
#4649 = ORIENTED_EDGE('',*,*,#4458,.T.);
#4650 = ORIENTED_EDGE('',*,*,#4651,.T.);
#4651 = EDGE_CURVE('',#4451,#4652,#4654,.T.);
#4652 = VERTEX_POINT('',#4653);
#4653 = CARTESIAN_POINT('',(9.431,-3.904,5.54));
#4654 = LINE('',#4655,#4656);
#4655 = CARTESIAN_POINT('',(9.431,-3.904,5.54));
#4656 = VECTOR('',#4657,1.);
#4657 = DIRECTION('',(-0.57735026919,-0.57735026919,0.57735026919));
#4658 = ORIENTED_EDGE('',*,*,#4659,.F.);
#4659 = EDGE_CURVE('',#4643,#4652,#4660,.T.);
#4660 = LINE('',#4661,#4662);
#4661 = CARTESIAN_POINT('',(8.951,-3.904,5.54));
#4662 = VECTOR('',#4663,1.);
#4663 = DIRECTION('',(1.,0.,0.));
#4664 = PLANE('',#4665);
#4665 = AXIS2_PLACEMENT_3D('',#4666,#4667,#4668);
#4666 = CARTESIAN_POINT('',(8.951,-3.824,5.46));
#4667 = DIRECTION('',(0.,0.707106781187,0.707106781187));
#4668 = DIRECTION('',(-1.,0.,-0.));
#4669 = ADVANCED_FACE('',(#4670),#4688,.F.);
#4670 = FACE_BOUND('',#4671,.F.);
#4671 = EDGE_LOOP('',(#4672,#4673,#4674,#4682));
#4672 = ORIENTED_EDGE('',*,*,#4651,.F.);
#4673 = ORIENTED_EDGE('',*,*,#4482,.T.);
#4674 = ORIENTED_EDGE('',*,*,#4675,.T.);
#4675 = EDGE_CURVE('',#4483,#4676,#4678,.T.);
#4676 = VERTEX_POINT('',#4677);
#4677 = CARTESIAN_POINT('',(9.431,-4.224,5.54));
#4678 = LINE('',#4679,#4680);
#4679 = CARTESIAN_POINT('',(9.324333333333,-4.117333333333,
    5.646666666667));
#4680 = VECTOR('',#4681,1.);
#4681 = DIRECTION('',(-0.57735026919,0.57735026919,0.57735026919));
#4682 = ORIENTED_EDGE('',*,*,#4683,.F.);
#4683 = EDGE_CURVE('',#4652,#4676,#4684,.T.);
#4684 = LINE('',#4685,#4686);
#4685 = CARTESIAN_POINT('',(9.431,-3.744,5.54));
#4686 = VECTOR('',#4687,1.);
#4687 = DIRECTION('',(0.,-1.,1.224646799147E-16));
#4688 = PLANE('',#4689);
#4689 = AXIS2_PLACEMENT_3D('',#4690,#4691,#4692);
#4690 = CARTESIAN_POINT('',(9.511,-3.744,5.46));
#4691 = DIRECTION('',(-0.707106781187,-8.659560562355E-17,
    -0.707106781187));
#4692 = DIRECTION('',(0.,-1.,1.224646799147E-16));
#4693 = ADVANCED_FACE('',(#4694),#4712,.F.);
#4694 = FACE_BOUND('',#4695,.T.);
#4695 = EDGE_LOOP('',(#4696,#4704,#4705,#4706));
#4696 = ORIENTED_EDGE('',*,*,#4697,.F.);
#4697 = EDGE_CURVE('',#4507,#4698,#4700,.T.);
#4698 = VERTEX_POINT('',#4699);
#4699 = CARTESIAN_POINT('',(9.111,-4.224,5.54));
#4700 = LINE('',#4701,#4702);
#4701 = CARTESIAN_POINT('',(9.111,-4.224,5.54));
#4702 = VECTOR('',#4703,1.);
#4703 = DIRECTION('',(0.57735026919,0.57735026919,0.57735026919));
#4704 = ORIENTED_EDGE('',*,*,#4506,.T.);
#4705 = ORIENTED_EDGE('',*,*,#4675,.T.);
#4706 = ORIENTED_EDGE('',*,*,#4707,.F.);
#4707 = EDGE_CURVE('',#4698,#4676,#4708,.T.);
#4708 = LINE('',#4709,#4710);
#4709 = CARTESIAN_POINT('',(8.951,-4.224,5.54));
#4710 = VECTOR('',#4711,1.);
#4711 = DIRECTION('',(1.,0.,0.));
#4712 = PLANE('',#4713);
#4713 = AXIS2_PLACEMENT_3D('',#4714,#4715,#4716);
#4714 = CARTESIAN_POINT('',(8.951,-4.304,5.46));
#4715 = DIRECTION('',(0.,0.707106781187,-0.707106781187));
#4716 = DIRECTION('',(-1.,-0.,0.));
#4717 = ADVANCED_FACE('',(#4718),#4729,.T.);
#4718 = FACE_BOUND('',#4719,.T.);
#4719 = EDGE_LOOP('',(#4720,#4721,#4722,#4723));
#4720 = ORIENTED_EDGE('',*,*,#4642,.F.);
#4721 = ORIENTED_EDGE('',*,*,#4530,.T.);
#4722 = ORIENTED_EDGE('',*,*,#4697,.T.);
#4723 = ORIENTED_EDGE('',*,*,#4724,.F.);
#4724 = EDGE_CURVE('',#4643,#4698,#4725,.T.);
#4725 = LINE('',#4726,#4727);
#4726 = CARTESIAN_POINT('',(9.111,-3.744,5.54));
#4727 = VECTOR('',#4728,1.);
#4728 = DIRECTION('',(0.,-1.,1.224646799147E-16));
#4729 = PLANE('',#4730);
#4730 = AXIS2_PLACEMENT_3D('',#4731,#4732,#4733);
#4731 = CARTESIAN_POINT('',(9.031,-3.744,5.46));
#4732 = DIRECTION('',(-0.707106781187,8.659560562355E-17,0.707106781187)
  );
#4733 = DIRECTION('',(0.,-1.,1.224646799147E-16));
#4734 = ADVANCED_FACE('',(#4735),#4760,.F.);
#4735 = FACE_BOUND('',#4736,.T.);
#4736 = EDGE_LOOP('',(#4737,#4745,#4746,#4754));
#4737 = ORIENTED_EDGE('',*,*,#4738,.F.);
#4738 = EDGE_CURVE('',#4556,#4739,#4741,.T.);
#4739 = VERTEX_POINT('',#4740);
#4740 = CARTESIAN_POINT('',(9.111,-3.904,-6.));
#4741 = LINE('',#4742,#4743);
#4742 = CARTESIAN_POINT('',(9.004333333333,-3.797333333333,
    -5.893333333333));
#4743 = VECTOR('',#4744,1.);
#4744 = DIRECTION('',(0.57735026919,-0.57735026919,-0.57735026919));
#4745 = ORIENTED_EDGE('',*,*,#4563,.T.);
#4746 = ORIENTED_EDGE('',*,*,#4747,.T.);
#4747 = EDGE_CURVE('',#4547,#4748,#4750,.T.);
#4748 = VERTEX_POINT('',#4749);
#4749 = CARTESIAN_POINT('',(9.431,-3.904,-6.));
#4750 = LINE('',#4751,#4752);
#4751 = CARTESIAN_POINT('',(9.431,-3.904,-6.));
#4752 = VECTOR('',#4753,1.);
#4753 = DIRECTION('',(-0.57735026919,-0.57735026919,-0.57735026919));
#4754 = ORIENTED_EDGE('',*,*,#4755,.F.);
#4755 = EDGE_CURVE('',#4739,#4748,#4756,.T.);
#4756 = LINE('',#4757,#4758);
#4757 = CARTESIAN_POINT('',(8.951,-3.904,-6.));
#4758 = VECTOR('',#4759,1.);
#4759 = DIRECTION('',(1.,0.,0.));
#4760 = PLANE('',#4761);
#4761 = AXIS2_PLACEMENT_3D('',#4762,#4763,#4764);
#4762 = CARTESIAN_POINT('',(8.951,-3.824,-5.92));
#4763 = DIRECTION('',(0.,-0.707106781187,0.707106781187));
#4764 = DIRECTION('',(-1.,0.,-0.));
#4765 = ADVANCED_FACE('',(#4766),#4784,.T.);
#4766 = FACE_BOUND('',#4767,.T.);
#4767 = EDGE_LOOP('',(#4768,#4769,#4770,#4778));
#4768 = ORIENTED_EDGE('',*,*,#4747,.F.);
#4769 = ORIENTED_EDGE('',*,*,#4587,.T.);
#4770 = ORIENTED_EDGE('',*,*,#4771,.T.);
#4771 = EDGE_CURVE('',#4580,#4772,#4774,.T.);
#4772 = VERTEX_POINT('',#4773);
#4773 = CARTESIAN_POINT('',(9.431,-4.224,-6.));
#4774 = LINE('',#4775,#4776);
#4775 = CARTESIAN_POINT('',(9.324333333333,-4.117333333333,
    -6.106666666667));
#4776 = VECTOR('',#4777,1.);
#4777 = DIRECTION('',(-0.57735026919,0.57735026919,-0.57735026919));
#4778 = ORIENTED_EDGE('',*,*,#4779,.F.);
#4779 = EDGE_CURVE('',#4748,#4772,#4780,.T.);
#4780 = LINE('',#4781,#4782);
#4781 = CARTESIAN_POINT('',(9.431,-3.744,-6.));
#4782 = VECTOR('',#4783,1.);
#4783 = DIRECTION('',(0.,-1.,1.224646799147E-16));
#4784 = PLANE('',#4785);
#4785 = AXIS2_PLACEMENT_3D('',#4786,#4787,#4788);
#4786 = CARTESIAN_POINT('',(9.511,-3.744,-5.92));
#4787 = DIRECTION('',(0.707106781187,-8.659560562355E-17,-0.707106781187
    ));
#4788 = DIRECTION('',(0.,-1.,1.224646799147E-16));
#4789 = ADVANCED_FACE('',(#4790),#4808,.T.);
#4790 = FACE_BOUND('',#4791,.F.);
#4791 = EDGE_LOOP('',(#4792,#4800,#4801,#4802));
#4792 = ORIENTED_EDGE('',*,*,#4793,.F.);
#4793 = EDGE_CURVE('',#4604,#4794,#4796,.T.);
#4794 = VERTEX_POINT('',#4795);
#4795 = CARTESIAN_POINT('',(9.111,-4.224,-6.));
#4796 = LINE('',#4797,#4798);
#4797 = CARTESIAN_POINT('',(9.111,-4.224,-6.));
#4798 = VECTOR('',#4799,1.);
#4799 = DIRECTION('',(0.57735026919,0.57735026919,-0.57735026919));
#4800 = ORIENTED_EDGE('',*,*,#4611,.T.);
#4801 = ORIENTED_EDGE('',*,*,#4771,.T.);
#4802 = ORIENTED_EDGE('',*,*,#4803,.F.);
#4803 = EDGE_CURVE('',#4794,#4772,#4804,.T.);
#4804 = LINE('',#4805,#4806);
#4805 = CARTESIAN_POINT('',(8.951,-4.224,-6.));
#4806 = VECTOR('',#4807,1.);
#4807 = DIRECTION('',(1.,0.,0.));
#4808 = PLANE('',#4809);
#4809 = AXIS2_PLACEMENT_3D('',#4810,#4811,#4812);
#4810 = CARTESIAN_POINT('',(8.951,-4.304,-5.92));
#4811 = DIRECTION('',(0.,-0.707106781187,-0.707106781187));
#4812 = DIRECTION('',(-1.,-0.,0.));
#4813 = ADVANCED_FACE('',(#4814),#4825,.F.);
#4814 = FACE_BOUND('',#4815,.F.);
#4815 = EDGE_LOOP('',(#4816,#4817,#4818,#4819));
#4816 = ORIENTED_EDGE('',*,*,#4738,.F.);
#4817 = ORIENTED_EDGE('',*,*,#4628,.T.);
#4818 = ORIENTED_EDGE('',*,*,#4793,.T.);
#4819 = ORIENTED_EDGE('',*,*,#4820,.F.);
#4820 = EDGE_CURVE('',#4739,#4794,#4821,.T.);
#4821 = LINE('',#4822,#4823);
#4822 = CARTESIAN_POINT('',(9.111,-3.744,-6.));
#4823 = VECTOR('',#4824,1.);
#4824 = DIRECTION('',(0.,-1.,1.224646799147E-16));
#4825 = PLANE('',#4826);
#4826 = AXIS2_PLACEMENT_3D('',#4827,#4828,#4829);
#4827 = CARTESIAN_POINT('',(9.031,-3.744,-5.92));
#4828 = DIRECTION('',(0.707106781187,8.659560562355E-17,0.707106781187)
  );
#4829 = DIRECTION('',(0.,-1.,1.224646799147E-16));
#4830 = ADVANCED_FACE('',(#4831),#4837,.F.);
#4831 = FACE_BOUND('',#4832,.F.);
#4832 = EDGE_LOOP('',(#4833,#4834,#4835,#4836));
#4833 = ORIENTED_EDGE('',*,*,#4707,.F.);
#4834 = ORIENTED_EDGE('',*,*,#4724,.F.);
#4835 = ORIENTED_EDGE('',*,*,#4659,.T.);
#4836 = ORIENTED_EDGE('',*,*,#4683,.T.);
#4837 = PLANE('',#4838);
#4838 = AXIS2_PLACEMENT_3D('',#4839,#4840,#4841);
#4839 = CARTESIAN_POINT('',(8.951,-3.744,5.54));
#4840 = DIRECTION('',(0.,-1.224646799147E-16,-1.));
#4841 = DIRECTION('',(1.,0.,0.));
#4842 = ADVANCED_FACE('',(#4843),#4849,.T.);
#4843 = FACE_BOUND('',#4844,.T.);
#4844 = EDGE_LOOP('',(#4845,#4846,#4847,#4848));
#4845 = ORIENTED_EDGE('',*,*,#4779,.T.);
#4846 = ORIENTED_EDGE('',*,*,#4803,.F.);
#4847 = ORIENTED_EDGE('',*,*,#4820,.F.);
#4848 = ORIENTED_EDGE('',*,*,#4755,.T.);
#4849 = PLANE('',#4850);
#4850 = AXIS2_PLACEMENT_3D('',#4851,#4852,#4853);
#4851 = CARTESIAN_POINT('',(8.951,-3.744,-6.));
#4852 = DIRECTION('',(0.,-1.224646799147E-16,-1.));
#4853 = DIRECTION('',(1.,0.,0.));
#4854 = MANIFOLD_SOLID_BREP('',#4855);
#4855 = CLOSED_SHELL('',(#4856,#4896,#4927,#4958,#5041,#5124,#5141,#5158
    ,#5175,#5192,#5204,#5235,#5259,#5283,#5300,#5331,#5355,#5379,#5396,
    #5427,#5451,#5475,#5492,#5523,#5547,#5571,#5588,#5600));
#4856 = ADVANCED_FACE('',(#4857),#4891,.F.);
#4857 = FACE_BOUND('',#4858,.F.);
#4858 = EDGE_LOOP('',(#4859,#4869,#4877,#4885));
#4859 = ORIENTED_EDGE('',*,*,#4860,.T.);
#4860 = EDGE_CURVE('',#4861,#4863,#4865,.T.);
#4861 = VERTEX_POINT('',#4862);
#4862 = CARTESIAN_POINT('',(-10.287,2.794,2.54));
#4863 = VERTEX_POINT('',#4864);
#4864 = CARTESIAN_POINT('',(-10.287,2.794,0.));
#4865 = LINE('',#4866,#4867);
#4866 = CARTESIAN_POINT('',(-10.287,2.794,2.54));
#4867 = VECTOR('',#4868,1.);
#4868 = DIRECTION('',(0.,-1.224646799147E-16,-1.));
#4869 = ORIENTED_EDGE('',*,*,#4870,.T.);
#4870 = EDGE_CURVE('',#4863,#4871,#4873,.T.);
#4871 = VERTEX_POINT('',#4872);
#4872 = CARTESIAN_POINT('',(-10.541,3.048,0.));
#4873 = LINE('',#4874,#4875);
#4874 = CARTESIAN_POINT('',(-10.287,2.794,0.));
#4875 = VECTOR('',#4876,1.);
#4876 = DIRECTION('',(-0.707106781187,0.707106781187,-8.659560562355E-17
    ));
#4877 = ORIENTED_EDGE('',*,*,#4878,.F.);
#4878 = EDGE_CURVE('',#4879,#4871,#4881,.T.);
#4879 = VERTEX_POINT('',#4880);
#4880 = CARTESIAN_POINT('',(-10.541,3.048,2.54));
#4881 = LINE('',#4882,#4883);
#4882 = CARTESIAN_POINT('',(-10.541,3.048,2.54));
#4883 = VECTOR('',#4884,1.);
#4884 = DIRECTION('',(0.,-1.224646799147E-16,-1.));
#4885 = ORIENTED_EDGE('',*,*,#4886,.F.);
#4886 = EDGE_CURVE('',#4861,#4879,#4887,.T.);
#4887 = LINE('',#4888,#4889);
#4888 = CARTESIAN_POINT('',(-10.287,2.794,2.54));
#4889 = VECTOR('',#4890,1.);
#4890 = DIRECTION('',(-0.707106781187,0.707106781187,-8.659560562355E-17
    ));
#4891 = PLANE('',#4892);
#4892 = AXIS2_PLACEMENT_3D('',#4893,#4894,#4895);
#4893 = CARTESIAN_POINT('',(-10.287,2.794,2.54));
#4894 = DIRECTION('',(0.707106781187,0.707106781187,-8.659560562355E-17)
  );
#4895 = DIRECTION('',(-0.707106781187,0.707106781187,-8.659560562355E-17
    ));
#4896 = ADVANCED_FACE('',(#4897),#4922,.F.);
#4897 = FACE_BOUND('',#4898,.F.);
#4898 = EDGE_LOOP('',(#4899,#4909,#4915,#4916));
#4899 = ORIENTED_EDGE('',*,*,#4900,.T.);
#4900 = EDGE_CURVE('',#4901,#4903,#4905,.T.);
#4901 = VERTEX_POINT('',#4902);
#4902 = CARTESIAN_POINT('',(-8.255,2.794,2.54));
#4903 = VERTEX_POINT('',#4904);
#4904 = CARTESIAN_POINT('',(-8.255,2.794,0.));
#4905 = LINE('',#4906,#4907);
#4906 = CARTESIAN_POINT('',(-8.255,2.794,2.54));
#4907 = VECTOR('',#4908,1.);
#4908 = DIRECTION('',(0.,-1.224646799147E-16,-1.));
#4909 = ORIENTED_EDGE('',*,*,#4910,.T.);
#4910 = EDGE_CURVE('',#4903,#4863,#4911,.T.);
#4911 = LINE('',#4912,#4913);
#4912 = CARTESIAN_POINT('',(-8.255,2.794,0.));
#4913 = VECTOR('',#4914,1.);
#4914 = DIRECTION('',(-1.,-0.,0.));
#4915 = ORIENTED_EDGE('',*,*,#4860,.F.);
#4916 = ORIENTED_EDGE('',*,*,#4917,.F.);
#4917 = EDGE_CURVE('',#4901,#4861,#4918,.T.);
#4918 = LINE('',#4919,#4920);
#4919 = CARTESIAN_POINT('',(-8.255,2.794,2.54));
#4920 = VECTOR('',#4921,1.);
#4921 = DIRECTION('',(-1.,-0.,0.));
#4922 = PLANE('',#4923);
#4923 = AXIS2_PLACEMENT_3D('',#4924,#4925,#4926);
#4924 = CARTESIAN_POINT('',(-8.255,2.794,2.54));
#4925 = DIRECTION('',(0.,1.,-1.224646799147E-16));
#4926 = DIRECTION('',(-1.,-0.,0.));
#4927 = ADVANCED_FACE('',(#4928),#4953,.F.);
#4928 = FACE_BOUND('',#4929,.F.);
#4929 = EDGE_LOOP('',(#4930,#4931,#4939,#4947));
#4930 = ORIENTED_EDGE('',*,*,#4878,.T.);
#4931 = ORIENTED_EDGE('',*,*,#4932,.T.);
#4932 = EDGE_CURVE('',#4871,#4933,#4935,.T.);
#4933 = VERTEX_POINT('',#4934);
#4934 = CARTESIAN_POINT('',(-10.541,5.08,0.));
#4935 = LINE('',#4936,#4937);
#4936 = CARTESIAN_POINT('',(-10.541,3.048,0.));
#4937 = VECTOR('',#4938,1.);
#4938 = DIRECTION('',(0.,1.,-1.224646799147E-16));
#4939 = ORIENTED_EDGE('',*,*,#4940,.F.);
#4940 = EDGE_CURVE('',#4941,#4933,#4943,.T.);
#4941 = VERTEX_POINT('',#4942);
#4942 = CARTESIAN_POINT('',(-10.541,5.08,2.54));
#4943 = LINE('',#4944,#4945);
#4944 = CARTESIAN_POINT('',(-10.541,5.08,2.54));
#4945 = VECTOR('',#4946,1.);
#4946 = DIRECTION('',(0.,-1.224646799147E-16,-1.));
#4947 = ORIENTED_EDGE('',*,*,#4948,.F.);
#4948 = EDGE_CURVE('',#4879,#4941,#4949,.T.);
#4949 = LINE('',#4950,#4951);
#4950 = CARTESIAN_POINT('',(-10.541,3.048,2.54));
#4951 = VECTOR('',#4952,1.);
#4952 = DIRECTION('',(0.,1.,-1.224646799147E-16));
#4953 = PLANE('',#4954);
#4954 = AXIS2_PLACEMENT_3D('',#4955,#4956,#4957);
#4955 = CARTESIAN_POINT('',(-10.541,3.048,2.54));
#4956 = DIRECTION('',(1.,0.,0.));
#4957 = DIRECTION('',(0.,1.,-1.224646799147E-16));
#4958 = ADVANCED_FACE('',(#4959,#5002),#5036,.F.);
#4959 = FACE_BOUND('',#4960,.F.);
#4960 = EDGE_LOOP('',(#4961,#4962,#4963,#4971,#4979,#4987,#4995,#5001));
#4961 = ORIENTED_EDGE('',*,*,#4886,.T.);
#4962 = ORIENTED_EDGE('',*,*,#4948,.T.);
#4963 = ORIENTED_EDGE('',*,*,#4964,.T.);
#4964 = EDGE_CURVE('',#4941,#4965,#4967,.T.);
#4965 = VERTEX_POINT('',#4966);
#4966 = CARTESIAN_POINT('',(-10.287,5.334,2.54));
#4967 = LINE('',#4968,#4969);
#4968 = CARTESIAN_POINT('',(-10.541,5.08,2.54));
#4969 = VECTOR('',#4970,1.);
#4970 = DIRECTION('',(0.707106781187,0.707106781187,-8.659560562355E-17)
  );
#4971 = ORIENTED_EDGE('',*,*,#4972,.T.);
#4972 = EDGE_CURVE('',#4965,#4973,#4975,.T.);
#4973 = VERTEX_POINT('',#4974);
#4974 = CARTESIAN_POINT('',(-8.255,5.334,2.54));
#4975 = LINE('',#4976,#4977);
#4976 = CARTESIAN_POINT('',(-10.287,5.334,2.54));
#4977 = VECTOR('',#4978,1.);
#4978 = DIRECTION('',(1.,0.,0.));
#4979 = ORIENTED_EDGE('',*,*,#4980,.T.);
#4980 = EDGE_CURVE('',#4973,#4981,#4983,.T.);
#4981 = VERTEX_POINT('',#4982);
#4982 = CARTESIAN_POINT('',(-8.001,5.08,2.54));
#4983 = LINE('',#4984,#4985);
#4984 = CARTESIAN_POINT('',(-8.255,5.334,2.54));
#4985 = VECTOR('',#4986,1.);
#4986 = DIRECTION('',(0.707106781187,-0.707106781187,8.659560562355E-17)
  );
#4987 = ORIENTED_EDGE('',*,*,#4988,.T.);
#4988 = EDGE_CURVE('',#4981,#4989,#4991,.T.);
#4989 = VERTEX_POINT('',#4990);
#4990 = CARTESIAN_POINT('',(-8.001,3.048,2.54));
#4991 = LINE('',#4992,#4993);
#4992 = CARTESIAN_POINT('',(-8.001,5.08,2.54));
#4993 = VECTOR('',#4994,1.);
#4994 = DIRECTION('',(0.,-1.,1.224646799147E-16));
#4995 = ORIENTED_EDGE('',*,*,#4996,.T.);
#4996 = EDGE_CURVE('',#4989,#4901,#4997,.T.);
#4997 = LINE('',#4998,#4999);
#4998 = CARTESIAN_POINT('',(-8.001,3.048,2.54));
#4999 = VECTOR('',#5000,1.);
#5000 = DIRECTION('',(-0.707106781187,-0.707106781187,8.659560562355E-17
    ));
#5001 = ORIENTED_EDGE('',*,*,#4917,.T.);
#5002 = FACE_BOUND('',#5003,.F.);
#5003 = EDGE_LOOP('',(#5004,#5014,#5022,#5030));
#5004 = ORIENTED_EDGE('',*,*,#5005,.T.);
#5005 = EDGE_CURVE('',#5006,#5008,#5010,.T.);
#5006 = VERTEX_POINT('',#5007);
#5007 = CARTESIAN_POINT('',(-8.951,4.384,2.54));
#5008 = VERTEX_POINT('',#5009);
#5009 = CARTESIAN_POINT('',(-9.591,4.384,2.54));
#5010 = LINE('',#5011,#5012);
#5011 = CARTESIAN_POINT('',(-9.431,4.384,2.54));
#5012 = VECTOR('',#5013,1.);
#5013 = DIRECTION('',(-1.,-0.,0.));
#5014 = ORIENTED_EDGE('',*,*,#5015,.T.);
#5015 = EDGE_CURVE('',#5008,#5016,#5018,.T.);
#5016 = VERTEX_POINT('',#5017);
#5017 = CARTESIAN_POINT('',(-9.591,3.744,2.54));
#5018 = LINE('',#5019,#5020);
#5019 = CARTESIAN_POINT('',(-9.591,4.224,2.54));
#5020 = VECTOR('',#5021,1.);
#5021 = DIRECTION('',(0.,-1.,1.224646799147E-16));
#5022 = ORIENTED_EDGE('',*,*,#5023,.F.);
#5023 = EDGE_CURVE('',#5024,#5016,#5026,.T.);
#5024 = VERTEX_POINT('',#5025);
#5025 = CARTESIAN_POINT('',(-8.951,3.744,2.54));
#5026 = LINE('',#5027,#5028);
#5027 = CARTESIAN_POINT('',(-9.431,3.744,2.54));
#5028 = VECTOR('',#5029,1.);
#5029 = DIRECTION('',(-1.,-0.,0.));
#5030 = ORIENTED_EDGE('',*,*,#5031,.F.);
#5031 = EDGE_CURVE('',#5006,#5024,#5032,.T.);
#5032 = LINE('',#5033,#5034);
#5033 = CARTESIAN_POINT('',(-8.951,4.224,2.54));
#5034 = VECTOR('',#5035,1.);
#5035 = DIRECTION('',(0.,-1.,1.224646799147E-16));
#5036 = PLANE('',#5037);
#5037 = AXIS2_PLACEMENT_3D('',#5038,#5039,#5040);
#5038 = CARTESIAN_POINT('',(-9.271,4.064,2.54));
#5039 = DIRECTION('',(0.,-1.224646799147E-16,-1.));
#5040 = DIRECTION('',(1.,0.,0.));
#5041 = ADVANCED_FACE('',(#5042,#5085),#5119,.T.);
#5042 = FACE_BOUND('',#5043,.T.);
#5043 = EDGE_LOOP('',(#5044,#5045,#5046,#5054,#5062,#5070,#5078,#5084));
#5044 = ORIENTED_EDGE('',*,*,#4870,.T.);
#5045 = ORIENTED_EDGE('',*,*,#4932,.T.);
#5046 = ORIENTED_EDGE('',*,*,#5047,.T.);
#5047 = EDGE_CURVE('',#4933,#5048,#5050,.T.);
#5048 = VERTEX_POINT('',#5049);
#5049 = CARTESIAN_POINT('',(-10.287,5.334,0.));
#5050 = LINE('',#5051,#5052);
#5051 = CARTESIAN_POINT('',(-10.541,5.08,0.));
#5052 = VECTOR('',#5053,1.);
#5053 = DIRECTION('',(0.707106781187,0.707106781187,-8.659560562355E-17)
  );
#5054 = ORIENTED_EDGE('',*,*,#5055,.T.);
#5055 = EDGE_CURVE('',#5048,#5056,#5058,.T.);
#5056 = VERTEX_POINT('',#5057);
#5057 = CARTESIAN_POINT('',(-8.255,5.334,0.));
#5058 = LINE('',#5059,#5060);
#5059 = CARTESIAN_POINT('',(-10.287,5.334,0.));
#5060 = VECTOR('',#5061,1.);
#5061 = DIRECTION('',(1.,0.,0.));
#5062 = ORIENTED_EDGE('',*,*,#5063,.T.);
#5063 = EDGE_CURVE('',#5056,#5064,#5066,.T.);
#5064 = VERTEX_POINT('',#5065);
#5065 = CARTESIAN_POINT('',(-8.001,5.08,0.));
#5066 = LINE('',#5067,#5068);
#5067 = CARTESIAN_POINT('',(-8.255,5.334,0.));
#5068 = VECTOR('',#5069,1.);
#5069 = DIRECTION('',(0.707106781187,-0.707106781187,8.659560562355E-17)
  );
#5070 = ORIENTED_EDGE('',*,*,#5071,.T.);
#5071 = EDGE_CURVE('',#5064,#5072,#5074,.T.);
#5072 = VERTEX_POINT('',#5073);
#5073 = CARTESIAN_POINT('',(-8.001,3.048,0.));
#5074 = LINE('',#5075,#5076);
#5075 = CARTESIAN_POINT('',(-8.001,5.08,0.));
#5076 = VECTOR('',#5077,1.);
#5077 = DIRECTION('',(0.,-1.,1.224646799147E-16));
#5078 = ORIENTED_EDGE('',*,*,#5079,.T.);
#5079 = EDGE_CURVE('',#5072,#4903,#5080,.T.);
#5080 = LINE('',#5081,#5082);
#5081 = CARTESIAN_POINT('',(-8.001,3.048,0.));
#5082 = VECTOR('',#5083,1.);
#5083 = DIRECTION('',(-0.707106781187,-0.707106781187,8.659560562355E-17
    ));
#5084 = ORIENTED_EDGE('',*,*,#4910,.T.);
#5085 = FACE_BOUND('',#5086,.T.);
#5086 = EDGE_LOOP('',(#5087,#5097,#5105,#5113));
#5087 = ORIENTED_EDGE('',*,*,#5088,.T.);
#5088 = EDGE_CURVE('',#5089,#5091,#5093,.T.);
#5089 = VERTEX_POINT('',#5090);
#5090 = CARTESIAN_POINT('',(-8.951,4.384,0.));
#5091 = VERTEX_POINT('',#5092);
#5092 = CARTESIAN_POINT('',(-9.591,4.384,0.));
#5093 = LINE('',#5094,#5095);
#5094 = CARTESIAN_POINT('',(-9.431,4.384,0.));
#5095 = VECTOR('',#5096,1.);
#5096 = DIRECTION('',(-1.,-0.,0.));
#5097 = ORIENTED_EDGE('',*,*,#5098,.T.);
#5098 = EDGE_CURVE('',#5091,#5099,#5101,.T.);
#5099 = VERTEX_POINT('',#5100);
#5100 = CARTESIAN_POINT('',(-9.591,3.744,0.));
#5101 = LINE('',#5102,#5103);
#5102 = CARTESIAN_POINT('',(-9.591,4.224,0.));
#5103 = VECTOR('',#5104,1.);
#5104 = DIRECTION('',(0.,-1.,1.224646799147E-16));
#5105 = ORIENTED_EDGE('',*,*,#5106,.F.);
#5106 = EDGE_CURVE('',#5107,#5099,#5109,.T.);
#5107 = VERTEX_POINT('',#5108);
#5108 = CARTESIAN_POINT('',(-8.951,3.744,0.));
#5109 = LINE('',#5110,#5111);
#5110 = CARTESIAN_POINT('',(-9.431,3.744,0.));
#5111 = VECTOR('',#5112,1.);
#5112 = DIRECTION('',(-1.,-0.,0.));
#5113 = ORIENTED_EDGE('',*,*,#5114,.F.);
#5114 = EDGE_CURVE('',#5089,#5107,#5115,.T.);
#5115 = LINE('',#5116,#5117);
#5116 = CARTESIAN_POINT('',(-8.951,4.224,0.));
#5117 = VECTOR('',#5118,1.);
#5118 = DIRECTION('',(0.,-1.,1.224646799147E-16));
#5119 = PLANE('',#5120);
#5120 = AXIS2_PLACEMENT_3D('',#5121,#5122,#5123);
#5121 = CARTESIAN_POINT('',(-9.271,4.064,0.));
#5122 = DIRECTION('',(0.,-1.224646799147E-16,-1.));
#5123 = DIRECTION('',(1.,0.,0.));
#5124 = ADVANCED_FACE('',(#5125),#5136,.F.);
#5125 = FACE_BOUND('',#5126,.F.);
#5126 = EDGE_LOOP('',(#5127,#5133,#5134,#5135));
#5127 = ORIENTED_EDGE('',*,*,#5128,.T.);
#5128 = EDGE_CURVE('',#4989,#5072,#5129,.T.);
#5129 = LINE('',#5130,#5131);
#5130 = CARTESIAN_POINT('',(-8.001,3.048,2.54));
#5131 = VECTOR('',#5132,1.);
#5132 = DIRECTION('',(0.,-1.224646799147E-16,-1.));
#5133 = ORIENTED_EDGE('',*,*,#5079,.T.);
#5134 = ORIENTED_EDGE('',*,*,#4900,.F.);
#5135 = ORIENTED_EDGE('',*,*,#4996,.F.);
#5136 = PLANE('',#5137);
#5137 = AXIS2_PLACEMENT_3D('',#5138,#5139,#5140);
#5138 = CARTESIAN_POINT('',(-8.001,3.048,2.54));
#5139 = DIRECTION('',(-0.707106781187,0.707106781187,-8.659560562355E-17
    ));
#5140 = DIRECTION('',(-0.707106781187,-0.707106781187,8.659560562355E-17
    ));
#5141 = ADVANCED_FACE('',(#5142),#5153,.F.);
#5142 = FACE_BOUND('',#5143,.F.);
#5143 = EDGE_LOOP('',(#5144,#5145,#5146,#5152));
#5144 = ORIENTED_EDGE('',*,*,#4940,.T.);
#5145 = ORIENTED_EDGE('',*,*,#5047,.T.);
#5146 = ORIENTED_EDGE('',*,*,#5147,.F.);
#5147 = EDGE_CURVE('',#4965,#5048,#5148,.T.);
#5148 = LINE('',#5149,#5150);
#5149 = CARTESIAN_POINT('',(-10.287,5.334,2.54));
#5150 = VECTOR('',#5151,1.);
#5151 = DIRECTION('',(0.,-1.224646799147E-16,-1.));
#5152 = ORIENTED_EDGE('',*,*,#4964,.F.);
#5153 = PLANE('',#5154);
#5154 = AXIS2_PLACEMENT_3D('',#5155,#5156,#5157);
#5155 = CARTESIAN_POINT('',(-10.541,5.08,2.54));
#5156 = DIRECTION('',(0.707106781187,-0.707106781187,8.659560562355E-17)
  );
#5157 = DIRECTION('',(0.707106781187,0.707106781187,-8.659560562355E-17)
  );
#5158 = ADVANCED_FACE('',(#5159),#5170,.F.);
#5159 = FACE_BOUND('',#5160,.F.);
#5160 = EDGE_LOOP('',(#5161,#5167,#5168,#5169));
#5161 = ORIENTED_EDGE('',*,*,#5162,.T.);
#5162 = EDGE_CURVE('',#4981,#5064,#5163,.T.);
#5163 = LINE('',#5164,#5165);
#5164 = CARTESIAN_POINT('',(-8.001,5.08,2.54));
#5165 = VECTOR('',#5166,1.);
#5166 = DIRECTION('',(0.,-1.224646799147E-16,-1.));
#5167 = ORIENTED_EDGE('',*,*,#5071,.T.);
#5168 = ORIENTED_EDGE('',*,*,#5128,.F.);
#5169 = ORIENTED_EDGE('',*,*,#4988,.F.);
#5170 = PLANE('',#5171);
#5171 = AXIS2_PLACEMENT_3D('',#5172,#5173,#5174);
#5172 = CARTESIAN_POINT('',(-8.001,5.08,2.54));
#5173 = DIRECTION('',(-1.,-0.,0.));
#5174 = DIRECTION('',(0.,-1.,1.224646799147E-16));
#5175 = ADVANCED_FACE('',(#5176),#5187,.F.);
#5176 = FACE_BOUND('',#5177,.F.);
#5177 = EDGE_LOOP('',(#5178,#5179,#5180,#5186));
#5178 = ORIENTED_EDGE('',*,*,#5147,.T.);
#5179 = ORIENTED_EDGE('',*,*,#5055,.T.);
#5180 = ORIENTED_EDGE('',*,*,#5181,.F.);
#5181 = EDGE_CURVE('',#4973,#5056,#5182,.T.);
#5182 = LINE('',#5183,#5184);
#5183 = CARTESIAN_POINT('',(-8.255,5.334,2.54));
#5184 = VECTOR('',#5185,1.);
#5185 = DIRECTION('',(0.,-1.224646799147E-16,-1.));
#5186 = ORIENTED_EDGE('',*,*,#4972,.F.);
#5187 = PLANE('',#5188);
#5188 = AXIS2_PLACEMENT_3D('',#5189,#5190,#5191);
#5189 = CARTESIAN_POINT('',(-10.287,5.334,2.54));
#5190 = DIRECTION('',(0.,-1.,1.224646799147E-16));
#5191 = DIRECTION('',(1.,0.,0.));
#5192 = ADVANCED_FACE('',(#5193),#5199,.F.);
#5193 = FACE_BOUND('',#5194,.F.);
#5194 = EDGE_LOOP('',(#5195,#5196,#5197,#5198));
#5195 = ORIENTED_EDGE('',*,*,#5181,.T.);
#5196 = ORIENTED_EDGE('',*,*,#5063,.T.);
#5197 = ORIENTED_EDGE('',*,*,#5162,.F.);
#5198 = ORIENTED_EDGE('',*,*,#4980,.F.);
#5199 = PLANE('',#5200);
#5200 = AXIS2_PLACEMENT_3D('',#5201,#5202,#5203);
#5201 = CARTESIAN_POINT('',(-8.255,5.334,2.54));
#5202 = DIRECTION('',(-0.707106781187,-0.707106781187,8.659560562355E-17
    ));
#5203 = DIRECTION('',(0.707106781187,-0.707106781187,8.659560562355E-17)
  );
#5204 = ADVANCED_FACE('',(#5205),#5230,.F.);
#5205 = FACE_BOUND('',#5206,.F.);
#5206 = EDGE_LOOP('',(#5207,#5215,#5223,#5229));
#5207 = ORIENTED_EDGE('',*,*,#5208,.F.);
#5208 = EDGE_CURVE('',#5209,#5006,#5211,.T.);
#5209 = VERTEX_POINT('',#5210);
#5210 = CARTESIAN_POINT('',(-8.951,4.384,5.38));
#5211 = LINE('',#5212,#5213);
#5212 = CARTESIAN_POINT('',(-8.951,4.384,5.54));
#5213 = VECTOR('',#5214,1.);
#5214 = DIRECTION('',(0.,-1.224646799147E-16,-1.));
#5215 = ORIENTED_EDGE('',*,*,#5216,.F.);
#5216 = EDGE_CURVE('',#5217,#5209,#5219,.T.);
#5217 = VERTEX_POINT('',#5218);
#5218 = CARTESIAN_POINT('',(-9.591,4.384,5.38));
#5219 = LINE('',#5220,#5221);
#5220 = CARTESIAN_POINT('',(-9.591,4.384,5.38));
#5221 = VECTOR('',#5222,1.);
#5222 = DIRECTION('',(1.,0.,0.));
#5223 = ORIENTED_EDGE('',*,*,#5224,.T.);
#5224 = EDGE_CURVE('',#5217,#5008,#5225,.T.);
#5225 = LINE('',#5226,#5227);
#5226 = CARTESIAN_POINT('',(-9.591,4.384,5.54));
#5227 = VECTOR('',#5228,1.);
#5228 = DIRECTION('',(0.,-1.224646799147E-16,-1.));
#5229 = ORIENTED_EDGE('',*,*,#5005,.F.);
#5230 = PLANE('',#5231);
#5231 = AXIS2_PLACEMENT_3D('',#5232,#5233,#5234);
#5232 = CARTESIAN_POINT('',(-9.591,4.384,5.54));
#5233 = DIRECTION('',(0.,-1.,1.224646799147E-16));
#5234 = DIRECTION('',(0.,-1.224646799147E-16,-1.));
#5235 = ADVANCED_FACE('',(#5236),#5254,.T.);
#5236 = FACE_BOUND('',#5237,.T.);
#5237 = EDGE_LOOP('',(#5238,#5239,#5247,#5253));
#5238 = ORIENTED_EDGE('',*,*,#5208,.F.);
#5239 = ORIENTED_EDGE('',*,*,#5240,.T.);
#5240 = EDGE_CURVE('',#5209,#5241,#5243,.T.);
#5241 = VERTEX_POINT('',#5242);
#5242 = CARTESIAN_POINT('',(-8.951,3.744,5.38));
#5243 = LINE('',#5244,#5245);
#5244 = CARTESIAN_POINT('',(-8.951,4.384,5.38));
#5245 = VECTOR('',#5246,1.);
#5246 = DIRECTION('',(0.,-1.,1.224646799147E-16));
#5247 = ORIENTED_EDGE('',*,*,#5248,.T.);
#5248 = EDGE_CURVE('',#5241,#5024,#5249,.T.);
#5249 = LINE('',#5250,#5251);
#5250 = CARTESIAN_POINT('',(-8.951,3.744,5.54));
#5251 = VECTOR('',#5252,1.);
#5252 = DIRECTION('',(0.,-1.224646799147E-16,-1.));
#5253 = ORIENTED_EDGE('',*,*,#5031,.F.);
#5254 = PLANE('',#5255);
#5255 = AXIS2_PLACEMENT_3D('',#5256,#5257,#5258);
#5256 = CARTESIAN_POINT('',(-8.951,4.384,5.54));
#5257 = DIRECTION('',(1.,0.,0.));
#5258 = DIRECTION('',(0.,-1.224646799147E-16,-1.));
#5259 = ADVANCED_FACE('',(#5260),#5278,.T.);
#5260 = FACE_BOUND('',#5261,.T.);
#5261 = EDGE_LOOP('',(#5262,#5263,#5271,#5277));
#5262 = ORIENTED_EDGE('',*,*,#5248,.F.);
#5263 = ORIENTED_EDGE('',*,*,#5264,.F.);
#5264 = EDGE_CURVE('',#5265,#5241,#5267,.T.);
#5265 = VERTEX_POINT('',#5266);
#5266 = CARTESIAN_POINT('',(-9.591,3.744,5.38));
#5267 = LINE('',#5268,#5269);
#5268 = CARTESIAN_POINT('',(-9.591,3.744,5.38));
#5269 = VECTOR('',#5270,1.);
#5270 = DIRECTION('',(1.,0.,0.));
#5271 = ORIENTED_EDGE('',*,*,#5272,.T.);
#5272 = EDGE_CURVE('',#5265,#5016,#5273,.T.);
#5273 = LINE('',#5274,#5275);
#5274 = CARTESIAN_POINT('',(-9.591,3.744,5.54));
#5275 = VECTOR('',#5276,1.);
#5276 = DIRECTION('',(0.,-1.224646799147E-16,-1.));
#5277 = ORIENTED_EDGE('',*,*,#5023,.F.);
#5278 = PLANE('',#5279);
#5279 = AXIS2_PLACEMENT_3D('',#5280,#5281,#5282);
#5280 = CARTESIAN_POINT('',(-9.591,3.744,5.54));
#5281 = DIRECTION('',(0.,-1.,1.224646799147E-16));
#5282 = DIRECTION('',(0.,-1.224646799147E-16,-1.));
#5283 = ADVANCED_FACE('',(#5284),#5295,.F.);
#5284 = FACE_BOUND('',#5285,.F.);
#5285 = EDGE_LOOP('',(#5286,#5287,#5293,#5294));
#5286 = ORIENTED_EDGE('',*,*,#5224,.F.);
#5287 = ORIENTED_EDGE('',*,*,#5288,.T.);
#5288 = EDGE_CURVE('',#5217,#5265,#5289,.T.);
#5289 = LINE('',#5290,#5291);
#5290 = CARTESIAN_POINT('',(-9.591,4.384,5.38));
#5291 = VECTOR('',#5292,1.);
#5292 = DIRECTION('',(0.,-1.,1.224646799147E-16));
#5293 = ORIENTED_EDGE('',*,*,#5272,.T.);
#5294 = ORIENTED_EDGE('',*,*,#5015,.F.);
#5295 = PLANE('',#5296);
#5296 = AXIS2_PLACEMENT_3D('',#5297,#5298,#5299);
#5297 = CARTESIAN_POINT('',(-9.591,4.384,5.54));
#5298 = DIRECTION('',(1.,0.,0.));
#5299 = DIRECTION('',(0.,-1.224646799147E-16,-1.));
#5300 = ADVANCED_FACE('',(#5301),#5326,.F.);
#5301 = FACE_BOUND('',#5302,.F.);
#5302 = EDGE_LOOP('',(#5303,#5311,#5312,#5320));
#5303 = ORIENTED_EDGE('',*,*,#5304,.F.);
#5304 = EDGE_CURVE('',#5089,#5305,#5307,.T.);
#5305 = VERTEX_POINT('',#5306);
#5306 = CARTESIAN_POINT('',(-8.951,4.384,-5.84));
#5307 = LINE('',#5308,#5309);
#5308 = CARTESIAN_POINT('',(-8.951,4.384,5.54));
#5309 = VECTOR('',#5310,1.);
#5310 = DIRECTION('',(0.,-1.224646799147E-16,-1.));
#5311 = ORIENTED_EDGE('',*,*,#5088,.T.);
#5312 = ORIENTED_EDGE('',*,*,#5313,.T.);
#5313 = EDGE_CURVE('',#5091,#5314,#5316,.T.);
#5314 = VERTEX_POINT('',#5315);
#5315 = CARTESIAN_POINT('',(-9.591,4.384,-5.84));
#5316 = LINE('',#5317,#5318);
#5317 = CARTESIAN_POINT('',(-9.591,4.384,5.54));
#5318 = VECTOR('',#5319,1.);
#5319 = DIRECTION('',(0.,-1.224646799147E-16,-1.));
#5320 = ORIENTED_EDGE('',*,*,#5321,.T.);
#5321 = EDGE_CURVE('',#5314,#5305,#5322,.T.);
#5322 = LINE('',#5323,#5324);
#5323 = CARTESIAN_POINT('',(-9.591,4.384,-5.84));
#5324 = VECTOR('',#5325,1.);
#5325 = DIRECTION('',(1.,0.,0.));
#5326 = PLANE('',#5327);
#5327 = AXIS2_PLACEMENT_3D('',#5328,#5329,#5330);
#5328 = CARTESIAN_POINT('',(-9.591,4.384,5.54));
#5329 = DIRECTION('',(0.,-1.,1.224646799147E-16));
#5330 = DIRECTION('',(0.,-1.224646799147E-16,-1.));
#5331 = ADVANCED_FACE('',(#5332),#5350,.T.);
#5332 = FACE_BOUND('',#5333,.T.);
#5333 = EDGE_LOOP('',(#5334,#5335,#5336,#5344));
#5334 = ORIENTED_EDGE('',*,*,#5304,.F.);
#5335 = ORIENTED_EDGE('',*,*,#5114,.T.);
#5336 = ORIENTED_EDGE('',*,*,#5337,.T.);
#5337 = EDGE_CURVE('',#5107,#5338,#5340,.T.);
#5338 = VERTEX_POINT('',#5339);
#5339 = CARTESIAN_POINT('',(-8.951,3.744,-5.84));
#5340 = LINE('',#5341,#5342);
#5341 = CARTESIAN_POINT('',(-8.951,3.744,5.54));
#5342 = VECTOR('',#5343,1.);
#5343 = DIRECTION('',(0.,-1.224646799147E-16,-1.));
#5344 = ORIENTED_EDGE('',*,*,#5345,.F.);
#5345 = EDGE_CURVE('',#5305,#5338,#5346,.T.);
#5346 = LINE('',#5347,#5348);
#5347 = CARTESIAN_POINT('',(-8.951,4.384,-5.84));
#5348 = VECTOR('',#5349,1.);
#5349 = DIRECTION('',(0.,-1.,1.224646799147E-16));
#5350 = PLANE('',#5351);
#5351 = AXIS2_PLACEMENT_3D('',#5352,#5353,#5354);
#5352 = CARTESIAN_POINT('',(-8.951,4.384,5.54));
#5353 = DIRECTION('',(1.,0.,0.));
#5354 = DIRECTION('',(0.,-1.224646799147E-16,-1.));
#5355 = ADVANCED_FACE('',(#5356),#5374,.T.);
#5356 = FACE_BOUND('',#5357,.T.);
#5357 = EDGE_LOOP('',(#5358,#5359,#5360,#5368));
#5358 = ORIENTED_EDGE('',*,*,#5337,.F.);
#5359 = ORIENTED_EDGE('',*,*,#5106,.T.);
#5360 = ORIENTED_EDGE('',*,*,#5361,.T.);
#5361 = EDGE_CURVE('',#5099,#5362,#5364,.T.);
#5362 = VERTEX_POINT('',#5363);
#5363 = CARTESIAN_POINT('',(-9.591,3.744,-5.84));
#5364 = LINE('',#5365,#5366);
#5365 = CARTESIAN_POINT('',(-9.591,3.744,5.54));
#5366 = VECTOR('',#5367,1.);
#5367 = DIRECTION('',(0.,-1.224646799147E-16,-1.));
#5368 = ORIENTED_EDGE('',*,*,#5369,.T.);
#5369 = EDGE_CURVE('',#5362,#5338,#5370,.T.);
#5370 = LINE('',#5371,#5372);
#5371 = CARTESIAN_POINT('',(-9.591,3.744,-5.84));
#5372 = VECTOR('',#5373,1.);
#5373 = DIRECTION('',(1.,0.,0.));
#5374 = PLANE('',#5375);
#5375 = AXIS2_PLACEMENT_3D('',#5376,#5377,#5378);
#5376 = CARTESIAN_POINT('',(-9.591,3.744,5.54));
#5377 = DIRECTION('',(0.,-1.,1.224646799147E-16));
#5378 = DIRECTION('',(0.,-1.224646799147E-16,-1.));
#5379 = ADVANCED_FACE('',(#5380),#5391,.F.);
#5380 = FACE_BOUND('',#5381,.F.);
#5381 = EDGE_LOOP('',(#5382,#5383,#5384,#5385));
#5382 = ORIENTED_EDGE('',*,*,#5313,.F.);
#5383 = ORIENTED_EDGE('',*,*,#5098,.T.);
#5384 = ORIENTED_EDGE('',*,*,#5361,.T.);
#5385 = ORIENTED_EDGE('',*,*,#5386,.F.);
#5386 = EDGE_CURVE('',#5314,#5362,#5387,.T.);
#5387 = LINE('',#5388,#5389);
#5388 = CARTESIAN_POINT('',(-9.591,4.384,-5.84));
#5389 = VECTOR('',#5390,1.);
#5390 = DIRECTION('',(0.,-1.,1.224646799147E-16));
#5391 = PLANE('',#5392);
#5392 = AXIS2_PLACEMENT_3D('',#5393,#5394,#5395);
#5393 = CARTESIAN_POINT('',(-9.591,4.384,5.54));
#5394 = DIRECTION('',(1.,0.,0.));
#5395 = DIRECTION('',(0.,-1.224646799147E-16,-1.));
#5396 = ADVANCED_FACE('',(#5397),#5422,.T.);
#5397 = FACE_BOUND('',#5398,.F.);
#5398 = EDGE_LOOP('',(#5399,#5407,#5408,#5416));
#5399 = ORIENTED_EDGE('',*,*,#5400,.F.);
#5400 = EDGE_CURVE('',#5217,#5401,#5403,.T.);
#5401 = VERTEX_POINT('',#5402);
#5402 = CARTESIAN_POINT('',(-9.431,4.224,5.54));
#5403 = LINE('',#5404,#5405);
#5404 = CARTESIAN_POINT('',(-9.537666666667,4.330666666667,
    5.433333333333));
#5405 = VECTOR('',#5406,1.);
#5406 = DIRECTION('',(0.57735026919,-0.57735026919,0.57735026919));
#5407 = ORIENTED_EDGE('',*,*,#5216,.T.);
#5408 = ORIENTED_EDGE('',*,*,#5409,.T.);
#5409 = EDGE_CURVE('',#5209,#5410,#5412,.T.);
#5410 = VERTEX_POINT('',#5411);
#5411 = CARTESIAN_POINT('',(-9.111,4.224,5.54));
#5412 = LINE('',#5413,#5414);
#5413 = CARTESIAN_POINT('',(-9.111,4.224,5.54));
#5414 = VECTOR('',#5415,1.);
#5415 = DIRECTION('',(-0.57735026919,-0.57735026919,0.57735026919));
#5416 = ORIENTED_EDGE('',*,*,#5417,.F.);
#5417 = EDGE_CURVE('',#5401,#5410,#5418,.T.);
#5418 = LINE('',#5419,#5420);
#5419 = CARTESIAN_POINT('',(-9.591,4.224,5.54));
#5420 = VECTOR('',#5421,1.);
#5421 = DIRECTION('',(1.,0.,0.));
#5422 = PLANE('',#5423);
#5423 = AXIS2_PLACEMENT_3D('',#5424,#5425,#5426);
#5424 = CARTESIAN_POINT('',(-9.591,4.304,5.46));
#5425 = DIRECTION('',(0.,0.707106781187,0.707106781187));
#5426 = DIRECTION('',(-1.,0.,-0.));
#5427 = ADVANCED_FACE('',(#5428),#5446,.F.);
#5428 = FACE_BOUND('',#5429,.F.);
#5429 = EDGE_LOOP('',(#5430,#5431,#5432,#5440));
#5430 = ORIENTED_EDGE('',*,*,#5409,.F.);
#5431 = ORIENTED_EDGE('',*,*,#5240,.T.);
#5432 = ORIENTED_EDGE('',*,*,#5433,.T.);
#5433 = EDGE_CURVE('',#5241,#5434,#5436,.T.);
#5434 = VERTEX_POINT('',#5435);
#5435 = CARTESIAN_POINT('',(-9.111,3.904,5.54));
#5436 = LINE('',#5437,#5438);
#5437 = CARTESIAN_POINT('',(-9.217666666667,4.010666666667,
    5.646666666667));
#5438 = VECTOR('',#5439,1.);
#5439 = DIRECTION('',(-0.57735026919,0.57735026919,0.57735026919));
#5440 = ORIENTED_EDGE('',*,*,#5441,.F.);
#5441 = EDGE_CURVE('',#5410,#5434,#5442,.T.);
#5442 = LINE('',#5443,#5444);
#5443 = CARTESIAN_POINT('',(-9.111,4.384,5.54));
#5444 = VECTOR('',#5445,1.);
#5445 = DIRECTION('',(0.,-1.,1.224646799147E-16));
#5446 = PLANE('',#5447);
#5447 = AXIS2_PLACEMENT_3D('',#5448,#5449,#5450);
#5448 = CARTESIAN_POINT('',(-9.031,4.384,5.46));
#5449 = DIRECTION('',(-0.707106781187,-8.659560562355E-17,
    -0.707106781187));
#5450 = DIRECTION('',(0.,-1.,1.224646799147E-16));
#5451 = ADVANCED_FACE('',(#5452),#5470,.F.);
#5452 = FACE_BOUND('',#5453,.T.);
#5453 = EDGE_LOOP('',(#5454,#5462,#5463,#5464));
#5454 = ORIENTED_EDGE('',*,*,#5455,.F.);
#5455 = EDGE_CURVE('',#5265,#5456,#5458,.T.);
#5456 = VERTEX_POINT('',#5457);
#5457 = CARTESIAN_POINT('',(-9.431,3.904,5.54));
#5458 = LINE('',#5459,#5460);
#5459 = CARTESIAN_POINT('',(-9.431,3.904,5.54));
#5460 = VECTOR('',#5461,1.);
#5461 = DIRECTION('',(0.57735026919,0.57735026919,0.57735026919));
#5462 = ORIENTED_EDGE('',*,*,#5264,.T.);
#5463 = ORIENTED_EDGE('',*,*,#5433,.T.);
#5464 = ORIENTED_EDGE('',*,*,#5465,.F.);
#5465 = EDGE_CURVE('',#5456,#5434,#5466,.T.);
#5466 = LINE('',#5467,#5468);
#5467 = CARTESIAN_POINT('',(-9.591,3.904,5.54));
#5468 = VECTOR('',#5469,1.);
#5469 = DIRECTION('',(1.,0.,0.));
#5470 = PLANE('',#5471);
#5471 = AXIS2_PLACEMENT_3D('',#5472,#5473,#5474);
#5472 = CARTESIAN_POINT('',(-9.591,3.824,5.46));
#5473 = DIRECTION('',(0.,0.707106781187,-0.707106781187));
#5474 = DIRECTION('',(-1.,-0.,0.));
#5475 = ADVANCED_FACE('',(#5476),#5487,.T.);
#5476 = FACE_BOUND('',#5477,.T.);
#5477 = EDGE_LOOP('',(#5478,#5479,#5480,#5481));
#5478 = ORIENTED_EDGE('',*,*,#5400,.F.);
#5479 = ORIENTED_EDGE('',*,*,#5288,.T.);
#5480 = ORIENTED_EDGE('',*,*,#5455,.T.);
#5481 = ORIENTED_EDGE('',*,*,#5482,.F.);
#5482 = EDGE_CURVE('',#5401,#5456,#5483,.T.);
#5483 = LINE('',#5484,#5485);
#5484 = CARTESIAN_POINT('',(-9.431,4.384,5.54));
#5485 = VECTOR('',#5486,1.);
#5486 = DIRECTION('',(0.,-1.,1.224646799147E-16));
#5487 = PLANE('',#5488);
#5488 = AXIS2_PLACEMENT_3D('',#5489,#5490,#5491);
#5489 = CARTESIAN_POINT('',(-9.511,4.384,5.46));
#5490 = DIRECTION('',(-0.707106781187,8.659560562355E-17,0.707106781187)
  );
#5491 = DIRECTION('',(0.,-1.,1.224646799147E-16));
#5492 = ADVANCED_FACE('',(#5493),#5518,.F.);
#5493 = FACE_BOUND('',#5494,.T.);
#5494 = EDGE_LOOP('',(#5495,#5503,#5504,#5512));
#5495 = ORIENTED_EDGE('',*,*,#5496,.F.);
#5496 = EDGE_CURVE('',#5314,#5497,#5499,.T.);
#5497 = VERTEX_POINT('',#5498);
#5498 = CARTESIAN_POINT('',(-9.431,4.224,-6.));
#5499 = LINE('',#5500,#5501);
#5500 = CARTESIAN_POINT('',(-9.537666666667,4.330666666667,
    -5.893333333333));
#5501 = VECTOR('',#5502,1.);
#5502 = DIRECTION('',(0.57735026919,-0.57735026919,-0.57735026919));
#5503 = ORIENTED_EDGE('',*,*,#5321,.T.);
#5504 = ORIENTED_EDGE('',*,*,#5505,.T.);
#5505 = EDGE_CURVE('',#5305,#5506,#5508,.T.);
#5506 = VERTEX_POINT('',#5507);
#5507 = CARTESIAN_POINT('',(-9.111,4.224,-6.));
#5508 = LINE('',#5509,#5510);
#5509 = CARTESIAN_POINT('',(-9.111,4.224,-6.));
#5510 = VECTOR('',#5511,1.);
#5511 = DIRECTION('',(-0.57735026919,-0.57735026919,-0.57735026919));
#5512 = ORIENTED_EDGE('',*,*,#5513,.F.);
#5513 = EDGE_CURVE('',#5497,#5506,#5514,.T.);
#5514 = LINE('',#5515,#5516);
#5515 = CARTESIAN_POINT('',(-9.591,4.224,-6.));
#5516 = VECTOR('',#5517,1.);
#5517 = DIRECTION('',(1.,0.,0.));
#5518 = PLANE('',#5519);
#5519 = AXIS2_PLACEMENT_3D('',#5520,#5521,#5522);
#5520 = CARTESIAN_POINT('',(-9.591,4.304,-5.92));
#5521 = DIRECTION('',(0.,-0.707106781187,0.707106781187));
#5522 = DIRECTION('',(-1.,0.,-0.));
#5523 = ADVANCED_FACE('',(#5524),#5542,.T.);
#5524 = FACE_BOUND('',#5525,.T.);
#5525 = EDGE_LOOP('',(#5526,#5527,#5528,#5536));
#5526 = ORIENTED_EDGE('',*,*,#5505,.F.);
#5527 = ORIENTED_EDGE('',*,*,#5345,.T.);
#5528 = ORIENTED_EDGE('',*,*,#5529,.T.);
#5529 = EDGE_CURVE('',#5338,#5530,#5532,.T.);
#5530 = VERTEX_POINT('',#5531);
#5531 = CARTESIAN_POINT('',(-9.111,3.904,-6.));
#5532 = LINE('',#5533,#5534);
#5533 = CARTESIAN_POINT('',(-9.217666666667,4.010666666667,
    -6.106666666667));
#5534 = VECTOR('',#5535,1.);
#5535 = DIRECTION('',(-0.57735026919,0.57735026919,-0.57735026919));
#5536 = ORIENTED_EDGE('',*,*,#5537,.F.);
#5537 = EDGE_CURVE('',#5506,#5530,#5538,.T.);
#5538 = LINE('',#5539,#5540);
#5539 = CARTESIAN_POINT('',(-9.111,4.384,-6.));
#5540 = VECTOR('',#5541,1.);
#5541 = DIRECTION('',(0.,-1.,1.224646799147E-16));
#5542 = PLANE('',#5543);
#5543 = AXIS2_PLACEMENT_3D('',#5544,#5545,#5546);
#5544 = CARTESIAN_POINT('',(-9.031,4.384,-5.92));
#5545 = DIRECTION('',(0.707106781187,-8.659560562355E-17,-0.707106781187
    ));
#5546 = DIRECTION('',(0.,-1.,1.224646799147E-16));
#5547 = ADVANCED_FACE('',(#5548),#5566,.T.);
#5548 = FACE_BOUND('',#5549,.F.);
#5549 = EDGE_LOOP('',(#5550,#5558,#5559,#5560));
#5550 = ORIENTED_EDGE('',*,*,#5551,.F.);
#5551 = EDGE_CURVE('',#5362,#5552,#5554,.T.);
#5552 = VERTEX_POINT('',#5553);
#5553 = CARTESIAN_POINT('',(-9.431,3.904,-6.));
#5554 = LINE('',#5555,#5556);
#5555 = CARTESIAN_POINT('',(-9.431,3.904,-6.));
#5556 = VECTOR('',#5557,1.);
#5557 = DIRECTION('',(0.57735026919,0.57735026919,-0.57735026919));
#5558 = ORIENTED_EDGE('',*,*,#5369,.T.);
#5559 = ORIENTED_EDGE('',*,*,#5529,.T.);
#5560 = ORIENTED_EDGE('',*,*,#5561,.F.);
#5561 = EDGE_CURVE('',#5552,#5530,#5562,.T.);
#5562 = LINE('',#5563,#5564);
#5563 = CARTESIAN_POINT('',(-9.591,3.904,-6.));
#5564 = VECTOR('',#5565,1.);
#5565 = DIRECTION('',(1.,0.,0.));
#5566 = PLANE('',#5567);
#5567 = AXIS2_PLACEMENT_3D('',#5568,#5569,#5570);
#5568 = CARTESIAN_POINT('',(-9.591,3.824,-5.92));
#5569 = DIRECTION('',(0.,-0.707106781187,-0.707106781187));
#5570 = DIRECTION('',(-1.,-0.,0.));
#5571 = ADVANCED_FACE('',(#5572),#5583,.F.);
#5572 = FACE_BOUND('',#5573,.F.);
#5573 = EDGE_LOOP('',(#5574,#5575,#5576,#5577));
#5574 = ORIENTED_EDGE('',*,*,#5496,.F.);
#5575 = ORIENTED_EDGE('',*,*,#5386,.T.);
#5576 = ORIENTED_EDGE('',*,*,#5551,.T.);
#5577 = ORIENTED_EDGE('',*,*,#5578,.F.);
#5578 = EDGE_CURVE('',#5497,#5552,#5579,.T.);
#5579 = LINE('',#5580,#5581);
#5580 = CARTESIAN_POINT('',(-9.431,4.384,-6.));
#5581 = VECTOR('',#5582,1.);
#5582 = DIRECTION('',(0.,-1.,1.224646799147E-16));
#5583 = PLANE('',#5584);
#5584 = AXIS2_PLACEMENT_3D('',#5585,#5586,#5587);
#5585 = CARTESIAN_POINT('',(-9.511,4.384,-5.92));
#5586 = DIRECTION('',(0.707106781187,8.659560562355E-17,0.707106781187)
  );
#5587 = DIRECTION('',(0.,-1.,1.224646799147E-16));
#5588 = ADVANCED_FACE('',(#5589),#5595,.F.);
#5589 = FACE_BOUND('',#5590,.F.);
#5590 = EDGE_LOOP('',(#5591,#5592,#5593,#5594));
#5591 = ORIENTED_EDGE('',*,*,#5465,.F.);
#5592 = ORIENTED_EDGE('',*,*,#5482,.F.);
#5593 = ORIENTED_EDGE('',*,*,#5417,.T.);
#5594 = ORIENTED_EDGE('',*,*,#5441,.T.);
#5595 = PLANE('',#5596);
#5596 = AXIS2_PLACEMENT_3D('',#5597,#5598,#5599);
#5597 = CARTESIAN_POINT('',(-9.591,4.384,5.54));
#5598 = DIRECTION('',(0.,-1.224646799147E-16,-1.));
#5599 = DIRECTION('',(1.,0.,0.));
#5600 = ADVANCED_FACE('',(#5601),#5607,.T.);
#5601 = FACE_BOUND('',#5602,.T.);
#5602 = EDGE_LOOP('',(#5603,#5604,#5605,#5606));
#5603 = ORIENTED_EDGE('',*,*,#5537,.T.);
#5604 = ORIENTED_EDGE('',*,*,#5561,.F.);
#5605 = ORIENTED_EDGE('',*,*,#5578,.F.);
#5606 = ORIENTED_EDGE('',*,*,#5513,.T.);
#5607 = PLANE('',#5608);
#5608 = AXIS2_PLACEMENT_3D('',#5609,#5610,#5611);
#5609 = CARTESIAN_POINT('',(-9.591,4.384,-6.));
#5610 = DIRECTION('',(0.,-1.224646799147E-16,-1.));
#5611 = DIRECTION('',(1.,0.,0.));
#5612 = MANIFOLD_SOLID_BREP('',#5613);
#5613 = CLOSED_SHELL('',(#5614,#5654,#5685,#5716,#5799,#5882,#5899,#5916
    ,#5933,#5950,#5962,#5993,#6017,#6041,#6058,#6089,#6113,#6137,#6154,
    #6185,#6209,#6233,#6250,#6281,#6305,#6329,#6346,#6358));
#5614 = ADVANCED_FACE('',(#5615),#5649,.F.);
#5615 = FACE_BOUND('',#5616,.F.);
#5616 = EDGE_LOOP('',(#5617,#5627,#5635,#5643));
#5617 = ORIENTED_EDGE('',*,*,#5618,.T.);
#5618 = EDGE_CURVE('',#5619,#5621,#5623,.T.);
#5619 = VERTEX_POINT('',#5620);
#5620 = CARTESIAN_POINT('',(8.255,2.794,2.54));
#5621 = VERTEX_POINT('',#5622);
#5622 = CARTESIAN_POINT('',(8.255,2.794,0.));
#5623 = LINE('',#5624,#5625);
#5624 = CARTESIAN_POINT('',(8.255,2.794,2.54));
#5625 = VECTOR('',#5626,1.);
#5626 = DIRECTION('',(0.,-1.224646799147E-16,-1.));
#5627 = ORIENTED_EDGE('',*,*,#5628,.T.);
#5628 = EDGE_CURVE('',#5621,#5629,#5631,.T.);
#5629 = VERTEX_POINT('',#5630);
#5630 = CARTESIAN_POINT('',(8.001,3.048,0.));
#5631 = LINE('',#5632,#5633);
#5632 = CARTESIAN_POINT('',(8.255,2.794,0.));
#5633 = VECTOR('',#5634,1.);
#5634 = DIRECTION('',(-0.707106781187,0.707106781187,-8.659560562355E-17
    ));
#5635 = ORIENTED_EDGE('',*,*,#5636,.F.);
#5636 = EDGE_CURVE('',#5637,#5629,#5639,.T.);
#5637 = VERTEX_POINT('',#5638);
#5638 = CARTESIAN_POINT('',(8.001,3.048,2.54));
#5639 = LINE('',#5640,#5641);
#5640 = CARTESIAN_POINT('',(8.001,3.048,2.54));
#5641 = VECTOR('',#5642,1.);
#5642 = DIRECTION('',(0.,-1.224646799147E-16,-1.));
#5643 = ORIENTED_EDGE('',*,*,#5644,.F.);
#5644 = EDGE_CURVE('',#5619,#5637,#5645,.T.);
#5645 = LINE('',#5646,#5647);
#5646 = CARTESIAN_POINT('',(8.255,2.794,2.54));
#5647 = VECTOR('',#5648,1.);
#5648 = DIRECTION('',(-0.707106781187,0.707106781187,-8.659560562355E-17
    ));
#5649 = PLANE('',#5650);
#5650 = AXIS2_PLACEMENT_3D('',#5651,#5652,#5653);
#5651 = CARTESIAN_POINT('',(8.255,2.794,2.54));
#5652 = DIRECTION('',(0.707106781187,0.707106781187,-8.659560562355E-17)
  );
#5653 = DIRECTION('',(-0.707106781187,0.707106781187,-8.659560562355E-17
    ));
#5654 = ADVANCED_FACE('',(#5655),#5680,.F.);
#5655 = FACE_BOUND('',#5656,.F.);
#5656 = EDGE_LOOP('',(#5657,#5667,#5673,#5674));
#5657 = ORIENTED_EDGE('',*,*,#5658,.T.);
#5658 = EDGE_CURVE('',#5659,#5661,#5663,.T.);
#5659 = VERTEX_POINT('',#5660);
#5660 = CARTESIAN_POINT('',(10.287,2.794,2.54));
#5661 = VERTEX_POINT('',#5662);
#5662 = CARTESIAN_POINT('',(10.287,2.794,0.));
#5663 = LINE('',#5664,#5665);
#5664 = CARTESIAN_POINT('',(10.287,2.794,2.54));
#5665 = VECTOR('',#5666,1.);
#5666 = DIRECTION('',(0.,-1.224646799147E-16,-1.));
#5667 = ORIENTED_EDGE('',*,*,#5668,.T.);
#5668 = EDGE_CURVE('',#5661,#5621,#5669,.T.);
#5669 = LINE('',#5670,#5671);
#5670 = CARTESIAN_POINT('',(10.287,2.794,0.));
#5671 = VECTOR('',#5672,1.);
#5672 = DIRECTION('',(-1.,-0.,0.));
#5673 = ORIENTED_EDGE('',*,*,#5618,.F.);
#5674 = ORIENTED_EDGE('',*,*,#5675,.F.);
#5675 = EDGE_CURVE('',#5659,#5619,#5676,.T.);
#5676 = LINE('',#5677,#5678);
#5677 = CARTESIAN_POINT('',(10.287,2.794,2.54));
#5678 = VECTOR('',#5679,1.);
#5679 = DIRECTION('',(-1.,-0.,0.));
#5680 = PLANE('',#5681);
#5681 = AXIS2_PLACEMENT_3D('',#5682,#5683,#5684);
#5682 = CARTESIAN_POINT('',(10.287,2.794,2.54));
#5683 = DIRECTION('',(0.,1.,-1.224646799147E-16));
#5684 = DIRECTION('',(-1.,-0.,0.));
#5685 = ADVANCED_FACE('',(#5686),#5711,.F.);
#5686 = FACE_BOUND('',#5687,.F.);
#5687 = EDGE_LOOP('',(#5688,#5689,#5697,#5705));
#5688 = ORIENTED_EDGE('',*,*,#5636,.T.);
#5689 = ORIENTED_EDGE('',*,*,#5690,.T.);
#5690 = EDGE_CURVE('',#5629,#5691,#5693,.T.);
#5691 = VERTEX_POINT('',#5692);
#5692 = CARTESIAN_POINT('',(8.001,5.08,0.));
#5693 = LINE('',#5694,#5695);
#5694 = CARTESIAN_POINT('',(8.001,3.048,0.));
#5695 = VECTOR('',#5696,1.);
#5696 = DIRECTION('',(0.,1.,-1.224646799147E-16));
#5697 = ORIENTED_EDGE('',*,*,#5698,.F.);
#5698 = EDGE_CURVE('',#5699,#5691,#5701,.T.);
#5699 = VERTEX_POINT('',#5700);
#5700 = CARTESIAN_POINT('',(8.001,5.08,2.54));
#5701 = LINE('',#5702,#5703);
#5702 = CARTESIAN_POINT('',(8.001,5.08,2.54));
#5703 = VECTOR('',#5704,1.);
#5704 = DIRECTION('',(0.,-1.224646799147E-16,-1.));
#5705 = ORIENTED_EDGE('',*,*,#5706,.F.);
#5706 = EDGE_CURVE('',#5637,#5699,#5707,.T.);
#5707 = LINE('',#5708,#5709);
#5708 = CARTESIAN_POINT('',(8.001,3.048,2.54));
#5709 = VECTOR('',#5710,1.);
#5710 = DIRECTION('',(0.,1.,-1.224646799147E-16));
#5711 = PLANE('',#5712);
#5712 = AXIS2_PLACEMENT_3D('',#5713,#5714,#5715);
#5713 = CARTESIAN_POINT('',(8.001,3.048,2.54));
#5714 = DIRECTION('',(1.,0.,0.));
#5715 = DIRECTION('',(0.,1.,-1.224646799147E-16));
#5716 = ADVANCED_FACE('',(#5717,#5760),#5794,.F.);
#5717 = FACE_BOUND('',#5718,.F.);
#5718 = EDGE_LOOP('',(#5719,#5720,#5721,#5729,#5737,#5745,#5753,#5759));
#5719 = ORIENTED_EDGE('',*,*,#5644,.T.);
#5720 = ORIENTED_EDGE('',*,*,#5706,.T.);
#5721 = ORIENTED_EDGE('',*,*,#5722,.T.);
#5722 = EDGE_CURVE('',#5699,#5723,#5725,.T.);
#5723 = VERTEX_POINT('',#5724);
#5724 = CARTESIAN_POINT('',(8.255,5.334,2.54));
#5725 = LINE('',#5726,#5727);
#5726 = CARTESIAN_POINT('',(8.001,5.08,2.54));
#5727 = VECTOR('',#5728,1.);
#5728 = DIRECTION('',(0.707106781187,0.707106781187,-8.659560562355E-17)
  );
#5729 = ORIENTED_EDGE('',*,*,#5730,.T.);
#5730 = EDGE_CURVE('',#5723,#5731,#5733,.T.);
#5731 = VERTEX_POINT('',#5732);
#5732 = CARTESIAN_POINT('',(10.287,5.334,2.54));
#5733 = LINE('',#5734,#5735);
#5734 = CARTESIAN_POINT('',(8.255,5.334,2.54));
#5735 = VECTOR('',#5736,1.);
#5736 = DIRECTION('',(1.,0.,0.));
#5737 = ORIENTED_EDGE('',*,*,#5738,.T.);
#5738 = EDGE_CURVE('',#5731,#5739,#5741,.T.);
#5739 = VERTEX_POINT('',#5740);
#5740 = CARTESIAN_POINT('',(10.541,5.08,2.54));
#5741 = LINE('',#5742,#5743);
#5742 = CARTESIAN_POINT('',(10.287,5.334,2.54));
#5743 = VECTOR('',#5744,1.);
#5744 = DIRECTION('',(0.707106781187,-0.707106781187,8.659560562355E-17)
  );
#5745 = ORIENTED_EDGE('',*,*,#5746,.T.);
#5746 = EDGE_CURVE('',#5739,#5747,#5749,.T.);
#5747 = VERTEX_POINT('',#5748);
#5748 = CARTESIAN_POINT('',(10.541,3.048,2.54));
#5749 = LINE('',#5750,#5751);
#5750 = CARTESIAN_POINT('',(10.541,5.08,2.54));
#5751 = VECTOR('',#5752,1.);
#5752 = DIRECTION('',(0.,-1.,1.224646799147E-16));
#5753 = ORIENTED_EDGE('',*,*,#5754,.T.);
#5754 = EDGE_CURVE('',#5747,#5659,#5755,.T.);
#5755 = LINE('',#5756,#5757);
#5756 = CARTESIAN_POINT('',(10.541,3.048,2.54));
#5757 = VECTOR('',#5758,1.);
#5758 = DIRECTION('',(-0.707106781187,-0.707106781187,8.659560562355E-17
    ));
#5759 = ORIENTED_EDGE('',*,*,#5675,.T.);
#5760 = FACE_BOUND('',#5761,.F.);
#5761 = EDGE_LOOP('',(#5762,#5772,#5780,#5788));
#5762 = ORIENTED_EDGE('',*,*,#5763,.T.);
#5763 = EDGE_CURVE('',#5764,#5766,#5768,.T.);
#5764 = VERTEX_POINT('',#5765);
#5765 = CARTESIAN_POINT('',(9.591,4.384,2.54));
#5766 = VERTEX_POINT('',#5767);
#5767 = CARTESIAN_POINT('',(8.951,4.384,2.54));
#5768 = LINE('',#5769,#5770);
#5769 = CARTESIAN_POINT('',(9.111,4.384,2.54));
#5770 = VECTOR('',#5771,1.);
#5771 = DIRECTION('',(-1.,-0.,0.));
#5772 = ORIENTED_EDGE('',*,*,#5773,.T.);
#5773 = EDGE_CURVE('',#5766,#5774,#5776,.T.);
#5774 = VERTEX_POINT('',#5775);
#5775 = CARTESIAN_POINT('',(8.951,3.744,2.54));
#5776 = LINE('',#5777,#5778);
#5777 = CARTESIAN_POINT('',(8.951,4.224,2.54));
#5778 = VECTOR('',#5779,1.);
#5779 = DIRECTION('',(0.,-1.,1.224646799147E-16));
#5780 = ORIENTED_EDGE('',*,*,#5781,.F.);
#5781 = EDGE_CURVE('',#5782,#5774,#5784,.T.);
#5782 = VERTEX_POINT('',#5783);
#5783 = CARTESIAN_POINT('',(9.591,3.744,2.54));
#5784 = LINE('',#5785,#5786);
#5785 = CARTESIAN_POINT('',(9.111,3.744,2.54));
#5786 = VECTOR('',#5787,1.);
#5787 = DIRECTION('',(-1.,-0.,0.));
#5788 = ORIENTED_EDGE('',*,*,#5789,.F.);
#5789 = EDGE_CURVE('',#5764,#5782,#5790,.T.);
#5790 = LINE('',#5791,#5792);
#5791 = CARTESIAN_POINT('',(9.591,4.224,2.54));
#5792 = VECTOR('',#5793,1.);
#5793 = DIRECTION('',(0.,-1.,1.224646799147E-16));
#5794 = PLANE('',#5795);
#5795 = AXIS2_PLACEMENT_3D('',#5796,#5797,#5798);
#5796 = CARTESIAN_POINT('',(9.271,4.064,2.54));
#5797 = DIRECTION('',(0.,-1.224646799147E-16,-1.));
#5798 = DIRECTION('',(1.,0.,0.));
#5799 = ADVANCED_FACE('',(#5800,#5843),#5877,.T.);
#5800 = FACE_BOUND('',#5801,.T.);
#5801 = EDGE_LOOP('',(#5802,#5803,#5804,#5812,#5820,#5828,#5836,#5842));
#5802 = ORIENTED_EDGE('',*,*,#5628,.T.);
#5803 = ORIENTED_EDGE('',*,*,#5690,.T.);
#5804 = ORIENTED_EDGE('',*,*,#5805,.T.);
#5805 = EDGE_CURVE('',#5691,#5806,#5808,.T.);
#5806 = VERTEX_POINT('',#5807);
#5807 = CARTESIAN_POINT('',(8.255,5.334,0.));
#5808 = LINE('',#5809,#5810);
#5809 = CARTESIAN_POINT('',(8.001,5.08,0.));
#5810 = VECTOR('',#5811,1.);
#5811 = DIRECTION('',(0.707106781187,0.707106781187,-8.659560562355E-17)
  );
#5812 = ORIENTED_EDGE('',*,*,#5813,.T.);
#5813 = EDGE_CURVE('',#5806,#5814,#5816,.T.);
#5814 = VERTEX_POINT('',#5815);
#5815 = CARTESIAN_POINT('',(10.287,5.334,0.));
#5816 = LINE('',#5817,#5818);
#5817 = CARTESIAN_POINT('',(8.255,5.334,0.));
#5818 = VECTOR('',#5819,1.);
#5819 = DIRECTION('',(1.,0.,0.));
#5820 = ORIENTED_EDGE('',*,*,#5821,.T.);
#5821 = EDGE_CURVE('',#5814,#5822,#5824,.T.);
#5822 = VERTEX_POINT('',#5823);
#5823 = CARTESIAN_POINT('',(10.541,5.08,0.));
#5824 = LINE('',#5825,#5826);
#5825 = CARTESIAN_POINT('',(10.287,5.334,0.));
#5826 = VECTOR('',#5827,1.);
#5827 = DIRECTION('',(0.707106781187,-0.707106781187,8.659560562355E-17)
  );
#5828 = ORIENTED_EDGE('',*,*,#5829,.T.);
#5829 = EDGE_CURVE('',#5822,#5830,#5832,.T.);
#5830 = VERTEX_POINT('',#5831);
#5831 = CARTESIAN_POINT('',(10.541,3.048,0.));
#5832 = LINE('',#5833,#5834);
#5833 = CARTESIAN_POINT('',(10.541,5.08,0.));
#5834 = VECTOR('',#5835,1.);
#5835 = DIRECTION('',(0.,-1.,1.224646799147E-16));
#5836 = ORIENTED_EDGE('',*,*,#5837,.T.);
#5837 = EDGE_CURVE('',#5830,#5661,#5838,.T.);
#5838 = LINE('',#5839,#5840);
#5839 = CARTESIAN_POINT('',(10.541,3.048,0.));
#5840 = VECTOR('',#5841,1.);
#5841 = DIRECTION('',(-0.707106781187,-0.707106781187,8.659560562355E-17
    ));
#5842 = ORIENTED_EDGE('',*,*,#5668,.T.);
#5843 = FACE_BOUND('',#5844,.T.);
#5844 = EDGE_LOOP('',(#5845,#5855,#5863,#5871));
#5845 = ORIENTED_EDGE('',*,*,#5846,.T.);
#5846 = EDGE_CURVE('',#5847,#5849,#5851,.T.);
#5847 = VERTEX_POINT('',#5848);
#5848 = CARTESIAN_POINT('',(9.591,4.384,0.));
#5849 = VERTEX_POINT('',#5850);
#5850 = CARTESIAN_POINT('',(8.951,4.384,0.));
#5851 = LINE('',#5852,#5853);
#5852 = CARTESIAN_POINT('',(9.111,4.384,0.));
#5853 = VECTOR('',#5854,1.);
#5854 = DIRECTION('',(-1.,-0.,0.));
#5855 = ORIENTED_EDGE('',*,*,#5856,.T.);
#5856 = EDGE_CURVE('',#5849,#5857,#5859,.T.);
#5857 = VERTEX_POINT('',#5858);
#5858 = CARTESIAN_POINT('',(8.951,3.744,0.));
#5859 = LINE('',#5860,#5861);
#5860 = CARTESIAN_POINT('',(8.951,4.224,0.));
#5861 = VECTOR('',#5862,1.);
#5862 = DIRECTION('',(0.,-1.,1.224646799147E-16));
#5863 = ORIENTED_EDGE('',*,*,#5864,.F.);
#5864 = EDGE_CURVE('',#5865,#5857,#5867,.T.);
#5865 = VERTEX_POINT('',#5866);
#5866 = CARTESIAN_POINT('',(9.591,3.744,0.));
#5867 = LINE('',#5868,#5869);
#5868 = CARTESIAN_POINT('',(9.111,3.744,0.));
#5869 = VECTOR('',#5870,1.);
#5870 = DIRECTION('',(-1.,-0.,0.));
#5871 = ORIENTED_EDGE('',*,*,#5872,.F.);
#5872 = EDGE_CURVE('',#5847,#5865,#5873,.T.);
#5873 = LINE('',#5874,#5875);
#5874 = CARTESIAN_POINT('',(9.591,4.224,0.));
#5875 = VECTOR('',#5876,1.);
#5876 = DIRECTION('',(0.,-1.,1.224646799147E-16));
#5877 = PLANE('',#5878);
#5878 = AXIS2_PLACEMENT_3D('',#5879,#5880,#5881);
#5879 = CARTESIAN_POINT('',(9.271,4.064,0.));
#5880 = DIRECTION('',(0.,-1.224646799147E-16,-1.));
#5881 = DIRECTION('',(1.,0.,0.));
#5882 = ADVANCED_FACE('',(#5883),#5894,.F.);
#5883 = FACE_BOUND('',#5884,.F.);
#5884 = EDGE_LOOP('',(#5885,#5891,#5892,#5893));
#5885 = ORIENTED_EDGE('',*,*,#5886,.T.);
#5886 = EDGE_CURVE('',#5747,#5830,#5887,.T.);
#5887 = LINE('',#5888,#5889);
#5888 = CARTESIAN_POINT('',(10.541,3.048,2.54));
#5889 = VECTOR('',#5890,1.);
#5890 = DIRECTION('',(0.,-1.224646799147E-16,-1.));
#5891 = ORIENTED_EDGE('',*,*,#5837,.T.);
#5892 = ORIENTED_EDGE('',*,*,#5658,.F.);
#5893 = ORIENTED_EDGE('',*,*,#5754,.F.);
#5894 = PLANE('',#5895);
#5895 = AXIS2_PLACEMENT_3D('',#5896,#5897,#5898);
#5896 = CARTESIAN_POINT('',(10.541,3.048,2.54));
#5897 = DIRECTION('',(-0.707106781187,0.707106781187,-8.659560562355E-17
    ));
#5898 = DIRECTION('',(-0.707106781187,-0.707106781187,8.659560562355E-17
    ));
#5899 = ADVANCED_FACE('',(#5900),#5911,.F.);
#5900 = FACE_BOUND('',#5901,.F.);
#5901 = EDGE_LOOP('',(#5902,#5903,#5904,#5910));
#5902 = ORIENTED_EDGE('',*,*,#5698,.T.);
#5903 = ORIENTED_EDGE('',*,*,#5805,.T.);
#5904 = ORIENTED_EDGE('',*,*,#5905,.F.);
#5905 = EDGE_CURVE('',#5723,#5806,#5906,.T.);
#5906 = LINE('',#5907,#5908);
#5907 = CARTESIAN_POINT('',(8.255,5.334,2.54));
#5908 = VECTOR('',#5909,1.);
#5909 = DIRECTION('',(0.,-1.224646799147E-16,-1.));
#5910 = ORIENTED_EDGE('',*,*,#5722,.F.);
#5911 = PLANE('',#5912);
#5912 = AXIS2_PLACEMENT_3D('',#5913,#5914,#5915);
#5913 = CARTESIAN_POINT('',(8.001,5.08,2.54));
#5914 = DIRECTION('',(0.707106781187,-0.707106781187,8.659560562355E-17)
  );
#5915 = DIRECTION('',(0.707106781187,0.707106781187,-8.659560562355E-17)
  );
#5916 = ADVANCED_FACE('',(#5917),#5928,.F.);
#5917 = FACE_BOUND('',#5918,.F.);
#5918 = EDGE_LOOP('',(#5919,#5925,#5926,#5927));
#5919 = ORIENTED_EDGE('',*,*,#5920,.T.);
#5920 = EDGE_CURVE('',#5739,#5822,#5921,.T.);
#5921 = LINE('',#5922,#5923);
#5922 = CARTESIAN_POINT('',(10.541,5.08,2.54));
#5923 = VECTOR('',#5924,1.);
#5924 = DIRECTION('',(0.,-1.224646799147E-16,-1.));
#5925 = ORIENTED_EDGE('',*,*,#5829,.T.);
#5926 = ORIENTED_EDGE('',*,*,#5886,.F.);
#5927 = ORIENTED_EDGE('',*,*,#5746,.F.);
#5928 = PLANE('',#5929);
#5929 = AXIS2_PLACEMENT_3D('',#5930,#5931,#5932);
#5930 = CARTESIAN_POINT('',(10.541,5.08,2.54));
#5931 = DIRECTION('',(-1.,-0.,0.));
#5932 = DIRECTION('',(0.,-1.,1.224646799147E-16));
#5933 = ADVANCED_FACE('',(#5934),#5945,.F.);
#5934 = FACE_BOUND('',#5935,.F.);
#5935 = EDGE_LOOP('',(#5936,#5937,#5938,#5944));
#5936 = ORIENTED_EDGE('',*,*,#5905,.T.);
#5937 = ORIENTED_EDGE('',*,*,#5813,.T.);
#5938 = ORIENTED_EDGE('',*,*,#5939,.F.);
#5939 = EDGE_CURVE('',#5731,#5814,#5940,.T.);
#5940 = LINE('',#5941,#5942);
#5941 = CARTESIAN_POINT('',(10.287,5.334,2.54));
#5942 = VECTOR('',#5943,1.);
#5943 = DIRECTION('',(0.,-1.224646799147E-16,-1.));
#5944 = ORIENTED_EDGE('',*,*,#5730,.F.);
#5945 = PLANE('',#5946);
#5946 = AXIS2_PLACEMENT_3D('',#5947,#5948,#5949);
#5947 = CARTESIAN_POINT('',(8.255,5.334,2.54));
#5948 = DIRECTION('',(0.,-1.,1.224646799147E-16));
#5949 = DIRECTION('',(1.,0.,0.));
#5950 = ADVANCED_FACE('',(#5951),#5957,.F.);
#5951 = FACE_BOUND('',#5952,.F.);
#5952 = EDGE_LOOP('',(#5953,#5954,#5955,#5956));
#5953 = ORIENTED_EDGE('',*,*,#5939,.T.);
#5954 = ORIENTED_EDGE('',*,*,#5821,.T.);
#5955 = ORIENTED_EDGE('',*,*,#5920,.F.);
#5956 = ORIENTED_EDGE('',*,*,#5738,.F.);
#5957 = PLANE('',#5958);
#5958 = AXIS2_PLACEMENT_3D('',#5959,#5960,#5961);
#5959 = CARTESIAN_POINT('',(10.287,5.334,2.54));
#5960 = DIRECTION('',(-0.707106781187,-0.707106781187,8.659560562355E-17
    ));
#5961 = DIRECTION('',(0.707106781187,-0.707106781187,8.659560562355E-17)
  );
#5962 = ADVANCED_FACE('',(#5963),#5988,.F.);
#5963 = FACE_BOUND('',#5964,.F.);
#5964 = EDGE_LOOP('',(#5965,#5973,#5981,#5987));
#5965 = ORIENTED_EDGE('',*,*,#5966,.F.);
#5966 = EDGE_CURVE('',#5967,#5764,#5969,.T.);
#5967 = VERTEX_POINT('',#5968);
#5968 = CARTESIAN_POINT('',(9.591,4.384,5.38));
#5969 = LINE('',#5970,#5971);
#5970 = CARTESIAN_POINT('',(9.591,4.384,5.54));
#5971 = VECTOR('',#5972,1.);
#5972 = DIRECTION('',(0.,-1.224646799147E-16,-1.));
#5973 = ORIENTED_EDGE('',*,*,#5974,.F.);
#5974 = EDGE_CURVE('',#5975,#5967,#5977,.T.);
#5975 = VERTEX_POINT('',#5976);
#5976 = CARTESIAN_POINT('',(8.951,4.384,5.38));
#5977 = LINE('',#5978,#5979);
#5978 = CARTESIAN_POINT('',(8.951,4.384,5.38));
#5979 = VECTOR('',#5980,1.);
#5980 = DIRECTION('',(1.,0.,0.));
#5981 = ORIENTED_EDGE('',*,*,#5982,.T.);
#5982 = EDGE_CURVE('',#5975,#5766,#5983,.T.);
#5983 = LINE('',#5984,#5985);
#5984 = CARTESIAN_POINT('',(8.951,4.384,5.54));
#5985 = VECTOR('',#5986,1.);
#5986 = DIRECTION('',(0.,-1.224646799147E-16,-1.));
#5987 = ORIENTED_EDGE('',*,*,#5763,.F.);
#5988 = PLANE('',#5989);
#5989 = AXIS2_PLACEMENT_3D('',#5990,#5991,#5992);
#5990 = CARTESIAN_POINT('',(8.951,4.384,5.54));
#5991 = DIRECTION('',(0.,-1.,1.224646799147E-16));
#5992 = DIRECTION('',(0.,-1.224646799147E-16,-1.));
#5993 = ADVANCED_FACE('',(#5994),#6012,.T.);
#5994 = FACE_BOUND('',#5995,.T.);
#5995 = EDGE_LOOP('',(#5996,#5997,#6005,#6011));
#5996 = ORIENTED_EDGE('',*,*,#5966,.F.);
#5997 = ORIENTED_EDGE('',*,*,#5998,.T.);
#5998 = EDGE_CURVE('',#5967,#5999,#6001,.T.);
#5999 = VERTEX_POINT('',#6000);
#6000 = CARTESIAN_POINT('',(9.591,3.744,5.38));
#6001 = LINE('',#6002,#6003);
#6002 = CARTESIAN_POINT('',(9.591,4.384,5.38));
#6003 = VECTOR('',#6004,1.);
#6004 = DIRECTION('',(0.,-1.,1.224646799147E-16));
#6005 = ORIENTED_EDGE('',*,*,#6006,.T.);
#6006 = EDGE_CURVE('',#5999,#5782,#6007,.T.);
#6007 = LINE('',#6008,#6009);
#6008 = CARTESIAN_POINT('',(9.591,3.744,5.54));
#6009 = VECTOR('',#6010,1.);
#6010 = DIRECTION('',(0.,-1.224646799147E-16,-1.));
#6011 = ORIENTED_EDGE('',*,*,#5789,.F.);
#6012 = PLANE('',#6013);
#6013 = AXIS2_PLACEMENT_3D('',#6014,#6015,#6016);
#6014 = CARTESIAN_POINT('',(9.591,4.384,5.54));
#6015 = DIRECTION('',(1.,0.,0.));
#6016 = DIRECTION('',(0.,-1.224646799147E-16,-1.));
#6017 = ADVANCED_FACE('',(#6018),#6036,.T.);
#6018 = FACE_BOUND('',#6019,.T.);
#6019 = EDGE_LOOP('',(#6020,#6021,#6029,#6035));
#6020 = ORIENTED_EDGE('',*,*,#6006,.F.);
#6021 = ORIENTED_EDGE('',*,*,#6022,.F.);
#6022 = EDGE_CURVE('',#6023,#5999,#6025,.T.);
#6023 = VERTEX_POINT('',#6024);
#6024 = CARTESIAN_POINT('',(8.951,3.744,5.38));
#6025 = LINE('',#6026,#6027);
#6026 = CARTESIAN_POINT('',(8.951,3.744,5.38));
#6027 = VECTOR('',#6028,1.);
#6028 = DIRECTION('',(1.,0.,0.));
#6029 = ORIENTED_EDGE('',*,*,#6030,.T.);
#6030 = EDGE_CURVE('',#6023,#5774,#6031,.T.);
#6031 = LINE('',#6032,#6033);
#6032 = CARTESIAN_POINT('',(8.951,3.744,5.54));
#6033 = VECTOR('',#6034,1.);
#6034 = DIRECTION('',(0.,-1.224646799147E-16,-1.));
#6035 = ORIENTED_EDGE('',*,*,#5781,.F.);
#6036 = PLANE('',#6037);
#6037 = AXIS2_PLACEMENT_3D('',#6038,#6039,#6040);
#6038 = CARTESIAN_POINT('',(8.951,3.744,5.54));
#6039 = DIRECTION('',(0.,-1.,1.224646799147E-16));
#6040 = DIRECTION('',(0.,-1.224646799147E-16,-1.));
#6041 = ADVANCED_FACE('',(#6042),#6053,.F.);
#6042 = FACE_BOUND('',#6043,.F.);
#6043 = EDGE_LOOP('',(#6044,#6045,#6051,#6052));
#6044 = ORIENTED_EDGE('',*,*,#5982,.F.);
#6045 = ORIENTED_EDGE('',*,*,#6046,.T.);
#6046 = EDGE_CURVE('',#5975,#6023,#6047,.T.);
#6047 = LINE('',#6048,#6049);
#6048 = CARTESIAN_POINT('',(8.951,4.384,5.38));
#6049 = VECTOR('',#6050,1.);
#6050 = DIRECTION('',(0.,-1.,1.224646799147E-16));
#6051 = ORIENTED_EDGE('',*,*,#6030,.T.);
#6052 = ORIENTED_EDGE('',*,*,#5773,.F.);
#6053 = PLANE('',#6054);
#6054 = AXIS2_PLACEMENT_3D('',#6055,#6056,#6057);
#6055 = CARTESIAN_POINT('',(8.951,4.384,5.54));
#6056 = DIRECTION('',(1.,0.,0.));
#6057 = DIRECTION('',(0.,-1.224646799147E-16,-1.));
#6058 = ADVANCED_FACE('',(#6059),#6084,.F.);
#6059 = FACE_BOUND('',#6060,.F.);
#6060 = EDGE_LOOP('',(#6061,#6069,#6070,#6078));
#6061 = ORIENTED_EDGE('',*,*,#6062,.F.);
#6062 = EDGE_CURVE('',#5847,#6063,#6065,.T.);
#6063 = VERTEX_POINT('',#6064);
#6064 = CARTESIAN_POINT('',(9.591,4.384,-5.84));
#6065 = LINE('',#6066,#6067);
#6066 = CARTESIAN_POINT('',(9.591,4.384,5.54));
#6067 = VECTOR('',#6068,1.);
#6068 = DIRECTION('',(0.,-1.224646799147E-16,-1.));
#6069 = ORIENTED_EDGE('',*,*,#5846,.T.);
#6070 = ORIENTED_EDGE('',*,*,#6071,.T.);
#6071 = EDGE_CURVE('',#5849,#6072,#6074,.T.);
#6072 = VERTEX_POINT('',#6073);
#6073 = CARTESIAN_POINT('',(8.951,4.384,-5.84));
#6074 = LINE('',#6075,#6076);
#6075 = CARTESIAN_POINT('',(8.951,4.384,5.54));
#6076 = VECTOR('',#6077,1.);
#6077 = DIRECTION('',(0.,-1.224646799147E-16,-1.));
#6078 = ORIENTED_EDGE('',*,*,#6079,.T.);
#6079 = EDGE_CURVE('',#6072,#6063,#6080,.T.);
#6080 = LINE('',#6081,#6082);
#6081 = CARTESIAN_POINT('',(8.951,4.384,-5.84));
#6082 = VECTOR('',#6083,1.);
#6083 = DIRECTION('',(1.,0.,0.));
#6084 = PLANE('',#6085);
#6085 = AXIS2_PLACEMENT_3D('',#6086,#6087,#6088);
#6086 = CARTESIAN_POINT('',(8.951,4.384,5.54));
#6087 = DIRECTION('',(0.,-1.,1.224646799147E-16));
#6088 = DIRECTION('',(0.,-1.224646799147E-16,-1.));
#6089 = ADVANCED_FACE('',(#6090),#6108,.T.);
#6090 = FACE_BOUND('',#6091,.T.);
#6091 = EDGE_LOOP('',(#6092,#6093,#6094,#6102));
#6092 = ORIENTED_EDGE('',*,*,#6062,.F.);
#6093 = ORIENTED_EDGE('',*,*,#5872,.T.);
#6094 = ORIENTED_EDGE('',*,*,#6095,.T.);
#6095 = EDGE_CURVE('',#5865,#6096,#6098,.T.);
#6096 = VERTEX_POINT('',#6097);
#6097 = CARTESIAN_POINT('',(9.591,3.744,-5.84));
#6098 = LINE('',#6099,#6100);
#6099 = CARTESIAN_POINT('',(9.591,3.744,5.54));
#6100 = VECTOR('',#6101,1.);
#6101 = DIRECTION('',(0.,-1.224646799147E-16,-1.));
#6102 = ORIENTED_EDGE('',*,*,#6103,.F.);
#6103 = EDGE_CURVE('',#6063,#6096,#6104,.T.);
#6104 = LINE('',#6105,#6106);
#6105 = CARTESIAN_POINT('',(9.591,4.384,-5.84));
#6106 = VECTOR('',#6107,1.);
#6107 = DIRECTION('',(0.,-1.,1.224646799147E-16));
#6108 = PLANE('',#6109);
#6109 = AXIS2_PLACEMENT_3D('',#6110,#6111,#6112);
#6110 = CARTESIAN_POINT('',(9.591,4.384,5.54));
#6111 = DIRECTION('',(1.,0.,0.));
#6112 = DIRECTION('',(0.,-1.224646799147E-16,-1.));
#6113 = ADVANCED_FACE('',(#6114),#6132,.T.);
#6114 = FACE_BOUND('',#6115,.T.);
#6115 = EDGE_LOOP('',(#6116,#6117,#6118,#6126));
#6116 = ORIENTED_EDGE('',*,*,#6095,.F.);
#6117 = ORIENTED_EDGE('',*,*,#5864,.T.);
#6118 = ORIENTED_EDGE('',*,*,#6119,.T.);
#6119 = EDGE_CURVE('',#5857,#6120,#6122,.T.);
#6120 = VERTEX_POINT('',#6121);
#6121 = CARTESIAN_POINT('',(8.951,3.744,-5.84));
#6122 = LINE('',#6123,#6124);
#6123 = CARTESIAN_POINT('',(8.951,3.744,5.54));
#6124 = VECTOR('',#6125,1.);
#6125 = DIRECTION('',(0.,-1.224646799147E-16,-1.));
#6126 = ORIENTED_EDGE('',*,*,#6127,.T.);
#6127 = EDGE_CURVE('',#6120,#6096,#6128,.T.);
#6128 = LINE('',#6129,#6130);
#6129 = CARTESIAN_POINT('',(8.951,3.744,-5.84));
#6130 = VECTOR('',#6131,1.);
#6131 = DIRECTION('',(1.,0.,0.));
#6132 = PLANE('',#6133);
#6133 = AXIS2_PLACEMENT_3D('',#6134,#6135,#6136);
#6134 = CARTESIAN_POINT('',(8.951,3.744,5.54));
#6135 = DIRECTION('',(0.,-1.,1.224646799147E-16));
#6136 = DIRECTION('',(0.,-1.224646799147E-16,-1.));
#6137 = ADVANCED_FACE('',(#6138),#6149,.F.);
#6138 = FACE_BOUND('',#6139,.F.);
#6139 = EDGE_LOOP('',(#6140,#6141,#6142,#6143));
#6140 = ORIENTED_EDGE('',*,*,#6071,.F.);
#6141 = ORIENTED_EDGE('',*,*,#5856,.T.);
#6142 = ORIENTED_EDGE('',*,*,#6119,.T.);
#6143 = ORIENTED_EDGE('',*,*,#6144,.F.);
#6144 = EDGE_CURVE('',#6072,#6120,#6145,.T.);
#6145 = LINE('',#6146,#6147);
#6146 = CARTESIAN_POINT('',(8.951,4.384,-5.84));
#6147 = VECTOR('',#6148,1.);
#6148 = DIRECTION('',(0.,-1.,1.224646799147E-16));
#6149 = PLANE('',#6150);
#6150 = AXIS2_PLACEMENT_3D('',#6151,#6152,#6153);
#6151 = CARTESIAN_POINT('',(8.951,4.384,5.54));
#6152 = DIRECTION('',(1.,0.,0.));
#6153 = DIRECTION('',(0.,-1.224646799147E-16,-1.));
#6154 = ADVANCED_FACE('',(#6155),#6180,.T.);
#6155 = FACE_BOUND('',#6156,.F.);
#6156 = EDGE_LOOP('',(#6157,#6165,#6166,#6174));
#6157 = ORIENTED_EDGE('',*,*,#6158,.F.);
#6158 = EDGE_CURVE('',#5975,#6159,#6161,.T.);
#6159 = VERTEX_POINT('',#6160);
#6160 = CARTESIAN_POINT('',(9.111,4.224,5.54));
#6161 = LINE('',#6162,#6163);
#6162 = CARTESIAN_POINT('',(9.004333333333,4.330666666667,5.433333333333
    ));
#6163 = VECTOR('',#6164,1.);
#6164 = DIRECTION('',(0.57735026919,-0.57735026919,0.57735026919));
#6165 = ORIENTED_EDGE('',*,*,#5974,.T.);
#6166 = ORIENTED_EDGE('',*,*,#6167,.T.);
#6167 = EDGE_CURVE('',#5967,#6168,#6170,.T.);
#6168 = VERTEX_POINT('',#6169);
#6169 = CARTESIAN_POINT('',(9.431,4.224,5.54));
#6170 = LINE('',#6171,#6172);
#6171 = CARTESIAN_POINT('',(9.431,4.224,5.54));
#6172 = VECTOR('',#6173,1.);
#6173 = DIRECTION('',(-0.57735026919,-0.57735026919,0.57735026919));
#6174 = ORIENTED_EDGE('',*,*,#6175,.F.);
#6175 = EDGE_CURVE('',#6159,#6168,#6176,.T.);
#6176 = LINE('',#6177,#6178);
#6177 = CARTESIAN_POINT('',(8.951,4.224,5.54));
#6178 = VECTOR('',#6179,1.);
#6179 = DIRECTION('',(1.,0.,0.));
#6180 = PLANE('',#6181);
#6181 = AXIS2_PLACEMENT_3D('',#6182,#6183,#6184);
#6182 = CARTESIAN_POINT('',(8.951,4.304,5.46));
#6183 = DIRECTION('',(0.,0.707106781187,0.707106781187));
#6184 = DIRECTION('',(-1.,0.,-0.));
#6185 = ADVANCED_FACE('',(#6186),#6204,.F.);
#6186 = FACE_BOUND('',#6187,.F.);
#6187 = EDGE_LOOP('',(#6188,#6189,#6190,#6198));
#6188 = ORIENTED_EDGE('',*,*,#6167,.F.);
#6189 = ORIENTED_EDGE('',*,*,#5998,.T.);
#6190 = ORIENTED_EDGE('',*,*,#6191,.T.);
#6191 = EDGE_CURVE('',#5999,#6192,#6194,.T.);
#6192 = VERTEX_POINT('',#6193);
#6193 = CARTESIAN_POINT('',(9.431,3.904,5.54));
#6194 = LINE('',#6195,#6196);
#6195 = CARTESIAN_POINT('',(9.324333333333,4.010666666667,5.646666666667
    ));
#6196 = VECTOR('',#6197,1.);
#6197 = DIRECTION('',(-0.57735026919,0.57735026919,0.57735026919));
#6198 = ORIENTED_EDGE('',*,*,#6199,.F.);
#6199 = EDGE_CURVE('',#6168,#6192,#6200,.T.);
#6200 = LINE('',#6201,#6202);
#6201 = CARTESIAN_POINT('',(9.431,4.384,5.54));
#6202 = VECTOR('',#6203,1.);
#6203 = DIRECTION('',(0.,-1.,1.224646799147E-16));
#6204 = PLANE('',#6205);
#6205 = AXIS2_PLACEMENT_3D('',#6206,#6207,#6208);
#6206 = CARTESIAN_POINT('',(9.511,4.384,5.46));
#6207 = DIRECTION('',(-0.707106781187,-8.659560562355E-17,
    -0.707106781187));
#6208 = DIRECTION('',(0.,-1.,1.224646799147E-16));
#6209 = ADVANCED_FACE('',(#6210),#6228,.F.);
#6210 = FACE_BOUND('',#6211,.T.);
#6211 = EDGE_LOOP('',(#6212,#6220,#6221,#6222));
#6212 = ORIENTED_EDGE('',*,*,#6213,.F.);
#6213 = EDGE_CURVE('',#6023,#6214,#6216,.T.);
#6214 = VERTEX_POINT('',#6215);
#6215 = CARTESIAN_POINT('',(9.111,3.904,5.54));
#6216 = LINE('',#6217,#6218);
#6217 = CARTESIAN_POINT('',(9.111,3.904,5.54));
#6218 = VECTOR('',#6219,1.);
#6219 = DIRECTION('',(0.57735026919,0.57735026919,0.57735026919));
#6220 = ORIENTED_EDGE('',*,*,#6022,.T.);
#6221 = ORIENTED_EDGE('',*,*,#6191,.T.);
#6222 = ORIENTED_EDGE('',*,*,#6223,.F.);
#6223 = EDGE_CURVE('',#6214,#6192,#6224,.T.);
#6224 = LINE('',#6225,#6226);
#6225 = CARTESIAN_POINT('',(8.951,3.904,5.54));
#6226 = VECTOR('',#6227,1.);
#6227 = DIRECTION('',(1.,0.,0.));
#6228 = PLANE('',#6229);
#6229 = AXIS2_PLACEMENT_3D('',#6230,#6231,#6232);
#6230 = CARTESIAN_POINT('',(8.951,3.824,5.46));
#6231 = DIRECTION('',(0.,0.707106781187,-0.707106781187));
#6232 = DIRECTION('',(-1.,-0.,0.));
#6233 = ADVANCED_FACE('',(#6234),#6245,.T.);
#6234 = FACE_BOUND('',#6235,.T.);
#6235 = EDGE_LOOP('',(#6236,#6237,#6238,#6239));
#6236 = ORIENTED_EDGE('',*,*,#6158,.F.);
#6237 = ORIENTED_EDGE('',*,*,#6046,.T.);
#6238 = ORIENTED_EDGE('',*,*,#6213,.T.);
#6239 = ORIENTED_EDGE('',*,*,#6240,.F.);
#6240 = EDGE_CURVE('',#6159,#6214,#6241,.T.);
#6241 = LINE('',#6242,#6243);
#6242 = CARTESIAN_POINT('',(9.111,4.384,5.54));
#6243 = VECTOR('',#6244,1.);
#6244 = DIRECTION('',(0.,-1.,1.224646799147E-16));
#6245 = PLANE('',#6246);
#6246 = AXIS2_PLACEMENT_3D('',#6247,#6248,#6249);
#6247 = CARTESIAN_POINT('',(9.031,4.384,5.46));
#6248 = DIRECTION('',(-0.707106781187,8.659560562355E-17,0.707106781187)
  );
#6249 = DIRECTION('',(0.,-1.,1.224646799147E-16));
#6250 = ADVANCED_FACE('',(#6251),#6276,.F.);
#6251 = FACE_BOUND('',#6252,.T.);
#6252 = EDGE_LOOP('',(#6253,#6261,#6262,#6270));
#6253 = ORIENTED_EDGE('',*,*,#6254,.F.);
#6254 = EDGE_CURVE('',#6072,#6255,#6257,.T.);
#6255 = VERTEX_POINT('',#6256);
#6256 = CARTESIAN_POINT('',(9.111,4.224,-6.));
#6257 = LINE('',#6258,#6259);
#6258 = CARTESIAN_POINT('',(9.004333333333,4.330666666667,
    -5.893333333333));
#6259 = VECTOR('',#6260,1.);
#6260 = DIRECTION('',(0.57735026919,-0.57735026919,-0.57735026919));
#6261 = ORIENTED_EDGE('',*,*,#6079,.T.);
#6262 = ORIENTED_EDGE('',*,*,#6263,.T.);
#6263 = EDGE_CURVE('',#6063,#6264,#6266,.T.);
#6264 = VERTEX_POINT('',#6265);
#6265 = CARTESIAN_POINT('',(9.431,4.224,-6.));
#6266 = LINE('',#6267,#6268);
#6267 = CARTESIAN_POINT('',(9.431,4.224,-6.));
#6268 = VECTOR('',#6269,1.);
#6269 = DIRECTION('',(-0.57735026919,-0.57735026919,-0.57735026919));
#6270 = ORIENTED_EDGE('',*,*,#6271,.F.);
#6271 = EDGE_CURVE('',#6255,#6264,#6272,.T.);
#6272 = LINE('',#6273,#6274);
#6273 = CARTESIAN_POINT('',(8.951,4.224,-6.));
#6274 = VECTOR('',#6275,1.);
#6275 = DIRECTION('',(1.,0.,0.));
#6276 = PLANE('',#6277);
#6277 = AXIS2_PLACEMENT_3D('',#6278,#6279,#6280);
#6278 = CARTESIAN_POINT('',(8.951,4.304,-5.92));
#6279 = DIRECTION('',(0.,-0.707106781187,0.707106781187));
#6280 = DIRECTION('',(-1.,0.,-0.));
#6281 = ADVANCED_FACE('',(#6282),#6300,.T.);
#6282 = FACE_BOUND('',#6283,.T.);
#6283 = EDGE_LOOP('',(#6284,#6285,#6286,#6294));
#6284 = ORIENTED_EDGE('',*,*,#6263,.F.);
#6285 = ORIENTED_EDGE('',*,*,#6103,.T.);
#6286 = ORIENTED_EDGE('',*,*,#6287,.T.);
#6287 = EDGE_CURVE('',#6096,#6288,#6290,.T.);
#6288 = VERTEX_POINT('',#6289);
#6289 = CARTESIAN_POINT('',(9.431,3.904,-6.));
#6290 = LINE('',#6291,#6292);
#6291 = CARTESIAN_POINT('',(9.324333333333,4.010666666667,
    -6.106666666667));
#6292 = VECTOR('',#6293,1.);
#6293 = DIRECTION('',(-0.57735026919,0.57735026919,-0.57735026919));
#6294 = ORIENTED_EDGE('',*,*,#6295,.F.);
#6295 = EDGE_CURVE('',#6264,#6288,#6296,.T.);
#6296 = LINE('',#6297,#6298);
#6297 = CARTESIAN_POINT('',(9.431,4.384,-6.));
#6298 = VECTOR('',#6299,1.);
#6299 = DIRECTION('',(0.,-1.,1.224646799147E-16));
#6300 = PLANE('',#6301);
#6301 = AXIS2_PLACEMENT_3D('',#6302,#6303,#6304);
#6302 = CARTESIAN_POINT('',(9.511,4.384,-5.92));
#6303 = DIRECTION('',(0.707106781187,-8.659560562355E-17,-0.707106781187
    ));
#6304 = DIRECTION('',(0.,-1.,1.224646799147E-16));
#6305 = ADVANCED_FACE('',(#6306),#6324,.T.);
#6306 = FACE_BOUND('',#6307,.F.);
#6307 = EDGE_LOOP('',(#6308,#6316,#6317,#6318));
#6308 = ORIENTED_EDGE('',*,*,#6309,.F.);
#6309 = EDGE_CURVE('',#6120,#6310,#6312,.T.);
#6310 = VERTEX_POINT('',#6311);
#6311 = CARTESIAN_POINT('',(9.111,3.904,-6.));
#6312 = LINE('',#6313,#6314);
#6313 = CARTESIAN_POINT('',(9.111,3.904,-6.));
#6314 = VECTOR('',#6315,1.);
#6315 = DIRECTION('',(0.57735026919,0.57735026919,-0.57735026919));
#6316 = ORIENTED_EDGE('',*,*,#6127,.T.);
#6317 = ORIENTED_EDGE('',*,*,#6287,.T.);
#6318 = ORIENTED_EDGE('',*,*,#6319,.F.);
#6319 = EDGE_CURVE('',#6310,#6288,#6320,.T.);
#6320 = LINE('',#6321,#6322);
#6321 = CARTESIAN_POINT('',(8.951,3.904,-6.));
#6322 = VECTOR('',#6323,1.);
#6323 = DIRECTION('',(1.,0.,0.));
#6324 = PLANE('',#6325);
#6325 = AXIS2_PLACEMENT_3D('',#6326,#6327,#6328);
#6326 = CARTESIAN_POINT('',(8.951,3.824,-5.92));
#6327 = DIRECTION('',(0.,-0.707106781187,-0.707106781187));
#6328 = DIRECTION('',(-1.,-0.,0.));
#6329 = ADVANCED_FACE('',(#6330),#6341,.F.);
#6330 = FACE_BOUND('',#6331,.F.);
#6331 = EDGE_LOOP('',(#6332,#6333,#6334,#6335));
#6332 = ORIENTED_EDGE('',*,*,#6254,.F.);
#6333 = ORIENTED_EDGE('',*,*,#6144,.T.);
#6334 = ORIENTED_EDGE('',*,*,#6309,.T.);
#6335 = ORIENTED_EDGE('',*,*,#6336,.F.);
#6336 = EDGE_CURVE('',#6255,#6310,#6337,.T.);
#6337 = LINE('',#6338,#6339);
#6338 = CARTESIAN_POINT('',(9.111,4.384,-6.));
#6339 = VECTOR('',#6340,1.);
#6340 = DIRECTION('',(0.,-1.,1.224646799147E-16));
#6341 = PLANE('',#6342);
#6342 = AXIS2_PLACEMENT_3D('',#6343,#6344,#6345);
#6343 = CARTESIAN_POINT('',(9.031,4.384,-5.92));
#6344 = DIRECTION('',(0.707106781187,8.659560562355E-17,0.707106781187)
  );
#6345 = DIRECTION('',(0.,-1.,1.224646799147E-16));
#6346 = ADVANCED_FACE('',(#6347),#6353,.F.);
#6347 = FACE_BOUND('',#6348,.F.);
#6348 = EDGE_LOOP('',(#6349,#6350,#6351,#6352));
#6349 = ORIENTED_EDGE('',*,*,#6223,.F.);
#6350 = ORIENTED_EDGE('',*,*,#6240,.F.);
#6351 = ORIENTED_EDGE('',*,*,#6175,.T.);
#6352 = ORIENTED_EDGE('',*,*,#6199,.T.);
#6353 = PLANE('',#6354);
#6354 = AXIS2_PLACEMENT_3D('',#6355,#6356,#6357);
#6355 = CARTESIAN_POINT('',(8.951,4.384,5.54));
#6356 = DIRECTION('',(0.,-1.224646799147E-16,-1.));
#6357 = DIRECTION('',(1.,0.,0.));
#6358 = ADVANCED_FACE('',(#6359),#6365,.T.);
#6359 = FACE_BOUND('',#6360,.T.);
#6360 = EDGE_LOOP('',(#6361,#6362,#6363,#6364));
#6361 = ORIENTED_EDGE('',*,*,#6295,.T.);
#6362 = ORIENTED_EDGE('',*,*,#6319,.F.);
#6363 = ORIENTED_EDGE('',*,*,#6336,.F.);
#6364 = ORIENTED_EDGE('',*,*,#6271,.T.);
#6365 = PLANE('',#6366);
#6366 = AXIS2_PLACEMENT_3D('',#6367,#6368,#6369);
#6367 = CARTESIAN_POINT('',(8.951,4.384,-6.));
#6368 = DIRECTION('',(0.,-1.224646799147E-16,-1.));
#6369 = DIRECTION('',(1.,0.,0.));
#6370 = MANIFOLD_SOLID_BREP('',#6371);
#6371 = CLOSED_SHELL('',(#6372,#6412,#6443,#6474,#6557,#6640,#6657,#6674
    ,#6691,#6708,#6720,#6751,#6775,#6799,#6816,#6847,#6871,#6895,#6912,
    #6943,#6967,#6991,#7008,#7039,#7063,#7087,#7104,#7116));
#6372 = ADVANCED_FACE('',(#6373),#6407,.F.);
#6373 = FACE_BOUND('',#6374,.F.);
#6374 = EDGE_LOOP('',(#6375,#6385,#6393,#6401));
#6375 = ORIENTED_EDGE('',*,*,#6376,.T.);
#6376 = EDGE_CURVE('',#6377,#6379,#6381,.T.);
#6377 = VERTEX_POINT('',#6378);
#6378 = CARTESIAN_POINT('',(-10.287,5.334,2.54));
#6379 = VERTEX_POINT('',#6380);
#6380 = CARTESIAN_POINT('',(-10.287,5.334,0.));
#6381 = LINE('',#6382,#6383);
#6382 = CARTESIAN_POINT('',(-10.287,5.334,2.54));
#6383 = VECTOR('',#6384,1.);
#6384 = DIRECTION('',(0.,-1.224646799147E-16,-1.));
#6385 = ORIENTED_EDGE('',*,*,#6386,.T.);
#6386 = EDGE_CURVE('',#6379,#6387,#6389,.T.);
#6387 = VERTEX_POINT('',#6388);
#6388 = CARTESIAN_POINT('',(-10.541,5.588,0.));
#6389 = LINE('',#6390,#6391);
#6390 = CARTESIAN_POINT('',(-10.287,5.334,0.));
#6391 = VECTOR('',#6392,1.);
#6392 = DIRECTION('',(-0.707106781187,0.707106781187,-8.659560562355E-17
    ));
#6393 = ORIENTED_EDGE('',*,*,#6394,.F.);
#6394 = EDGE_CURVE('',#6395,#6387,#6397,.T.);
#6395 = VERTEX_POINT('',#6396);
#6396 = CARTESIAN_POINT('',(-10.541,5.588,2.54));
#6397 = LINE('',#6398,#6399);
#6398 = CARTESIAN_POINT('',(-10.541,5.588,2.54));
#6399 = VECTOR('',#6400,1.);
#6400 = DIRECTION('',(0.,-1.224646799147E-16,-1.));
#6401 = ORIENTED_EDGE('',*,*,#6402,.F.);
#6402 = EDGE_CURVE('',#6377,#6395,#6403,.T.);
#6403 = LINE('',#6404,#6405);
#6404 = CARTESIAN_POINT('',(-10.287,5.334,2.54));
#6405 = VECTOR('',#6406,1.);
#6406 = DIRECTION('',(-0.707106781187,0.707106781187,-8.659560562355E-17
    ));
#6407 = PLANE('',#6408);
#6408 = AXIS2_PLACEMENT_3D('',#6409,#6410,#6411);
#6409 = CARTESIAN_POINT('',(-10.287,5.334,2.54));
#6410 = DIRECTION('',(0.707106781187,0.707106781187,-8.659560562355E-17)
  );
#6411 = DIRECTION('',(-0.707106781187,0.707106781187,-8.659560562355E-17
    ));
#6412 = ADVANCED_FACE('',(#6413),#6438,.F.);
#6413 = FACE_BOUND('',#6414,.F.);
#6414 = EDGE_LOOP('',(#6415,#6425,#6431,#6432));
#6415 = ORIENTED_EDGE('',*,*,#6416,.T.);
#6416 = EDGE_CURVE('',#6417,#6419,#6421,.T.);
#6417 = VERTEX_POINT('',#6418);
#6418 = CARTESIAN_POINT('',(-8.255,5.334,2.54));
#6419 = VERTEX_POINT('',#6420);
#6420 = CARTESIAN_POINT('',(-8.255,5.334,0.));
#6421 = LINE('',#6422,#6423);
#6422 = CARTESIAN_POINT('',(-8.255,5.334,2.54));
#6423 = VECTOR('',#6424,1.);
#6424 = DIRECTION('',(0.,-1.224646799147E-16,-1.));
#6425 = ORIENTED_EDGE('',*,*,#6426,.T.);
#6426 = EDGE_CURVE('',#6419,#6379,#6427,.T.);
#6427 = LINE('',#6428,#6429);
#6428 = CARTESIAN_POINT('',(-8.255,5.334,0.));
#6429 = VECTOR('',#6430,1.);
#6430 = DIRECTION('',(-1.,-0.,0.));
#6431 = ORIENTED_EDGE('',*,*,#6376,.F.);
#6432 = ORIENTED_EDGE('',*,*,#6433,.F.);
#6433 = EDGE_CURVE('',#6417,#6377,#6434,.T.);
#6434 = LINE('',#6435,#6436);
#6435 = CARTESIAN_POINT('',(-8.255,5.334,2.54));
#6436 = VECTOR('',#6437,1.);
#6437 = DIRECTION('',(-1.,-0.,0.));
#6438 = PLANE('',#6439);
#6439 = AXIS2_PLACEMENT_3D('',#6440,#6441,#6442);
#6440 = CARTESIAN_POINT('',(-8.255,5.334,2.54));
#6441 = DIRECTION('',(0.,1.,-1.224646799147E-16));
#6442 = DIRECTION('',(-1.,-0.,0.));
#6443 = ADVANCED_FACE('',(#6444),#6469,.F.);
#6444 = FACE_BOUND('',#6445,.F.);
#6445 = EDGE_LOOP('',(#6446,#6447,#6455,#6463));
#6446 = ORIENTED_EDGE('',*,*,#6394,.T.);
#6447 = ORIENTED_EDGE('',*,*,#6448,.T.);
#6448 = EDGE_CURVE('',#6387,#6449,#6451,.T.);
#6449 = VERTEX_POINT('',#6450);
#6450 = CARTESIAN_POINT('',(-10.541,7.62,0.));
#6451 = LINE('',#6452,#6453);
#6452 = CARTESIAN_POINT('',(-10.541,5.588,0.));
#6453 = VECTOR('',#6454,1.);
#6454 = DIRECTION('',(0.,1.,-1.224646799147E-16));
#6455 = ORIENTED_EDGE('',*,*,#6456,.F.);
#6456 = EDGE_CURVE('',#6457,#6449,#6459,.T.);
#6457 = VERTEX_POINT('',#6458);
#6458 = CARTESIAN_POINT('',(-10.541,7.62,2.54));
#6459 = LINE('',#6460,#6461);
#6460 = CARTESIAN_POINT('',(-10.541,7.62,2.54));
#6461 = VECTOR('',#6462,1.);
#6462 = DIRECTION('',(0.,-1.224646799147E-16,-1.));
#6463 = ORIENTED_EDGE('',*,*,#6464,.F.);
#6464 = EDGE_CURVE('',#6395,#6457,#6465,.T.);
#6465 = LINE('',#6466,#6467);
#6466 = CARTESIAN_POINT('',(-10.541,5.588,2.54));
#6467 = VECTOR('',#6468,1.);
#6468 = DIRECTION('',(0.,1.,-1.224646799147E-16));
#6469 = PLANE('',#6470);
#6470 = AXIS2_PLACEMENT_3D('',#6471,#6472,#6473);
#6471 = CARTESIAN_POINT('',(-10.541,5.588,2.54));
#6472 = DIRECTION('',(1.,0.,0.));
#6473 = DIRECTION('',(0.,1.,-1.224646799147E-16));
#6474 = ADVANCED_FACE('',(#6475,#6518),#6552,.F.);
#6475 = FACE_BOUND('',#6476,.F.);
#6476 = EDGE_LOOP('',(#6477,#6478,#6479,#6487,#6495,#6503,#6511,#6517));
#6477 = ORIENTED_EDGE('',*,*,#6402,.T.);
#6478 = ORIENTED_EDGE('',*,*,#6464,.T.);
#6479 = ORIENTED_EDGE('',*,*,#6480,.T.);
#6480 = EDGE_CURVE('',#6457,#6481,#6483,.T.);
#6481 = VERTEX_POINT('',#6482);
#6482 = CARTESIAN_POINT('',(-10.287,7.874,2.54));
#6483 = LINE('',#6484,#6485);
#6484 = CARTESIAN_POINT('',(-10.541,7.62,2.54));
#6485 = VECTOR('',#6486,1.);
#6486 = DIRECTION('',(0.707106781187,0.707106781187,-8.659560562355E-17)
  );
#6487 = ORIENTED_EDGE('',*,*,#6488,.T.);
#6488 = EDGE_CURVE('',#6481,#6489,#6491,.T.);
#6489 = VERTEX_POINT('',#6490);
#6490 = CARTESIAN_POINT('',(-8.255,7.874,2.54));
#6491 = LINE('',#6492,#6493);
#6492 = CARTESIAN_POINT('',(-10.287,7.874,2.54));
#6493 = VECTOR('',#6494,1.);
#6494 = DIRECTION('',(1.,0.,0.));
#6495 = ORIENTED_EDGE('',*,*,#6496,.T.);
#6496 = EDGE_CURVE('',#6489,#6497,#6499,.T.);
#6497 = VERTEX_POINT('',#6498);
#6498 = CARTESIAN_POINT('',(-8.001,7.62,2.54));
#6499 = LINE('',#6500,#6501);
#6500 = CARTESIAN_POINT('',(-8.255,7.874,2.54));
#6501 = VECTOR('',#6502,1.);
#6502 = DIRECTION('',(0.707106781187,-0.707106781187,8.659560562355E-17)
  );
#6503 = ORIENTED_EDGE('',*,*,#6504,.T.);
#6504 = EDGE_CURVE('',#6497,#6505,#6507,.T.);
#6505 = VERTEX_POINT('',#6506);
#6506 = CARTESIAN_POINT('',(-8.001,5.588,2.54));
#6507 = LINE('',#6508,#6509);
#6508 = CARTESIAN_POINT('',(-8.001,7.62,2.54));
#6509 = VECTOR('',#6510,1.);
#6510 = DIRECTION('',(0.,-1.,1.224646799147E-16));
#6511 = ORIENTED_EDGE('',*,*,#6512,.T.);
#6512 = EDGE_CURVE('',#6505,#6417,#6513,.T.);
#6513 = LINE('',#6514,#6515);
#6514 = CARTESIAN_POINT('',(-8.001,5.588,2.54));
#6515 = VECTOR('',#6516,1.);
#6516 = DIRECTION('',(-0.707106781187,-0.707106781187,8.659560562355E-17
    ));
#6517 = ORIENTED_EDGE('',*,*,#6433,.T.);
#6518 = FACE_BOUND('',#6519,.F.);
#6519 = EDGE_LOOP('',(#6520,#6530,#6538,#6546));
#6520 = ORIENTED_EDGE('',*,*,#6521,.T.);
#6521 = EDGE_CURVE('',#6522,#6524,#6526,.T.);
#6522 = VERTEX_POINT('',#6523);
#6523 = CARTESIAN_POINT('',(-8.951,6.924,2.54));
#6524 = VERTEX_POINT('',#6525);
#6525 = CARTESIAN_POINT('',(-9.591,6.924,2.54));
#6526 = LINE('',#6527,#6528);
#6527 = CARTESIAN_POINT('',(-9.431,6.924,2.54));
#6528 = VECTOR('',#6529,1.);
#6529 = DIRECTION('',(-1.,-0.,0.));
#6530 = ORIENTED_EDGE('',*,*,#6531,.T.);
#6531 = EDGE_CURVE('',#6524,#6532,#6534,.T.);
#6532 = VERTEX_POINT('',#6533);
#6533 = CARTESIAN_POINT('',(-9.591,6.284,2.54));
#6534 = LINE('',#6535,#6536);
#6535 = CARTESIAN_POINT('',(-9.591,6.764,2.54));
#6536 = VECTOR('',#6537,1.);
#6537 = DIRECTION('',(0.,-1.,1.224646799147E-16));
#6538 = ORIENTED_EDGE('',*,*,#6539,.F.);
#6539 = EDGE_CURVE('',#6540,#6532,#6542,.T.);
#6540 = VERTEX_POINT('',#6541);
#6541 = CARTESIAN_POINT('',(-8.951,6.284,2.54));
#6542 = LINE('',#6543,#6544);
#6543 = CARTESIAN_POINT('',(-9.431,6.284,2.54));
#6544 = VECTOR('',#6545,1.);
#6545 = DIRECTION('',(-1.,-0.,0.));
#6546 = ORIENTED_EDGE('',*,*,#6547,.F.);
#6547 = EDGE_CURVE('',#6522,#6540,#6548,.T.);
#6548 = LINE('',#6549,#6550);
#6549 = CARTESIAN_POINT('',(-8.951,6.764,2.54));
#6550 = VECTOR('',#6551,1.);
#6551 = DIRECTION('',(0.,-1.,1.224646799147E-16));
#6552 = PLANE('',#6553);
#6553 = AXIS2_PLACEMENT_3D('',#6554,#6555,#6556);
#6554 = CARTESIAN_POINT('',(-9.271,6.604,2.54));
#6555 = DIRECTION('',(0.,-1.224646799147E-16,-1.));
#6556 = DIRECTION('',(1.,0.,0.));
#6557 = ADVANCED_FACE('',(#6558,#6601),#6635,.T.);
#6558 = FACE_BOUND('',#6559,.T.);
#6559 = EDGE_LOOP('',(#6560,#6561,#6562,#6570,#6578,#6586,#6594,#6600));
#6560 = ORIENTED_EDGE('',*,*,#6386,.T.);
#6561 = ORIENTED_EDGE('',*,*,#6448,.T.);
#6562 = ORIENTED_EDGE('',*,*,#6563,.T.);
#6563 = EDGE_CURVE('',#6449,#6564,#6566,.T.);
#6564 = VERTEX_POINT('',#6565);
#6565 = CARTESIAN_POINT('',(-10.287,7.874,0.));
#6566 = LINE('',#6567,#6568);
#6567 = CARTESIAN_POINT('',(-10.541,7.62,0.));
#6568 = VECTOR('',#6569,1.);
#6569 = DIRECTION('',(0.707106781187,0.707106781187,-8.659560562355E-17)
  );
#6570 = ORIENTED_EDGE('',*,*,#6571,.T.);
#6571 = EDGE_CURVE('',#6564,#6572,#6574,.T.);
#6572 = VERTEX_POINT('',#6573);
#6573 = CARTESIAN_POINT('',(-8.255,7.874,0.));
#6574 = LINE('',#6575,#6576);
#6575 = CARTESIAN_POINT('',(-10.287,7.874,0.));
#6576 = VECTOR('',#6577,1.);
#6577 = DIRECTION('',(1.,0.,0.));
#6578 = ORIENTED_EDGE('',*,*,#6579,.T.);
#6579 = EDGE_CURVE('',#6572,#6580,#6582,.T.);
#6580 = VERTEX_POINT('',#6581);
#6581 = CARTESIAN_POINT('',(-8.001,7.62,0.));
#6582 = LINE('',#6583,#6584);
#6583 = CARTESIAN_POINT('',(-8.255,7.874,0.));
#6584 = VECTOR('',#6585,1.);
#6585 = DIRECTION('',(0.707106781187,-0.707106781187,8.659560562355E-17)
  );
#6586 = ORIENTED_EDGE('',*,*,#6587,.T.);
#6587 = EDGE_CURVE('',#6580,#6588,#6590,.T.);
#6588 = VERTEX_POINT('',#6589);
#6589 = CARTESIAN_POINT('',(-8.001,5.588,0.));
#6590 = LINE('',#6591,#6592);
#6591 = CARTESIAN_POINT('',(-8.001,7.62,0.));
#6592 = VECTOR('',#6593,1.);
#6593 = DIRECTION('',(0.,-1.,1.224646799147E-16));
#6594 = ORIENTED_EDGE('',*,*,#6595,.T.);
#6595 = EDGE_CURVE('',#6588,#6419,#6596,.T.);
#6596 = LINE('',#6597,#6598);
#6597 = CARTESIAN_POINT('',(-8.001,5.588,0.));
#6598 = VECTOR('',#6599,1.);
#6599 = DIRECTION('',(-0.707106781187,-0.707106781187,8.659560562355E-17
    ));
#6600 = ORIENTED_EDGE('',*,*,#6426,.T.);
#6601 = FACE_BOUND('',#6602,.T.);
#6602 = EDGE_LOOP('',(#6603,#6613,#6621,#6629));
#6603 = ORIENTED_EDGE('',*,*,#6604,.T.);
#6604 = EDGE_CURVE('',#6605,#6607,#6609,.T.);
#6605 = VERTEX_POINT('',#6606);
#6606 = CARTESIAN_POINT('',(-8.951,6.924,0.));
#6607 = VERTEX_POINT('',#6608);
#6608 = CARTESIAN_POINT('',(-9.591,6.924,0.));
#6609 = LINE('',#6610,#6611);
#6610 = CARTESIAN_POINT('',(-9.431,6.924,0.));
#6611 = VECTOR('',#6612,1.);
#6612 = DIRECTION('',(-1.,-0.,0.));
#6613 = ORIENTED_EDGE('',*,*,#6614,.T.);
#6614 = EDGE_CURVE('',#6607,#6615,#6617,.T.);
#6615 = VERTEX_POINT('',#6616);
#6616 = CARTESIAN_POINT('',(-9.591,6.284,0.));
#6617 = LINE('',#6618,#6619);
#6618 = CARTESIAN_POINT('',(-9.591,6.764,0.));
#6619 = VECTOR('',#6620,1.);
#6620 = DIRECTION('',(0.,-1.,1.224646799147E-16));
#6621 = ORIENTED_EDGE('',*,*,#6622,.F.);
#6622 = EDGE_CURVE('',#6623,#6615,#6625,.T.);
#6623 = VERTEX_POINT('',#6624);
#6624 = CARTESIAN_POINT('',(-8.951,6.284,0.));
#6625 = LINE('',#6626,#6627);
#6626 = CARTESIAN_POINT('',(-9.431,6.284,0.));
#6627 = VECTOR('',#6628,1.);
#6628 = DIRECTION('',(-1.,-0.,0.));
#6629 = ORIENTED_EDGE('',*,*,#6630,.F.);
#6630 = EDGE_CURVE('',#6605,#6623,#6631,.T.);
#6631 = LINE('',#6632,#6633);
#6632 = CARTESIAN_POINT('',(-8.951,6.764,0.));
#6633 = VECTOR('',#6634,1.);
#6634 = DIRECTION('',(0.,-1.,1.224646799147E-16));
#6635 = PLANE('',#6636);
#6636 = AXIS2_PLACEMENT_3D('',#6637,#6638,#6639);
#6637 = CARTESIAN_POINT('',(-9.271,6.604,0.));
#6638 = DIRECTION('',(0.,-1.224646799147E-16,-1.));
#6639 = DIRECTION('',(1.,0.,0.));
#6640 = ADVANCED_FACE('',(#6641),#6652,.F.);
#6641 = FACE_BOUND('',#6642,.F.);
#6642 = EDGE_LOOP('',(#6643,#6649,#6650,#6651));
#6643 = ORIENTED_EDGE('',*,*,#6644,.T.);
#6644 = EDGE_CURVE('',#6505,#6588,#6645,.T.);
#6645 = LINE('',#6646,#6647);
#6646 = CARTESIAN_POINT('',(-8.001,5.588,2.54));
#6647 = VECTOR('',#6648,1.);
#6648 = DIRECTION('',(0.,-1.224646799147E-16,-1.));
#6649 = ORIENTED_EDGE('',*,*,#6595,.T.);
#6650 = ORIENTED_EDGE('',*,*,#6416,.F.);
#6651 = ORIENTED_EDGE('',*,*,#6512,.F.);
#6652 = PLANE('',#6653);
#6653 = AXIS2_PLACEMENT_3D('',#6654,#6655,#6656);
#6654 = CARTESIAN_POINT('',(-8.001,5.588,2.54));
#6655 = DIRECTION('',(-0.707106781187,0.707106781187,-8.659560562355E-17
    ));
#6656 = DIRECTION('',(-0.707106781187,-0.707106781187,8.659560562355E-17
    ));
#6657 = ADVANCED_FACE('',(#6658),#6669,.F.);
#6658 = FACE_BOUND('',#6659,.F.);
#6659 = EDGE_LOOP('',(#6660,#6661,#6662,#6668));
#6660 = ORIENTED_EDGE('',*,*,#6456,.T.);
#6661 = ORIENTED_EDGE('',*,*,#6563,.T.);
#6662 = ORIENTED_EDGE('',*,*,#6663,.F.);
#6663 = EDGE_CURVE('',#6481,#6564,#6664,.T.);
#6664 = LINE('',#6665,#6666);
#6665 = CARTESIAN_POINT('',(-10.287,7.874,2.54));
#6666 = VECTOR('',#6667,1.);
#6667 = DIRECTION('',(0.,-1.224646799147E-16,-1.));
#6668 = ORIENTED_EDGE('',*,*,#6480,.F.);
#6669 = PLANE('',#6670);
#6670 = AXIS2_PLACEMENT_3D('',#6671,#6672,#6673);
#6671 = CARTESIAN_POINT('',(-10.541,7.62,2.54));
#6672 = DIRECTION('',(0.707106781187,-0.707106781187,8.659560562355E-17)
  );
#6673 = DIRECTION('',(0.707106781187,0.707106781187,-8.659560562355E-17)
  );
#6674 = ADVANCED_FACE('',(#6675),#6686,.F.);
#6675 = FACE_BOUND('',#6676,.F.);
#6676 = EDGE_LOOP('',(#6677,#6683,#6684,#6685));
#6677 = ORIENTED_EDGE('',*,*,#6678,.T.);
#6678 = EDGE_CURVE('',#6497,#6580,#6679,.T.);
#6679 = LINE('',#6680,#6681);
#6680 = CARTESIAN_POINT('',(-8.001,7.62,2.54));
#6681 = VECTOR('',#6682,1.);
#6682 = DIRECTION('',(0.,-1.224646799147E-16,-1.));
#6683 = ORIENTED_EDGE('',*,*,#6587,.T.);
#6684 = ORIENTED_EDGE('',*,*,#6644,.F.);
#6685 = ORIENTED_EDGE('',*,*,#6504,.F.);
#6686 = PLANE('',#6687);
#6687 = AXIS2_PLACEMENT_3D('',#6688,#6689,#6690);
#6688 = CARTESIAN_POINT('',(-8.001,7.62,2.54));
#6689 = DIRECTION('',(-1.,-0.,0.));
#6690 = DIRECTION('',(0.,-1.,1.224646799147E-16));
#6691 = ADVANCED_FACE('',(#6692),#6703,.F.);
#6692 = FACE_BOUND('',#6693,.F.);
#6693 = EDGE_LOOP('',(#6694,#6695,#6696,#6702));
#6694 = ORIENTED_EDGE('',*,*,#6663,.T.);
#6695 = ORIENTED_EDGE('',*,*,#6571,.T.);
#6696 = ORIENTED_EDGE('',*,*,#6697,.F.);
#6697 = EDGE_CURVE('',#6489,#6572,#6698,.T.);
#6698 = LINE('',#6699,#6700);
#6699 = CARTESIAN_POINT('',(-8.255,7.874,2.54));
#6700 = VECTOR('',#6701,1.);
#6701 = DIRECTION('',(0.,-1.224646799147E-16,-1.));
#6702 = ORIENTED_EDGE('',*,*,#6488,.F.);
#6703 = PLANE('',#6704);
#6704 = AXIS2_PLACEMENT_3D('',#6705,#6706,#6707);
#6705 = CARTESIAN_POINT('',(-10.287,7.874,2.54));
#6706 = DIRECTION('',(0.,-1.,1.224646799147E-16));
#6707 = DIRECTION('',(1.,0.,0.));
#6708 = ADVANCED_FACE('',(#6709),#6715,.F.);
#6709 = FACE_BOUND('',#6710,.F.);
#6710 = EDGE_LOOP('',(#6711,#6712,#6713,#6714));
#6711 = ORIENTED_EDGE('',*,*,#6697,.T.);
#6712 = ORIENTED_EDGE('',*,*,#6579,.T.);
#6713 = ORIENTED_EDGE('',*,*,#6678,.F.);
#6714 = ORIENTED_EDGE('',*,*,#6496,.F.);
#6715 = PLANE('',#6716);
#6716 = AXIS2_PLACEMENT_3D('',#6717,#6718,#6719);
#6717 = CARTESIAN_POINT('',(-8.255,7.874,2.54));
#6718 = DIRECTION('',(-0.707106781187,-0.707106781187,8.659560562355E-17
    ));
#6719 = DIRECTION('',(0.707106781187,-0.707106781187,8.659560562355E-17)
  );
#6720 = ADVANCED_FACE('',(#6721),#6746,.F.);
#6721 = FACE_BOUND('',#6722,.F.);
#6722 = EDGE_LOOP('',(#6723,#6731,#6739,#6745));
#6723 = ORIENTED_EDGE('',*,*,#6724,.F.);
#6724 = EDGE_CURVE('',#6725,#6522,#6727,.T.);
#6725 = VERTEX_POINT('',#6726);
#6726 = CARTESIAN_POINT('',(-8.951,6.924,5.38));
#6727 = LINE('',#6728,#6729);
#6728 = CARTESIAN_POINT('',(-8.951,6.924,5.54));
#6729 = VECTOR('',#6730,1.);
#6730 = DIRECTION('',(0.,-1.224646799147E-16,-1.));
#6731 = ORIENTED_EDGE('',*,*,#6732,.F.);
#6732 = EDGE_CURVE('',#6733,#6725,#6735,.T.);
#6733 = VERTEX_POINT('',#6734);
#6734 = CARTESIAN_POINT('',(-9.591,6.924,5.38));
#6735 = LINE('',#6736,#6737);
#6736 = CARTESIAN_POINT('',(-9.591,6.924,5.38));
#6737 = VECTOR('',#6738,1.);
#6738 = DIRECTION('',(1.,0.,0.));
#6739 = ORIENTED_EDGE('',*,*,#6740,.T.);
#6740 = EDGE_CURVE('',#6733,#6524,#6741,.T.);
#6741 = LINE('',#6742,#6743);
#6742 = CARTESIAN_POINT('',(-9.591,6.924,5.54));
#6743 = VECTOR('',#6744,1.);
#6744 = DIRECTION('',(0.,-1.224646799147E-16,-1.));
#6745 = ORIENTED_EDGE('',*,*,#6521,.F.);
#6746 = PLANE('',#6747);
#6747 = AXIS2_PLACEMENT_3D('',#6748,#6749,#6750);
#6748 = CARTESIAN_POINT('',(-9.591,6.924,5.54));
#6749 = DIRECTION('',(0.,-1.,1.224646799147E-16));
#6750 = DIRECTION('',(0.,-1.224646799147E-16,-1.));
#6751 = ADVANCED_FACE('',(#6752),#6770,.T.);
#6752 = FACE_BOUND('',#6753,.T.);
#6753 = EDGE_LOOP('',(#6754,#6755,#6763,#6769));
#6754 = ORIENTED_EDGE('',*,*,#6724,.F.);
#6755 = ORIENTED_EDGE('',*,*,#6756,.T.);
#6756 = EDGE_CURVE('',#6725,#6757,#6759,.T.);
#6757 = VERTEX_POINT('',#6758);
#6758 = CARTESIAN_POINT('',(-8.951,6.284,5.38));
#6759 = LINE('',#6760,#6761);
#6760 = CARTESIAN_POINT('',(-8.951,6.924,5.38));
#6761 = VECTOR('',#6762,1.);
#6762 = DIRECTION('',(0.,-1.,1.224646799147E-16));
#6763 = ORIENTED_EDGE('',*,*,#6764,.T.);
#6764 = EDGE_CURVE('',#6757,#6540,#6765,.T.);
#6765 = LINE('',#6766,#6767);
#6766 = CARTESIAN_POINT('',(-8.951,6.284,5.54));
#6767 = VECTOR('',#6768,1.);
#6768 = DIRECTION('',(0.,-1.224646799147E-16,-1.));
#6769 = ORIENTED_EDGE('',*,*,#6547,.F.);
#6770 = PLANE('',#6771);
#6771 = AXIS2_PLACEMENT_3D('',#6772,#6773,#6774);
#6772 = CARTESIAN_POINT('',(-8.951,6.924,5.54));
#6773 = DIRECTION('',(1.,0.,0.));
#6774 = DIRECTION('',(0.,-1.224646799147E-16,-1.));
#6775 = ADVANCED_FACE('',(#6776),#6794,.T.);
#6776 = FACE_BOUND('',#6777,.T.);
#6777 = EDGE_LOOP('',(#6778,#6779,#6787,#6793));
#6778 = ORIENTED_EDGE('',*,*,#6764,.F.);
#6779 = ORIENTED_EDGE('',*,*,#6780,.F.);
#6780 = EDGE_CURVE('',#6781,#6757,#6783,.T.);
#6781 = VERTEX_POINT('',#6782);
#6782 = CARTESIAN_POINT('',(-9.591,6.284,5.38));
#6783 = LINE('',#6784,#6785);
#6784 = CARTESIAN_POINT('',(-9.591,6.284,5.38));
#6785 = VECTOR('',#6786,1.);
#6786 = DIRECTION('',(1.,0.,0.));
#6787 = ORIENTED_EDGE('',*,*,#6788,.T.);
#6788 = EDGE_CURVE('',#6781,#6532,#6789,.T.);
#6789 = LINE('',#6790,#6791);
#6790 = CARTESIAN_POINT('',(-9.591,6.284,5.54));
#6791 = VECTOR('',#6792,1.);
#6792 = DIRECTION('',(0.,-1.224646799147E-16,-1.));
#6793 = ORIENTED_EDGE('',*,*,#6539,.F.);
#6794 = PLANE('',#6795);
#6795 = AXIS2_PLACEMENT_3D('',#6796,#6797,#6798);
#6796 = CARTESIAN_POINT('',(-9.591,6.284,5.54));
#6797 = DIRECTION('',(0.,-1.,1.224646799147E-16));
#6798 = DIRECTION('',(0.,-1.224646799147E-16,-1.));
#6799 = ADVANCED_FACE('',(#6800),#6811,.F.);
#6800 = FACE_BOUND('',#6801,.F.);
#6801 = EDGE_LOOP('',(#6802,#6803,#6809,#6810));
#6802 = ORIENTED_EDGE('',*,*,#6740,.F.);
#6803 = ORIENTED_EDGE('',*,*,#6804,.T.);
#6804 = EDGE_CURVE('',#6733,#6781,#6805,.T.);
#6805 = LINE('',#6806,#6807);
#6806 = CARTESIAN_POINT('',(-9.591,6.924,5.38));
#6807 = VECTOR('',#6808,1.);
#6808 = DIRECTION('',(0.,-1.,1.224646799147E-16));
#6809 = ORIENTED_EDGE('',*,*,#6788,.T.);
#6810 = ORIENTED_EDGE('',*,*,#6531,.F.);
#6811 = PLANE('',#6812);
#6812 = AXIS2_PLACEMENT_3D('',#6813,#6814,#6815);
#6813 = CARTESIAN_POINT('',(-9.591,6.924,5.54));
#6814 = DIRECTION('',(1.,0.,0.));
#6815 = DIRECTION('',(0.,-1.224646799147E-16,-1.));
#6816 = ADVANCED_FACE('',(#6817),#6842,.F.);
#6817 = FACE_BOUND('',#6818,.F.);
#6818 = EDGE_LOOP('',(#6819,#6827,#6828,#6836));
#6819 = ORIENTED_EDGE('',*,*,#6820,.F.);
#6820 = EDGE_CURVE('',#6605,#6821,#6823,.T.);
#6821 = VERTEX_POINT('',#6822);
#6822 = CARTESIAN_POINT('',(-8.951,6.924,-5.84));
#6823 = LINE('',#6824,#6825);
#6824 = CARTESIAN_POINT('',(-8.951,6.924,5.54));
#6825 = VECTOR('',#6826,1.);
#6826 = DIRECTION('',(0.,-1.224646799147E-16,-1.));
#6827 = ORIENTED_EDGE('',*,*,#6604,.T.);
#6828 = ORIENTED_EDGE('',*,*,#6829,.T.);
#6829 = EDGE_CURVE('',#6607,#6830,#6832,.T.);
#6830 = VERTEX_POINT('',#6831);
#6831 = CARTESIAN_POINT('',(-9.591,6.924,-5.84));
#6832 = LINE('',#6833,#6834);
#6833 = CARTESIAN_POINT('',(-9.591,6.924,5.54));
#6834 = VECTOR('',#6835,1.);
#6835 = DIRECTION('',(0.,-1.224646799147E-16,-1.));
#6836 = ORIENTED_EDGE('',*,*,#6837,.T.);
#6837 = EDGE_CURVE('',#6830,#6821,#6838,.T.);
#6838 = LINE('',#6839,#6840);
#6839 = CARTESIAN_POINT('',(-9.591,6.924,-5.84));
#6840 = VECTOR('',#6841,1.);
#6841 = DIRECTION('',(1.,0.,0.));
#6842 = PLANE('',#6843);
#6843 = AXIS2_PLACEMENT_3D('',#6844,#6845,#6846);
#6844 = CARTESIAN_POINT('',(-9.591,6.924,5.54));
#6845 = DIRECTION('',(0.,-1.,1.224646799147E-16));
#6846 = DIRECTION('',(0.,-1.224646799147E-16,-1.));
#6847 = ADVANCED_FACE('',(#6848),#6866,.T.);
#6848 = FACE_BOUND('',#6849,.T.);
#6849 = EDGE_LOOP('',(#6850,#6851,#6852,#6860));
#6850 = ORIENTED_EDGE('',*,*,#6820,.F.);
#6851 = ORIENTED_EDGE('',*,*,#6630,.T.);
#6852 = ORIENTED_EDGE('',*,*,#6853,.T.);
#6853 = EDGE_CURVE('',#6623,#6854,#6856,.T.);
#6854 = VERTEX_POINT('',#6855);
#6855 = CARTESIAN_POINT('',(-8.951,6.284,-5.84));
#6856 = LINE('',#6857,#6858);
#6857 = CARTESIAN_POINT('',(-8.951,6.284,5.54));
#6858 = VECTOR('',#6859,1.);
#6859 = DIRECTION('',(0.,-1.224646799147E-16,-1.));
#6860 = ORIENTED_EDGE('',*,*,#6861,.F.);
#6861 = EDGE_CURVE('',#6821,#6854,#6862,.T.);
#6862 = LINE('',#6863,#6864);
#6863 = CARTESIAN_POINT('',(-8.951,6.924,-5.84));
#6864 = VECTOR('',#6865,1.);
#6865 = DIRECTION('',(0.,-1.,1.224646799147E-16));
#6866 = PLANE('',#6867);
#6867 = AXIS2_PLACEMENT_3D('',#6868,#6869,#6870);
#6868 = CARTESIAN_POINT('',(-8.951,6.924,5.54));
#6869 = DIRECTION('',(1.,0.,0.));
#6870 = DIRECTION('',(0.,-1.224646799147E-16,-1.));
#6871 = ADVANCED_FACE('',(#6872),#6890,.T.);
#6872 = FACE_BOUND('',#6873,.T.);
#6873 = EDGE_LOOP('',(#6874,#6875,#6876,#6884));
#6874 = ORIENTED_EDGE('',*,*,#6853,.F.);
#6875 = ORIENTED_EDGE('',*,*,#6622,.T.);
#6876 = ORIENTED_EDGE('',*,*,#6877,.T.);
#6877 = EDGE_CURVE('',#6615,#6878,#6880,.T.);
#6878 = VERTEX_POINT('',#6879);
#6879 = CARTESIAN_POINT('',(-9.591,6.284,-5.84));
#6880 = LINE('',#6881,#6882);
#6881 = CARTESIAN_POINT('',(-9.591,6.284,5.54));
#6882 = VECTOR('',#6883,1.);
#6883 = DIRECTION('',(0.,-1.224646799147E-16,-1.));
#6884 = ORIENTED_EDGE('',*,*,#6885,.T.);
#6885 = EDGE_CURVE('',#6878,#6854,#6886,.T.);
#6886 = LINE('',#6887,#6888);
#6887 = CARTESIAN_POINT('',(-9.591,6.284,-5.84));
#6888 = VECTOR('',#6889,1.);
#6889 = DIRECTION('',(1.,0.,0.));
#6890 = PLANE('',#6891);
#6891 = AXIS2_PLACEMENT_3D('',#6892,#6893,#6894);
#6892 = CARTESIAN_POINT('',(-9.591,6.284,5.54));
#6893 = DIRECTION('',(0.,-1.,1.224646799147E-16));
#6894 = DIRECTION('',(0.,-1.224646799147E-16,-1.));
#6895 = ADVANCED_FACE('',(#6896),#6907,.F.);
#6896 = FACE_BOUND('',#6897,.F.);
#6897 = EDGE_LOOP('',(#6898,#6899,#6900,#6901));
#6898 = ORIENTED_EDGE('',*,*,#6829,.F.);
#6899 = ORIENTED_EDGE('',*,*,#6614,.T.);
#6900 = ORIENTED_EDGE('',*,*,#6877,.T.);
#6901 = ORIENTED_EDGE('',*,*,#6902,.F.);
#6902 = EDGE_CURVE('',#6830,#6878,#6903,.T.);
#6903 = LINE('',#6904,#6905);
#6904 = CARTESIAN_POINT('',(-9.591,6.924,-5.84));
#6905 = VECTOR('',#6906,1.);
#6906 = DIRECTION('',(0.,-1.,1.224646799147E-16));
#6907 = PLANE('',#6908);
#6908 = AXIS2_PLACEMENT_3D('',#6909,#6910,#6911);
#6909 = CARTESIAN_POINT('',(-9.591,6.924,5.54));
#6910 = DIRECTION('',(1.,0.,0.));
#6911 = DIRECTION('',(0.,-1.224646799147E-16,-1.));
#6912 = ADVANCED_FACE('',(#6913),#6938,.T.);
#6913 = FACE_BOUND('',#6914,.F.);
#6914 = EDGE_LOOP('',(#6915,#6923,#6924,#6932));
#6915 = ORIENTED_EDGE('',*,*,#6916,.F.);
#6916 = EDGE_CURVE('',#6733,#6917,#6919,.T.);
#6917 = VERTEX_POINT('',#6918);
#6918 = CARTESIAN_POINT('',(-9.431,6.764,5.54));
#6919 = LINE('',#6920,#6921);
#6920 = CARTESIAN_POINT('',(-9.537666666667,6.870666666667,
    5.433333333333));
#6921 = VECTOR('',#6922,1.);
#6922 = DIRECTION('',(0.57735026919,-0.57735026919,0.57735026919));
#6923 = ORIENTED_EDGE('',*,*,#6732,.T.);
#6924 = ORIENTED_EDGE('',*,*,#6925,.T.);
#6925 = EDGE_CURVE('',#6725,#6926,#6928,.T.);
#6926 = VERTEX_POINT('',#6927);
#6927 = CARTESIAN_POINT('',(-9.111,6.764,5.54));
#6928 = LINE('',#6929,#6930);
#6929 = CARTESIAN_POINT('',(-9.111,6.764,5.54));
#6930 = VECTOR('',#6931,1.);
#6931 = DIRECTION('',(-0.57735026919,-0.57735026919,0.57735026919));
#6932 = ORIENTED_EDGE('',*,*,#6933,.F.);
#6933 = EDGE_CURVE('',#6917,#6926,#6934,.T.);
#6934 = LINE('',#6935,#6936);
#6935 = CARTESIAN_POINT('',(-9.591,6.764,5.54));
#6936 = VECTOR('',#6937,1.);
#6937 = DIRECTION('',(1.,0.,0.));
#6938 = PLANE('',#6939);
#6939 = AXIS2_PLACEMENT_3D('',#6940,#6941,#6942);
#6940 = CARTESIAN_POINT('',(-9.591,6.844,5.46));
#6941 = DIRECTION('',(0.,0.707106781187,0.707106781187));
#6942 = DIRECTION('',(-1.,0.,-0.));
#6943 = ADVANCED_FACE('',(#6944),#6962,.F.);
#6944 = FACE_BOUND('',#6945,.F.);
#6945 = EDGE_LOOP('',(#6946,#6947,#6948,#6956));
#6946 = ORIENTED_EDGE('',*,*,#6925,.F.);
#6947 = ORIENTED_EDGE('',*,*,#6756,.T.);
#6948 = ORIENTED_EDGE('',*,*,#6949,.T.);
#6949 = EDGE_CURVE('',#6757,#6950,#6952,.T.);
#6950 = VERTEX_POINT('',#6951);
#6951 = CARTESIAN_POINT('',(-9.111,6.444,5.54));
#6952 = LINE('',#6953,#6954);
#6953 = CARTESIAN_POINT('',(-9.217666666667,6.550666666667,
    5.646666666667));
#6954 = VECTOR('',#6955,1.);
#6955 = DIRECTION('',(-0.57735026919,0.57735026919,0.57735026919));
#6956 = ORIENTED_EDGE('',*,*,#6957,.F.);
#6957 = EDGE_CURVE('',#6926,#6950,#6958,.T.);
#6958 = LINE('',#6959,#6960);
#6959 = CARTESIAN_POINT('',(-9.111,6.924,5.54));
#6960 = VECTOR('',#6961,1.);
#6961 = DIRECTION('',(0.,-1.,1.224646799147E-16));
#6962 = PLANE('',#6963);
#6963 = AXIS2_PLACEMENT_3D('',#6964,#6965,#6966);
#6964 = CARTESIAN_POINT('',(-9.031,6.924,5.46));
#6965 = DIRECTION('',(-0.707106781187,-8.659560562355E-17,
    -0.707106781187));
#6966 = DIRECTION('',(0.,-1.,1.224646799147E-16));
#6967 = ADVANCED_FACE('',(#6968),#6986,.F.);
#6968 = FACE_BOUND('',#6969,.T.);
#6969 = EDGE_LOOP('',(#6970,#6978,#6979,#6980));
#6970 = ORIENTED_EDGE('',*,*,#6971,.F.);
#6971 = EDGE_CURVE('',#6781,#6972,#6974,.T.);
#6972 = VERTEX_POINT('',#6973);
#6973 = CARTESIAN_POINT('',(-9.431,6.444,5.54));
#6974 = LINE('',#6975,#6976);
#6975 = CARTESIAN_POINT('',(-9.431,6.444,5.54));
#6976 = VECTOR('',#6977,1.);
#6977 = DIRECTION('',(0.57735026919,0.57735026919,0.57735026919));
#6978 = ORIENTED_EDGE('',*,*,#6780,.T.);
#6979 = ORIENTED_EDGE('',*,*,#6949,.T.);
#6980 = ORIENTED_EDGE('',*,*,#6981,.F.);
#6981 = EDGE_CURVE('',#6972,#6950,#6982,.T.);
#6982 = LINE('',#6983,#6984);
#6983 = CARTESIAN_POINT('',(-9.591,6.444,5.54));
#6984 = VECTOR('',#6985,1.);
#6985 = DIRECTION('',(1.,0.,0.));
#6986 = PLANE('',#6987);
#6987 = AXIS2_PLACEMENT_3D('',#6988,#6989,#6990);
#6988 = CARTESIAN_POINT('',(-9.591,6.364,5.46));
#6989 = DIRECTION('',(0.,0.707106781187,-0.707106781187));
#6990 = DIRECTION('',(-1.,-0.,0.));
#6991 = ADVANCED_FACE('',(#6992),#7003,.T.);
#6992 = FACE_BOUND('',#6993,.T.);
#6993 = EDGE_LOOP('',(#6994,#6995,#6996,#6997));
#6994 = ORIENTED_EDGE('',*,*,#6916,.F.);
#6995 = ORIENTED_EDGE('',*,*,#6804,.T.);
#6996 = ORIENTED_EDGE('',*,*,#6971,.T.);
#6997 = ORIENTED_EDGE('',*,*,#6998,.F.);
#6998 = EDGE_CURVE('',#6917,#6972,#6999,.T.);
#6999 = LINE('',#7000,#7001);
#7000 = CARTESIAN_POINT('',(-9.431,6.924,5.54));
#7001 = VECTOR('',#7002,1.);
#7002 = DIRECTION('',(0.,-1.,1.224646799147E-16));
#7003 = PLANE('',#7004);
#7004 = AXIS2_PLACEMENT_3D('',#7005,#7006,#7007);
#7005 = CARTESIAN_POINT('',(-9.511,6.924,5.46));
#7006 = DIRECTION('',(-0.707106781187,8.659560562355E-17,0.707106781187)
  );
#7007 = DIRECTION('',(0.,-1.,1.224646799147E-16));
#7008 = ADVANCED_FACE('',(#7009),#7034,.F.);
#7009 = FACE_BOUND('',#7010,.T.);
#7010 = EDGE_LOOP('',(#7011,#7019,#7020,#7028));
#7011 = ORIENTED_EDGE('',*,*,#7012,.F.);
#7012 = EDGE_CURVE('',#6830,#7013,#7015,.T.);
#7013 = VERTEX_POINT('',#7014);
#7014 = CARTESIAN_POINT('',(-9.431,6.764,-6.));
#7015 = LINE('',#7016,#7017);
#7016 = CARTESIAN_POINT('',(-9.537666666667,6.870666666667,
    -5.893333333333));
#7017 = VECTOR('',#7018,1.);
#7018 = DIRECTION('',(0.57735026919,-0.57735026919,-0.57735026919));
#7019 = ORIENTED_EDGE('',*,*,#6837,.T.);
#7020 = ORIENTED_EDGE('',*,*,#7021,.T.);
#7021 = EDGE_CURVE('',#6821,#7022,#7024,.T.);
#7022 = VERTEX_POINT('',#7023);
#7023 = CARTESIAN_POINT('',(-9.111,6.764,-6.));
#7024 = LINE('',#7025,#7026);
#7025 = CARTESIAN_POINT('',(-9.111,6.764,-6.));
#7026 = VECTOR('',#7027,1.);
#7027 = DIRECTION('',(-0.57735026919,-0.57735026919,-0.57735026919));
#7028 = ORIENTED_EDGE('',*,*,#7029,.F.);
#7029 = EDGE_CURVE('',#7013,#7022,#7030,.T.);
#7030 = LINE('',#7031,#7032);
#7031 = CARTESIAN_POINT('',(-9.591,6.764,-6.));
#7032 = VECTOR('',#7033,1.);
#7033 = DIRECTION('',(1.,0.,0.));
#7034 = PLANE('',#7035);
#7035 = AXIS2_PLACEMENT_3D('',#7036,#7037,#7038);
#7036 = CARTESIAN_POINT('',(-9.591,6.844,-5.92));
#7037 = DIRECTION('',(0.,-0.707106781187,0.707106781187));
#7038 = DIRECTION('',(-1.,0.,-0.));
#7039 = ADVANCED_FACE('',(#7040),#7058,.T.);
#7040 = FACE_BOUND('',#7041,.T.);
#7041 = EDGE_LOOP('',(#7042,#7043,#7044,#7052));
#7042 = ORIENTED_EDGE('',*,*,#7021,.F.);
#7043 = ORIENTED_EDGE('',*,*,#6861,.T.);
#7044 = ORIENTED_EDGE('',*,*,#7045,.T.);
#7045 = EDGE_CURVE('',#6854,#7046,#7048,.T.);
#7046 = VERTEX_POINT('',#7047);
#7047 = CARTESIAN_POINT('',(-9.111,6.444,-6.));
#7048 = LINE('',#7049,#7050);
#7049 = CARTESIAN_POINT('',(-9.217666666667,6.550666666667,
    -6.106666666667));
#7050 = VECTOR('',#7051,1.);
#7051 = DIRECTION('',(-0.57735026919,0.57735026919,-0.57735026919));
#7052 = ORIENTED_EDGE('',*,*,#7053,.F.);
#7053 = EDGE_CURVE('',#7022,#7046,#7054,.T.);
#7054 = LINE('',#7055,#7056);
#7055 = CARTESIAN_POINT('',(-9.111,6.924,-6.));
#7056 = VECTOR('',#7057,1.);
#7057 = DIRECTION('',(0.,-1.,1.224646799147E-16));
#7058 = PLANE('',#7059);
#7059 = AXIS2_PLACEMENT_3D('',#7060,#7061,#7062);
#7060 = CARTESIAN_POINT('',(-9.031,6.924,-5.92));
#7061 = DIRECTION('',(0.707106781187,-8.659560562355E-17,-0.707106781187
    ));
#7062 = DIRECTION('',(0.,-1.,1.224646799147E-16));
#7063 = ADVANCED_FACE('',(#7064),#7082,.T.);
#7064 = FACE_BOUND('',#7065,.F.);
#7065 = EDGE_LOOP('',(#7066,#7074,#7075,#7076));
#7066 = ORIENTED_EDGE('',*,*,#7067,.F.);
#7067 = EDGE_CURVE('',#6878,#7068,#7070,.T.);
#7068 = VERTEX_POINT('',#7069);
#7069 = CARTESIAN_POINT('',(-9.431,6.444,-6.));
#7070 = LINE('',#7071,#7072);
#7071 = CARTESIAN_POINT('',(-9.431,6.444,-6.));
#7072 = VECTOR('',#7073,1.);
#7073 = DIRECTION('',(0.57735026919,0.57735026919,-0.57735026919));
#7074 = ORIENTED_EDGE('',*,*,#6885,.T.);
#7075 = ORIENTED_EDGE('',*,*,#7045,.T.);
#7076 = ORIENTED_EDGE('',*,*,#7077,.F.);
#7077 = EDGE_CURVE('',#7068,#7046,#7078,.T.);
#7078 = LINE('',#7079,#7080);
#7079 = CARTESIAN_POINT('',(-9.591,6.444,-6.));
#7080 = VECTOR('',#7081,1.);
#7081 = DIRECTION('',(1.,0.,0.));
#7082 = PLANE('',#7083);
#7083 = AXIS2_PLACEMENT_3D('',#7084,#7085,#7086);
#7084 = CARTESIAN_POINT('',(-9.591,6.364,-5.92));
#7085 = DIRECTION('',(0.,-0.707106781187,-0.707106781187));
#7086 = DIRECTION('',(-1.,-0.,0.));
#7087 = ADVANCED_FACE('',(#7088),#7099,.F.);
#7088 = FACE_BOUND('',#7089,.F.);
#7089 = EDGE_LOOP('',(#7090,#7091,#7092,#7093));
#7090 = ORIENTED_EDGE('',*,*,#7012,.F.);
#7091 = ORIENTED_EDGE('',*,*,#6902,.T.);
#7092 = ORIENTED_EDGE('',*,*,#7067,.T.);
#7093 = ORIENTED_EDGE('',*,*,#7094,.F.);
#7094 = EDGE_CURVE('',#7013,#7068,#7095,.T.);
#7095 = LINE('',#7096,#7097);
#7096 = CARTESIAN_POINT('',(-9.431,6.924,-6.));
#7097 = VECTOR('',#7098,1.);
#7098 = DIRECTION('',(0.,-1.,1.224646799147E-16));
#7099 = PLANE('',#7100);
#7100 = AXIS2_PLACEMENT_3D('',#7101,#7102,#7103);
#7101 = CARTESIAN_POINT('',(-9.511,6.924,-5.92));
#7102 = DIRECTION('',(0.707106781187,8.659560562355E-17,0.707106781187)
  );
#7103 = DIRECTION('',(0.,-1.,1.224646799147E-16));
#7104 = ADVANCED_FACE('',(#7105),#7111,.F.);
#7105 = FACE_BOUND('',#7106,.F.);
#7106 = EDGE_LOOP('',(#7107,#7108,#7109,#7110));
#7107 = ORIENTED_EDGE('',*,*,#6981,.F.);
#7108 = ORIENTED_EDGE('',*,*,#6998,.F.);
#7109 = ORIENTED_EDGE('',*,*,#6933,.T.);
#7110 = ORIENTED_EDGE('',*,*,#6957,.T.);
#7111 = PLANE('',#7112);
#7112 = AXIS2_PLACEMENT_3D('',#7113,#7114,#7115);
#7113 = CARTESIAN_POINT('',(-9.591,6.924,5.54));
#7114 = DIRECTION('',(0.,-1.224646799147E-16,-1.));
#7115 = DIRECTION('',(1.,0.,0.));
#7116 = ADVANCED_FACE('',(#7117),#7123,.T.);
#7117 = FACE_BOUND('',#7118,.T.);
#7118 = EDGE_LOOP('',(#7119,#7120,#7121,#7122));
#7119 = ORIENTED_EDGE('',*,*,#7053,.T.);
#7120 = ORIENTED_EDGE('',*,*,#7077,.F.);
#7121 = ORIENTED_EDGE('',*,*,#7094,.F.);
#7122 = ORIENTED_EDGE('',*,*,#7029,.T.);
#7123 = PLANE('',#7124);
#7124 = AXIS2_PLACEMENT_3D('',#7125,#7126,#7127);
#7125 = CARTESIAN_POINT('',(-9.591,6.924,-6.));
#7126 = DIRECTION('',(0.,-1.224646799147E-16,-1.));
#7127 = DIRECTION('',(1.,0.,0.));
#7128 = MANIFOLD_SOLID_BREP('',#7129);
#7129 = CLOSED_SHELL('',(#7130,#7170,#7201,#7232,#7315,#7398,#7415,#7432
    ,#7449,#7466,#7478,#7509,#7533,#7557,#7574,#7605,#7629,#7653,#7670,
    #7701,#7725,#7749,#7766,#7797,#7821,#7845,#7862,#7874));
#7130 = ADVANCED_FACE('',(#7131),#7165,.F.);
#7131 = FACE_BOUND('',#7132,.F.);
#7132 = EDGE_LOOP('',(#7133,#7143,#7151,#7159));
#7133 = ORIENTED_EDGE('',*,*,#7134,.T.);
#7134 = EDGE_CURVE('',#7135,#7137,#7139,.T.);
#7135 = VERTEX_POINT('',#7136);
#7136 = CARTESIAN_POINT('',(8.255,5.334,2.54));
#7137 = VERTEX_POINT('',#7138);
#7138 = CARTESIAN_POINT('',(8.255,5.334,0.));
#7139 = LINE('',#7140,#7141);
#7140 = CARTESIAN_POINT('',(8.255,5.334,2.54));
#7141 = VECTOR('',#7142,1.);
#7142 = DIRECTION('',(0.,-1.224646799147E-16,-1.));
#7143 = ORIENTED_EDGE('',*,*,#7144,.T.);
#7144 = EDGE_CURVE('',#7137,#7145,#7147,.T.);
#7145 = VERTEX_POINT('',#7146);
#7146 = CARTESIAN_POINT('',(8.001,5.588,0.));
#7147 = LINE('',#7148,#7149);
#7148 = CARTESIAN_POINT('',(8.255,5.334,0.));
#7149 = VECTOR('',#7150,1.);
#7150 = DIRECTION('',(-0.707106781187,0.707106781187,-8.659560562355E-17
    ));
#7151 = ORIENTED_EDGE('',*,*,#7152,.F.);
#7152 = EDGE_CURVE('',#7153,#7145,#7155,.T.);
#7153 = VERTEX_POINT('',#7154);
#7154 = CARTESIAN_POINT('',(8.001,5.588,2.54));
#7155 = LINE('',#7156,#7157);
#7156 = CARTESIAN_POINT('',(8.001,5.588,2.54));
#7157 = VECTOR('',#7158,1.);
#7158 = DIRECTION('',(0.,-1.224646799147E-16,-1.));
#7159 = ORIENTED_EDGE('',*,*,#7160,.F.);
#7160 = EDGE_CURVE('',#7135,#7153,#7161,.T.);
#7161 = LINE('',#7162,#7163);
#7162 = CARTESIAN_POINT('',(8.255,5.334,2.54));
#7163 = VECTOR('',#7164,1.);
#7164 = DIRECTION('',(-0.707106781187,0.707106781187,-8.659560562355E-17
    ));
#7165 = PLANE('',#7166);
#7166 = AXIS2_PLACEMENT_3D('',#7167,#7168,#7169);
#7167 = CARTESIAN_POINT('',(8.255,5.334,2.54));
#7168 = DIRECTION('',(0.707106781187,0.707106781187,-8.659560562355E-17)
  );
#7169 = DIRECTION('',(-0.707106781187,0.707106781187,-8.659560562355E-17
    ));
#7170 = ADVANCED_FACE('',(#7171),#7196,.F.);
#7171 = FACE_BOUND('',#7172,.F.);
#7172 = EDGE_LOOP('',(#7173,#7183,#7189,#7190));
#7173 = ORIENTED_EDGE('',*,*,#7174,.T.);
#7174 = EDGE_CURVE('',#7175,#7177,#7179,.T.);
#7175 = VERTEX_POINT('',#7176);
#7176 = CARTESIAN_POINT('',(10.287,5.334,2.54));
#7177 = VERTEX_POINT('',#7178);
#7178 = CARTESIAN_POINT('',(10.287,5.334,0.));
#7179 = LINE('',#7180,#7181);
#7180 = CARTESIAN_POINT('',(10.287,5.334,2.54));
#7181 = VECTOR('',#7182,1.);
#7182 = DIRECTION('',(0.,-1.224646799147E-16,-1.));
#7183 = ORIENTED_EDGE('',*,*,#7184,.T.);
#7184 = EDGE_CURVE('',#7177,#7137,#7185,.T.);
#7185 = LINE('',#7186,#7187);
#7186 = CARTESIAN_POINT('',(10.287,5.334,0.));
#7187 = VECTOR('',#7188,1.);
#7188 = DIRECTION('',(-1.,-0.,0.));
#7189 = ORIENTED_EDGE('',*,*,#7134,.F.);
#7190 = ORIENTED_EDGE('',*,*,#7191,.F.);
#7191 = EDGE_CURVE('',#7175,#7135,#7192,.T.);
#7192 = LINE('',#7193,#7194);
#7193 = CARTESIAN_POINT('',(10.287,5.334,2.54));
#7194 = VECTOR('',#7195,1.);
#7195 = DIRECTION('',(-1.,-0.,0.));
#7196 = PLANE('',#7197);
#7197 = AXIS2_PLACEMENT_3D('',#7198,#7199,#7200);
#7198 = CARTESIAN_POINT('',(10.287,5.334,2.54));
#7199 = DIRECTION('',(0.,1.,-1.224646799147E-16));
#7200 = DIRECTION('',(-1.,-0.,0.));
#7201 = ADVANCED_FACE('',(#7202),#7227,.F.);
#7202 = FACE_BOUND('',#7203,.F.);
#7203 = EDGE_LOOP('',(#7204,#7205,#7213,#7221));
#7204 = ORIENTED_EDGE('',*,*,#7152,.T.);
#7205 = ORIENTED_EDGE('',*,*,#7206,.T.);
#7206 = EDGE_CURVE('',#7145,#7207,#7209,.T.);
#7207 = VERTEX_POINT('',#7208);
#7208 = CARTESIAN_POINT('',(8.001,7.62,0.));
#7209 = LINE('',#7210,#7211);
#7210 = CARTESIAN_POINT('',(8.001,5.588,0.));
#7211 = VECTOR('',#7212,1.);
#7212 = DIRECTION('',(0.,1.,-1.224646799147E-16));
#7213 = ORIENTED_EDGE('',*,*,#7214,.F.);
#7214 = EDGE_CURVE('',#7215,#7207,#7217,.T.);
#7215 = VERTEX_POINT('',#7216);
#7216 = CARTESIAN_POINT('',(8.001,7.62,2.54));
#7217 = LINE('',#7218,#7219);
#7218 = CARTESIAN_POINT('',(8.001,7.62,2.54));
#7219 = VECTOR('',#7220,1.);
#7220 = DIRECTION('',(0.,-1.224646799147E-16,-1.));
#7221 = ORIENTED_EDGE('',*,*,#7222,.F.);
#7222 = EDGE_CURVE('',#7153,#7215,#7223,.T.);
#7223 = LINE('',#7224,#7225);
#7224 = CARTESIAN_POINT('',(8.001,5.588,2.54));
#7225 = VECTOR('',#7226,1.);
#7226 = DIRECTION('',(0.,1.,-1.224646799147E-16));
#7227 = PLANE('',#7228);
#7228 = AXIS2_PLACEMENT_3D('',#7229,#7230,#7231);
#7229 = CARTESIAN_POINT('',(8.001,5.588,2.54));
#7230 = DIRECTION('',(1.,0.,0.));
#7231 = DIRECTION('',(0.,1.,-1.224646799147E-16));
#7232 = ADVANCED_FACE('',(#7233,#7276),#7310,.F.);
#7233 = FACE_BOUND('',#7234,.F.);
#7234 = EDGE_LOOP('',(#7235,#7236,#7237,#7245,#7253,#7261,#7269,#7275));
#7235 = ORIENTED_EDGE('',*,*,#7160,.T.);
#7236 = ORIENTED_EDGE('',*,*,#7222,.T.);
#7237 = ORIENTED_EDGE('',*,*,#7238,.T.);
#7238 = EDGE_CURVE('',#7215,#7239,#7241,.T.);
#7239 = VERTEX_POINT('',#7240);
#7240 = CARTESIAN_POINT('',(8.255,7.874,2.54));
#7241 = LINE('',#7242,#7243);
#7242 = CARTESIAN_POINT('',(8.001,7.62,2.54));
#7243 = VECTOR('',#7244,1.);
#7244 = DIRECTION('',(0.707106781187,0.707106781187,-8.659560562355E-17)
  );
#7245 = ORIENTED_EDGE('',*,*,#7246,.T.);
#7246 = EDGE_CURVE('',#7239,#7247,#7249,.T.);
#7247 = VERTEX_POINT('',#7248);
#7248 = CARTESIAN_POINT('',(10.287,7.874,2.54));
#7249 = LINE('',#7250,#7251);
#7250 = CARTESIAN_POINT('',(8.255,7.874,2.54));
#7251 = VECTOR('',#7252,1.);
#7252 = DIRECTION('',(1.,0.,0.));
#7253 = ORIENTED_EDGE('',*,*,#7254,.T.);
#7254 = EDGE_CURVE('',#7247,#7255,#7257,.T.);
#7255 = VERTEX_POINT('',#7256);
#7256 = CARTESIAN_POINT('',(10.541,7.62,2.54));
#7257 = LINE('',#7258,#7259);
#7258 = CARTESIAN_POINT('',(10.287,7.874,2.54));
#7259 = VECTOR('',#7260,1.);
#7260 = DIRECTION('',(0.707106781187,-0.707106781187,8.659560562355E-17)
  );
#7261 = ORIENTED_EDGE('',*,*,#7262,.T.);
#7262 = EDGE_CURVE('',#7255,#7263,#7265,.T.);
#7263 = VERTEX_POINT('',#7264);
#7264 = CARTESIAN_POINT('',(10.541,5.588,2.54));
#7265 = LINE('',#7266,#7267);
#7266 = CARTESIAN_POINT('',(10.541,7.62,2.54));
#7267 = VECTOR('',#7268,1.);
#7268 = DIRECTION('',(0.,-1.,1.224646799147E-16));
#7269 = ORIENTED_EDGE('',*,*,#7270,.T.);
#7270 = EDGE_CURVE('',#7263,#7175,#7271,.T.);
#7271 = LINE('',#7272,#7273);
#7272 = CARTESIAN_POINT('',(10.541,5.588,2.54));
#7273 = VECTOR('',#7274,1.);
#7274 = DIRECTION('',(-0.707106781187,-0.707106781187,8.659560562355E-17
    ));
#7275 = ORIENTED_EDGE('',*,*,#7191,.T.);
#7276 = FACE_BOUND('',#7277,.F.);
#7277 = EDGE_LOOP('',(#7278,#7288,#7296,#7304));
#7278 = ORIENTED_EDGE('',*,*,#7279,.T.);
#7279 = EDGE_CURVE('',#7280,#7282,#7284,.T.);
#7280 = VERTEX_POINT('',#7281);
#7281 = CARTESIAN_POINT('',(9.591,6.924,2.54));
#7282 = VERTEX_POINT('',#7283);
#7283 = CARTESIAN_POINT('',(8.951,6.924,2.54));
#7284 = LINE('',#7285,#7286);
#7285 = CARTESIAN_POINT('',(9.111,6.924,2.54));
#7286 = VECTOR('',#7287,1.);
#7287 = DIRECTION('',(-1.,-0.,0.));
#7288 = ORIENTED_EDGE('',*,*,#7289,.T.);
#7289 = EDGE_CURVE('',#7282,#7290,#7292,.T.);
#7290 = VERTEX_POINT('',#7291);
#7291 = CARTESIAN_POINT('',(8.951,6.284,2.54));
#7292 = LINE('',#7293,#7294);
#7293 = CARTESIAN_POINT('',(8.951,6.764,2.54));
#7294 = VECTOR('',#7295,1.);
#7295 = DIRECTION('',(0.,-1.,1.224646799147E-16));
#7296 = ORIENTED_EDGE('',*,*,#7297,.F.);
#7297 = EDGE_CURVE('',#7298,#7290,#7300,.T.);
#7298 = VERTEX_POINT('',#7299);
#7299 = CARTESIAN_POINT('',(9.591,6.284,2.54));
#7300 = LINE('',#7301,#7302);
#7301 = CARTESIAN_POINT('',(9.111,6.284,2.54));
#7302 = VECTOR('',#7303,1.);
#7303 = DIRECTION('',(-1.,-0.,0.));
#7304 = ORIENTED_EDGE('',*,*,#7305,.F.);
#7305 = EDGE_CURVE('',#7280,#7298,#7306,.T.);
#7306 = LINE('',#7307,#7308);
#7307 = CARTESIAN_POINT('',(9.591,6.764,2.54));
#7308 = VECTOR('',#7309,1.);
#7309 = DIRECTION('',(0.,-1.,1.224646799147E-16));
#7310 = PLANE('',#7311);
#7311 = AXIS2_PLACEMENT_3D('',#7312,#7313,#7314);
#7312 = CARTESIAN_POINT('',(9.271,6.604,2.54));
#7313 = DIRECTION('',(0.,-1.224646799147E-16,-1.));
#7314 = DIRECTION('',(1.,0.,0.));
#7315 = ADVANCED_FACE('',(#7316,#7359),#7393,.T.);
#7316 = FACE_BOUND('',#7317,.T.);
#7317 = EDGE_LOOP('',(#7318,#7319,#7320,#7328,#7336,#7344,#7352,#7358));
#7318 = ORIENTED_EDGE('',*,*,#7144,.T.);
#7319 = ORIENTED_EDGE('',*,*,#7206,.T.);
#7320 = ORIENTED_EDGE('',*,*,#7321,.T.);
#7321 = EDGE_CURVE('',#7207,#7322,#7324,.T.);
#7322 = VERTEX_POINT('',#7323);
#7323 = CARTESIAN_POINT('',(8.255,7.874,0.));
#7324 = LINE('',#7325,#7326);
#7325 = CARTESIAN_POINT('',(8.001,7.62,0.));
#7326 = VECTOR('',#7327,1.);
#7327 = DIRECTION('',(0.707106781187,0.707106781187,-8.659560562355E-17)
  );
#7328 = ORIENTED_EDGE('',*,*,#7329,.T.);
#7329 = EDGE_CURVE('',#7322,#7330,#7332,.T.);
#7330 = VERTEX_POINT('',#7331);
#7331 = CARTESIAN_POINT('',(10.287,7.874,0.));
#7332 = LINE('',#7333,#7334);
#7333 = CARTESIAN_POINT('',(8.255,7.874,0.));
#7334 = VECTOR('',#7335,1.);
#7335 = DIRECTION('',(1.,0.,0.));
#7336 = ORIENTED_EDGE('',*,*,#7337,.T.);
#7337 = EDGE_CURVE('',#7330,#7338,#7340,.T.);
#7338 = VERTEX_POINT('',#7339);
#7339 = CARTESIAN_POINT('',(10.541,7.62,0.));
#7340 = LINE('',#7341,#7342);
#7341 = CARTESIAN_POINT('',(10.287,7.874,0.));
#7342 = VECTOR('',#7343,1.);
#7343 = DIRECTION('',(0.707106781187,-0.707106781187,8.659560562355E-17)
  );
#7344 = ORIENTED_EDGE('',*,*,#7345,.T.);
#7345 = EDGE_CURVE('',#7338,#7346,#7348,.T.);
#7346 = VERTEX_POINT('',#7347);
#7347 = CARTESIAN_POINT('',(10.541,5.588,0.));
#7348 = LINE('',#7349,#7350);
#7349 = CARTESIAN_POINT('',(10.541,7.62,0.));
#7350 = VECTOR('',#7351,1.);
#7351 = DIRECTION('',(0.,-1.,1.224646799147E-16));
#7352 = ORIENTED_EDGE('',*,*,#7353,.T.);
#7353 = EDGE_CURVE('',#7346,#7177,#7354,.T.);
#7354 = LINE('',#7355,#7356);
#7355 = CARTESIAN_POINT('',(10.541,5.588,0.));
#7356 = VECTOR('',#7357,1.);
#7357 = DIRECTION('',(-0.707106781187,-0.707106781187,8.659560562355E-17
    ));
#7358 = ORIENTED_EDGE('',*,*,#7184,.T.);
#7359 = FACE_BOUND('',#7360,.T.);
#7360 = EDGE_LOOP('',(#7361,#7371,#7379,#7387));
#7361 = ORIENTED_EDGE('',*,*,#7362,.T.);
#7362 = EDGE_CURVE('',#7363,#7365,#7367,.T.);
#7363 = VERTEX_POINT('',#7364);
#7364 = CARTESIAN_POINT('',(9.591,6.924,0.));
#7365 = VERTEX_POINT('',#7366);
#7366 = CARTESIAN_POINT('',(8.951,6.924,0.));
#7367 = LINE('',#7368,#7369);
#7368 = CARTESIAN_POINT('',(9.111,6.924,0.));
#7369 = VECTOR('',#7370,1.);
#7370 = DIRECTION('',(-1.,-0.,0.));
#7371 = ORIENTED_EDGE('',*,*,#7372,.T.);
#7372 = EDGE_CURVE('',#7365,#7373,#7375,.T.);
#7373 = VERTEX_POINT('',#7374);
#7374 = CARTESIAN_POINT('',(8.951,6.284,0.));
#7375 = LINE('',#7376,#7377);
#7376 = CARTESIAN_POINT('',(8.951,6.764,0.));
#7377 = VECTOR('',#7378,1.);
#7378 = DIRECTION('',(0.,-1.,1.224646799147E-16));
#7379 = ORIENTED_EDGE('',*,*,#7380,.F.);
#7380 = EDGE_CURVE('',#7381,#7373,#7383,.T.);
#7381 = VERTEX_POINT('',#7382);
#7382 = CARTESIAN_POINT('',(9.591,6.284,0.));
#7383 = LINE('',#7384,#7385);
#7384 = CARTESIAN_POINT('',(9.111,6.284,0.));
#7385 = VECTOR('',#7386,1.);
#7386 = DIRECTION('',(-1.,-0.,0.));
#7387 = ORIENTED_EDGE('',*,*,#7388,.F.);
#7388 = EDGE_CURVE('',#7363,#7381,#7389,.T.);
#7389 = LINE('',#7390,#7391);
#7390 = CARTESIAN_POINT('',(9.591,6.764,0.));
#7391 = VECTOR('',#7392,1.);
#7392 = DIRECTION('',(0.,-1.,1.224646799147E-16));
#7393 = PLANE('',#7394);
#7394 = AXIS2_PLACEMENT_3D('',#7395,#7396,#7397);
#7395 = CARTESIAN_POINT('',(9.271,6.604,0.));
#7396 = DIRECTION('',(0.,-1.224646799147E-16,-1.));
#7397 = DIRECTION('',(1.,0.,0.));
#7398 = ADVANCED_FACE('',(#7399),#7410,.F.);
#7399 = FACE_BOUND('',#7400,.F.);
#7400 = EDGE_LOOP('',(#7401,#7407,#7408,#7409));
#7401 = ORIENTED_EDGE('',*,*,#7402,.T.);
#7402 = EDGE_CURVE('',#7263,#7346,#7403,.T.);
#7403 = LINE('',#7404,#7405);
#7404 = CARTESIAN_POINT('',(10.541,5.588,2.54));
#7405 = VECTOR('',#7406,1.);
#7406 = DIRECTION('',(0.,-1.224646799147E-16,-1.));
#7407 = ORIENTED_EDGE('',*,*,#7353,.T.);
#7408 = ORIENTED_EDGE('',*,*,#7174,.F.);
#7409 = ORIENTED_EDGE('',*,*,#7270,.F.);
#7410 = PLANE('',#7411);
#7411 = AXIS2_PLACEMENT_3D('',#7412,#7413,#7414);
#7412 = CARTESIAN_POINT('',(10.541,5.588,2.54));
#7413 = DIRECTION('',(-0.707106781187,0.707106781187,-8.659560562355E-17
    ));
#7414 = DIRECTION('',(-0.707106781187,-0.707106781187,8.659560562355E-17
    ));
#7415 = ADVANCED_FACE('',(#7416),#7427,.F.);
#7416 = FACE_BOUND('',#7417,.F.);
#7417 = EDGE_LOOP('',(#7418,#7419,#7420,#7426));
#7418 = ORIENTED_EDGE('',*,*,#7214,.T.);
#7419 = ORIENTED_EDGE('',*,*,#7321,.T.);
#7420 = ORIENTED_EDGE('',*,*,#7421,.F.);
#7421 = EDGE_CURVE('',#7239,#7322,#7422,.T.);
#7422 = LINE('',#7423,#7424);
#7423 = CARTESIAN_POINT('',(8.255,7.874,2.54));
#7424 = VECTOR('',#7425,1.);
#7425 = DIRECTION('',(0.,-1.224646799147E-16,-1.));
#7426 = ORIENTED_EDGE('',*,*,#7238,.F.);
#7427 = PLANE('',#7428);
#7428 = AXIS2_PLACEMENT_3D('',#7429,#7430,#7431);
#7429 = CARTESIAN_POINT('',(8.001,7.62,2.54));
#7430 = DIRECTION('',(0.707106781187,-0.707106781187,8.659560562355E-17)
  );
#7431 = DIRECTION('',(0.707106781187,0.707106781187,-8.659560562355E-17)
  );
#7432 = ADVANCED_FACE('',(#7433),#7444,.F.);
#7433 = FACE_BOUND('',#7434,.F.);
#7434 = EDGE_LOOP('',(#7435,#7441,#7442,#7443));
#7435 = ORIENTED_EDGE('',*,*,#7436,.T.);
#7436 = EDGE_CURVE('',#7255,#7338,#7437,.T.);
#7437 = LINE('',#7438,#7439);
#7438 = CARTESIAN_POINT('',(10.541,7.62,2.54));
#7439 = VECTOR('',#7440,1.);
#7440 = DIRECTION('',(0.,-1.224646799147E-16,-1.));
#7441 = ORIENTED_EDGE('',*,*,#7345,.T.);
#7442 = ORIENTED_EDGE('',*,*,#7402,.F.);
#7443 = ORIENTED_EDGE('',*,*,#7262,.F.);
#7444 = PLANE('',#7445);
#7445 = AXIS2_PLACEMENT_3D('',#7446,#7447,#7448);
#7446 = CARTESIAN_POINT('',(10.541,7.62,2.54));
#7447 = DIRECTION('',(-1.,-0.,0.));
#7448 = DIRECTION('',(0.,-1.,1.224646799147E-16));
#7449 = ADVANCED_FACE('',(#7450),#7461,.F.);
#7450 = FACE_BOUND('',#7451,.F.);
#7451 = EDGE_LOOP('',(#7452,#7453,#7454,#7460));
#7452 = ORIENTED_EDGE('',*,*,#7421,.T.);
#7453 = ORIENTED_EDGE('',*,*,#7329,.T.);
#7454 = ORIENTED_EDGE('',*,*,#7455,.F.);
#7455 = EDGE_CURVE('',#7247,#7330,#7456,.T.);
#7456 = LINE('',#7457,#7458);
#7457 = CARTESIAN_POINT('',(10.287,7.874,2.54));
#7458 = VECTOR('',#7459,1.);
#7459 = DIRECTION('',(0.,-1.224646799147E-16,-1.));
#7460 = ORIENTED_EDGE('',*,*,#7246,.F.);
#7461 = PLANE('',#7462);
#7462 = AXIS2_PLACEMENT_3D('',#7463,#7464,#7465);
#7463 = CARTESIAN_POINT('',(8.255,7.874,2.54));
#7464 = DIRECTION('',(0.,-1.,1.224646799147E-16));
#7465 = DIRECTION('',(1.,0.,0.));
#7466 = ADVANCED_FACE('',(#7467),#7473,.F.);
#7467 = FACE_BOUND('',#7468,.F.);
#7468 = EDGE_LOOP('',(#7469,#7470,#7471,#7472));
#7469 = ORIENTED_EDGE('',*,*,#7455,.T.);
#7470 = ORIENTED_EDGE('',*,*,#7337,.T.);
#7471 = ORIENTED_EDGE('',*,*,#7436,.F.);
#7472 = ORIENTED_EDGE('',*,*,#7254,.F.);
#7473 = PLANE('',#7474);
#7474 = AXIS2_PLACEMENT_3D('',#7475,#7476,#7477);
#7475 = CARTESIAN_POINT('',(10.287,7.874,2.54));
#7476 = DIRECTION('',(-0.707106781187,-0.707106781187,8.659560562355E-17
    ));
#7477 = DIRECTION('',(0.707106781187,-0.707106781187,8.659560562355E-17)
  );
#7478 = ADVANCED_FACE('',(#7479),#7504,.F.);
#7479 = FACE_BOUND('',#7480,.F.);
#7480 = EDGE_LOOP('',(#7481,#7489,#7497,#7503));
#7481 = ORIENTED_EDGE('',*,*,#7482,.F.);
#7482 = EDGE_CURVE('',#7483,#7280,#7485,.T.);
#7483 = VERTEX_POINT('',#7484);
#7484 = CARTESIAN_POINT('',(9.591,6.924,5.38));
#7485 = LINE('',#7486,#7487);
#7486 = CARTESIAN_POINT('',(9.591,6.924,5.54));
#7487 = VECTOR('',#7488,1.);
#7488 = DIRECTION('',(0.,-1.224646799147E-16,-1.));
#7489 = ORIENTED_EDGE('',*,*,#7490,.F.);
#7490 = EDGE_CURVE('',#7491,#7483,#7493,.T.);
#7491 = VERTEX_POINT('',#7492);
#7492 = CARTESIAN_POINT('',(8.951,6.924,5.38));
#7493 = LINE('',#7494,#7495);
#7494 = CARTESIAN_POINT('',(8.951,6.924,5.38));
#7495 = VECTOR('',#7496,1.);
#7496 = DIRECTION('',(1.,0.,0.));
#7497 = ORIENTED_EDGE('',*,*,#7498,.T.);
#7498 = EDGE_CURVE('',#7491,#7282,#7499,.T.);
#7499 = LINE('',#7500,#7501);
#7500 = CARTESIAN_POINT('',(8.951,6.924,5.54));
#7501 = VECTOR('',#7502,1.);
#7502 = DIRECTION('',(0.,-1.224646799147E-16,-1.));
#7503 = ORIENTED_EDGE('',*,*,#7279,.F.);
#7504 = PLANE('',#7505);
#7505 = AXIS2_PLACEMENT_3D('',#7506,#7507,#7508);
#7506 = CARTESIAN_POINT('',(8.951,6.924,5.54));
#7507 = DIRECTION('',(0.,-1.,1.224646799147E-16));
#7508 = DIRECTION('',(0.,-1.224646799147E-16,-1.));
#7509 = ADVANCED_FACE('',(#7510),#7528,.T.);
#7510 = FACE_BOUND('',#7511,.T.);
#7511 = EDGE_LOOP('',(#7512,#7513,#7521,#7527));
#7512 = ORIENTED_EDGE('',*,*,#7482,.F.);
#7513 = ORIENTED_EDGE('',*,*,#7514,.T.);
#7514 = EDGE_CURVE('',#7483,#7515,#7517,.T.);
#7515 = VERTEX_POINT('',#7516);
#7516 = CARTESIAN_POINT('',(9.591,6.284,5.38));
#7517 = LINE('',#7518,#7519);
#7518 = CARTESIAN_POINT('',(9.591,6.924,5.38));
#7519 = VECTOR('',#7520,1.);
#7520 = DIRECTION('',(0.,-1.,1.224646799147E-16));
#7521 = ORIENTED_EDGE('',*,*,#7522,.T.);
#7522 = EDGE_CURVE('',#7515,#7298,#7523,.T.);
#7523 = LINE('',#7524,#7525);
#7524 = CARTESIAN_POINT('',(9.591,6.284,5.54));
#7525 = VECTOR('',#7526,1.);
#7526 = DIRECTION('',(0.,-1.224646799147E-16,-1.));
#7527 = ORIENTED_EDGE('',*,*,#7305,.F.);
#7528 = PLANE('',#7529);
#7529 = AXIS2_PLACEMENT_3D('',#7530,#7531,#7532);
#7530 = CARTESIAN_POINT('',(9.591,6.924,5.54));
#7531 = DIRECTION('',(1.,0.,0.));
#7532 = DIRECTION('',(0.,-1.224646799147E-16,-1.));
#7533 = ADVANCED_FACE('',(#7534),#7552,.T.);
#7534 = FACE_BOUND('',#7535,.T.);
#7535 = EDGE_LOOP('',(#7536,#7537,#7545,#7551));
#7536 = ORIENTED_EDGE('',*,*,#7522,.F.);
#7537 = ORIENTED_EDGE('',*,*,#7538,.F.);
#7538 = EDGE_CURVE('',#7539,#7515,#7541,.T.);
#7539 = VERTEX_POINT('',#7540);
#7540 = CARTESIAN_POINT('',(8.951,6.284,5.38));
#7541 = LINE('',#7542,#7543);
#7542 = CARTESIAN_POINT('',(8.951,6.284,5.38));
#7543 = VECTOR('',#7544,1.);
#7544 = DIRECTION('',(1.,0.,0.));
#7545 = ORIENTED_EDGE('',*,*,#7546,.T.);
#7546 = EDGE_CURVE('',#7539,#7290,#7547,.T.);
#7547 = LINE('',#7548,#7549);
#7548 = CARTESIAN_POINT('',(8.951,6.284,5.54));
#7549 = VECTOR('',#7550,1.);
#7550 = DIRECTION('',(0.,-1.224646799147E-16,-1.));
#7551 = ORIENTED_EDGE('',*,*,#7297,.F.);
#7552 = PLANE('',#7553);
#7553 = AXIS2_PLACEMENT_3D('',#7554,#7555,#7556);
#7554 = CARTESIAN_POINT('',(8.951,6.284,5.54));
#7555 = DIRECTION('',(0.,-1.,1.224646799147E-16));
#7556 = DIRECTION('',(0.,-1.224646799147E-16,-1.));
#7557 = ADVANCED_FACE('',(#7558),#7569,.F.);
#7558 = FACE_BOUND('',#7559,.F.);
#7559 = EDGE_LOOP('',(#7560,#7561,#7567,#7568));
#7560 = ORIENTED_EDGE('',*,*,#7498,.F.);
#7561 = ORIENTED_EDGE('',*,*,#7562,.T.);
#7562 = EDGE_CURVE('',#7491,#7539,#7563,.T.);
#7563 = LINE('',#7564,#7565);
#7564 = CARTESIAN_POINT('',(8.951,6.924,5.38));
#7565 = VECTOR('',#7566,1.);
#7566 = DIRECTION('',(0.,-1.,1.224646799147E-16));
#7567 = ORIENTED_EDGE('',*,*,#7546,.T.);
#7568 = ORIENTED_EDGE('',*,*,#7289,.F.);
#7569 = PLANE('',#7570);
#7570 = AXIS2_PLACEMENT_3D('',#7571,#7572,#7573);
#7571 = CARTESIAN_POINT('',(8.951,6.924,5.54));
#7572 = DIRECTION('',(1.,0.,0.));
#7573 = DIRECTION('',(0.,-1.224646799147E-16,-1.));
#7574 = ADVANCED_FACE('',(#7575),#7600,.F.);
#7575 = FACE_BOUND('',#7576,.F.);
#7576 = EDGE_LOOP('',(#7577,#7585,#7586,#7594));
#7577 = ORIENTED_EDGE('',*,*,#7578,.F.);
#7578 = EDGE_CURVE('',#7363,#7579,#7581,.T.);
#7579 = VERTEX_POINT('',#7580);
#7580 = CARTESIAN_POINT('',(9.591,6.924,-5.84));
#7581 = LINE('',#7582,#7583);
#7582 = CARTESIAN_POINT('',(9.591,6.924,5.54));
#7583 = VECTOR('',#7584,1.);
#7584 = DIRECTION('',(0.,-1.224646799147E-16,-1.));
#7585 = ORIENTED_EDGE('',*,*,#7362,.T.);
#7586 = ORIENTED_EDGE('',*,*,#7587,.T.);
#7587 = EDGE_CURVE('',#7365,#7588,#7590,.T.);
#7588 = VERTEX_POINT('',#7589);
#7589 = CARTESIAN_POINT('',(8.951,6.924,-5.84));
#7590 = LINE('',#7591,#7592);
#7591 = CARTESIAN_POINT('',(8.951,6.924,5.54));
#7592 = VECTOR('',#7593,1.);
#7593 = DIRECTION('',(0.,-1.224646799147E-16,-1.));
#7594 = ORIENTED_EDGE('',*,*,#7595,.T.);
#7595 = EDGE_CURVE('',#7588,#7579,#7596,.T.);
#7596 = LINE('',#7597,#7598);
#7597 = CARTESIAN_POINT('',(8.951,6.924,-5.84));
#7598 = VECTOR('',#7599,1.);
#7599 = DIRECTION('',(1.,0.,0.));
#7600 = PLANE('',#7601);
#7601 = AXIS2_PLACEMENT_3D('',#7602,#7603,#7604);
#7602 = CARTESIAN_POINT('',(8.951,6.924,5.54));
#7603 = DIRECTION('',(0.,-1.,1.224646799147E-16));
#7604 = DIRECTION('',(0.,-1.224646799147E-16,-1.));
#7605 = ADVANCED_FACE('',(#7606),#7624,.T.);
#7606 = FACE_BOUND('',#7607,.T.);
#7607 = EDGE_LOOP('',(#7608,#7609,#7610,#7618));
#7608 = ORIENTED_EDGE('',*,*,#7578,.F.);
#7609 = ORIENTED_EDGE('',*,*,#7388,.T.);
#7610 = ORIENTED_EDGE('',*,*,#7611,.T.);
#7611 = EDGE_CURVE('',#7381,#7612,#7614,.T.);
#7612 = VERTEX_POINT('',#7613);
#7613 = CARTESIAN_POINT('',(9.591,6.284,-5.84));
#7614 = LINE('',#7615,#7616);
#7615 = CARTESIAN_POINT('',(9.591,6.284,5.54));
#7616 = VECTOR('',#7617,1.);
#7617 = DIRECTION('',(0.,-1.224646799147E-16,-1.));
#7618 = ORIENTED_EDGE('',*,*,#7619,.F.);
#7619 = EDGE_CURVE('',#7579,#7612,#7620,.T.);
#7620 = LINE('',#7621,#7622);
#7621 = CARTESIAN_POINT('',(9.591,6.924,-5.84));
#7622 = VECTOR('',#7623,1.);
#7623 = DIRECTION('',(0.,-1.,1.224646799147E-16));
#7624 = PLANE('',#7625);
#7625 = AXIS2_PLACEMENT_3D('',#7626,#7627,#7628);
#7626 = CARTESIAN_POINT('',(9.591,6.924,5.54));
#7627 = DIRECTION('',(1.,0.,0.));
#7628 = DIRECTION('',(0.,-1.224646799147E-16,-1.));
#7629 = ADVANCED_FACE('',(#7630),#7648,.T.);
#7630 = FACE_BOUND('',#7631,.T.);
#7631 = EDGE_LOOP('',(#7632,#7633,#7634,#7642));
#7632 = ORIENTED_EDGE('',*,*,#7611,.F.);
#7633 = ORIENTED_EDGE('',*,*,#7380,.T.);
#7634 = ORIENTED_EDGE('',*,*,#7635,.T.);
#7635 = EDGE_CURVE('',#7373,#7636,#7638,.T.);
#7636 = VERTEX_POINT('',#7637);
#7637 = CARTESIAN_POINT('',(8.951,6.284,-5.84));
#7638 = LINE('',#7639,#7640);
#7639 = CARTESIAN_POINT('',(8.951,6.284,5.54));
#7640 = VECTOR('',#7641,1.);
#7641 = DIRECTION('',(0.,-1.224646799147E-16,-1.));
#7642 = ORIENTED_EDGE('',*,*,#7643,.T.);
#7643 = EDGE_CURVE('',#7636,#7612,#7644,.T.);
#7644 = LINE('',#7645,#7646);
#7645 = CARTESIAN_POINT('',(8.951,6.284,-5.84));
#7646 = VECTOR('',#7647,1.);
#7647 = DIRECTION('',(1.,0.,0.));
#7648 = PLANE('',#7649);
#7649 = AXIS2_PLACEMENT_3D('',#7650,#7651,#7652);
#7650 = CARTESIAN_POINT('',(8.951,6.284,5.54));
#7651 = DIRECTION('',(0.,-1.,1.224646799147E-16));
#7652 = DIRECTION('',(0.,-1.224646799147E-16,-1.));
#7653 = ADVANCED_FACE('',(#7654),#7665,.F.);
#7654 = FACE_BOUND('',#7655,.F.);
#7655 = EDGE_LOOP('',(#7656,#7657,#7658,#7659));
#7656 = ORIENTED_EDGE('',*,*,#7587,.F.);
#7657 = ORIENTED_EDGE('',*,*,#7372,.T.);
#7658 = ORIENTED_EDGE('',*,*,#7635,.T.);
#7659 = ORIENTED_EDGE('',*,*,#7660,.F.);
#7660 = EDGE_CURVE('',#7588,#7636,#7661,.T.);
#7661 = LINE('',#7662,#7663);
#7662 = CARTESIAN_POINT('',(8.951,6.924,-5.84));
#7663 = VECTOR('',#7664,1.);
#7664 = DIRECTION('',(0.,-1.,1.224646799147E-16));
#7665 = PLANE('',#7666);
#7666 = AXIS2_PLACEMENT_3D('',#7667,#7668,#7669);
#7667 = CARTESIAN_POINT('',(8.951,6.924,5.54));
#7668 = DIRECTION('',(1.,0.,0.));
#7669 = DIRECTION('',(0.,-1.224646799147E-16,-1.));
#7670 = ADVANCED_FACE('',(#7671),#7696,.T.);
#7671 = FACE_BOUND('',#7672,.F.);
#7672 = EDGE_LOOP('',(#7673,#7681,#7682,#7690));
#7673 = ORIENTED_EDGE('',*,*,#7674,.F.);
#7674 = EDGE_CURVE('',#7491,#7675,#7677,.T.);
#7675 = VERTEX_POINT('',#7676);
#7676 = CARTESIAN_POINT('',(9.111,6.764,5.54));
#7677 = LINE('',#7678,#7679);
#7678 = CARTESIAN_POINT('',(9.004333333333,6.870666666667,5.433333333333
    ));
#7679 = VECTOR('',#7680,1.);
#7680 = DIRECTION('',(0.57735026919,-0.57735026919,0.57735026919));
#7681 = ORIENTED_EDGE('',*,*,#7490,.T.);
#7682 = ORIENTED_EDGE('',*,*,#7683,.T.);
#7683 = EDGE_CURVE('',#7483,#7684,#7686,.T.);
#7684 = VERTEX_POINT('',#7685);
#7685 = CARTESIAN_POINT('',(9.431,6.764,5.54));
#7686 = LINE('',#7687,#7688);
#7687 = CARTESIAN_POINT('',(9.431,6.764,5.54));
#7688 = VECTOR('',#7689,1.);
#7689 = DIRECTION('',(-0.57735026919,-0.57735026919,0.57735026919));
#7690 = ORIENTED_EDGE('',*,*,#7691,.F.);
#7691 = EDGE_CURVE('',#7675,#7684,#7692,.T.);
#7692 = LINE('',#7693,#7694);
#7693 = CARTESIAN_POINT('',(8.951,6.764,5.54));
#7694 = VECTOR('',#7695,1.);
#7695 = DIRECTION('',(1.,0.,0.));
#7696 = PLANE('',#7697);
#7697 = AXIS2_PLACEMENT_3D('',#7698,#7699,#7700);
#7698 = CARTESIAN_POINT('',(8.951,6.844,5.46));
#7699 = DIRECTION('',(0.,0.707106781187,0.707106781187));
#7700 = DIRECTION('',(-1.,0.,-0.));
#7701 = ADVANCED_FACE('',(#7702),#7720,.F.);
#7702 = FACE_BOUND('',#7703,.F.);
#7703 = EDGE_LOOP('',(#7704,#7705,#7706,#7714));
#7704 = ORIENTED_EDGE('',*,*,#7683,.F.);
#7705 = ORIENTED_EDGE('',*,*,#7514,.T.);
#7706 = ORIENTED_EDGE('',*,*,#7707,.T.);
#7707 = EDGE_CURVE('',#7515,#7708,#7710,.T.);
#7708 = VERTEX_POINT('',#7709);
#7709 = CARTESIAN_POINT('',(9.431,6.444,5.54));
#7710 = LINE('',#7711,#7712);
#7711 = CARTESIAN_POINT('',(9.324333333333,6.550666666667,5.646666666667
    ));
#7712 = VECTOR('',#7713,1.);
#7713 = DIRECTION('',(-0.57735026919,0.57735026919,0.57735026919));
#7714 = ORIENTED_EDGE('',*,*,#7715,.F.);
#7715 = EDGE_CURVE('',#7684,#7708,#7716,.T.);
#7716 = LINE('',#7717,#7718);
#7717 = CARTESIAN_POINT('',(9.431,6.924,5.54));
#7718 = VECTOR('',#7719,1.);
#7719 = DIRECTION('',(0.,-1.,1.224646799147E-16));
#7720 = PLANE('',#7721);
#7721 = AXIS2_PLACEMENT_3D('',#7722,#7723,#7724);
#7722 = CARTESIAN_POINT('',(9.511,6.924,5.46));
#7723 = DIRECTION('',(-0.707106781187,-8.659560562355E-17,
    -0.707106781187));
#7724 = DIRECTION('',(0.,-1.,1.224646799147E-16));
#7725 = ADVANCED_FACE('',(#7726),#7744,.F.);
#7726 = FACE_BOUND('',#7727,.T.);
#7727 = EDGE_LOOP('',(#7728,#7736,#7737,#7738));
#7728 = ORIENTED_EDGE('',*,*,#7729,.F.);
#7729 = EDGE_CURVE('',#7539,#7730,#7732,.T.);
#7730 = VERTEX_POINT('',#7731);
#7731 = CARTESIAN_POINT('',(9.111,6.444,5.54));
#7732 = LINE('',#7733,#7734);
#7733 = CARTESIAN_POINT('',(9.111,6.444,5.54));
#7734 = VECTOR('',#7735,1.);
#7735 = DIRECTION('',(0.57735026919,0.57735026919,0.57735026919));
#7736 = ORIENTED_EDGE('',*,*,#7538,.T.);
#7737 = ORIENTED_EDGE('',*,*,#7707,.T.);
#7738 = ORIENTED_EDGE('',*,*,#7739,.F.);
#7739 = EDGE_CURVE('',#7730,#7708,#7740,.T.);
#7740 = LINE('',#7741,#7742);
#7741 = CARTESIAN_POINT('',(8.951,6.444,5.54));
#7742 = VECTOR('',#7743,1.);
#7743 = DIRECTION('',(1.,0.,0.));
#7744 = PLANE('',#7745);
#7745 = AXIS2_PLACEMENT_3D('',#7746,#7747,#7748);
#7746 = CARTESIAN_POINT('',(8.951,6.364,5.46));
#7747 = DIRECTION('',(0.,0.707106781187,-0.707106781187));
#7748 = DIRECTION('',(-1.,-0.,0.));
#7749 = ADVANCED_FACE('',(#7750),#7761,.T.);
#7750 = FACE_BOUND('',#7751,.T.);
#7751 = EDGE_LOOP('',(#7752,#7753,#7754,#7755));
#7752 = ORIENTED_EDGE('',*,*,#7674,.F.);
#7753 = ORIENTED_EDGE('',*,*,#7562,.T.);
#7754 = ORIENTED_EDGE('',*,*,#7729,.T.);
#7755 = ORIENTED_EDGE('',*,*,#7756,.F.);
#7756 = EDGE_CURVE('',#7675,#7730,#7757,.T.);
#7757 = LINE('',#7758,#7759);
#7758 = CARTESIAN_POINT('',(9.111,6.924,5.54));
#7759 = VECTOR('',#7760,1.);
#7760 = DIRECTION('',(0.,-1.,1.224646799147E-16));
#7761 = PLANE('',#7762);
#7762 = AXIS2_PLACEMENT_3D('',#7763,#7764,#7765);
#7763 = CARTESIAN_POINT('',(9.031,6.924,5.46));
#7764 = DIRECTION('',(-0.707106781187,8.659560562355E-17,0.707106781187)
  );
#7765 = DIRECTION('',(0.,-1.,1.224646799147E-16));
#7766 = ADVANCED_FACE('',(#7767),#7792,.F.);
#7767 = FACE_BOUND('',#7768,.T.);
#7768 = EDGE_LOOP('',(#7769,#7777,#7778,#7786));
#7769 = ORIENTED_EDGE('',*,*,#7770,.F.);
#7770 = EDGE_CURVE('',#7588,#7771,#7773,.T.);
#7771 = VERTEX_POINT('',#7772);
#7772 = CARTESIAN_POINT('',(9.111,6.764,-6.));
#7773 = LINE('',#7774,#7775);
#7774 = CARTESIAN_POINT('',(9.004333333333,6.870666666667,
    -5.893333333333));
#7775 = VECTOR('',#7776,1.);
#7776 = DIRECTION('',(0.57735026919,-0.57735026919,-0.57735026919));
#7777 = ORIENTED_EDGE('',*,*,#7595,.T.);
#7778 = ORIENTED_EDGE('',*,*,#7779,.T.);
#7779 = EDGE_CURVE('',#7579,#7780,#7782,.T.);
#7780 = VERTEX_POINT('',#7781);
#7781 = CARTESIAN_POINT('',(9.431,6.764,-6.));
#7782 = LINE('',#7783,#7784);
#7783 = CARTESIAN_POINT('',(9.431,6.764,-6.));
#7784 = VECTOR('',#7785,1.);
#7785 = DIRECTION('',(-0.57735026919,-0.57735026919,-0.57735026919));
#7786 = ORIENTED_EDGE('',*,*,#7787,.F.);
#7787 = EDGE_CURVE('',#7771,#7780,#7788,.T.);
#7788 = LINE('',#7789,#7790);
#7789 = CARTESIAN_POINT('',(8.951,6.764,-6.));
#7790 = VECTOR('',#7791,1.);
#7791 = DIRECTION('',(1.,0.,0.));
#7792 = PLANE('',#7793);
#7793 = AXIS2_PLACEMENT_3D('',#7794,#7795,#7796);
#7794 = CARTESIAN_POINT('',(8.951,6.844,-5.92));
#7795 = DIRECTION('',(0.,-0.707106781187,0.707106781187));
#7796 = DIRECTION('',(-1.,0.,-0.));
#7797 = ADVANCED_FACE('',(#7798),#7816,.T.);
#7798 = FACE_BOUND('',#7799,.T.);
#7799 = EDGE_LOOP('',(#7800,#7801,#7802,#7810));
#7800 = ORIENTED_EDGE('',*,*,#7779,.F.);
#7801 = ORIENTED_EDGE('',*,*,#7619,.T.);
#7802 = ORIENTED_EDGE('',*,*,#7803,.T.);
#7803 = EDGE_CURVE('',#7612,#7804,#7806,.T.);
#7804 = VERTEX_POINT('',#7805);
#7805 = CARTESIAN_POINT('',(9.431,6.444,-6.));
#7806 = LINE('',#7807,#7808);
#7807 = CARTESIAN_POINT('',(9.324333333333,6.550666666667,
    -6.106666666667));
#7808 = VECTOR('',#7809,1.);
#7809 = DIRECTION('',(-0.57735026919,0.57735026919,-0.57735026919));
#7810 = ORIENTED_EDGE('',*,*,#7811,.F.);
#7811 = EDGE_CURVE('',#7780,#7804,#7812,.T.);
#7812 = LINE('',#7813,#7814);
#7813 = CARTESIAN_POINT('',(9.431,6.924,-6.));
#7814 = VECTOR('',#7815,1.);
#7815 = DIRECTION('',(0.,-1.,1.224646799147E-16));
#7816 = PLANE('',#7817);
#7817 = AXIS2_PLACEMENT_3D('',#7818,#7819,#7820);
#7818 = CARTESIAN_POINT('',(9.511,6.924,-5.92));
#7819 = DIRECTION('',(0.707106781187,-8.659560562355E-17,-0.707106781187
    ));
#7820 = DIRECTION('',(0.,-1.,1.224646799147E-16));
#7821 = ADVANCED_FACE('',(#7822),#7840,.T.);
#7822 = FACE_BOUND('',#7823,.F.);
#7823 = EDGE_LOOP('',(#7824,#7832,#7833,#7834));
#7824 = ORIENTED_EDGE('',*,*,#7825,.F.);
#7825 = EDGE_CURVE('',#7636,#7826,#7828,.T.);
#7826 = VERTEX_POINT('',#7827);
#7827 = CARTESIAN_POINT('',(9.111,6.444,-6.));
#7828 = LINE('',#7829,#7830);
#7829 = CARTESIAN_POINT('',(9.111,6.444,-6.));
#7830 = VECTOR('',#7831,1.);
#7831 = DIRECTION('',(0.57735026919,0.57735026919,-0.57735026919));
#7832 = ORIENTED_EDGE('',*,*,#7643,.T.);
#7833 = ORIENTED_EDGE('',*,*,#7803,.T.);
#7834 = ORIENTED_EDGE('',*,*,#7835,.F.);
#7835 = EDGE_CURVE('',#7826,#7804,#7836,.T.);
#7836 = LINE('',#7837,#7838);
#7837 = CARTESIAN_POINT('',(8.951,6.444,-6.));
#7838 = VECTOR('',#7839,1.);
#7839 = DIRECTION('',(1.,0.,0.));
#7840 = PLANE('',#7841);
#7841 = AXIS2_PLACEMENT_3D('',#7842,#7843,#7844);
#7842 = CARTESIAN_POINT('',(8.951,6.364,-5.92));
#7843 = DIRECTION('',(0.,-0.707106781187,-0.707106781187));
#7844 = DIRECTION('',(-1.,-0.,0.));
#7845 = ADVANCED_FACE('',(#7846),#7857,.F.);
#7846 = FACE_BOUND('',#7847,.F.);
#7847 = EDGE_LOOP('',(#7848,#7849,#7850,#7851));
#7848 = ORIENTED_EDGE('',*,*,#7770,.F.);
#7849 = ORIENTED_EDGE('',*,*,#7660,.T.);
#7850 = ORIENTED_EDGE('',*,*,#7825,.T.);
#7851 = ORIENTED_EDGE('',*,*,#7852,.F.);
#7852 = EDGE_CURVE('',#7771,#7826,#7853,.T.);
#7853 = LINE('',#7854,#7855);
#7854 = CARTESIAN_POINT('',(9.111,6.924,-6.));
#7855 = VECTOR('',#7856,1.);
#7856 = DIRECTION('',(0.,-1.,1.224646799147E-16));
#7857 = PLANE('',#7858);
#7858 = AXIS2_PLACEMENT_3D('',#7859,#7860,#7861);
#7859 = CARTESIAN_POINT('',(9.031,6.924,-5.92));
#7860 = DIRECTION('',(0.707106781187,8.659560562355E-17,0.707106781187)
  );
#7861 = DIRECTION('',(0.,-1.,1.224646799147E-16));
#7862 = ADVANCED_FACE('',(#7863),#7869,.F.);
#7863 = FACE_BOUND('',#7864,.F.);
#7864 = EDGE_LOOP('',(#7865,#7866,#7867,#7868));
#7865 = ORIENTED_EDGE('',*,*,#7739,.F.);
#7866 = ORIENTED_EDGE('',*,*,#7756,.F.);
#7867 = ORIENTED_EDGE('',*,*,#7691,.T.);
#7868 = ORIENTED_EDGE('',*,*,#7715,.T.);
#7869 = PLANE('',#7870);
#7870 = AXIS2_PLACEMENT_3D('',#7871,#7872,#7873);
#7871 = CARTESIAN_POINT('',(8.951,6.924,5.54));
#7872 = DIRECTION('',(0.,-1.224646799147E-16,-1.));
#7873 = DIRECTION('',(1.,0.,0.));
#7874 = ADVANCED_FACE('',(#7875),#7881,.T.);
#7875 = FACE_BOUND('',#7876,.T.);
#7876 = EDGE_LOOP('',(#7877,#7878,#7879,#7880));
#7877 = ORIENTED_EDGE('',*,*,#7811,.T.);
#7878 = ORIENTED_EDGE('',*,*,#7835,.F.);
#7879 = ORIENTED_EDGE('',*,*,#7852,.F.);
#7880 = ORIENTED_EDGE('',*,*,#7787,.T.);
#7881 = PLANE('',#7882);
#7882 = AXIS2_PLACEMENT_3D('',#7883,#7884,#7885);
#7883 = CARTESIAN_POINT('',(8.951,6.924,-6.));
#7884 = DIRECTION('',(0.,-1.224646799147E-16,-1.));
#7885 = DIRECTION('',(1.,0.,0.));
#7886 = ( GEOMETRIC_REPRESENTATION_CONTEXT(3) 
GLOBAL_UNCERTAINTY_ASSIGNED_CONTEXT((#7890)) 
GLOBAL_UNIT_ASSIGNED_CONTEXT((#7887,#7888,#7889)) REPRESENTATION_CONTEXT
('Context #1','3D Context with UNIT and UNCERTAINTY') );
#7887 = ( LENGTH_UNIT() NAMED_UNIT(*) SI_UNIT(.MILLI.,.METRE.) );
#7888 = ( NAMED_UNIT(*) PLANE_ANGLE_UNIT() SI_UNIT($,.RADIAN.) );
#7889 = ( NAMED_UNIT(*) SI_UNIT($,.STERADIAN.) SOLID_ANGLE_UNIT() );
#7890 = UNCERTAINTY_MEASURE_WITH_UNIT(LENGTH_MEASURE(1.E-07),#7887,
  'distance_accuracy_value','confusion accuracy');
#7891 = PRODUCT_RELATED_PRODUCT_CATEGORY('part',$,(#7));
ENDSEC;
END-ISO-10303-21;
