ISO-10303-21;
HEADER;
FILE_DESCRIPTION(('FreeCAD Model'),'2;1');
FILE_NAME('Open CASCADE Shape Model','2026-09-23T12:23:55',(
    'kicad StepUp'),('ksu MCAD'),'Open CASCADE STEP processor 7.8',
  'FreeCAD','Unknown');
FILE_SCHEMA(('AUTOMOTIVE_DESIGN { 1 0 10303 214 1 1 1 1 }'));
ENDSEC;
DATA;
#1 = APPLICATION_PROTOCOL_DEFINITION('international standard',
  'automotive_design',2000,#2);
#2 = APPLICATION_CONTEXT(
  'core data for automotive mechanical design processes');
#3 = SHAPE_DEFINITION_REPRESENTATION(#4,#10);
#4 = PRODUCT_DEFINITION_SHAPE('','',#5);
#5 = PRODUCT_DEFINITION('design','',#6,#9);
#6 = PRODUCT_DEFINITION_FORMATION('','',#7);
#7 = PRODUCT('\\X2\\04210431043E0440043A0430\\X0\\',
  '\\X2\\04210431043E0440043A0430\\X0\\','',(#8));
#8 = PRODUCT_CONTEXT('',#2,'mechanical');
#9 = PRODUCT_DEFINITION_CONTEXT('part definition',#2,'design');
#10 = SHAPE_REPRESENTATION('',(#11,#15,#19,#23,#27,#31,#35,#39,#43,#47,
    #51,#55,#59,#63,#67,#71,#75,#79,#83,#87,#91,#95,#99,#103,#107,#111,
    #115,#119,#123,#127,#131,#135,#139,#143,#147,#151),#155);
#11 = AXIS2_PLACEMENT_3D('',#12,#13,#14);
#12 = CARTESIAN_POINT('',(0.,0.,0.));
#13 = DIRECTION('',(0.,0.,1.));
#14 = DIRECTION('',(1.,0.,-0.));
#15 = AXIS2_PLACEMENT_3D('',#16,#17,#18);
#16 = CARTESIAN_POINT('',(8.020298296628,-17.78,2.54));
#17 = DIRECTION('',(0.,0.,1.));
#18 = DIRECTION('',(-2.22044604925E-16,1.,0.));
#19 = AXIS2_PLACEMENT_3D('',#20,#21,#22);
#20 = CARTESIAN_POINT('',(0.400298296628,-17.78,-4.440892098501E-16));
#21 = DIRECTION('',(0.,0.,1.));
#22 = DIRECTION('',(-2.22044604925E-16,1.,0.));
#23 = AXIS2_PLACEMENT_3D('',#24,#25,#26);
#24 = CARTESIAN_POINT('',(15.640298296628,-17.78,-4.440892098501E-16));
#25 = DIRECTION('',(0.,0.,1.));
#26 = DIRECTION('',(-2.22044604925E-16,1.,0.));
#27 = AXIS2_PLACEMENT_3D('',#28,#29,#30);
#28 = CARTESIAN_POINT('',(15.640298296628,-35.56,-6.72));
#29 = DIRECTION('',(0.,0.,1.));
#30 = DIRECTION('',(-2.22044604925E-16,1.,0.));
#31 = AXIS2_PLACEMENT_3D('',#32,#33,#34);
#32 = CARTESIAN_POINT('',(15.640298296628,-33.02,-6.72));
#33 = DIRECTION('',(0.,0.,1.));
#34 = DIRECTION('',(-2.22044604925E-16,1.,0.));
#35 = AXIS2_PLACEMENT_3D('',#36,#37,#38);
#36 = CARTESIAN_POINT('',(15.640298296628,-30.48,-6.72));
#37 = DIRECTION('',(0.,0.,1.));
#38 = DIRECTION('',(-2.22044604925E-16,1.,0.));
#39 = AXIS2_PLACEMENT_3D('',#40,#41,#42);
#40 = CARTESIAN_POINT('',(15.640298296628,-27.94,-6.72));
#41 = DIRECTION('',(0.,0.,1.));
#42 = DIRECTION('',(-2.22044604925E-16,1.,0.));
#43 = AXIS2_PLACEMENT_3D('',#44,#45,#46);
#44 = CARTESIAN_POINT('',(15.640298296628,-25.4,-6.72));
#45 = DIRECTION('',(0.,0.,1.));
#46 = DIRECTION('',(-2.22044604925E-16,1.,0.));
#47 = AXIS2_PLACEMENT_3D('',#48,#49,#50);
#48 = CARTESIAN_POINT('',(15.640298296628,-22.86,-6.72));
#49 = DIRECTION('',(0.,0.,1.));
#50 = DIRECTION('',(-2.22044604925E-16,1.,0.));
#51 = AXIS2_PLACEMENT_3D('',#52,#53,#54);
#52 = CARTESIAN_POINT('',(15.640298296628,-20.32,-6.72));
#53 = DIRECTION('',(0.,0.,1.));
#54 = DIRECTION('',(-2.22044604925E-16,1.,0.));
#55 = AXIS2_PLACEMENT_3D('',#56,#57,#58);
#56 = CARTESIAN_POINT('',(15.640298296628,-17.78,-6.72));
#57 = DIRECTION('',(0.,0.,1.));
#58 = DIRECTION('',(-2.22044604925E-16,1.,0.));
#59 = AXIS2_PLACEMENT_3D('',#60,#61,#62);
#60 = CARTESIAN_POINT('',(15.640298296628,-15.24,-6.72));
#61 = DIRECTION('',(0.,0.,1.));
#62 = DIRECTION('',(-2.22044604925E-16,1.,0.));
#63 = AXIS2_PLACEMENT_3D('',#64,#65,#66);
#64 = CARTESIAN_POINT('',(15.640298296628,-12.7,-6.72));
#65 = DIRECTION('',(0.,0.,1.));
#66 = DIRECTION('',(-2.22044604925E-16,1.,0.));
#67 = AXIS2_PLACEMENT_3D('',#68,#69,#70);
#68 = CARTESIAN_POINT('',(15.640298296628,-10.16,-6.72));
#69 = DIRECTION('',(0.,0.,1.));
#70 = DIRECTION('',(-2.22044604925E-16,1.,0.));
#71 = AXIS2_PLACEMENT_3D('',#72,#73,#74);
#72 = CARTESIAN_POINT('',(15.640298296628,-7.62,-6.72));
#73 = DIRECTION('',(0.,0.,1.));
#74 = DIRECTION('',(-2.22044604925E-16,1.,0.));
#75 = AXIS2_PLACEMENT_3D('',#76,#77,#78);
#76 = CARTESIAN_POINT('',(15.640298296628,-5.08,-6.72));
#77 = DIRECTION('',(0.,0.,1.));
#78 = DIRECTION('',(-2.22044604925E-16,1.,0.));
#79 = AXIS2_PLACEMENT_3D('',#80,#81,#82);
#80 = CARTESIAN_POINT('',(15.640298296628,-2.54,-6.72));
#81 = DIRECTION('',(0.,0.,1.));
#82 = DIRECTION('',(-2.22044604925E-16,1.,0.));
#83 = AXIS2_PLACEMENT_3D('',#84,#85,#86);
#84 = CARTESIAN_POINT('',(15.640298296628,3.552713678801E-15,-6.72));
#85 = DIRECTION('',(0.,0.,1.));
#86 = DIRECTION('',(-2.22044604925E-16,1.,0.));
#87 = AXIS2_PLACEMENT_3D('',#88,#89,#90);
#88 = CARTESIAN_POINT('',(0.400298296628,-35.56,-6.72));
#89 = DIRECTION('',(0.,0.,1.));
#90 = DIRECTION('',(-2.22044604925E-16,1.,0.));
#91 = AXIS2_PLACEMENT_3D('',#92,#93,#94);
#92 = CARTESIAN_POINT('',(0.400298296628,-33.02,-6.72));
#93 = DIRECTION('',(0.,0.,1.));
#94 = DIRECTION('',(-2.22044604925E-16,1.,0.));
#95 = AXIS2_PLACEMENT_3D('',#96,#97,#98);
#96 = CARTESIAN_POINT('',(0.400298296628,-30.48,-6.72));
#97 = DIRECTION('',(0.,0.,1.));
#98 = DIRECTION('',(-2.22044604925E-16,1.,0.));
#99 = AXIS2_PLACEMENT_3D('',#100,#101,#102);
#100 = CARTESIAN_POINT('',(0.400298296628,-27.94,-6.72));
#101 = DIRECTION('',(0.,0.,1.));
#102 = DIRECTION('',(-2.22044604925E-16,1.,0.));
#103 = AXIS2_PLACEMENT_3D('',#104,#105,#106);
#104 = CARTESIAN_POINT('',(0.400298296628,-25.4,-6.72));
#105 = DIRECTION('',(0.,0.,1.));
#106 = DIRECTION('',(-2.22044604925E-16,1.,0.));
#107 = AXIS2_PLACEMENT_3D('',#108,#109,#110);
#108 = CARTESIAN_POINT('',(0.400298296628,-22.86,-6.72));
#109 = DIRECTION('',(0.,0.,1.));
#110 = DIRECTION('',(-2.22044604925E-16,1.,0.));
#111 = AXIS2_PLACEMENT_3D('',#112,#113,#114);
#112 = CARTESIAN_POINT('',(0.400298296628,-20.32,-6.72));
#113 = DIRECTION('',(0.,0.,1.));
#114 = DIRECTION('',(-2.22044604925E-16,1.,0.));
#115 = AXIS2_PLACEMENT_3D('',#116,#117,#118);
#116 = CARTESIAN_POINT('',(0.400298296628,-17.78,-6.72));
#117 = DIRECTION('',(0.,0.,1.));
#118 = DIRECTION('',(-2.22044604925E-16,1.,0.));
#119 = AXIS2_PLACEMENT_3D('',#120,#121,#122);
#120 = CARTESIAN_POINT('',(0.400298296628,-15.24,-6.72));
#121 = DIRECTION('',(0.,0.,1.));
#122 = DIRECTION('',(-2.22044604925E-16,1.,0.));
#123 = AXIS2_PLACEMENT_3D('',#124,#125,#126);
#124 = CARTESIAN_POINT('',(0.400298296628,-12.7,-6.72));
#125 = DIRECTION('',(0.,0.,1.));
#126 = DIRECTION('',(-2.22044604925E-16,1.,0.));
#127 = AXIS2_PLACEMENT_3D('',#128,#129,#130);
#128 = CARTESIAN_POINT('',(0.400298296628,-10.16,-6.72));
#129 = DIRECTION('',(0.,0.,1.));
#130 = DIRECTION('',(-2.22044604925E-16,1.,0.));
#131 = AXIS2_PLACEMENT_3D('',#132,#133,#134);
#132 = CARTESIAN_POINT('',(0.400298296628,-7.62,-6.72));
#133 = DIRECTION('',(0.,0.,1.));
#134 = DIRECTION('',(-2.22044604925E-16,1.,0.));
#135 = AXIS2_PLACEMENT_3D('',#136,#137,#138);
#136 = CARTESIAN_POINT('',(0.400298296628,-5.08,-6.72));
#137 = DIRECTION('',(0.,0.,1.));
#138 = DIRECTION('',(-2.22044604925E-16,1.,0.));
#139 = AXIS2_PLACEMENT_3D('',#140,#141,#142);
#140 = CARTESIAN_POINT('',(0.400298296628,-2.54,-6.72));
#141 = DIRECTION('',(0.,0.,1.));
#142 = DIRECTION('',(-2.22044604925E-16,1.,0.));
#143 = AXIS2_PLACEMENT_3D('',#144,#145,#146);
#144 = CARTESIAN_POINT('',(0.400298296628,3.552713678801E-15,-6.72));
#145 = DIRECTION('',(0.,0.,1.));
#146 = DIRECTION('',(-2.22044604925E-16,1.,0.));
#147 = AXIS2_PLACEMENT_3D('',#148,#149,#150);
#148 = CARTESIAN_POINT('',(8.020298296628,-36.87,8.34));
#149 = DIRECTION('',(-0.,0.,-1.));
#150 = DIRECTION('',(-2.22044604925E-16,-1.,0.));
#151 = AXIS2_PLACEMENT_3D('',#152,#153,#154);
#152 = CARTESIAN_POINT('',(8.020298296628,-24.24100914502,4.34));
#153 = DIRECTION('',(0.,0.,1.));
#154 = DIRECTION('',(-2.22044604925E-16,1.,0.));
#155 = ( GEOMETRIC_REPRESENTATION_CONTEXT(3) 
GLOBAL_UNCERTAINTY_ASSIGNED_CONTEXT((#159)) GLOBAL_UNIT_ASSIGNED_CONTEXT
((#156,#157,#158)) REPRESENTATION_CONTEXT('Context #1',
  '3D Context with UNIT and UNCERTAINTY') );
#156 = ( LENGTH_UNIT() NAMED_UNIT(*) SI_UNIT(.MILLI.,.METRE.) );
#157 = ( NAMED_UNIT(*) PLANE_ANGLE_UNIT() SI_UNIT($,.RADIAN.) );
#158 = ( NAMED_UNIT(*) SI_UNIT($,.STERADIAN.) SOLID_ANGLE_UNIT() );
#159 = UNCERTAINTY_MEASURE_WITH_UNIT(LENGTH_MEASURE(1.E-07),#156,
  'distance_accuracy_value','confusion accuracy');
#160 = PRODUCT_RELATED_PRODUCT_CATEGORY('part',$,(#7));
#161 = SHAPE_DEFINITION_REPRESENTATION(#162,#168);
#162 = PRODUCT_DEFINITION_SHAPE('','',#163);
#163 = PRODUCT_DEFINITION('design','',#164,#167);
#164 = PRODUCT_DEFINITION_FORMATION('','',#165);
#165 = PRODUCT('\\X2\\0414043504420430043B044C\\X0\\',
  '\\X2\\0414043504420430043B044C\\X0\\','',(#166));
#166 = PRODUCT_CONTEXT('',#2,'mechanical');
#167 = PRODUCT_DEFINITION_CONTEXT('part definition',#2,'design');
#168 = ADVANCED_BREP_SHAPE_REPRESENTATION('',(#11,#169),#4551);
#169 = MANIFOLD_SOLID_BREP('',#170);
#170 = CLOSED_SHELL('',(#171,#1275,#2379,#2401,#2418,#2435,#2447,#2469,
    #2486,#2503,#2515,#2537,#2554,#2571,#2583,#2605,#2622,#2639,#2651,
    #2673,#2690,#2707,#2719,#2741,#2758,#2775,#2787,#2809,#2826,#2843,
    #2855,#2877,#2894,#2911,#2923,#2945,#2962,#2979,#2991,#3013,#3030,
    #3047,#3059,#3081,#3098,#3115,#3127,#3149,#3166,#3183,#3195,#3217,
    #3234,#3251,#3263,#3285,#3302,#3319,#3331,#3353,#3370,#3387,#3399,
    #3421,#3438,#3455,#3467,#3489,#3506,#3523,#3535,#3557,#3574,#3591,
    #3603,#3625,#3642,#3659,#3671,#3693,#3710,#3727,#3739,#3761,#3778,
    #3795,#3807,#3829,#3846,#3863,#3875,#3897,#3914,#3931,#3943,#3965,
    #3982,#3999,#4011,#4033,#4050,#4067,#4079,#4101,#4118,#4135,#4147,
    #4169,#4186,#4203,#4215,#4237,#4254,#4271,#4283,#4305,#4322,#4339,
    #4351,#4373,#4390,#4407,#4419,#4435,#4451,#4467,#4483,#4505,#4522,
    #4539));
#171 = ADVANCED_FACE('',(#172,#206,#217,#228,#239,#250,#284,#318,#352,
    #386,#420,#454,#488,#522,#556,#590,#624,#658,#692,#726,#760,#794,
    #828,#862,#896,#930,#964,#998,#1032,#1066,#1100,#1134,#1168,#1202,
    #1236),#1270,.F.);
#172 = FACE_BOUND('',#173,.T.);
#173 = EDGE_LOOP('',(#174,#184,#192,#200));
#174 = ORIENTED_EDGE('',*,*,#175,.F.);
#175 = EDGE_CURVE('',#176,#178,#180,.T.);
#176 = VERTEX_POINT('',#177);
#177 = CARTESIAN_POINT('',(21.59,9.25,0.));
#178 = VERTEX_POINT('',#179);
#179 = CARTESIAN_POINT('',(-21.59,9.25,0.));
#180 = LINE('',#181,#182);
#181 = CARTESIAN_POINT('',(21.59,9.25,0.));
#182 = VECTOR('',#183,1.);
#183 = DIRECTION('',(-1.,8.227683369154E-17,0.));
#184 = ORIENTED_EDGE('',*,*,#185,.F.);
#185 = EDGE_CURVE('',#186,#176,#188,.T.);
#186 = VERTEX_POINT('',#187);
#187 = CARTESIAN_POINT('',(21.59,-9.25,0.));
#188 = LINE('',#189,#190);
#189 = CARTESIAN_POINT('',(21.59,-9.25,0.));
#190 = VECTOR('',#191,1.);
#191 = DIRECTION('',(0.,1.,0.));
#192 = ORIENTED_EDGE('',*,*,#193,.F.);
#193 = EDGE_CURVE('',#194,#186,#196,.T.);
#194 = VERTEX_POINT('',#195);
#195 = CARTESIAN_POINT('',(-21.59,-9.25,0.));
#196 = LINE('',#197,#198);
#197 = CARTESIAN_POINT('',(-21.59,-9.25,0.));
#198 = VECTOR('',#199,1.);
#199 = DIRECTION('',(1.,-8.227683369154E-17,0.));
#200 = ORIENTED_EDGE('',*,*,#201,.F.);
#201 = EDGE_CURVE('',#178,#194,#202,.T.);
#202 = LINE('',#203,#204);
#203 = CARTESIAN_POINT('',(-21.59,9.25,0.));
#204 = VECTOR('',#205,1.);
#205 = DIRECTION('',(0.,-1.,0.));
#206 = FACE_BOUND('',#207,.T.);
#207 = EDGE_LOOP('',(#208));
#208 = ORIENTED_EDGE('',*,*,#209,.T.);
#209 = EDGE_CURVE('',#210,#210,#212,.T.);
#210 = VERTEX_POINT('',#211);
#211 = CARTESIAN_POINT('',(19.42,-7.62,0.));
#212 = CIRCLE('',#213,0.9);
#213 = AXIS2_PLACEMENT_3D('',#214,#215,#216);
#214 = CARTESIAN_POINT('',(20.32,-7.62,0.));
#215 = DIRECTION('',(0.,0.,1.));
#216 = DIRECTION('',(-1.,1.224646799147E-16,0.));
#217 = FACE_BOUND('',#218,.T.);
#218 = EDGE_LOOP('',(#219));
#219 = ORIENTED_EDGE('',*,*,#220,.T.);
#220 = EDGE_CURVE('',#221,#221,#223,.T.);
#221 = VERTEX_POINT('',#222);
#222 = CARTESIAN_POINT('',(-21.22,-7.62,0.));
#223 = CIRCLE('',#224,0.9);
#224 = AXIS2_PLACEMENT_3D('',#225,#226,#227);
#225 = CARTESIAN_POINT('',(-20.32,-7.62,0.));
#226 = DIRECTION('',(0.,0.,1.));
#227 = DIRECTION('',(-1.,1.224646799147E-16,0.));
#228 = FACE_BOUND('',#229,.T.);
#229 = EDGE_LOOP('',(#230));
#230 = ORIENTED_EDGE('',*,*,#231,.T.);
#231 = EDGE_CURVE('',#232,#232,#234,.T.);
#232 = VERTEX_POINT('',#233);
#233 = CARTESIAN_POINT('',(-21.22,7.62,0.));
#234 = CIRCLE('',#235,0.9);
#235 = AXIS2_PLACEMENT_3D('',#236,#237,#238);
#236 = CARTESIAN_POINT('',(-20.32,7.62,0.));
#237 = DIRECTION('',(0.,0.,1.));
#238 = DIRECTION('',(-1.,1.224646799147E-16,0.));
#239 = FACE_BOUND('',#240,.T.);
#240 = EDGE_LOOP('',(#241));
#241 = ORIENTED_EDGE('',*,*,#242,.T.);
#242 = EDGE_CURVE('',#243,#243,#245,.T.);
#243 = VERTEX_POINT('',#244);
#244 = CARTESIAN_POINT('',(19.42,7.62,0.));
#245 = CIRCLE('',#246,0.9);
#246 = AXIS2_PLACEMENT_3D('',#247,#248,#249);
#247 = CARTESIAN_POINT('',(20.32,7.62,0.));
#248 = DIRECTION('',(0.,0.,1.));
#249 = DIRECTION('',(-1.,1.224646799147E-16,0.));
#250 = FACE_BOUND('',#251,.T.);
#251 = EDGE_LOOP('',(#252,#262,#270,#278));
#252 = ORIENTED_EDGE('',*,*,#253,.T.);
#253 = EDGE_CURVE('',#254,#256,#258,.T.);
#254 = VERTEX_POINT('',#255);
#255 = CARTESIAN_POINT('',(-18.18,-7.22,0.));
#256 = VERTEX_POINT('',#257);
#257 = CARTESIAN_POINT('',(-18.18,-8.02,0.));
#258 = LINE('',#259,#260);
#259 = CARTESIAN_POINT('',(-18.18,-7.22,0.));
#260 = VECTOR('',#261,1.);
#261 = DIRECTION('',(0.,-1.,0.));
#262 = ORIENTED_EDGE('',*,*,#263,.T.);
#263 = EDGE_CURVE('',#256,#264,#266,.T.);
#264 = VERTEX_POINT('',#265);
#265 = CARTESIAN_POINT('',(-17.38,-8.02,0.));
#266 = LINE('',#267,#268);
#267 = CARTESIAN_POINT('',(-18.18,-8.02,0.));
#268 = VECTOR('',#269,1.);
#269 = DIRECTION('',(1.,0.,0.));
#270 = ORIENTED_EDGE('',*,*,#271,.T.);
#271 = EDGE_CURVE('',#264,#272,#274,.T.);
#272 = VERTEX_POINT('',#273);
#273 = CARTESIAN_POINT('',(-17.38,-7.22,0.));
#274 = LINE('',#275,#276);
#275 = CARTESIAN_POINT('',(-17.38,-8.02,0.));
#276 = VECTOR('',#277,1.);
#277 = DIRECTION('',(0.,1.,0.));
#278 = ORIENTED_EDGE('',*,*,#279,.T.);
#279 = EDGE_CURVE('',#272,#254,#280,.T.);
#280 = LINE('',#281,#282);
#281 = CARTESIAN_POINT('',(-17.38,-7.22,0.));
#282 = VECTOR('',#283,1.);
#283 = DIRECTION('',(-1.,1.110223024625E-15,0.));
#284 = FACE_BOUND('',#285,.T.);
#285 = EDGE_LOOP('',(#286,#296,#304,#312));
#286 = ORIENTED_EDGE('',*,*,#287,.T.);
#287 = EDGE_CURVE('',#288,#290,#292,.T.);
#288 = VERTEX_POINT('',#289);
#289 = CARTESIAN_POINT('',(-18.18,8.02,0.));
#290 = VERTEX_POINT('',#291);
#291 = CARTESIAN_POINT('',(-18.18,7.22,0.));
#292 = LINE('',#293,#294);
#293 = CARTESIAN_POINT('',(-18.18,8.02,0.));
#294 = VECTOR('',#295,1.);
#295 = DIRECTION('',(0.,-1.,0.));
#296 = ORIENTED_EDGE('',*,*,#297,.T.);
#297 = EDGE_CURVE('',#290,#298,#300,.T.);
#298 = VERTEX_POINT('',#299);
#299 = CARTESIAN_POINT('',(-17.38,7.22,0.));
#300 = LINE('',#301,#302);
#301 = CARTESIAN_POINT('',(-18.18,7.22,0.));
#302 = VECTOR('',#303,1.);
#303 = DIRECTION('',(1.,-2.22044604925E-15,0.));
#304 = ORIENTED_EDGE('',*,*,#305,.T.);
#305 = EDGE_CURVE('',#298,#306,#308,.T.);
#306 = VERTEX_POINT('',#307);
#307 = CARTESIAN_POINT('',(-17.38,8.02,0.));
#308 = LINE('',#309,#310);
#309 = CARTESIAN_POINT('',(-17.38,7.22,0.));
#310 = VECTOR('',#311,1.);
#311 = DIRECTION('',(0.,1.,0.));
#312 = ORIENTED_EDGE('',*,*,#313,.T.);
#313 = EDGE_CURVE('',#306,#288,#314,.T.);
#314 = LINE('',#315,#316);
#315 = CARTESIAN_POINT('',(-17.38,8.02,0.));
#316 = VECTOR('',#317,1.);
#317 = DIRECTION('',(-1.,0.,0.));
#318 = FACE_BOUND('',#319,.T.);
#319 = EDGE_LOOP('',(#320,#330,#338,#346));
#320 = ORIENTED_EDGE('',*,*,#321,.T.);
#321 = EDGE_CURVE('',#322,#324,#326,.T.);
#322 = VERTEX_POINT('',#323);
#323 = CARTESIAN_POINT('',(-15.64,-7.22,0.));
#324 = VERTEX_POINT('',#325);
#325 = CARTESIAN_POINT('',(-15.64,-8.02,0.));
#326 = LINE('',#327,#328);
#327 = CARTESIAN_POINT('',(-15.64,-7.22,0.));
#328 = VECTOR('',#329,1.);
#329 = DIRECTION('',(-4.440892098501E-15,-1.,0.));
#330 = ORIENTED_EDGE('',*,*,#331,.T.);
#331 = EDGE_CURVE('',#324,#332,#334,.T.);
#332 = VERTEX_POINT('',#333);
#333 = CARTESIAN_POINT('',(-14.84,-8.02,0.));
#334 = LINE('',#335,#336);
#335 = CARTESIAN_POINT('',(-15.64,-8.02,0.));
#336 = VECTOR('',#337,1.);
#337 = DIRECTION('',(1.,2.22044604925E-15,0.));
#338 = ORIENTED_EDGE('',*,*,#339,.T.);
#339 = EDGE_CURVE('',#332,#340,#342,.T.);
#340 = VERTEX_POINT('',#341);
#341 = CARTESIAN_POINT('',(-14.84,-7.22,0.));
#342 = LINE('',#343,#344);
#343 = CARTESIAN_POINT('',(-14.84,-8.02,0.));
#344 = VECTOR('',#345,1.);
#345 = DIRECTION('',(4.440892098501E-15,1.,0.));
#346 = ORIENTED_EDGE('',*,*,#347,.T.);
#347 = EDGE_CURVE('',#340,#322,#348,.T.);
#348 = LINE('',#349,#350);
#349 = CARTESIAN_POINT('',(-14.84,-7.22,0.));
#350 = VECTOR('',#351,1.);
#351 = DIRECTION('',(-1.,0.,0.));
#352 = FACE_BOUND('',#353,.T.);
#353 = EDGE_LOOP('',(#354,#364,#372,#380));
#354 = ORIENTED_EDGE('',*,*,#355,.T.);
#355 = EDGE_CURVE('',#356,#358,#360,.T.);
#356 = VERTEX_POINT('',#357);
#357 = CARTESIAN_POINT('',(-13.1,-7.22,0.));
#358 = VERTEX_POINT('',#359);
#359 = CARTESIAN_POINT('',(-13.1,-8.02,0.));
#360 = LINE('',#361,#362);
#361 = CARTESIAN_POINT('',(-13.1,-7.22,0.));
#362 = VECTOR('',#363,1.);
#363 = DIRECTION('',(-4.440892098501E-15,-1.,0.));
#364 = ORIENTED_EDGE('',*,*,#365,.T.);
#365 = EDGE_CURVE('',#358,#366,#368,.T.);
#366 = VERTEX_POINT('',#367);
#367 = CARTESIAN_POINT('',(-12.3,-8.02,0.));
#368 = LINE('',#369,#370);
#369 = CARTESIAN_POINT('',(-13.1,-8.02,0.));
#370 = VECTOR('',#371,1.);
#371 = DIRECTION('',(1.,0.,0.));
#372 = ORIENTED_EDGE('',*,*,#373,.T.);
#373 = EDGE_CURVE('',#366,#374,#376,.T.);
#374 = VERTEX_POINT('',#375);
#375 = CARTESIAN_POINT('',(-12.3,-7.22,0.));
#376 = LINE('',#377,#378);
#377 = CARTESIAN_POINT('',(-12.3,-8.02,0.));
#378 = VECTOR('',#379,1.);
#379 = DIRECTION('',(4.440892098501E-15,1.,0.));
#380 = ORIENTED_EDGE('',*,*,#381,.T.);
#381 = EDGE_CURVE('',#374,#356,#382,.T.);
#382 = LINE('',#383,#384);
#383 = CARTESIAN_POINT('',(-12.3,-7.22,0.));
#384 = VECTOR('',#385,1.);
#385 = DIRECTION('',(-1.,0.,0.));
#386 = FACE_BOUND('',#387,.T.);
#387 = EDGE_LOOP('',(#388,#398,#406,#414));
#388 = ORIENTED_EDGE('',*,*,#389,.T.);
#389 = EDGE_CURVE('',#390,#392,#394,.T.);
#390 = VERTEX_POINT('',#391);
#391 = CARTESIAN_POINT('',(-10.56,-7.22,0.));
#392 = VERTEX_POINT('',#393);
#393 = CARTESIAN_POINT('',(-10.56,-8.02,0.));
#394 = LINE('',#395,#396);
#395 = CARTESIAN_POINT('',(-10.56,-7.22,0.));
#396 = VECTOR('',#397,1.);
#397 = DIRECTION('',(-4.440892098501E-15,-1.,0.));
#398 = ORIENTED_EDGE('',*,*,#399,.T.);
#399 = EDGE_CURVE('',#392,#400,#402,.T.);
#400 = VERTEX_POINT('',#401);
#401 = CARTESIAN_POINT('',(-9.76,-8.02,0.));
#402 = LINE('',#403,#404);
#403 = CARTESIAN_POINT('',(-10.56,-8.02,0.));
#404 = VECTOR('',#405,1.);
#405 = DIRECTION('',(1.,0.,0.));
#406 = ORIENTED_EDGE('',*,*,#407,.T.);
#407 = EDGE_CURVE('',#400,#408,#410,.T.);
#408 = VERTEX_POINT('',#409);
#409 = CARTESIAN_POINT('',(-9.76,-7.22,0.));
#410 = LINE('',#411,#412);
#411 = CARTESIAN_POINT('',(-9.76,-8.02,0.));
#412 = VECTOR('',#413,1.);
#413 = DIRECTION('',(4.440892098501E-15,1.,0.));
#414 = ORIENTED_EDGE('',*,*,#415,.T.);
#415 = EDGE_CURVE('',#408,#390,#416,.T.);
#416 = LINE('',#417,#418);
#417 = CARTESIAN_POINT('',(-9.76,-7.22,0.));
#418 = VECTOR('',#419,1.);
#419 = DIRECTION('',(-1.,0.,0.));
#420 = FACE_BOUND('',#421,.T.);
#421 = EDGE_LOOP('',(#422,#432,#440,#448));
#422 = ORIENTED_EDGE('',*,*,#423,.T.);
#423 = EDGE_CURVE('',#424,#426,#428,.T.);
#424 = VERTEX_POINT('',#425);
#425 = CARTESIAN_POINT('',(-8.02,-7.22,0.));
#426 = VERTEX_POINT('',#427);
#427 = CARTESIAN_POINT('',(-8.02,-8.02,0.));
#428 = LINE('',#429,#430);
#429 = CARTESIAN_POINT('',(-8.02,-7.22,0.));
#430 = VECTOR('',#431,1.);
#431 = DIRECTION('',(-4.440892098501E-15,-1.,0.));
#432 = ORIENTED_EDGE('',*,*,#433,.T.);
#433 = EDGE_CURVE('',#426,#434,#436,.T.);
#434 = VERTEX_POINT('',#435);
#435 = CARTESIAN_POINT('',(-7.22,-8.02,0.));
#436 = LINE('',#437,#438);
#437 = CARTESIAN_POINT('',(-8.02,-8.02,0.));
#438 = VECTOR('',#439,1.);
#439 = DIRECTION('',(1.,-4.440892098501E-15,0.));
#440 = ORIENTED_EDGE('',*,*,#441,.T.);
#441 = EDGE_CURVE('',#434,#442,#444,.T.);
#442 = VERTEX_POINT('',#443);
#443 = CARTESIAN_POINT('',(-7.22,-7.22,0.));
#444 = LINE('',#445,#446);
#445 = CARTESIAN_POINT('',(-7.22,-8.02,0.));
#446 = VECTOR('',#447,1.);
#447 = DIRECTION('',(-1.110223024625E-15,1.,0.));
#448 = ORIENTED_EDGE('',*,*,#449,.T.);
#449 = EDGE_CURVE('',#442,#424,#450,.T.);
#450 = LINE('',#451,#452);
#451 = CARTESIAN_POINT('',(-7.22,-7.22,0.));
#452 = VECTOR('',#453,1.);
#453 = DIRECTION('',(-1.,-1.110223024625E-15,0.));
#454 = FACE_BOUND('',#455,.T.);
#455 = EDGE_LOOP('',(#456,#466,#474,#482));
#456 = ORIENTED_EDGE('',*,*,#457,.T.);
#457 = EDGE_CURVE('',#458,#460,#462,.T.);
#458 = VERTEX_POINT('',#459);
#459 = CARTESIAN_POINT('',(-5.48,-7.22,0.));
#460 = VERTEX_POINT('',#461);
#461 = CARTESIAN_POINT('',(-5.48,-8.02,0.));
#462 = LINE('',#463,#464);
#463 = CARTESIAN_POINT('',(-5.48,-7.22,0.));
#464 = VECTOR('',#465,1.);
#465 = DIRECTION('',(1.110223024625E-15,-1.,0.));
#466 = ORIENTED_EDGE('',*,*,#467,.T.);
#467 = EDGE_CURVE('',#460,#468,#470,.T.);
#468 = VERTEX_POINT('',#469);
#469 = CARTESIAN_POINT('',(-4.68,-8.02,0.));
#470 = LINE('',#471,#472);
#471 = CARTESIAN_POINT('',(-5.48,-8.02,0.));
#472 = VECTOR('',#473,1.);
#473 = DIRECTION('',(1.,0.,0.));
#474 = ORIENTED_EDGE('',*,*,#475,.T.);
#475 = EDGE_CURVE('',#468,#476,#478,.T.);
#476 = VERTEX_POINT('',#477);
#477 = CARTESIAN_POINT('',(-4.68,-7.22,0.));
#478 = LINE('',#479,#480);
#479 = CARTESIAN_POINT('',(-4.68,-8.02,0.));
#480 = VECTOR('',#481,1.);
#481 = DIRECTION('',(-1.110223024625E-15,1.,0.));
#482 = ORIENTED_EDGE('',*,*,#483,.T.);
#483 = EDGE_CURVE('',#476,#458,#484,.T.);
#484 = LINE('',#485,#486);
#485 = CARTESIAN_POINT('',(-4.68,-7.22,0.));
#486 = VECTOR('',#487,1.);
#487 = DIRECTION('',(-1.,0.,0.));
#488 = FACE_BOUND('',#489,.T.);
#489 = EDGE_LOOP('',(#490,#500,#508,#516));
#490 = ORIENTED_EDGE('',*,*,#491,.T.);
#491 = EDGE_CURVE('',#492,#494,#496,.T.);
#492 = VERTEX_POINT('',#493);
#493 = CARTESIAN_POINT('',(-2.94,-7.22,0.));
#494 = VERTEX_POINT('',#495);
#495 = CARTESIAN_POINT('',(-2.94,-8.02,0.));
#496 = LINE('',#497,#498);
#497 = CARTESIAN_POINT('',(-2.94,-7.22,0.));
#498 = VECTOR('',#499,1.);
#499 = DIRECTION('',(0.,-1.,0.));
#500 = ORIENTED_EDGE('',*,*,#501,.T.);
#501 = EDGE_CURVE('',#494,#502,#504,.T.);
#502 = VERTEX_POINT('',#503);
#503 = CARTESIAN_POINT('',(-2.14,-8.02,0.));
#504 = LINE('',#505,#506);
#505 = CARTESIAN_POINT('',(-2.94,-8.02,0.));
#506 = VECTOR('',#507,1.);
#507 = DIRECTION('',(1.,0.,0.));
#508 = ORIENTED_EDGE('',*,*,#509,.T.);
#509 = EDGE_CURVE('',#502,#510,#512,.T.);
#510 = VERTEX_POINT('',#511);
#511 = CARTESIAN_POINT('',(-2.14,-7.22,0.));
#512 = LINE('',#513,#514);
#513 = CARTESIAN_POINT('',(-2.14,-8.02,0.));
#514 = VECTOR('',#515,1.);
#515 = DIRECTION('',(0.,1.,0.));
#516 = ORIENTED_EDGE('',*,*,#517,.T.);
#517 = EDGE_CURVE('',#510,#492,#518,.T.);
#518 = LINE('',#519,#520);
#519 = CARTESIAN_POINT('',(-2.14,-7.22,0.));
#520 = VECTOR('',#521,1.);
#521 = DIRECTION('',(-1.,0.,0.));
#522 = FACE_BOUND('',#523,.T.);
#523 = EDGE_LOOP('',(#524,#534,#542,#550));
#524 = ORIENTED_EDGE('',*,*,#525,.T.);
#525 = EDGE_CURVE('',#526,#528,#530,.T.);
#526 = VERTEX_POINT('',#527);
#527 = CARTESIAN_POINT('',(-0.4,-7.22,0.));
#528 = VERTEX_POINT('',#529);
#529 = CARTESIAN_POINT('',(-0.4,-8.02,0.));
#530 = LINE('',#531,#532);
#531 = CARTESIAN_POINT('',(-0.4,-7.22,0.));
#532 = VECTOR('',#533,1.);
#533 = DIRECTION('',(-1.387778780781E-16,-1.,0.));
#534 = ORIENTED_EDGE('',*,*,#535,.T.);
#535 = EDGE_CURVE('',#528,#536,#538,.T.);
#536 = VERTEX_POINT('',#537);
#537 = CARTESIAN_POINT('',(0.4,-8.02,0.));
#538 = LINE('',#539,#540);
#539 = CARTESIAN_POINT('',(-0.4,-8.02,0.));
#540 = VECTOR('',#541,1.);
#541 = DIRECTION('',(1.,0.,0.));
#542 = ORIENTED_EDGE('',*,*,#543,.T.);
#543 = EDGE_CURVE('',#536,#544,#546,.T.);
#544 = VERTEX_POINT('',#545);
#545 = CARTESIAN_POINT('',(0.4,-7.22,0.));
#546 = LINE('',#547,#548);
#547 = CARTESIAN_POINT('',(0.4,-8.02,0.));
#548 = VECTOR('',#549,1.);
#549 = DIRECTION('',(1.387778780781E-16,1.,0.));
#550 = ORIENTED_EDGE('',*,*,#551,.T.);
#551 = EDGE_CURVE('',#544,#526,#552,.T.);
#552 = LINE('',#553,#554);
#553 = CARTESIAN_POINT('',(0.4,-7.22,0.));
#554 = VECTOR('',#555,1.);
#555 = DIRECTION('',(-1.,0.,0.));
#556 = FACE_BOUND('',#557,.T.);
#557 = EDGE_LOOP('',(#558,#568,#576,#584));
#558 = ORIENTED_EDGE('',*,*,#559,.T.);
#559 = EDGE_CURVE('',#560,#562,#564,.T.);
#560 = VERTEX_POINT('',#561);
#561 = CARTESIAN_POINT('',(2.14,-7.22,0.));
#562 = VERTEX_POINT('',#563);
#563 = CARTESIAN_POINT('',(2.14,-8.02,0.));
#564 = LINE('',#565,#566);
#565 = CARTESIAN_POINT('',(2.14,-7.22,0.));
#566 = VECTOR('',#567,1.);
#567 = DIRECTION('',(0.,-1.,0.));
#568 = ORIENTED_EDGE('',*,*,#569,.T.);
#569 = EDGE_CURVE('',#562,#570,#572,.T.);
#570 = VERTEX_POINT('',#571);
#571 = CARTESIAN_POINT('',(2.94,-8.02,0.));
#572 = LINE('',#573,#574);
#573 = CARTESIAN_POINT('',(2.14,-8.02,0.));
#574 = VECTOR('',#575,1.);
#575 = DIRECTION('',(1.,0.,0.));
#576 = ORIENTED_EDGE('',*,*,#577,.T.);
#577 = EDGE_CURVE('',#570,#578,#580,.T.);
#578 = VERTEX_POINT('',#579);
#579 = CARTESIAN_POINT('',(2.94,-7.22,0.));
#580 = LINE('',#581,#582);
#581 = CARTESIAN_POINT('',(2.94,-8.02,0.));
#582 = VECTOR('',#583,1.);
#583 = DIRECTION('',(0.,1.,0.));
#584 = ORIENTED_EDGE('',*,*,#585,.T.);
#585 = EDGE_CURVE('',#578,#560,#586,.T.);
#586 = LINE('',#587,#588);
#587 = CARTESIAN_POINT('',(2.94,-7.22,0.));
#588 = VECTOR('',#589,1.);
#589 = DIRECTION('',(-1.,0.,0.));
#590 = FACE_BOUND('',#591,.T.);
#591 = EDGE_LOOP('',(#592,#602,#610,#618));
#592 = ORIENTED_EDGE('',*,*,#593,.T.);
#593 = EDGE_CURVE('',#594,#596,#598,.T.);
#594 = VERTEX_POINT('',#595);
#595 = CARTESIAN_POINT('',(4.68,-7.22,0.));
#596 = VERTEX_POINT('',#597);
#597 = CARTESIAN_POINT('',(4.68,-8.02,0.));
#598 = LINE('',#599,#600);
#599 = CARTESIAN_POINT('',(4.68,-7.22,0.));
#600 = VECTOR('',#601,1.);
#601 = DIRECTION('',(1.110223024625E-15,-1.,0.));
#602 = ORIENTED_EDGE('',*,*,#603,.T.);
#603 = EDGE_CURVE('',#596,#604,#606,.T.);
#604 = VERTEX_POINT('',#605);
#605 = CARTESIAN_POINT('',(5.48,-8.02,0.));
#606 = LINE('',#607,#608);
#607 = CARTESIAN_POINT('',(4.68,-8.02,0.));
#608 = VECTOR('',#609,1.);
#609 = DIRECTION('',(1.,0.,0.));
#610 = ORIENTED_EDGE('',*,*,#611,.T.);
#611 = EDGE_CURVE('',#604,#612,#614,.T.);
#612 = VERTEX_POINT('',#613);
#613 = CARTESIAN_POINT('',(5.48,-7.22,0.));
#614 = LINE('',#615,#616);
#615 = CARTESIAN_POINT('',(5.48,-8.02,0.));
#616 = VECTOR('',#617,1.);
#617 = DIRECTION('',(-1.110223024625E-15,1.,0.));
#618 = ORIENTED_EDGE('',*,*,#619,.T.);
#619 = EDGE_CURVE('',#612,#594,#620,.T.);
#620 = LINE('',#621,#622);
#621 = CARTESIAN_POINT('',(5.48,-7.22,0.));
#622 = VECTOR('',#623,1.);
#623 = DIRECTION('',(-1.,0.,0.));
#624 = FACE_BOUND('',#625,.T.);
#625 = EDGE_LOOP('',(#626,#636,#644,#652));
#626 = ORIENTED_EDGE('',*,*,#627,.T.);
#627 = EDGE_CURVE('',#628,#630,#632,.T.);
#628 = VERTEX_POINT('',#629);
#629 = CARTESIAN_POINT('',(7.22,-7.22,0.));
#630 = VERTEX_POINT('',#631);
#631 = CARTESIAN_POINT('',(7.22,-8.02,0.));
#632 = LINE('',#633,#634);
#633 = CARTESIAN_POINT('',(7.22,-7.22,0.));
#634 = VECTOR('',#635,1.);
#635 = DIRECTION('',(1.110223024625E-15,-1.,0.));
#636 = ORIENTED_EDGE('',*,*,#637,.T.);
#637 = EDGE_CURVE('',#630,#638,#640,.T.);
#638 = VERTEX_POINT('',#639);
#639 = CARTESIAN_POINT('',(8.02,-8.02,0.));
#640 = LINE('',#641,#642);
#641 = CARTESIAN_POINT('',(7.22,-8.02,0.));
#642 = VECTOR('',#643,1.);
#643 = DIRECTION('',(1.,-4.440892098501E-15,0.));
#644 = ORIENTED_EDGE('',*,*,#645,.T.);
#645 = EDGE_CURVE('',#638,#646,#648,.T.);
#646 = VERTEX_POINT('',#647);
#647 = CARTESIAN_POINT('',(8.02,-7.22,0.));
#648 = LINE('',#649,#650);
#649 = CARTESIAN_POINT('',(8.02,-8.02,0.));
#650 = VECTOR('',#651,1.);
#651 = DIRECTION('',(4.440892098501E-15,1.,0.));
#652 = ORIENTED_EDGE('',*,*,#653,.T.);
#653 = EDGE_CURVE('',#646,#628,#654,.T.);
#654 = LINE('',#655,#656);
#655 = CARTESIAN_POINT('',(8.02,-7.22,0.));
#656 = VECTOR('',#657,1.);
#657 = DIRECTION('',(-1.,-1.110223024625E-15,0.));
#658 = FACE_BOUND('',#659,.T.);
#659 = EDGE_LOOP('',(#660,#670,#678,#686));
#660 = ORIENTED_EDGE('',*,*,#661,.T.);
#661 = EDGE_CURVE('',#662,#664,#666,.T.);
#662 = VERTEX_POINT('',#663);
#663 = CARTESIAN_POINT('',(9.76,-7.22,0.));
#664 = VERTEX_POINT('',#665);
#665 = CARTESIAN_POINT('',(9.76,-8.02,0.));
#666 = LINE('',#667,#668);
#667 = CARTESIAN_POINT('',(9.76,-7.22,0.));
#668 = VECTOR('',#669,1.);
#669 = DIRECTION('',(-4.440892098501E-15,-1.,0.));
#670 = ORIENTED_EDGE('',*,*,#671,.T.);
#671 = EDGE_CURVE('',#664,#672,#674,.T.);
#672 = VERTEX_POINT('',#673);
#673 = CARTESIAN_POINT('',(10.56,-8.02,0.));
#674 = LINE('',#675,#676);
#675 = CARTESIAN_POINT('',(9.76,-8.02,0.));
#676 = VECTOR('',#677,1.);
#677 = DIRECTION('',(1.,0.,0.));
#678 = ORIENTED_EDGE('',*,*,#679,.T.);
#679 = EDGE_CURVE('',#672,#680,#682,.T.);
#680 = VERTEX_POINT('',#681);
#681 = CARTESIAN_POINT('',(10.56,-7.22,0.));
#682 = LINE('',#683,#684);
#683 = CARTESIAN_POINT('',(10.56,-8.02,0.));
#684 = VECTOR('',#685,1.);
#685 = DIRECTION('',(4.440892098501E-15,1.,0.));
#686 = ORIENTED_EDGE('',*,*,#687,.T.);
#687 = EDGE_CURVE('',#680,#662,#688,.T.);
#688 = LINE('',#689,#690);
#689 = CARTESIAN_POINT('',(10.56,-7.22,0.));
#690 = VECTOR('',#691,1.);
#691 = DIRECTION('',(-1.,0.,0.));
#692 = FACE_BOUND('',#693,.T.);
#693 = EDGE_LOOP('',(#694,#704,#712,#720));
#694 = ORIENTED_EDGE('',*,*,#695,.T.);
#695 = EDGE_CURVE('',#696,#698,#700,.T.);
#696 = VERTEX_POINT('',#697);
#697 = CARTESIAN_POINT('',(12.3,-7.22,0.));
#698 = VERTEX_POINT('',#699);
#699 = CARTESIAN_POINT('',(12.3,-8.02,0.));
#700 = LINE('',#701,#702);
#701 = CARTESIAN_POINT('',(12.3,-7.22,0.));
#702 = VECTOR('',#703,1.);
#703 = DIRECTION('',(-4.440892098501E-15,-1.,0.));
#704 = ORIENTED_EDGE('',*,*,#705,.T.);
#705 = EDGE_CURVE('',#698,#706,#708,.T.);
#706 = VERTEX_POINT('',#707);
#707 = CARTESIAN_POINT('',(13.1,-8.02,0.));
#708 = LINE('',#709,#710);
#709 = CARTESIAN_POINT('',(12.3,-8.02,0.));
#710 = VECTOR('',#711,1.);
#711 = DIRECTION('',(1.,0.,0.));
#712 = ORIENTED_EDGE('',*,*,#713,.T.);
#713 = EDGE_CURVE('',#706,#714,#716,.T.);
#714 = VERTEX_POINT('',#715);
#715 = CARTESIAN_POINT('',(13.1,-7.22,0.));
#716 = LINE('',#717,#718);
#717 = CARTESIAN_POINT('',(13.1,-8.02,0.));
#718 = VECTOR('',#719,1.);
#719 = DIRECTION('',(4.440892098501E-15,1.,0.));
#720 = ORIENTED_EDGE('',*,*,#721,.T.);
#721 = EDGE_CURVE('',#714,#696,#722,.T.);
#722 = LINE('',#723,#724);
#723 = CARTESIAN_POINT('',(13.1,-7.22,0.));
#724 = VECTOR('',#725,1.);
#725 = DIRECTION('',(-1.,0.,0.));
#726 = FACE_BOUND('',#727,.T.);
#727 = EDGE_LOOP('',(#728,#738,#746,#754));
#728 = ORIENTED_EDGE('',*,*,#729,.T.);
#729 = EDGE_CURVE('',#730,#732,#734,.T.);
#730 = VERTEX_POINT('',#731);
#731 = CARTESIAN_POINT('',(14.84,-7.22,0.));
#732 = VERTEX_POINT('',#733);
#733 = CARTESIAN_POINT('',(14.84,-8.02,0.));
#734 = LINE('',#735,#736);
#735 = CARTESIAN_POINT('',(14.84,-7.22,0.));
#736 = VECTOR('',#737,1.);
#737 = DIRECTION('',(-4.440892098501E-15,-1.,0.));
#738 = ORIENTED_EDGE('',*,*,#739,.T.);
#739 = EDGE_CURVE('',#732,#740,#742,.T.);
#740 = VERTEX_POINT('',#741);
#741 = CARTESIAN_POINT('',(15.64,-8.02,0.));
#742 = LINE('',#743,#744);
#743 = CARTESIAN_POINT('',(14.84,-8.02,0.));
#744 = VECTOR('',#745,1.);
#745 = DIRECTION('',(1.,0.,0.));
#746 = ORIENTED_EDGE('',*,*,#747,.T.);
#747 = EDGE_CURVE('',#740,#748,#750,.T.);
#748 = VERTEX_POINT('',#749);
#749 = CARTESIAN_POINT('',(15.64,-7.22,0.));
#750 = LINE('',#751,#752);
#751 = CARTESIAN_POINT('',(15.64,-8.02,0.));
#752 = VECTOR('',#753,1.);
#753 = DIRECTION('',(4.440892098501E-15,1.,0.));
#754 = ORIENTED_EDGE('',*,*,#755,.T.);
#755 = EDGE_CURVE('',#748,#730,#756,.T.);
#756 = LINE('',#757,#758);
#757 = CARTESIAN_POINT('',(15.64,-7.22,0.));
#758 = VECTOR('',#759,1.);
#759 = DIRECTION('',(-1.,0.,0.));
#760 = FACE_BOUND('',#761,.T.);
#761 = EDGE_LOOP('',(#762,#772,#780,#788));
#762 = ORIENTED_EDGE('',*,*,#763,.T.);
#763 = EDGE_CURVE('',#764,#766,#768,.T.);
#764 = VERTEX_POINT('',#765);
#765 = CARTESIAN_POINT('',(17.38,-7.22,0.));
#766 = VERTEX_POINT('',#767);
#767 = CARTESIAN_POINT('',(17.38,-8.02,0.));
#768 = LINE('',#769,#770);
#769 = CARTESIAN_POINT('',(17.38,-7.22,0.));
#770 = VECTOR('',#771,1.);
#771 = DIRECTION('',(0.,-1.,0.));
#772 = ORIENTED_EDGE('',*,*,#773,.T.);
#773 = EDGE_CURVE('',#766,#774,#776,.T.);
#774 = VERTEX_POINT('',#775);
#775 = CARTESIAN_POINT('',(18.18,-8.02,0.));
#776 = LINE('',#777,#778);
#777 = CARTESIAN_POINT('',(17.38,-8.02,0.));
#778 = VECTOR('',#779,1.);
#779 = DIRECTION('',(1.,0.,0.));
#780 = ORIENTED_EDGE('',*,*,#781,.T.);
#781 = EDGE_CURVE('',#774,#782,#784,.T.);
#782 = VERTEX_POINT('',#783);
#783 = CARTESIAN_POINT('',(18.18,-7.22,0.));
#784 = LINE('',#785,#786);
#785 = CARTESIAN_POINT('',(18.18,-8.02,0.));
#786 = VECTOR('',#787,1.);
#787 = DIRECTION('',(0.,1.,0.));
#788 = ORIENTED_EDGE('',*,*,#789,.T.);
#789 = EDGE_CURVE('',#782,#764,#790,.T.);
#790 = LINE('',#791,#792);
#791 = CARTESIAN_POINT('',(18.18,-7.22,0.));
#792 = VECTOR('',#793,1.);
#793 = DIRECTION('',(-1.,2.22044604925E-15,0.));
#794 = FACE_BOUND('',#795,.T.);
#795 = EDGE_LOOP('',(#796,#806,#814,#822));
#796 = ORIENTED_EDGE('',*,*,#797,.T.);
#797 = EDGE_CURVE('',#798,#800,#802,.T.);
#798 = VERTEX_POINT('',#799);
#799 = CARTESIAN_POINT('',(-15.64,8.02,0.));
#800 = VERTEX_POINT('',#801);
#801 = CARTESIAN_POINT('',(-15.64,7.22,0.));
#802 = LINE('',#803,#804);
#803 = CARTESIAN_POINT('',(-15.64,8.02,0.));
#804 = VECTOR('',#805,1.);
#805 = DIRECTION('',(-4.440892098501E-15,-1.,0.));
#806 = ORIENTED_EDGE('',*,*,#807,.T.);
#807 = EDGE_CURVE('',#800,#808,#810,.T.);
#808 = VERTEX_POINT('',#809);
#809 = CARTESIAN_POINT('',(-14.84,7.22,0.));
#810 = LINE('',#811,#812);
#811 = CARTESIAN_POINT('',(-15.64,7.22,0.));
#812 = VECTOR('',#813,1.);
#813 = DIRECTION('',(1.,0.,0.));
#814 = ORIENTED_EDGE('',*,*,#815,.T.);
#815 = EDGE_CURVE('',#808,#816,#818,.T.);
#816 = VERTEX_POINT('',#817);
#817 = CARTESIAN_POINT('',(-14.84,8.02,0.));
#818 = LINE('',#819,#820);
#819 = CARTESIAN_POINT('',(-14.84,7.22,0.));
#820 = VECTOR('',#821,1.);
#821 = DIRECTION('',(4.440892098501E-15,1.,0.));
#822 = ORIENTED_EDGE('',*,*,#823,.T.);
#823 = EDGE_CURVE('',#816,#798,#824,.T.);
#824 = LINE('',#825,#826);
#825 = CARTESIAN_POINT('',(-14.84,8.02,0.));
#826 = VECTOR('',#827,1.);
#827 = DIRECTION('',(-1.,0.,0.));
#828 = FACE_BOUND('',#829,.T.);
#829 = EDGE_LOOP('',(#830,#840,#848,#856));
#830 = ORIENTED_EDGE('',*,*,#831,.T.);
#831 = EDGE_CURVE('',#832,#834,#836,.T.);
#832 = VERTEX_POINT('',#833);
#833 = CARTESIAN_POINT('',(-13.1,8.02,0.));
#834 = VERTEX_POINT('',#835);
#835 = CARTESIAN_POINT('',(-13.1,7.22,0.));
#836 = LINE('',#837,#838);
#837 = CARTESIAN_POINT('',(-13.1,8.02,0.));
#838 = VECTOR('',#839,1.);
#839 = DIRECTION('',(-4.440892098501E-15,-1.,0.));
#840 = ORIENTED_EDGE('',*,*,#841,.T.);
#841 = EDGE_CURVE('',#834,#842,#844,.T.);
#842 = VERTEX_POINT('',#843);
#843 = CARTESIAN_POINT('',(-12.3,7.22,0.));
#844 = LINE('',#845,#846);
#845 = CARTESIAN_POINT('',(-13.1,7.22,0.));
#846 = VECTOR('',#847,1.);
#847 = DIRECTION('',(1.,0.,0.));
#848 = ORIENTED_EDGE('',*,*,#849,.T.);
#849 = EDGE_CURVE('',#842,#850,#852,.T.);
#850 = VERTEX_POINT('',#851);
#851 = CARTESIAN_POINT('',(-12.3,8.02,0.));
#852 = LINE('',#853,#854);
#853 = CARTESIAN_POINT('',(-12.3,7.22,0.));
#854 = VECTOR('',#855,1.);
#855 = DIRECTION('',(4.440892098501E-15,1.,0.));
#856 = ORIENTED_EDGE('',*,*,#857,.T.);
#857 = EDGE_CURVE('',#850,#832,#858,.T.);
#858 = LINE('',#859,#860);
#859 = CARTESIAN_POINT('',(-12.3,8.02,0.));
#860 = VECTOR('',#861,1.);
#861 = DIRECTION('',(-1.,0.,0.));
#862 = FACE_BOUND('',#863,.T.);
#863 = EDGE_LOOP('',(#864,#874,#882,#890));
#864 = ORIENTED_EDGE('',*,*,#865,.T.);
#865 = EDGE_CURVE('',#866,#868,#870,.T.);
#866 = VERTEX_POINT('',#867);
#867 = CARTESIAN_POINT('',(-10.56,8.02,0.));
#868 = VERTEX_POINT('',#869);
#869 = CARTESIAN_POINT('',(-10.56,7.22,0.));
#870 = LINE('',#871,#872);
#871 = CARTESIAN_POINT('',(-10.56,8.02,0.));
#872 = VECTOR('',#873,1.);
#873 = DIRECTION('',(-4.440892098501E-15,-1.,0.));
#874 = ORIENTED_EDGE('',*,*,#875,.T.);
#875 = EDGE_CURVE('',#868,#876,#878,.T.);
#876 = VERTEX_POINT('',#877);
#877 = CARTESIAN_POINT('',(-9.76,7.22,0.));
#878 = LINE('',#879,#880);
#879 = CARTESIAN_POINT('',(-10.56,7.22,0.));
#880 = VECTOR('',#881,1.);
#881 = DIRECTION('',(1.,0.,0.));
#882 = ORIENTED_EDGE('',*,*,#883,.T.);
#883 = EDGE_CURVE('',#876,#884,#886,.T.);
#884 = VERTEX_POINT('',#885);
#885 = CARTESIAN_POINT('',(-9.76,8.02,0.));
#886 = LINE('',#887,#888);
#887 = CARTESIAN_POINT('',(-9.76,7.22,0.));
#888 = VECTOR('',#889,1.);
#889 = DIRECTION('',(4.440892098501E-15,1.,0.));
#890 = ORIENTED_EDGE('',*,*,#891,.T.);
#891 = EDGE_CURVE('',#884,#866,#892,.T.);
#892 = LINE('',#893,#894);
#893 = CARTESIAN_POINT('',(-9.76,8.02,0.));
#894 = VECTOR('',#895,1.);
#895 = DIRECTION('',(-1.,0.,0.));
#896 = FACE_BOUND('',#897,.T.);
#897 = EDGE_LOOP('',(#898,#908,#916,#924));
#898 = ORIENTED_EDGE('',*,*,#899,.T.);
#899 = EDGE_CURVE('',#900,#902,#904,.T.);
#900 = VERTEX_POINT('',#901);
#901 = CARTESIAN_POINT('',(-8.02,8.02,0.));
#902 = VERTEX_POINT('',#903);
#903 = CARTESIAN_POINT('',(-8.02,7.22,0.));
#904 = LINE('',#905,#906);
#905 = CARTESIAN_POINT('',(-8.02,8.02,0.));
#906 = VECTOR('',#907,1.);
#907 = DIRECTION('',(-4.440892098501E-15,-1.,0.));
#908 = ORIENTED_EDGE('',*,*,#909,.T.);
#909 = EDGE_CURVE('',#902,#910,#912,.T.);
#910 = VERTEX_POINT('',#911);
#911 = CARTESIAN_POINT('',(-7.22,7.22,0.));
#912 = LINE('',#913,#914);
#913 = CARTESIAN_POINT('',(-8.02,7.22,0.));
#914 = VECTOR('',#915,1.);
#915 = DIRECTION('',(1.,1.110223024625E-15,0.));
#916 = ORIENTED_EDGE('',*,*,#917,.T.);
#917 = EDGE_CURVE('',#910,#918,#920,.T.);
#918 = VERTEX_POINT('',#919);
#919 = CARTESIAN_POINT('',(-7.22,8.02,0.));
#920 = LINE('',#921,#922);
#921 = CARTESIAN_POINT('',(-7.22,7.22,0.));
#922 = VECTOR('',#923,1.);
#923 = DIRECTION('',(-1.110223024625E-15,1.,0.));
#924 = ORIENTED_EDGE('',*,*,#925,.T.);
#925 = EDGE_CURVE('',#918,#900,#926,.T.);
#926 = LINE('',#927,#928);
#927 = CARTESIAN_POINT('',(-7.22,8.02,0.));
#928 = VECTOR('',#929,1.);
#929 = DIRECTION('',(-1.,4.440892098501E-15,0.));
#930 = FACE_BOUND('',#931,.T.);
#931 = EDGE_LOOP('',(#932,#942,#950,#958));
#932 = ORIENTED_EDGE('',*,*,#933,.T.);
#933 = EDGE_CURVE('',#934,#936,#938,.T.);
#934 = VERTEX_POINT('',#935);
#935 = CARTESIAN_POINT('',(-5.48,8.02,0.));
#936 = VERTEX_POINT('',#937);
#937 = CARTESIAN_POINT('',(-5.48,7.22,0.));
#938 = LINE('',#939,#940);
#939 = CARTESIAN_POINT('',(-5.48,8.02,0.));
#940 = VECTOR('',#941,1.);
#941 = DIRECTION('',(1.110223024625E-15,-1.,0.));
#942 = ORIENTED_EDGE('',*,*,#943,.T.);
#943 = EDGE_CURVE('',#936,#944,#946,.T.);
#944 = VERTEX_POINT('',#945);
#945 = CARTESIAN_POINT('',(-4.68,7.22,0.));
#946 = LINE('',#947,#948);
#947 = CARTESIAN_POINT('',(-5.48,7.22,0.));
#948 = VECTOR('',#949,1.);
#949 = DIRECTION('',(1.,0.,0.));
#950 = ORIENTED_EDGE('',*,*,#951,.T.);
#951 = EDGE_CURVE('',#944,#952,#954,.T.);
#952 = VERTEX_POINT('',#953);
#953 = CARTESIAN_POINT('',(-4.68,8.02,0.));
#954 = LINE('',#955,#956);
#955 = CARTESIAN_POINT('',(-4.68,7.22,0.));
#956 = VECTOR('',#957,1.);
#957 = DIRECTION('',(-1.110223024625E-15,1.,0.));
#958 = ORIENTED_EDGE('',*,*,#959,.T.);
#959 = EDGE_CURVE('',#952,#934,#960,.T.);
#960 = LINE('',#961,#962);
#961 = CARTESIAN_POINT('',(-4.68,8.02,0.));
#962 = VECTOR('',#963,1.);
#963 = DIRECTION('',(-1.,0.,0.));
#964 = FACE_BOUND('',#965,.T.);
#965 = EDGE_LOOP('',(#966,#976,#984,#992));
#966 = ORIENTED_EDGE('',*,*,#967,.T.);
#967 = EDGE_CURVE('',#968,#970,#972,.T.);
#968 = VERTEX_POINT('',#969);
#969 = CARTESIAN_POINT('',(-2.94,8.02,0.));
#970 = VERTEX_POINT('',#971);
#971 = CARTESIAN_POINT('',(-2.94,7.22,0.));
#972 = LINE('',#973,#974);
#973 = CARTESIAN_POINT('',(-2.94,8.02,0.));
#974 = VECTOR('',#975,1.);
#975 = DIRECTION('',(0.,-1.,0.));
#976 = ORIENTED_EDGE('',*,*,#977,.T.);
#977 = EDGE_CURVE('',#970,#978,#980,.T.);
#978 = VERTEX_POINT('',#979);
#979 = CARTESIAN_POINT('',(-2.14,7.22,0.));
#980 = LINE('',#981,#982);
#981 = CARTESIAN_POINT('',(-2.94,7.22,0.));
#982 = VECTOR('',#983,1.);
#983 = DIRECTION('',(1.,0.,0.));
#984 = ORIENTED_EDGE('',*,*,#985,.T.);
#985 = EDGE_CURVE('',#978,#986,#988,.T.);
#986 = VERTEX_POINT('',#987);
#987 = CARTESIAN_POINT('',(-2.14,8.02,0.));
#988 = LINE('',#989,#990);
#989 = CARTESIAN_POINT('',(-2.14,7.22,0.));
#990 = VECTOR('',#991,1.);
#991 = DIRECTION('',(0.,1.,0.));
#992 = ORIENTED_EDGE('',*,*,#993,.T.);
#993 = EDGE_CURVE('',#986,#968,#994,.T.);
#994 = LINE('',#995,#996);
#995 = CARTESIAN_POINT('',(-2.14,8.02,0.));
#996 = VECTOR('',#997,1.);
#997 = DIRECTION('',(-1.,0.,0.));
#998 = FACE_BOUND('',#999,.T.);
#999 = EDGE_LOOP('',(#1000,#1010,#1018,#1026));
#1000 = ORIENTED_EDGE('',*,*,#1001,.T.);
#1001 = EDGE_CURVE('',#1002,#1004,#1006,.T.);
#1002 = VERTEX_POINT('',#1003);
#1003 = CARTESIAN_POINT('',(-0.4,8.02,0.));
#1004 = VERTEX_POINT('',#1005);
#1005 = CARTESIAN_POINT('',(-0.4,7.22,0.));
#1006 = LINE('',#1007,#1008);
#1007 = CARTESIAN_POINT('',(-0.4,8.02,0.));
#1008 = VECTOR('',#1009,1.);
#1009 = DIRECTION('',(-1.387778780781E-16,-1.,0.));
#1010 = ORIENTED_EDGE('',*,*,#1011,.T.);
#1011 = EDGE_CURVE('',#1004,#1012,#1014,.T.);
#1012 = VERTEX_POINT('',#1013);
#1013 = CARTESIAN_POINT('',(0.4,7.22,0.));
#1014 = LINE('',#1015,#1016);
#1015 = CARTESIAN_POINT('',(-0.4,7.22,0.));
#1016 = VECTOR('',#1017,1.);
#1017 = DIRECTION('',(1.,0.,0.));
#1018 = ORIENTED_EDGE('',*,*,#1019,.T.);
#1019 = EDGE_CURVE('',#1012,#1020,#1022,.T.);
#1020 = VERTEX_POINT('',#1021);
#1021 = CARTESIAN_POINT('',(0.4,8.02,0.));
#1022 = LINE('',#1023,#1024);
#1023 = CARTESIAN_POINT('',(0.4,7.22,0.));
#1024 = VECTOR('',#1025,1.);
#1025 = DIRECTION('',(1.387778780781E-16,1.,0.));
#1026 = ORIENTED_EDGE('',*,*,#1027,.T.);
#1027 = EDGE_CURVE('',#1020,#1002,#1028,.T.);
#1028 = LINE('',#1029,#1030);
#1029 = CARTESIAN_POINT('',(0.4,8.02,0.));
#1030 = VECTOR('',#1031,1.);
#1031 = DIRECTION('',(-1.,0.,0.));
#1032 = FACE_BOUND('',#1033,.T.);
#1033 = EDGE_LOOP('',(#1034,#1044,#1052,#1060));
#1034 = ORIENTED_EDGE('',*,*,#1035,.T.);
#1035 = EDGE_CURVE('',#1036,#1038,#1040,.T.);
#1036 = VERTEX_POINT('',#1037);
#1037 = CARTESIAN_POINT('',(2.14,8.02,0.));
#1038 = VERTEX_POINT('',#1039);
#1039 = CARTESIAN_POINT('',(2.14,7.22,0.));
#1040 = LINE('',#1041,#1042);
#1041 = CARTESIAN_POINT('',(2.14,8.02,0.));
#1042 = VECTOR('',#1043,1.);
#1043 = DIRECTION('',(0.,-1.,0.));
#1044 = ORIENTED_EDGE('',*,*,#1045,.T.);
#1045 = EDGE_CURVE('',#1038,#1046,#1048,.T.);
#1046 = VERTEX_POINT('',#1047);
#1047 = CARTESIAN_POINT('',(2.94,7.22,0.));
#1048 = LINE('',#1049,#1050);
#1049 = CARTESIAN_POINT('',(2.14,7.22,0.));
#1050 = VECTOR('',#1051,1.);
#1051 = DIRECTION('',(1.,0.,0.));
#1052 = ORIENTED_EDGE('',*,*,#1053,.T.);
#1053 = EDGE_CURVE('',#1046,#1054,#1056,.T.);
#1054 = VERTEX_POINT('',#1055);
#1055 = CARTESIAN_POINT('',(2.94,8.02,0.));
#1056 = LINE('',#1057,#1058);
#1057 = CARTESIAN_POINT('',(2.94,7.22,0.));
#1058 = VECTOR('',#1059,1.);
#1059 = DIRECTION('',(0.,1.,0.));
#1060 = ORIENTED_EDGE('',*,*,#1061,.T.);
#1061 = EDGE_CURVE('',#1054,#1036,#1062,.T.);
#1062 = LINE('',#1063,#1064);
#1063 = CARTESIAN_POINT('',(2.94,8.02,0.));
#1064 = VECTOR('',#1065,1.);
#1065 = DIRECTION('',(-1.,0.,0.));
#1066 = FACE_BOUND('',#1067,.T.);
#1067 = EDGE_LOOP('',(#1068,#1078,#1086,#1094));
#1068 = ORIENTED_EDGE('',*,*,#1069,.T.);
#1069 = EDGE_CURVE('',#1070,#1072,#1074,.T.);
#1070 = VERTEX_POINT('',#1071);
#1071 = CARTESIAN_POINT('',(4.68,8.02,0.));
#1072 = VERTEX_POINT('',#1073);
#1073 = CARTESIAN_POINT('',(4.68,7.22,0.));
#1074 = LINE('',#1075,#1076);
#1075 = CARTESIAN_POINT('',(4.68,8.02,0.));
#1076 = VECTOR('',#1077,1.);
#1077 = DIRECTION('',(1.110223024625E-15,-1.,0.));
#1078 = ORIENTED_EDGE('',*,*,#1079,.T.);
#1079 = EDGE_CURVE('',#1072,#1080,#1082,.T.);
#1080 = VERTEX_POINT('',#1081);
#1081 = CARTESIAN_POINT('',(5.48,7.22,0.));
#1082 = LINE('',#1083,#1084);
#1083 = CARTESIAN_POINT('',(4.68,7.22,0.));
#1084 = VECTOR('',#1085,1.);
#1085 = DIRECTION('',(1.,0.,0.));
#1086 = ORIENTED_EDGE('',*,*,#1087,.T.);
#1087 = EDGE_CURVE('',#1080,#1088,#1090,.T.);
#1088 = VERTEX_POINT('',#1089);
#1089 = CARTESIAN_POINT('',(5.48,8.02,0.));
#1090 = LINE('',#1091,#1092);
#1091 = CARTESIAN_POINT('',(5.48,7.22,0.));
#1092 = VECTOR('',#1093,1.);
#1093 = DIRECTION('',(-1.110223024625E-15,1.,0.));
#1094 = ORIENTED_EDGE('',*,*,#1095,.T.);
#1095 = EDGE_CURVE('',#1088,#1070,#1096,.T.);
#1096 = LINE('',#1097,#1098);
#1097 = CARTESIAN_POINT('',(5.48,8.02,0.));
#1098 = VECTOR('',#1099,1.);
#1099 = DIRECTION('',(-1.,0.,0.));
#1100 = FACE_BOUND('',#1101,.T.);
#1101 = EDGE_LOOP('',(#1102,#1112,#1120,#1128));
#1102 = ORIENTED_EDGE('',*,*,#1103,.T.);
#1103 = EDGE_CURVE('',#1104,#1106,#1108,.T.);
#1104 = VERTEX_POINT('',#1105);
#1105 = CARTESIAN_POINT('',(7.22,8.02,0.));
#1106 = VERTEX_POINT('',#1107);
#1107 = CARTESIAN_POINT('',(7.22,7.22,0.));
#1108 = LINE('',#1109,#1110);
#1109 = CARTESIAN_POINT('',(7.22,8.02,0.));
#1110 = VECTOR('',#1111,1.);
#1111 = DIRECTION('',(1.110223024625E-15,-1.,0.));
#1112 = ORIENTED_EDGE('',*,*,#1113,.T.);
#1113 = EDGE_CURVE('',#1106,#1114,#1116,.T.);
#1114 = VERTEX_POINT('',#1115);
#1115 = CARTESIAN_POINT('',(8.02,7.22,0.));
#1116 = LINE('',#1117,#1118);
#1117 = CARTESIAN_POINT('',(7.22,7.22,0.));
#1118 = VECTOR('',#1119,1.);
#1119 = DIRECTION('',(1.,1.110223024625E-15,0.));
#1120 = ORIENTED_EDGE('',*,*,#1121,.T.);
#1121 = EDGE_CURVE('',#1114,#1122,#1124,.T.);
#1122 = VERTEX_POINT('',#1123);
#1123 = CARTESIAN_POINT('',(8.02,8.02,0.));
#1124 = LINE('',#1125,#1126);
#1125 = CARTESIAN_POINT('',(8.02,7.22,0.));
#1126 = VECTOR('',#1127,1.);
#1127 = DIRECTION('',(4.440892098501E-15,1.,0.));
#1128 = ORIENTED_EDGE('',*,*,#1129,.T.);
#1129 = EDGE_CURVE('',#1122,#1104,#1130,.T.);
#1130 = LINE('',#1131,#1132);
#1131 = CARTESIAN_POINT('',(8.02,8.02,0.));
#1132 = VECTOR('',#1133,1.);
#1133 = DIRECTION('',(-1.,4.440892098501E-15,0.));
#1134 = FACE_BOUND('',#1135,.T.);
#1135 = EDGE_LOOP('',(#1136,#1146,#1154,#1162));
#1136 = ORIENTED_EDGE('',*,*,#1137,.T.);
#1137 = EDGE_CURVE('',#1138,#1140,#1142,.T.);
#1138 = VERTEX_POINT('',#1139);
#1139 = CARTESIAN_POINT('',(9.76,8.02,0.));
#1140 = VERTEX_POINT('',#1141);
#1141 = CARTESIAN_POINT('',(9.76,7.22,0.));
#1142 = LINE('',#1143,#1144);
#1143 = CARTESIAN_POINT('',(9.76,8.02,0.));
#1144 = VECTOR('',#1145,1.);
#1145 = DIRECTION('',(-4.440892098501E-15,-1.,0.));
#1146 = ORIENTED_EDGE('',*,*,#1147,.T.);
#1147 = EDGE_CURVE('',#1140,#1148,#1150,.T.);
#1148 = VERTEX_POINT('',#1149);
#1149 = CARTESIAN_POINT('',(10.56,7.22,0.));
#1150 = LINE('',#1151,#1152);
#1151 = CARTESIAN_POINT('',(9.76,7.22,0.));
#1152 = VECTOR('',#1153,1.);
#1153 = DIRECTION('',(1.,0.,0.));
#1154 = ORIENTED_EDGE('',*,*,#1155,.T.);
#1155 = EDGE_CURVE('',#1148,#1156,#1158,.T.);
#1156 = VERTEX_POINT('',#1157);
#1157 = CARTESIAN_POINT('',(10.56,8.02,0.));
#1158 = LINE('',#1159,#1160);
#1159 = CARTESIAN_POINT('',(10.56,7.22,0.));
#1160 = VECTOR('',#1161,1.);
#1161 = DIRECTION('',(4.440892098501E-15,1.,0.));
#1162 = ORIENTED_EDGE('',*,*,#1163,.T.);
#1163 = EDGE_CURVE('',#1156,#1138,#1164,.T.);
#1164 = LINE('',#1165,#1166);
#1165 = CARTESIAN_POINT('',(10.56,8.02,0.));
#1166 = VECTOR('',#1167,1.);
#1167 = DIRECTION('',(-1.,0.,0.));
#1168 = FACE_BOUND('',#1169,.T.);
#1169 = EDGE_LOOP('',(#1170,#1180,#1188,#1196));
#1170 = ORIENTED_EDGE('',*,*,#1171,.T.);
#1171 = EDGE_CURVE('',#1172,#1174,#1176,.T.);
#1172 = VERTEX_POINT('',#1173);
#1173 = CARTESIAN_POINT('',(12.3,8.02,0.));
#1174 = VERTEX_POINT('',#1175);
#1175 = CARTESIAN_POINT('',(12.3,7.22,0.));
#1176 = LINE('',#1177,#1178);
#1177 = CARTESIAN_POINT('',(12.3,8.02,0.));
#1178 = VECTOR('',#1179,1.);
#1179 = DIRECTION('',(-4.440892098501E-15,-1.,0.));
#1180 = ORIENTED_EDGE('',*,*,#1181,.T.);
#1181 = EDGE_CURVE('',#1174,#1182,#1184,.T.);
#1182 = VERTEX_POINT('',#1183);
#1183 = CARTESIAN_POINT('',(13.1,7.22,0.));
#1184 = LINE('',#1185,#1186);
#1185 = CARTESIAN_POINT('',(12.3,7.22,0.));
#1186 = VECTOR('',#1187,1.);
#1187 = DIRECTION('',(1.,0.,0.));
#1188 = ORIENTED_EDGE('',*,*,#1189,.T.);
#1189 = EDGE_CURVE('',#1182,#1190,#1192,.T.);
#1190 = VERTEX_POINT('',#1191);
#1191 = CARTESIAN_POINT('',(13.1,8.02,0.));
#1192 = LINE('',#1193,#1194);
#1193 = CARTESIAN_POINT('',(13.1,7.22,0.));
#1194 = VECTOR('',#1195,1.);
#1195 = DIRECTION('',(4.440892098501E-15,1.,0.));
#1196 = ORIENTED_EDGE('',*,*,#1197,.T.);
#1197 = EDGE_CURVE('',#1190,#1172,#1198,.T.);
#1198 = LINE('',#1199,#1200);
#1199 = CARTESIAN_POINT('',(13.1,8.02,0.));
#1200 = VECTOR('',#1201,1.);
#1201 = DIRECTION('',(-1.,0.,0.));
#1202 = FACE_BOUND('',#1203,.T.);
#1203 = EDGE_LOOP('',(#1204,#1214,#1222,#1230));
#1204 = ORIENTED_EDGE('',*,*,#1205,.T.);
#1205 = EDGE_CURVE('',#1206,#1208,#1210,.T.);
#1206 = VERTEX_POINT('',#1207);
#1207 = CARTESIAN_POINT('',(14.84,8.02,0.));
#1208 = VERTEX_POINT('',#1209);
#1209 = CARTESIAN_POINT('',(14.84,7.22,0.));
#1210 = LINE('',#1211,#1212);
#1211 = CARTESIAN_POINT('',(14.84,8.02,0.));
#1212 = VECTOR('',#1213,1.);
#1213 = DIRECTION('',(-4.440892098501E-15,-1.,0.));
#1214 = ORIENTED_EDGE('',*,*,#1215,.T.);
#1215 = EDGE_CURVE('',#1208,#1216,#1218,.T.);
#1216 = VERTEX_POINT('',#1217);
#1217 = CARTESIAN_POINT('',(15.64,7.22,0.));
#1218 = LINE('',#1219,#1220);
#1219 = CARTESIAN_POINT('',(14.84,7.22,0.));
#1220 = VECTOR('',#1221,1.);
#1221 = DIRECTION('',(1.,0.,0.));
#1222 = ORIENTED_EDGE('',*,*,#1223,.T.);
#1223 = EDGE_CURVE('',#1216,#1224,#1226,.T.);
#1224 = VERTEX_POINT('',#1225);
#1225 = CARTESIAN_POINT('',(15.64,8.02,0.));
#1226 = LINE('',#1227,#1228);
#1227 = CARTESIAN_POINT('',(15.64,7.22,0.));
#1228 = VECTOR('',#1229,1.);
#1229 = DIRECTION('',(4.440892098501E-15,1.,0.));
#1230 = ORIENTED_EDGE('',*,*,#1231,.T.);
#1231 = EDGE_CURVE('',#1224,#1206,#1232,.T.);
#1232 = LINE('',#1233,#1234);
#1233 = CARTESIAN_POINT('',(15.64,8.02,0.));
#1234 = VECTOR('',#1235,1.);
#1235 = DIRECTION('',(-1.,-2.22044604925E-15,0.));
#1236 = FACE_BOUND('',#1237,.T.);
#1237 = EDGE_LOOP('',(#1238,#1248,#1256,#1264));
#1238 = ORIENTED_EDGE('',*,*,#1239,.T.);
#1239 = EDGE_CURVE('',#1240,#1242,#1244,.T.);
#1240 = VERTEX_POINT('',#1241);
#1241 = CARTESIAN_POINT('',(17.38,8.02,0.));
#1242 = VERTEX_POINT('',#1243);
#1243 = CARTESIAN_POINT('',(17.38,7.22,0.));
#1244 = LINE('',#1245,#1246);
#1245 = CARTESIAN_POINT('',(17.38,8.02,0.));
#1246 = VECTOR('',#1247,1.);
#1247 = DIRECTION('',(0.,-1.,0.));
#1248 = ORIENTED_EDGE('',*,*,#1249,.T.);
#1249 = EDGE_CURVE('',#1242,#1250,#1252,.T.);
#1250 = VERTEX_POINT('',#1251);
#1251 = CARTESIAN_POINT('',(18.18,7.22,0.));
#1252 = LINE('',#1253,#1254);
#1253 = CARTESIAN_POINT('',(17.38,7.22,0.));
#1254 = VECTOR('',#1255,1.);
#1255 = DIRECTION('',(1.,-2.22044604925E-15,0.));
#1256 = ORIENTED_EDGE('',*,*,#1257,.T.);
#1257 = EDGE_CURVE('',#1250,#1258,#1260,.T.);
#1258 = VERTEX_POINT('',#1259);
#1259 = CARTESIAN_POINT('',(18.18,8.02,0.));
#1260 = LINE('',#1261,#1262);
#1261 = CARTESIAN_POINT('',(18.18,7.22,0.));
#1262 = VECTOR('',#1263,1.);
#1263 = DIRECTION('',(0.,1.,0.));
#1264 = ORIENTED_EDGE('',*,*,#1265,.T.);
#1265 = EDGE_CURVE('',#1258,#1240,#1266,.T.);
#1266 = LINE('',#1267,#1268);
#1267 = CARTESIAN_POINT('',(18.18,8.02,0.));
#1268 = VECTOR('',#1269,1.);
#1269 = DIRECTION('',(-1.,0.,0.));
#1270 = PLANE('',#1271);
#1271 = AXIS2_PLACEMENT_3D('',#1272,#1273,#1274);
#1272 = CARTESIAN_POINT('',(0.,0.,0.));
#1273 = DIRECTION('',(0.,0.,1.));
#1274 = DIRECTION('',(-1.,1.224646799147E-16,0.));
#1275 = ADVANCED_FACE('',(#1276,#1310,#1321,#1332,#1343,#1354,#1388,
    #1422,#1456,#1490,#1524,#1558,#1592,#1626,#1660,#1694,#1728,#1762,
    #1796,#1830,#1864,#1898,#1932,#1966,#2000,#2034,#2068,#2102,#2136,
    #2170,#2204,#2238,#2272,#2306,#2340),#2374,.T.);
#1276 = FACE_BOUND('',#1277,.T.);
#1277 = EDGE_LOOP('',(#1278,#1288,#1296,#1304));
#1278 = ORIENTED_EDGE('',*,*,#1279,.T.);
#1279 = EDGE_CURVE('',#1280,#1282,#1284,.T.);
#1280 = VERTEX_POINT('',#1281);
#1281 = CARTESIAN_POINT('',(-21.59,9.25,1.8));
#1282 = VERTEX_POINT('',#1283);
#1283 = CARTESIAN_POINT('',(-21.59,-9.25,1.8));
#1284 = LINE('',#1285,#1286);
#1285 = CARTESIAN_POINT('',(-21.59,9.25,1.8));
#1286 = VECTOR('',#1287,1.);
#1287 = DIRECTION('',(0.,-1.,0.));
#1288 = ORIENTED_EDGE('',*,*,#1289,.T.);
#1289 = EDGE_CURVE('',#1282,#1290,#1292,.T.);
#1290 = VERTEX_POINT('',#1291);
#1291 = CARTESIAN_POINT('',(21.59,-9.25,1.8));
#1292 = LINE('',#1293,#1294);
#1293 = CARTESIAN_POINT('',(-21.59,-9.25,1.8));
#1294 = VECTOR('',#1295,1.);
#1295 = DIRECTION('',(1.,-8.227683369154E-17,0.));
#1296 = ORIENTED_EDGE('',*,*,#1297,.T.);
#1297 = EDGE_CURVE('',#1290,#1298,#1300,.T.);
#1298 = VERTEX_POINT('',#1299);
#1299 = CARTESIAN_POINT('',(21.59,9.25,1.8));
#1300 = LINE('',#1301,#1302);
#1301 = CARTESIAN_POINT('',(21.59,-9.25,1.8));
#1302 = VECTOR('',#1303,1.);
#1303 = DIRECTION('',(0.,1.,0.));
#1304 = ORIENTED_EDGE('',*,*,#1305,.T.);
#1305 = EDGE_CURVE('',#1298,#1280,#1306,.T.);
#1306 = LINE('',#1307,#1308);
#1307 = CARTESIAN_POINT('',(21.59,9.25,1.8));
#1308 = VECTOR('',#1309,1.);
#1309 = DIRECTION('',(-1.,8.227683369154E-17,0.));
#1310 = FACE_BOUND('',#1311,.T.);
#1311 = EDGE_LOOP('',(#1312));
#1312 = ORIENTED_EDGE('',*,*,#1313,.F.);
#1313 = EDGE_CURVE('',#1314,#1314,#1316,.T.);
#1314 = VERTEX_POINT('',#1315);
#1315 = CARTESIAN_POINT('',(19.42,-7.62,1.8));
#1316 = CIRCLE('',#1317,0.9);
#1317 = AXIS2_PLACEMENT_3D('',#1318,#1319,#1320);
#1318 = CARTESIAN_POINT('',(20.32,-7.62,1.8));
#1319 = DIRECTION('',(0.,0.,1.));
#1320 = DIRECTION('',(-1.,1.224646799147E-16,0.));
#1321 = FACE_BOUND('',#1322,.T.);
#1322 = EDGE_LOOP('',(#1323));
#1323 = ORIENTED_EDGE('',*,*,#1324,.F.);
#1324 = EDGE_CURVE('',#1325,#1325,#1327,.T.);
#1325 = VERTEX_POINT('',#1326);
#1326 = CARTESIAN_POINT('',(-21.22,-7.62,1.8));
#1327 = CIRCLE('',#1328,0.9);
#1328 = AXIS2_PLACEMENT_3D('',#1329,#1330,#1331);
#1329 = CARTESIAN_POINT('',(-20.32,-7.62,1.8));
#1330 = DIRECTION('',(0.,0.,1.));
#1331 = DIRECTION('',(-1.,1.224646799147E-16,0.));
#1332 = FACE_BOUND('',#1333,.T.);
#1333 = EDGE_LOOP('',(#1334));
#1334 = ORIENTED_EDGE('',*,*,#1335,.F.);
#1335 = EDGE_CURVE('',#1336,#1336,#1338,.T.);
#1336 = VERTEX_POINT('',#1337);
#1337 = CARTESIAN_POINT('',(-21.22,7.62,1.8));
#1338 = CIRCLE('',#1339,0.9);
#1339 = AXIS2_PLACEMENT_3D('',#1340,#1341,#1342);
#1340 = CARTESIAN_POINT('',(-20.32,7.62,1.8));
#1341 = DIRECTION('',(0.,0.,1.));
#1342 = DIRECTION('',(-1.,1.224646799147E-16,0.));
#1343 = FACE_BOUND('',#1344,.T.);
#1344 = EDGE_LOOP('',(#1345));
#1345 = ORIENTED_EDGE('',*,*,#1346,.F.);
#1346 = EDGE_CURVE('',#1347,#1347,#1349,.T.);
#1347 = VERTEX_POINT('',#1348);
#1348 = CARTESIAN_POINT('',(19.42,7.62,1.8));
#1349 = CIRCLE('',#1350,0.9);
#1350 = AXIS2_PLACEMENT_3D('',#1351,#1352,#1353);
#1351 = CARTESIAN_POINT('',(20.32,7.62,1.8));
#1352 = DIRECTION('',(0.,0.,1.));
#1353 = DIRECTION('',(-1.,1.224646799147E-16,0.));
#1354 = FACE_BOUND('',#1355,.T.);
#1355 = EDGE_LOOP('',(#1356,#1366,#1374,#1382));
#1356 = ORIENTED_EDGE('',*,*,#1357,.F.);
#1357 = EDGE_CURVE('',#1358,#1360,#1362,.T.);
#1358 = VERTEX_POINT('',#1359);
#1359 = CARTESIAN_POINT('',(-18.18,-7.22,1.8));
#1360 = VERTEX_POINT('',#1361);
#1361 = CARTESIAN_POINT('',(-18.18,-8.02,1.8));
#1362 = LINE('',#1363,#1364);
#1363 = CARTESIAN_POINT('',(-18.18,-7.22,1.8));
#1364 = VECTOR('',#1365,1.);
#1365 = DIRECTION('',(0.,-1.,0.));
#1366 = ORIENTED_EDGE('',*,*,#1367,.F.);
#1367 = EDGE_CURVE('',#1368,#1358,#1370,.T.);
#1368 = VERTEX_POINT('',#1369);
#1369 = CARTESIAN_POINT('',(-17.38,-7.22,1.8));
#1370 = LINE('',#1371,#1372);
#1371 = CARTESIAN_POINT('',(-17.38,-7.22,1.8));
#1372 = VECTOR('',#1373,1.);
#1373 = DIRECTION('',(-1.,1.110223024625E-15,0.));
#1374 = ORIENTED_EDGE('',*,*,#1375,.F.);
#1375 = EDGE_CURVE('',#1376,#1368,#1378,.T.);
#1376 = VERTEX_POINT('',#1377);
#1377 = CARTESIAN_POINT('',(-17.38,-8.02,1.8));
#1378 = LINE('',#1379,#1380);
#1379 = CARTESIAN_POINT('',(-17.38,-8.02,1.8));
#1380 = VECTOR('',#1381,1.);
#1381 = DIRECTION('',(0.,1.,0.));
#1382 = ORIENTED_EDGE('',*,*,#1383,.F.);
#1383 = EDGE_CURVE('',#1360,#1376,#1384,.T.);
#1384 = LINE('',#1385,#1386);
#1385 = CARTESIAN_POINT('',(-18.18,-8.02,1.8));
#1386 = VECTOR('',#1387,1.);
#1387 = DIRECTION('',(1.,0.,0.));
#1388 = FACE_BOUND('',#1389,.T.);
#1389 = EDGE_LOOP('',(#1390,#1400,#1408,#1416));
#1390 = ORIENTED_EDGE('',*,*,#1391,.F.);
#1391 = EDGE_CURVE('',#1392,#1394,#1396,.T.);
#1392 = VERTEX_POINT('',#1393);
#1393 = CARTESIAN_POINT('',(-18.18,8.02,1.8));
#1394 = VERTEX_POINT('',#1395);
#1395 = CARTESIAN_POINT('',(-18.18,7.22,1.8));
#1396 = LINE('',#1397,#1398);
#1397 = CARTESIAN_POINT('',(-18.18,8.02,1.8));
#1398 = VECTOR('',#1399,1.);
#1399 = DIRECTION('',(0.,-1.,0.));
#1400 = ORIENTED_EDGE('',*,*,#1401,.F.);
#1401 = EDGE_CURVE('',#1402,#1392,#1404,.T.);
#1402 = VERTEX_POINT('',#1403);
#1403 = CARTESIAN_POINT('',(-17.38,8.02,1.8));
#1404 = LINE('',#1405,#1406);
#1405 = CARTESIAN_POINT('',(-17.38,8.02,1.8));
#1406 = VECTOR('',#1407,1.);
#1407 = DIRECTION('',(-1.,0.,0.));
#1408 = ORIENTED_EDGE('',*,*,#1409,.F.);
#1409 = EDGE_CURVE('',#1410,#1402,#1412,.T.);
#1410 = VERTEX_POINT('',#1411);
#1411 = CARTESIAN_POINT('',(-17.38,7.22,1.8));
#1412 = LINE('',#1413,#1414);
#1413 = CARTESIAN_POINT('',(-17.38,7.22,1.8));
#1414 = VECTOR('',#1415,1.);
#1415 = DIRECTION('',(0.,1.,0.));
#1416 = ORIENTED_EDGE('',*,*,#1417,.F.);
#1417 = EDGE_CURVE('',#1394,#1410,#1418,.T.);
#1418 = LINE('',#1419,#1420);
#1419 = CARTESIAN_POINT('',(-18.18,7.22,1.8));
#1420 = VECTOR('',#1421,1.);
#1421 = DIRECTION('',(1.,-2.22044604925E-15,0.));
#1422 = FACE_BOUND('',#1423,.T.);
#1423 = EDGE_LOOP('',(#1424,#1434,#1442,#1450));
#1424 = ORIENTED_EDGE('',*,*,#1425,.F.);
#1425 = EDGE_CURVE('',#1426,#1428,#1430,.T.);
#1426 = VERTEX_POINT('',#1427);
#1427 = CARTESIAN_POINT('',(-15.64,-7.22,1.8));
#1428 = VERTEX_POINT('',#1429);
#1429 = CARTESIAN_POINT('',(-15.64,-8.02,1.8));
#1430 = LINE('',#1431,#1432);
#1431 = CARTESIAN_POINT('',(-15.64,-7.22,1.8));
#1432 = VECTOR('',#1433,1.);
#1433 = DIRECTION('',(-4.440892098501E-15,-1.,0.));
#1434 = ORIENTED_EDGE('',*,*,#1435,.F.);
#1435 = EDGE_CURVE('',#1436,#1426,#1438,.T.);
#1436 = VERTEX_POINT('',#1437);
#1437 = CARTESIAN_POINT('',(-14.84,-7.22,1.8));
#1438 = LINE('',#1439,#1440);
#1439 = CARTESIAN_POINT('',(-14.84,-7.22,1.8));
#1440 = VECTOR('',#1441,1.);
#1441 = DIRECTION('',(-1.,0.,0.));
#1442 = ORIENTED_EDGE('',*,*,#1443,.F.);
#1443 = EDGE_CURVE('',#1444,#1436,#1446,.T.);
#1444 = VERTEX_POINT('',#1445);
#1445 = CARTESIAN_POINT('',(-14.84,-8.02,1.8));
#1446 = LINE('',#1447,#1448);
#1447 = CARTESIAN_POINT('',(-14.84,-8.02,1.8));
#1448 = VECTOR('',#1449,1.);
#1449 = DIRECTION('',(4.440892098501E-15,1.,0.));
#1450 = ORIENTED_EDGE('',*,*,#1451,.F.);
#1451 = EDGE_CURVE('',#1428,#1444,#1452,.T.);
#1452 = LINE('',#1453,#1454);
#1453 = CARTESIAN_POINT('',(-15.64,-8.02,1.8));
#1454 = VECTOR('',#1455,1.);
#1455 = DIRECTION('',(1.,2.22044604925E-15,0.));
#1456 = FACE_BOUND('',#1457,.T.);
#1457 = EDGE_LOOP('',(#1458,#1468,#1476,#1484));
#1458 = ORIENTED_EDGE('',*,*,#1459,.F.);
#1459 = EDGE_CURVE('',#1460,#1462,#1464,.T.);
#1460 = VERTEX_POINT('',#1461);
#1461 = CARTESIAN_POINT('',(-13.1,-7.22,1.8));
#1462 = VERTEX_POINT('',#1463);
#1463 = CARTESIAN_POINT('',(-13.1,-8.02,1.8));
#1464 = LINE('',#1465,#1466);
#1465 = CARTESIAN_POINT('',(-13.1,-7.22,1.8));
#1466 = VECTOR('',#1467,1.);
#1467 = DIRECTION('',(-4.440892098501E-15,-1.,0.));
#1468 = ORIENTED_EDGE('',*,*,#1469,.F.);
#1469 = EDGE_CURVE('',#1470,#1460,#1472,.T.);
#1470 = VERTEX_POINT('',#1471);
#1471 = CARTESIAN_POINT('',(-12.3,-7.22,1.8));
#1472 = LINE('',#1473,#1474);
#1473 = CARTESIAN_POINT('',(-12.3,-7.22,1.8));
#1474 = VECTOR('',#1475,1.);
#1475 = DIRECTION('',(-1.,0.,0.));
#1476 = ORIENTED_EDGE('',*,*,#1477,.F.);
#1477 = EDGE_CURVE('',#1478,#1470,#1480,.T.);
#1478 = VERTEX_POINT('',#1479);
#1479 = CARTESIAN_POINT('',(-12.3,-8.02,1.8));
#1480 = LINE('',#1481,#1482);
#1481 = CARTESIAN_POINT('',(-12.3,-8.02,1.8));
#1482 = VECTOR('',#1483,1.);
#1483 = DIRECTION('',(4.440892098501E-15,1.,0.));
#1484 = ORIENTED_EDGE('',*,*,#1485,.F.);
#1485 = EDGE_CURVE('',#1462,#1478,#1486,.T.);
#1486 = LINE('',#1487,#1488);
#1487 = CARTESIAN_POINT('',(-13.1,-8.02,1.8));
#1488 = VECTOR('',#1489,1.);
#1489 = DIRECTION('',(1.,0.,0.));
#1490 = FACE_BOUND('',#1491,.T.);
#1491 = EDGE_LOOP('',(#1492,#1502,#1510,#1518));
#1492 = ORIENTED_EDGE('',*,*,#1493,.F.);
#1493 = EDGE_CURVE('',#1494,#1496,#1498,.T.);
#1494 = VERTEX_POINT('',#1495);
#1495 = CARTESIAN_POINT('',(-10.56,-7.22,1.8));
#1496 = VERTEX_POINT('',#1497);
#1497 = CARTESIAN_POINT('',(-10.56,-8.02,1.8));
#1498 = LINE('',#1499,#1500);
#1499 = CARTESIAN_POINT('',(-10.56,-7.22,1.8));
#1500 = VECTOR('',#1501,1.);
#1501 = DIRECTION('',(-4.440892098501E-15,-1.,0.));
#1502 = ORIENTED_EDGE('',*,*,#1503,.F.);
#1503 = EDGE_CURVE('',#1504,#1494,#1506,.T.);
#1504 = VERTEX_POINT('',#1505);
#1505 = CARTESIAN_POINT('',(-9.76,-7.22,1.8));
#1506 = LINE('',#1507,#1508);
#1507 = CARTESIAN_POINT('',(-9.76,-7.22,1.8));
#1508 = VECTOR('',#1509,1.);
#1509 = DIRECTION('',(-1.,0.,0.));
#1510 = ORIENTED_EDGE('',*,*,#1511,.F.);
#1511 = EDGE_CURVE('',#1512,#1504,#1514,.T.);
#1512 = VERTEX_POINT('',#1513);
#1513 = CARTESIAN_POINT('',(-9.76,-8.02,1.8));
#1514 = LINE('',#1515,#1516);
#1515 = CARTESIAN_POINT('',(-9.76,-8.02,1.8));
#1516 = VECTOR('',#1517,1.);
#1517 = DIRECTION('',(4.440892098501E-15,1.,0.));
#1518 = ORIENTED_EDGE('',*,*,#1519,.F.);
#1519 = EDGE_CURVE('',#1496,#1512,#1520,.T.);
#1520 = LINE('',#1521,#1522);
#1521 = CARTESIAN_POINT('',(-10.56,-8.02,1.8));
#1522 = VECTOR('',#1523,1.);
#1523 = DIRECTION('',(1.,0.,0.));
#1524 = FACE_BOUND('',#1525,.T.);
#1525 = EDGE_LOOP('',(#1526,#1536,#1544,#1552));
#1526 = ORIENTED_EDGE('',*,*,#1527,.F.);
#1527 = EDGE_CURVE('',#1528,#1530,#1532,.T.);
#1528 = VERTEX_POINT('',#1529);
#1529 = CARTESIAN_POINT('',(-8.02,-7.22,1.8));
#1530 = VERTEX_POINT('',#1531);
#1531 = CARTESIAN_POINT('',(-8.02,-8.02,1.8));
#1532 = LINE('',#1533,#1534);
#1533 = CARTESIAN_POINT('',(-8.02,-7.22,1.8));
#1534 = VECTOR('',#1535,1.);
#1535 = DIRECTION('',(-4.440892098501E-15,-1.,0.));
#1536 = ORIENTED_EDGE('',*,*,#1537,.F.);
#1537 = EDGE_CURVE('',#1538,#1528,#1540,.T.);
#1538 = VERTEX_POINT('',#1539);
#1539 = CARTESIAN_POINT('',(-7.22,-7.22,1.8));
#1540 = LINE('',#1541,#1542);
#1541 = CARTESIAN_POINT('',(-7.22,-7.22,1.8));
#1542 = VECTOR('',#1543,1.);
#1543 = DIRECTION('',(-1.,-1.110223024625E-15,0.));
#1544 = ORIENTED_EDGE('',*,*,#1545,.F.);
#1545 = EDGE_CURVE('',#1546,#1538,#1548,.T.);
#1546 = VERTEX_POINT('',#1547);
#1547 = CARTESIAN_POINT('',(-7.22,-8.02,1.8));
#1548 = LINE('',#1549,#1550);
#1549 = CARTESIAN_POINT('',(-7.22,-8.02,1.8));
#1550 = VECTOR('',#1551,1.);
#1551 = DIRECTION('',(-1.110223024625E-15,1.,0.));
#1552 = ORIENTED_EDGE('',*,*,#1553,.F.);
#1553 = EDGE_CURVE('',#1530,#1546,#1554,.T.);
#1554 = LINE('',#1555,#1556);
#1555 = CARTESIAN_POINT('',(-8.02,-8.02,1.8));
#1556 = VECTOR('',#1557,1.);
#1557 = DIRECTION('',(1.,-4.440892098501E-15,0.));
#1558 = FACE_BOUND('',#1559,.T.);
#1559 = EDGE_LOOP('',(#1560,#1570,#1578,#1586));
#1560 = ORIENTED_EDGE('',*,*,#1561,.F.);
#1561 = EDGE_CURVE('',#1562,#1564,#1566,.T.);
#1562 = VERTEX_POINT('',#1563);
#1563 = CARTESIAN_POINT('',(-5.48,-7.22,1.8));
#1564 = VERTEX_POINT('',#1565);
#1565 = CARTESIAN_POINT('',(-5.48,-8.02,1.8));
#1566 = LINE('',#1567,#1568);
#1567 = CARTESIAN_POINT('',(-5.48,-7.22,1.8));
#1568 = VECTOR('',#1569,1.);
#1569 = DIRECTION('',(1.110223024625E-15,-1.,0.));
#1570 = ORIENTED_EDGE('',*,*,#1571,.F.);
#1571 = EDGE_CURVE('',#1572,#1562,#1574,.T.);
#1572 = VERTEX_POINT('',#1573);
#1573 = CARTESIAN_POINT('',(-4.68,-7.22,1.8));
#1574 = LINE('',#1575,#1576);
#1575 = CARTESIAN_POINT('',(-4.68,-7.22,1.8));
#1576 = VECTOR('',#1577,1.);
#1577 = DIRECTION('',(-1.,0.,0.));
#1578 = ORIENTED_EDGE('',*,*,#1579,.F.);
#1579 = EDGE_CURVE('',#1580,#1572,#1582,.T.);
#1580 = VERTEX_POINT('',#1581);
#1581 = CARTESIAN_POINT('',(-4.68,-8.02,1.8));
#1582 = LINE('',#1583,#1584);
#1583 = CARTESIAN_POINT('',(-4.68,-8.02,1.8));
#1584 = VECTOR('',#1585,1.);
#1585 = DIRECTION('',(-1.110223024625E-15,1.,0.));
#1586 = ORIENTED_EDGE('',*,*,#1587,.F.);
#1587 = EDGE_CURVE('',#1564,#1580,#1588,.T.);
#1588 = LINE('',#1589,#1590);
#1589 = CARTESIAN_POINT('',(-5.48,-8.02,1.8));
#1590 = VECTOR('',#1591,1.);
#1591 = DIRECTION('',(1.,0.,0.));
#1592 = FACE_BOUND('',#1593,.T.);
#1593 = EDGE_LOOP('',(#1594,#1604,#1612,#1620));
#1594 = ORIENTED_EDGE('',*,*,#1595,.F.);
#1595 = EDGE_CURVE('',#1596,#1598,#1600,.T.);
#1596 = VERTEX_POINT('',#1597);
#1597 = CARTESIAN_POINT('',(-2.94,-7.22,1.8));
#1598 = VERTEX_POINT('',#1599);
#1599 = CARTESIAN_POINT('',(-2.94,-8.02,1.8));
#1600 = LINE('',#1601,#1602);
#1601 = CARTESIAN_POINT('',(-2.94,-7.22,1.8));
#1602 = VECTOR('',#1603,1.);
#1603 = DIRECTION('',(0.,-1.,0.));
#1604 = ORIENTED_EDGE('',*,*,#1605,.F.);
#1605 = EDGE_CURVE('',#1606,#1596,#1608,.T.);
#1606 = VERTEX_POINT('',#1607);
#1607 = CARTESIAN_POINT('',(-2.14,-7.22,1.8));
#1608 = LINE('',#1609,#1610);
#1609 = CARTESIAN_POINT('',(-2.14,-7.22,1.8));
#1610 = VECTOR('',#1611,1.);
#1611 = DIRECTION('',(-1.,0.,0.));
#1612 = ORIENTED_EDGE('',*,*,#1613,.F.);
#1613 = EDGE_CURVE('',#1614,#1606,#1616,.T.);
#1614 = VERTEX_POINT('',#1615);
#1615 = CARTESIAN_POINT('',(-2.14,-8.02,1.8));
#1616 = LINE('',#1617,#1618);
#1617 = CARTESIAN_POINT('',(-2.14,-8.02,1.8));
#1618 = VECTOR('',#1619,1.);
#1619 = DIRECTION('',(0.,1.,0.));
#1620 = ORIENTED_EDGE('',*,*,#1621,.F.);
#1621 = EDGE_CURVE('',#1598,#1614,#1622,.T.);
#1622 = LINE('',#1623,#1624);
#1623 = CARTESIAN_POINT('',(-2.94,-8.02,1.8));
#1624 = VECTOR('',#1625,1.);
#1625 = DIRECTION('',(1.,0.,0.));
#1626 = FACE_BOUND('',#1627,.T.);
#1627 = EDGE_LOOP('',(#1628,#1638,#1646,#1654));
#1628 = ORIENTED_EDGE('',*,*,#1629,.F.);
#1629 = EDGE_CURVE('',#1630,#1632,#1634,.T.);
#1630 = VERTEX_POINT('',#1631);
#1631 = CARTESIAN_POINT('',(-0.4,-7.22,1.8));
#1632 = VERTEX_POINT('',#1633);
#1633 = CARTESIAN_POINT('',(-0.4,-8.02,1.8));
#1634 = LINE('',#1635,#1636);
#1635 = CARTESIAN_POINT('',(-0.4,-7.22,1.8));
#1636 = VECTOR('',#1637,1.);
#1637 = DIRECTION('',(-1.387778780781E-16,-1.,0.));
#1638 = ORIENTED_EDGE('',*,*,#1639,.F.);
#1639 = EDGE_CURVE('',#1640,#1630,#1642,.T.);
#1640 = VERTEX_POINT('',#1641);
#1641 = CARTESIAN_POINT('',(0.4,-7.22,1.8));
#1642 = LINE('',#1643,#1644);
#1643 = CARTESIAN_POINT('',(0.4,-7.22,1.8));
#1644 = VECTOR('',#1645,1.);
#1645 = DIRECTION('',(-1.,0.,0.));
#1646 = ORIENTED_EDGE('',*,*,#1647,.F.);
#1647 = EDGE_CURVE('',#1648,#1640,#1650,.T.);
#1648 = VERTEX_POINT('',#1649);
#1649 = CARTESIAN_POINT('',(0.4,-8.02,1.8));
#1650 = LINE('',#1651,#1652);
#1651 = CARTESIAN_POINT('',(0.4,-8.02,1.8));
#1652 = VECTOR('',#1653,1.);
#1653 = DIRECTION('',(1.387778780781E-16,1.,0.));
#1654 = ORIENTED_EDGE('',*,*,#1655,.F.);
#1655 = EDGE_CURVE('',#1632,#1648,#1656,.T.);
#1656 = LINE('',#1657,#1658);
#1657 = CARTESIAN_POINT('',(-0.4,-8.02,1.8));
#1658 = VECTOR('',#1659,1.);
#1659 = DIRECTION('',(1.,0.,0.));
#1660 = FACE_BOUND('',#1661,.T.);
#1661 = EDGE_LOOP('',(#1662,#1672,#1680,#1688));
#1662 = ORIENTED_EDGE('',*,*,#1663,.F.);
#1663 = EDGE_CURVE('',#1664,#1666,#1668,.T.);
#1664 = VERTEX_POINT('',#1665);
#1665 = CARTESIAN_POINT('',(2.14,-7.22,1.8));
#1666 = VERTEX_POINT('',#1667);
#1667 = CARTESIAN_POINT('',(2.14,-8.02,1.8));
#1668 = LINE('',#1669,#1670);
#1669 = CARTESIAN_POINT('',(2.14,-7.22,1.8));
#1670 = VECTOR('',#1671,1.);
#1671 = DIRECTION('',(0.,-1.,0.));
#1672 = ORIENTED_EDGE('',*,*,#1673,.F.);
#1673 = EDGE_CURVE('',#1674,#1664,#1676,.T.);
#1674 = VERTEX_POINT('',#1675);
#1675 = CARTESIAN_POINT('',(2.94,-7.22,1.8));
#1676 = LINE('',#1677,#1678);
#1677 = CARTESIAN_POINT('',(2.94,-7.22,1.8));
#1678 = VECTOR('',#1679,1.);
#1679 = DIRECTION('',(-1.,0.,0.));
#1680 = ORIENTED_EDGE('',*,*,#1681,.F.);
#1681 = EDGE_CURVE('',#1682,#1674,#1684,.T.);
#1682 = VERTEX_POINT('',#1683);
#1683 = CARTESIAN_POINT('',(2.94,-8.02,1.8));
#1684 = LINE('',#1685,#1686);
#1685 = CARTESIAN_POINT('',(2.94,-8.02,1.8));
#1686 = VECTOR('',#1687,1.);
#1687 = DIRECTION('',(0.,1.,0.));
#1688 = ORIENTED_EDGE('',*,*,#1689,.F.);
#1689 = EDGE_CURVE('',#1666,#1682,#1690,.T.);
#1690 = LINE('',#1691,#1692);
#1691 = CARTESIAN_POINT('',(2.14,-8.02,1.8));
#1692 = VECTOR('',#1693,1.);
#1693 = DIRECTION('',(1.,0.,0.));
#1694 = FACE_BOUND('',#1695,.T.);
#1695 = EDGE_LOOP('',(#1696,#1706,#1714,#1722));
#1696 = ORIENTED_EDGE('',*,*,#1697,.F.);
#1697 = EDGE_CURVE('',#1698,#1700,#1702,.T.);
#1698 = VERTEX_POINT('',#1699);
#1699 = CARTESIAN_POINT('',(4.68,-7.22,1.8));
#1700 = VERTEX_POINT('',#1701);
#1701 = CARTESIAN_POINT('',(4.68,-8.02,1.8));
#1702 = LINE('',#1703,#1704);
#1703 = CARTESIAN_POINT('',(4.68,-7.22,1.8));
#1704 = VECTOR('',#1705,1.);
#1705 = DIRECTION('',(1.110223024625E-15,-1.,0.));
#1706 = ORIENTED_EDGE('',*,*,#1707,.F.);
#1707 = EDGE_CURVE('',#1708,#1698,#1710,.T.);
#1708 = VERTEX_POINT('',#1709);
#1709 = CARTESIAN_POINT('',(5.48,-7.22,1.8));
#1710 = LINE('',#1711,#1712);
#1711 = CARTESIAN_POINT('',(5.48,-7.22,1.8));
#1712 = VECTOR('',#1713,1.);
#1713 = DIRECTION('',(-1.,0.,0.));
#1714 = ORIENTED_EDGE('',*,*,#1715,.F.);
#1715 = EDGE_CURVE('',#1716,#1708,#1718,.T.);
#1716 = VERTEX_POINT('',#1717);
#1717 = CARTESIAN_POINT('',(5.48,-8.02,1.8));
#1718 = LINE('',#1719,#1720);
#1719 = CARTESIAN_POINT('',(5.48,-8.02,1.8));
#1720 = VECTOR('',#1721,1.);
#1721 = DIRECTION('',(-1.110223024625E-15,1.,0.));
#1722 = ORIENTED_EDGE('',*,*,#1723,.F.);
#1723 = EDGE_CURVE('',#1700,#1716,#1724,.T.);
#1724 = LINE('',#1725,#1726);
#1725 = CARTESIAN_POINT('',(4.68,-8.02,1.8));
#1726 = VECTOR('',#1727,1.);
#1727 = DIRECTION('',(1.,0.,0.));
#1728 = FACE_BOUND('',#1729,.T.);
#1729 = EDGE_LOOP('',(#1730,#1740,#1748,#1756));
#1730 = ORIENTED_EDGE('',*,*,#1731,.F.);
#1731 = EDGE_CURVE('',#1732,#1734,#1736,.T.);
#1732 = VERTEX_POINT('',#1733);
#1733 = CARTESIAN_POINT('',(7.22,-7.22,1.8));
#1734 = VERTEX_POINT('',#1735);
#1735 = CARTESIAN_POINT('',(7.22,-8.02,1.8));
#1736 = LINE('',#1737,#1738);
#1737 = CARTESIAN_POINT('',(7.22,-7.22,1.8));
#1738 = VECTOR('',#1739,1.);
#1739 = DIRECTION('',(1.110223024625E-15,-1.,0.));
#1740 = ORIENTED_EDGE('',*,*,#1741,.F.);
#1741 = EDGE_CURVE('',#1742,#1732,#1744,.T.);
#1742 = VERTEX_POINT('',#1743);
#1743 = CARTESIAN_POINT('',(8.02,-7.22,1.8));
#1744 = LINE('',#1745,#1746);
#1745 = CARTESIAN_POINT('',(8.02,-7.22,1.8));
#1746 = VECTOR('',#1747,1.);
#1747 = DIRECTION('',(-1.,-1.110223024625E-15,0.));
#1748 = ORIENTED_EDGE('',*,*,#1749,.F.);
#1749 = EDGE_CURVE('',#1750,#1742,#1752,.T.);
#1750 = VERTEX_POINT('',#1751);
#1751 = CARTESIAN_POINT('',(8.02,-8.02,1.8));
#1752 = LINE('',#1753,#1754);
#1753 = CARTESIAN_POINT('',(8.02,-8.02,1.8));
#1754 = VECTOR('',#1755,1.);
#1755 = DIRECTION('',(4.440892098501E-15,1.,0.));
#1756 = ORIENTED_EDGE('',*,*,#1757,.F.);
#1757 = EDGE_CURVE('',#1734,#1750,#1758,.T.);
#1758 = LINE('',#1759,#1760);
#1759 = CARTESIAN_POINT('',(7.22,-8.02,1.8));
#1760 = VECTOR('',#1761,1.);
#1761 = DIRECTION('',(1.,-4.440892098501E-15,0.));
#1762 = FACE_BOUND('',#1763,.T.);
#1763 = EDGE_LOOP('',(#1764,#1774,#1782,#1790));
#1764 = ORIENTED_EDGE('',*,*,#1765,.F.);
#1765 = EDGE_CURVE('',#1766,#1768,#1770,.T.);
#1766 = VERTEX_POINT('',#1767);
#1767 = CARTESIAN_POINT('',(9.76,-7.22,1.8));
#1768 = VERTEX_POINT('',#1769);
#1769 = CARTESIAN_POINT('',(9.76,-8.02,1.8));
#1770 = LINE('',#1771,#1772);
#1771 = CARTESIAN_POINT('',(9.76,-7.22,1.8));
#1772 = VECTOR('',#1773,1.);
#1773 = DIRECTION('',(-4.440892098501E-15,-1.,0.));
#1774 = ORIENTED_EDGE('',*,*,#1775,.F.);
#1775 = EDGE_CURVE('',#1776,#1766,#1778,.T.);
#1776 = VERTEX_POINT('',#1777);
#1777 = CARTESIAN_POINT('',(10.56,-7.22,1.8));
#1778 = LINE('',#1779,#1780);
#1779 = CARTESIAN_POINT('',(10.56,-7.22,1.8));
#1780 = VECTOR('',#1781,1.);
#1781 = DIRECTION('',(-1.,0.,0.));
#1782 = ORIENTED_EDGE('',*,*,#1783,.F.);
#1783 = EDGE_CURVE('',#1784,#1776,#1786,.T.);
#1784 = VERTEX_POINT('',#1785);
#1785 = CARTESIAN_POINT('',(10.56,-8.02,1.8));
#1786 = LINE('',#1787,#1788);
#1787 = CARTESIAN_POINT('',(10.56,-8.02,1.8));
#1788 = VECTOR('',#1789,1.);
#1789 = DIRECTION('',(4.440892098501E-15,1.,0.));
#1790 = ORIENTED_EDGE('',*,*,#1791,.F.);
#1791 = EDGE_CURVE('',#1768,#1784,#1792,.T.);
#1792 = LINE('',#1793,#1794);
#1793 = CARTESIAN_POINT('',(9.76,-8.02,1.8));
#1794 = VECTOR('',#1795,1.);
#1795 = DIRECTION('',(1.,0.,0.));
#1796 = FACE_BOUND('',#1797,.T.);
#1797 = EDGE_LOOP('',(#1798,#1808,#1816,#1824));
#1798 = ORIENTED_EDGE('',*,*,#1799,.F.);
#1799 = EDGE_CURVE('',#1800,#1802,#1804,.T.);
#1800 = VERTEX_POINT('',#1801);
#1801 = CARTESIAN_POINT('',(12.3,-7.22,1.8));
#1802 = VERTEX_POINT('',#1803);
#1803 = CARTESIAN_POINT('',(12.3,-8.02,1.8));
#1804 = LINE('',#1805,#1806);
#1805 = CARTESIAN_POINT('',(12.3,-7.22,1.8));
#1806 = VECTOR('',#1807,1.);
#1807 = DIRECTION('',(-4.440892098501E-15,-1.,0.));
#1808 = ORIENTED_EDGE('',*,*,#1809,.F.);
#1809 = EDGE_CURVE('',#1810,#1800,#1812,.T.);
#1810 = VERTEX_POINT('',#1811);
#1811 = CARTESIAN_POINT('',(13.1,-7.22,1.8));
#1812 = LINE('',#1813,#1814);
#1813 = CARTESIAN_POINT('',(13.1,-7.22,1.8));
#1814 = VECTOR('',#1815,1.);
#1815 = DIRECTION('',(-1.,0.,0.));
#1816 = ORIENTED_EDGE('',*,*,#1817,.F.);
#1817 = EDGE_CURVE('',#1818,#1810,#1820,.T.);
#1818 = VERTEX_POINT('',#1819);
#1819 = CARTESIAN_POINT('',(13.1,-8.02,1.8));
#1820 = LINE('',#1821,#1822);
#1821 = CARTESIAN_POINT('',(13.1,-8.02,1.8));
#1822 = VECTOR('',#1823,1.);
#1823 = DIRECTION('',(4.440892098501E-15,1.,0.));
#1824 = ORIENTED_EDGE('',*,*,#1825,.F.);
#1825 = EDGE_CURVE('',#1802,#1818,#1826,.T.);
#1826 = LINE('',#1827,#1828);
#1827 = CARTESIAN_POINT('',(12.3,-8.02,1.8));
#1828 = VECTOR('',#1829,1.);
#1829 = DIRECTION('',(1.,0.,0.));
#1830 = FACE_BOUND('',#1831,.T.);
#1831 = EDGE_LOOP('',(#1832,#1842,#1850,#1858));
#1832 = ORIENTED_EDGE('',*,*,#1833,.F.);
#1833 = EDGE_CURVE('',#1834,#1836,#1838,.T.);
#1834 = VERTEX_POINT('',#1835);
#1835 = CARTESIAN_POINT('',(14.84,-7.22,1.8));
#1836 = VERTEX_POINT('',#1837);
#1837 = CARTESIAN_POINT('',(14.84,-8.02,1.8));
#1838 = LINE('',#1839,#1840);
#1839 = CARTESIAN_POINT('',(14.84,-7.22,1.8));
#1840 = VECTOR('',#1841,1.);
#1841 = DIRECTION('',(-4.440892098501E-15,-1.,0.));
#1842 = ORIENTED_EDGE('',*,*,#1843,.F.);
#1843 = EDGE_CURVE('',#1844,#1834,#1846,.T.);
#1844 = VERTEX_POINT('',#1845);
#1845 = CARTESIAN_POINT('',(15.64,-7.22,1.8));
#1846 = LINE('',#1847,#1848);
#1847 = CARTESIAN_POINT('',(15.64,-7.22,1.8));
#1848 = VECTOR('',#1849,1.);
#1849 = DIRECTION('',(-1.,0.,0.));
#1850 = ORIENTED_EDGE('',*,*,#1851,.F.);
#1851 = EDGE_CURVE('',#1852,#1844,#1854,.T.);
#1852 = VERTEX_POINT('',#1853);
#1853 = CARTESIAN_POINT('',(15.64,-8.02,1.8));
#1854 = LINE('',#1855,#1856);
#1855 = CARTESIAN_POINT('',(15.64,-8.02,1.8));
#1856 = VECTOR('',#1857,1.);
#1857 = DIRECTION('',(4.440892098501E-15,1.,0.));
#1858 = ORIENTED_EDGE('',*,*,#1859,.F.);
#1859 = EDGE_CURVE('',#1836,#1852,#1860,.T.);
#1860 = LINE('',#1861,#1862);
#1861 = CARTESIAN_POINT('',(14.84,-8.02,1.8));
#1862 = VECTOR('',#1863,1.);
#1863 = DIRECTION('',(1.,0.,0.));
#1864 = FACE_BOUND('',#1865,.T.);
#1865 = EDGE_LOOP('',(#1866,#1876,#1884,#1892));
#1866 = ORIENTED_EDGE('',*,*,#1867,.F.);
#1867 = EDGE_CURVE('',#1868,#1870,#1872,.T.);
#1868 = VERTEX_POINT('',#1869);
#1869 = CARTESIAN_POINT('',(17.38,-7.22,1.8));
#1870 = VERTEX_POINT('',#1871);
#1871 = CARTESIAN_POINT('',(17.38,-8.02,1.8));
#1872 = LINE('',#1873,#1874);
#1873 = CARTESIAN_POINT('',(17.38,-7.22,1.8));
#1874 = VECTOR('',#1875,1.);
#1875 = DIRECTION('',(0.,-1.,0.));
#1876 = ORIENTED_EDGE('',*,*,#1877,.F.);
#1877 = EDGE_CURVE('',#1878,#1868,#1880,.T.);
#1878 = VERTEX_POINT('',#1879);
#1879 = CARTESIAN_POINT('',(18.18,-7.22,1.8));
#1880 = LINE('',#1881,#1882);
#1881 = CARTESIAN_POINT('',(18.18,-7.22,1.8));
#1882 = VECTOR('',#1883,1.);
#1883 = DIRECTION('',(-1.,2.22044604925E-15,0.));
#1884 = ORIENTED_EDGE('',*,*,#1885,.F.);
#1885 = EDGE_CURVE('',#1886,#1878,#1888,.T.);
#1886 = VERTEX_POINT('',#1887);
#1887 = CARTESIAN_POINT('',(18.18,-8.02,1.8));
#1888 = LINE('',#1889,#1890);
#1889 = CARTESIAN_POINT('',(18.18,-8.02,1.8));
#1890 = VECTOR('',#1891,1.);
#1891 = DIRECTION('',(0.,1.,0.));
#1892 = ORIENTED_EDGE('',*,*,#1893,.F.);
#1893 = EDGE_CURVE('',#1870,#1886,#1894,.T.);
#1894 = LINE('',#1895,#1896);
#1895 = CARTESIAN_POINT('',(17.38,-8.02,1.8));
#1896 = VECTOR('',#1897,1.);
#1897 = DIRECTION('',(1.,0.,0.));
#1898 = FACE_BOUND('',#1899,.T.);
#1899 = EDGE_LOOP('',(#1900,#1910,#1918,#1926));
#1900 = ORIENTED_EDGE('',*,*,#1901,.F.);
#1901 = EDGE_CURVE('',#1902,#1904,#1906,.T.);
#1902 = VERTEX_POINT('',#1903);
#1903 = CARTESIAN_POINT('',(-15.64,8.02,1.8));
#1904 = VERTEX_POINT('',#1905);
#1905 = CARTESIAN_POINT('',(-15.64,7.22,1.8));
#1906 = LINE('',#1907,#1908);
#1907 = CARTESIAN_POINT('',(-15.64,8.02,1.8));
#1908 = VECTOR('',#1909,1.);
#1909 = DIRECTION('',(-4.440892098501E-15,-1.,0.));
#1910 = ORIENTED_EDGE('',*,*,#1911,.F.);
#1911 = EDGE_CURVE('',#1912,#1902,#1914,.T.);
#1912 = VERTEX_POINT('',#1913);
#1913 = CARTESIAN_POINT('',(-14.84,8.02,1.8));
#1914 = LINE('',#1915,#1916);
#1915 = CARTESIAN_POINT('',(-14.84,8.02,1.8));
#1916 = VECTOR('',#1917,1.);
#1917 = DIRECTION('',(-1.,0.,0.));
#1918 = ORIENTED_EDGE('',*,*,#1919,.F.);
#1919 = EDGE_CURVE('',#1920,#1912,#1922,.T.);
#1920 = VERTEX_POINT('',#1921);
#1921 = CARTESIAN_POINT('',(-14.84,7.22,1.8));
#1922 = LINE('',#1923,#1924);
#1923 = CARTESIAN_POINT('',(-14.84,7.22,1.8));
#1924 = VECTOR('',#1925,1.);
#1925 = DIRECTION('',(4.440892098501E-15,1.,0.));
#1926 = ORIENTED_EDGE('',*,*,#1927,.F.);
#1927 = EDGE_CURVE('',#1904,#1920,#1928,.T.);
#1928 = LINE('',#1929,#1930);
#1929 = CARTESIAN_POINT('',(-15.64,7.22,1.8));
#1930 = VECTOR('',#1931,1.);
#1931 = DIRECTION('',(1.,0.,0.));
#1932 = FACE_BOUND('',#1933,.T.);
#1933 = EDGE_LOOP('',(#1934,#1944,#1952,#1960));
#1934 = ORIENTED_EDGE('',*,*,#1935,.F.);
#1935 = EDGE_CURVE('',#1936,#1938,#1940,.T.);
#1936 = VERTEX_POINT('',#1937);
#1937 = CARTESIAN_POINT('',(-13.1,8.02,1.8));
#1938 = VERTEX_POINT('',#1939);
#1939 = CARTESIAN_POINT('',(-13.1,7.22,1.8));
#1940 = LINE('',#1941,#1942);
#1941 = CARTESIAN_POINT('',(-13.1,8.02,1.8));
#1942 = VECTOR('',#1943,1.);
#1943 = DIRECTION('',(-4.440892098501E-15,-1.,0.));
#1944 = ORIENTED_EDGE('',*,*,#1945,.F.);
#1945 = EDGE_CURVE('',#1946,#1936,#1948,.T.);
#1946 = VERTEX_POINT('',#1947);
#1947 = CARTESIAN_POINT('',(-12.3,8.02,1.8));
#1948 = LINE('',#1949,#1950);
#1949 = CARTESIAN_POINT('',(-12.3,8.02,1.8));
#1950 = VECTOR('',#1951,1.);
#1951 = DIRECTION('',(-1.,0.,0.));
#1952 = ORIENTED_EDGE('',*,*,#1953,.F.);
#1953 = EDGE_CURVE('',#1954,#1946,#1956,.T.);
#1954 = VERTEX_POINT('',#1955);
#1955 = CARTESIAN_POINT('',(-12.3,7.22,1.8));
#1956 = LINE('',#1957,#1958);
#1957 = CARTESIAN_POINT('',(-12.3,7.22,1.8));
#1958 = VECTOR('',#1959,1.);
#1959 = DIRECTION('',(4.440892098501E-15,1.,0.));
#1960 = ORIENTED_EDGE('',*,*,#1961,.F.);
#1961 = EDGE_CURVE('',#1938,#1954,#1962,.T.);
#1962 = LINE('',#1963,#1964);
#1963 = CARTESIAN_POINT('',(-13.1,7.22,1.8));
#1964 = VECTOR('',#1965,1.);
#1965 = DIRECTION('',(1.,0.,0.));
#1966 = FACE_BOUND('',#1967,.T.);
#1967 = EDGE_LOOP('',(#1968,#1978,#1986,#1994));
#1968 = ORIENTED_EDGE('',*,*,#1969,.F.);
#1969 = EDGE_CURVE('',#1970,#1972,#1974,.T.);
#1970 = VERTEX_POINT('',#1971);
#1971 = CARTESIAN_POINT('',(-10.56,8.02,1.8));
#1972 = VERTEX_POINT('',#1973);
#1973 = CARTESIAN_POINT('',(-10.56,7.22,1.8));
#1974 = LINE('',#1975,#1976);
#1975 = CARTESIAN_POINT('',(-10.56,8.02,1.8));
#1976 = VECTOR('',#1977,1.);
#1977 = DIRECTION('',(-4.440892098501E-15,-1.,0.));
#1978 = ORIENTED_EDGE('',*,*,#1979,.F.);
#1979 = EDGE_CURVE('',#1980,#1970,#1982,.T.);
#1980 = VERTEX_POINT('',#1981);
#1981 = CARTESIAN_POINT('',(-9.76,8.02,1.8));
#1982 = LINE('',#1983,#1984);
#1983 = CARTESIAN_POINT('',(-9.76,8.02,1.8));
#1984 = VECTOR('',#1985,1.);
#1985 = DIRECTION('',(-1.,0.,0.));
#1986 = ORIENTED_EDGE('',*,*,#1987,.F.);
#1987 = EDGE_CURVE('',#1988,#1980,#1990,.T.);
#1988 = VERTEX_POINT('',#1989);
#1989 = CARTESIAN_POINT('',(-9.76,7.22,1.8));
#1990 = LINE('',#1991,#1992);
#1991 = CARTESIAN_POINT('',(-9.76,7.22,1.8));
#1992 = VECTOR('',#1993,1.);
#1993 = DIRECTION('',(4.440892098501E-15,1.,0.));
#1994 = ORIENTED_EDGE('',*,*,#1995,.F.);
#1995 = EDGE_CURVE('',#1972,#1988,#1996,.T.);
#1996 = LINE('',#1997,#1998);
#1997 = CARTESIAN_POINT('',(-10.56,7.22,1.8));
#1998 = VECTOR('',#1999,1.);
#1999 = DIRECTION('',(1.,0.,0.));
#2000 = FACE_BOUND('',#2001,.T.);
#2001 = EDGE_LOOP('',(#2002,#2012,#2020,#2028));
#2002 = ORIENTED_EDGE('',*,*,#2003,.F.);
#2003 = EDGE_CURVE('',#2004,#2006,#2008,.T.);
#2004 = VERTEX_POINT('',#2005);
#2005 = CARTESIAN_POINT('',(-8.02,8.02,1.8));
#2006 = VERTEX_POINT('',#2007);
#2007 = CARTESIAN_POINT('',(-8.02,7.22,1.8));
#2008 = LINE('',#2009,#2010);
#2009 = CARTESIAN_POINT('',(-8.02,8.02,1.8));
#2010 = VECTOR('',#2011,1.);
#2011 = DIRECTION('',(-4.440892098501E-15,-1.,0.));
#2012 = ORIENTED_EDGE('',*,*,#2013,.F.);
#2013 = EDGE_CURVE('',#2014,#2004,#2016,.T.);
#2014 = VERTEX_POINT('',#2015);
#2015 = CARTESIAN_POINT('',(-7.22,8.02,1.8));
#2016 = LINE('',#2017,#2018);
#2017 = CARTESIAN_POINT('',(-7.22,8.02,1.8));
#2018 = VECTOR('',#2019,1.);
#2019 = DIRECTION('',(-1.,4.440892098501E-15,0.));
#2020 = ORIENTED_EDGE('',*,*,#2021,.F.);
#2021 = EDGE_CURVE('',#2022,#2014,#2024,.T.);
#2022 = VERTEX_POINT('',#2023);
#2023 = CARTESIAN_POINT('',(-7.22,7.22,1.8));
#2024 = LINE('',#2025,#2026);
#2025 = CARTESIAN_POINT('',(-7.22,7.22,1.8));
#2026 = VECTOR('',#2027,1.);
#2027 = DIRECTION('',(-1.110223024625E-15,1.,0.));
#2028 = ORIENTED_EDGE('',*,*,#2029,.F.);
#2029 = EDGE_CURVE('',#2006,#2022,#2030,.T.);
#2030 = LINE('',#2031,#2032);
#2031 = CARTESIAN_POINT('',(-8.02,7.22,1.8));
#2032 = VECTOR('',#2033,1.);
#2033 = DIRECTION('',(1.,1.110223024625E-15,0.));
#2034 = FACE_BOUND('',#2035,.T.);
#2035 = EDGE_LOOP('',(#2036,#2046,#2054,#2062));
#2036 = ORIENTED_EDGE('',*,*,#2037,.F.);
#2037 = EDGE_CURVE('',#2038,#2040,#2042,.T.);
#2038 = VERTEX_POINT('',#2039);
#2039 = CARTESIAN_POINT('',(-5.48,8.02,1.8));
#2040 = VERTEX_POINT('',#2041);
#2041 = CARTESIAN_POINT('',(-5.48,7.22,1.8));
#2042 = LINE('',#2043,#2044);
#2043 = CARTESIAN_POINT('',(-5.48,8.02,1.8));
#2044 = VECTOR('',#2045,1.);
#2045 = DIRECTION('',(1.110223024625E-15,-1.,0.));
#2046 = ORIENTED_EDGE('',*,*,#2047,.F.);
#2047 = EDGE_CURVE('',#2048,#2038,#2050,.T.);
#2048 = VERTEX_POINT('',#2049);
#2049 = CARTESIAN_POINT('',(-4.68,8.02,1.8));
#2050 = LINE('',#2051,#2052);
#2051 = CARTESIAN_POINT('',(-4.68,8.02,1.8));
#2052 = VECTOR('',#2053,1.);
#2053 = DIRECTION('',(-1.,0.,0.));
#2054 = ORIENTED_EDGE('',*,*,#2055,.F.);
#2055 = EDGE_CURVE('',#2056,#2048,#2058,.T.);
#2056 = VERTEX_POINT('',#2057);
#2057 = CARTESIAN_POINT('',(-4.68,7.22,1.8));
#2058 = LINE('',#2059,#2060);
#2059 = CARTESIAN_POINT('',(-4.68,7.22,1.8));
#2060 = VECTOR('',#2061,1.);
#2061 = DIRECTION('',(-1.110223024625E-15,1.,0.));
#2062 = ORIENTED_EDGE('',*,*,#2063,.F.);
#2063 = EDGE_CURVE('',#2040,#2056,#2064,.T.);
#2064 = LINE('',#2065,#2066);
#2065 = CARTESIAN_POINT('',(-5.48,7.22,1.8));
#2066 = VECTOR('',#2067,1.);
#2067 = DIRECTION('',(1.,0.,0.));
#2068 = FACE_BOUND('',#2069,.T.);
#2069 = EDGE_LOOP('',(#2070,#2080,#2088,#2096));
#2070 = ORIENTED_EDGE('',*,*,#2071,.F.);
#2071 = EDGE_CURVE('',#2072,#2074,#2076,.T.);
#2072 = VERTEX_POINT('',#2073);
#2073 = CARTESIAN_POINT('',(-2.94,8.02,1.8));
#2074 = VERTEX_POINT('',#2075);
#2075 = CARTESIAN_POINT('',(-2.94,7.22,1.8));
#2076 = LINE('',#2077,#2078);
#2077 = CARTESIAN_POINT('',(-2.94,8.02,1.8));
#2078 = VECTOR('',#2079,1.);
#2079 = DIRECTION('',(0.,-1.,0.));
#2080 = ORIENTED_EDGE('',*,*,#2081,.F.);
#2081 = EDGE_CURVE('',#2082,#2072,#2084,.T.);
#2082 = VERTEX_POINT('',#2083);
#2083 = CARTESIAN_POINT('',(-2.14,8.02,1.8));
#2084 = LINE('',#2085,#2086);
#2085 = CARTESIAN_POINT('',(-2.14,8.02,1.8));
#2086 = VECTOR('',#2087,1.);
#2087 = DIRECTION('',(-1.,0.,0.));
#2088 = ORIENTED_EDGE('',*,*,#2089,.F.);
#2089 = EDGE_CURVE('',#2090,#2082,#2092,.T.);
#2090 = VERTEX_POINT('',#2091);
#2091 = CARTESIAN_POINT('',(-2.14,7.22,1.8));
#2092 = LINE('',#2093,#2094);
#2093 = CARTESIAN_POINT('',(-2.14,7.22,1.8));
#2094 = VECTOR('',#2095,1.);
#2095 = DIRECTION('',(0.,1.,0.));
#2096 = ORIENTED_EDGE('',*,*,#2097,.F.);
#2097 = EDGE_CURVE('',#2074,#2090,#2098,.T.);
#2098 = LINE('',#2099,#2100);
#2099 = CARTESIAN_POINT('',(-2.94,7.22,1.8));
#2100 = VECTOR('',#2101,1.);
#2101 = DIRECTION('',(1.,0.,0.));
#2102 = FACE_BOUND('',#2103,.T.);
#2103 = EDGE_LOOP('',(#2104,#2114,#2122,#2130));
#2104 = ORIENTED_EDGE('',*,*,#2105,.F.);
#2105 = EDGE_CURVE('',#2106,#2108,#2110,.T.);
#2106 = VERTEX_POINT('',#2107);
#2107 = CARTESIAN_POINT('',(-0.4,8.02,1.8));
#2108 = VERTEX_POINT('',#2109);
#2109 = CARTESIAN_POINT('',(-0.4,7.22,1.8));
#2110 = LINE('',#2111,#2112);
#2111 = CARTESIAN_POINT('',(-0.4,8.02,1.8));
#2112 = VECTOR('',#2113,1.);
#2113 = DIRECTION('',(-1.387778780781E-16,-1.,0.));
#2114 = ORIENTED_EDGE('',*,*,#2115,.F.);
#2115 = EDGE_CURVE('',#2116,#2106,#2118,.T.);
#2116 = VERTEX_POINT('',#2117);
#2117 = CARTESIAN_POINT('',(0.4,8.02,1.8));
#2118 = LINE('',#2119,#2120);
#2119 = CARTESIAN_POINT('',(0.4,8.02,1.8));
#2120 = VECTOR('',#2121,1.);
#2121 = DIRECTION('',(-1.,0.,0.));
#2122 = ORIENTED_EDGE('',*,*,#2123,.F.);
#2123 = EDGE_CURVE('',#2124,#2116,#2126,.T.);
#2124 = VERTEX_POINT('',#2125);
#2125 = CARTESIAN_POINT('',(0.4,7.22,1.8));
#2126 = LINE('',#2127,#2128);
#2127 = CARTESIAN_POINT('',(0.4,7.22,1.8));
#2128 = VECTOR('',#2129,1.);
#2129 = DIRECTION('',(1.387778780781E-16,1.,0.));
#2130 = ORIENTED_EDGE('',*,*,#2131,.F.);
#2131 = EDGE_CURVE('',#2108,#2124,#2132,.T.);
#2132 = LINE('',#2133,#2134);
#2133 = CARTESIAN_POINT('',(-0.4,7.22,1.8));
#2134 = VECTOR('',#2135,1.);
#2135 = DIRECTION('',(1.,0.,0.));
#2136 = FACE_BOUND('',#2137,.T.);
#2137 = EDGE_LOOP('',(#2138,#2148,#2156,#2164));
#2138 = ORIENTED_EDGE('',*,*,#2139,.F.);
#2139 = EDGE_CURVE('',#2140,#2142,#2144,.T.);
#2140 = VERTEX_POINT('',#2141);
#2141 = CARTESIAN_POINT('',(2.14,8.02,1.8));
#2142 = VERTEX_POINT('',#2143);
#2143 = CARTESIAN_POINT('',(2.14,7.22,1.8));
#2144 = LINE('',#2145,#2146);
#2145 = CARTESIAN_POINT('',(2.14,8.02,1.8));
#2146 = VECTOR('',#2147,1.);
#2147 = DIRECTION('',(0.,-1.,0.));
#2148 = ORIENTED_EDGE('',*,*,#2149,.F.);
#2149 = EDGE_CURVE('',#2150,#2140,#2152,.T.);
#2150 = VERTEX_POINT('',#2151);
#2151 = CARTESIAN_POINT('',(2.94,8.02,1.8));
#2152 = LINE('',#2153,#2154);
#2153 = CARTESIAN_POINT('',(2.94,8.02,1.8));
#2154 = VECTOR('',#2155,1.);
#2155 = DIRECTION('',(-1.,0.,0.));
#2156 = ORIENTED_EDGE('',*,*,#2157,.F.);
#2157 = EDGE_CURVE('',#2158,#2150,#2160,.T.);
#2158 = VERTEX_POINT('',#2159);
#2159 = CARTESIAN_POINT('',(2.94,7.22,1.8));
#2160 = LINE('',#2161,#2162);
#2161 = CARTESIAN_POINT('',(2.94,7.22,1.8));
#2162 = VECTOR('',#2163,1.);
#2163 = DIRECTION('',(0.,1.,0.));
#2164 = ORIENTED_EDGE('',*,*,#2165,.F.);
#2165 = EDGE_CURVE('',#2142,#2158,#2166,.T.);
#2166 = LINE('',#2167,#2168);
#2167 = CARTESIAN_POINT('',(2.14,7.22,1.8));
#2168 = VECTOR('',#2169,1.);
#2169 = DIRECTION('',(1.,0.,0.));
#2170 = FACE_BOUND('',#2171,.T.);
#2171 = EDGE_LOOP('',(#2172,#2182,#2190,#2198));
#2172 = ORIENTED_EDGE('',*,*,#2173,.F.);
#2173 = EDGE_CURVE('',#2174,#2176,#2178,.T.);
#2174 = VERTEX_POINT('',#2175);
#2175 = CARTESIAN_POINT('',(4.68,8.02,1.8));
#2176 = VERTEX_POINT('',#2177);
#2177 = CARTESIAN_POINT('',(4.68,7.22,1.8));
#2178 = LINE('',#2179,#2180);
#2179 = CARTESIAN_POINT('',(4.68,8.02,1.8));
#2180 = VECTOR('',#2181,1.);
#2181 = DIRECTION('',(1.110223024625E-15,-1.,0.));
#2182 = ORIENTED_EDGE('',*,*,#2183,.F.);
#2183 = EDGE_CURVE('',#2184,#2174,#2186,.T.);
#2184 = VERTEX_POINT('',#2185);
#2185 = CARTESIAN_POINT('',(5.48,8.02,1.8));
#2186 = LINE('',#2187,#2188);
#2187 = CARTESIAN_POINT('',(5.48,8.02,1.8));
#2188 = VECTOR('',#2189,1.);
#2189 = DIRECTION('',(-1.,0.,0.));
#2190 = ORIENTED_EDGE('',*,*,#2191,.F.);
#2191 = EDGE_CURVE('',#2192,#2184,#2194,.T.);
#2192 = VERTEX_POINT('',#2193);
#2193 = CARTESIAN_POINT('',(5.48,7.22,1.8));
#2194 = LINE('',#2195,#2196);
#2195 = CARTESIAN_POINT('',(5.48,7.22,1.8));
#2196 = VECTOR('',#2197,1.);
#2197 = DIRECTION('',(-1.110223024625E-15,1.,0.));
#2198 = ORIENTED_EDGE('',*,*,#2199,.F.);
#2199 = EDGE_CURVE('',#2176,#2192,#2200,.T.);
#2200 = LINE('',#2201,#2202);
#2201 = CARTESIAN_POINT('',(4.68,7.22,1.8));
#2202 = VECTOR('',#2203,1.);
#2203 = DIRECTION('',(1.,0.,0.));
#2204 = FACE_BOUND('',#2205,.T.);
#2205 = EDGE_LOOP('',(#2206,#2216,#2224,#2232));
#2206 = ORIENTED_EDGE('',*,*,#2207,.F.);
#2207 = EDGE_CURVE('',#2208,#2210,#2212,.T.);
#2208 = VERTEX_POINT('',#2209);
#2209 = CARTESIAN_POINT('',(7.22,8.02,1.8));
#2210 = VERTEX_POINT('',#2211);
#2211 = CARTESIAN_POINT('',(7.22,7.22,1.8));
#2212 = LINE('',#2213,#2214);
#2213 = CARTESIAN_POINT('',(7.22,8.02,1.8));
#2214 = VECTOR('',#2215,1.);
#2215 = DIRECTION('',(1.110223024625E-15,-1.,0.));
#2216 = ORIENTED_EDGE('',*,*,#2217,.F.);
#2217 = EDGE_CURVE('',#2218,#2208,#2220,.T.);
#2218 = VERTEX_POINT('',#2219);
#2219 = CARTESIAN_POINT('',(8.02,8.02,1.8));
#2220 = LINE('',#2221,#2222);
#2221 = CARTESIAN_POINT('',(8.02,8.02,1.8));
#2222 = VECTOR('',#2223,1.);
#2223 = DIRECTION('',(-1.,4.440892098501E-15,0.));
#2224 = ORIENTED_EDGE('',*,*,#2225,.F.);
#2225 = EDGE_CURVE('',#2226,#2218,#2228,.T.);
#2226 = VERTEX_POINT('',#2227);
#2227 = CARTESIAN_POINT('',(8.02,7.22,1.8));
#2228 = LINE('',#2229,#2230);
#2229 = CARTESIAN_POINT('',(8.02,7.22,1.8));
#2230 = VECTOR('',#2231,1.);
#2231 = DIRECTION('',(4.440892098501E-15,1.,0.));
#2232 = ORIENTED_EDGE('',*,*,#2233,.F.);
#2233 = EDGE_CURVE('',#2210,#2226,#2234,.T.);
#2234 = LINE('',#2235,#2236);
#2235 = CARTESIAN_POINT('',(7.22,7.22,1.8));
#2236 = VECTOR('',#2237,1.);
#2237 = DIRECTION('',(1.,1.110223024625E-15,0.));
#2238 = FACE_BOUND('',#2239,.T.);
#2239 = EDGE_LOOP('',(#2240,#2250,#2258,#2266));
#2240 = ORIENTED_EDGE('',*,*,#2241,.F.);
#2241 = EDGE_CURVE('',#2242,#2244,#2246,.T.);
#2242 = VERTEX_POINT('',#2243);
#2243 = CARTESIAN_POINT('',(9.76,8.02,1.8));
#2244 = VERTEX_POINT('',#2245);
#2245 = CARTESIAN_POINT('',(9.76,7.22,1.8));
#2246 = LINE('',#2247,#2248);
#2247 = CARTESIAN_POINT('',(9.76,8.02,1.8));
#2248 = VECTOR('',#2249,1.);
#2249 = DIRECTION('',(-4.440892098501E-15,-1.,0.));
#2250 = ORIENTED_EDGE('',*,*,#2251,.F.);
#2251 = EDGE_CURVE('',#2252,#2242,#2254,.T.);
#2252 = VERTEX_POINT('',#2253);
#2253 = CARTESIAN_POINT('',(10.56,8.02,1.8));
#2254 = LINE('',#2255,#2256);
#2255 = CARTESIAN_POINT('',(10.56,8.02,1.8));
#2256 = VECTOR('',#2257,1.);
#2257 = DIRECTION('',(-1.,0.,0.));
#2258 = ORIENTED_EDGE('',*,*,#2259,.F.);
#2259 = EDGE_CURVE('',#2260,#2252,#2262,.T.);
#2260 = VERTEX_POINT('',#2261);
#2261 = CARTESIAN_POINT('',(10.56,7.22,1.8));
#2262 = LINE('',#2263,#2264);
#2263 = CARTESIAN_POINT('',(10.56,7.22,1.8));
#2264 = VECTOR('',#2265,1.);
#2265 = DIRECTION('',(4.440892098501E-15,1.,0.));
#2266 = ORIENTED_EDGE('',*,*,#2267,.F.);
#2267 = EDGE_CURVE('',#2244,#2260,#2268,.T.);
#2268 = LINE('',#2269,#2270);
#2269 = CARTESIAN_POINT('',(9.76,7.22,1.8));
#2270 = VECTOR('',#2271,1.);
#2271 = DIRECTION('',(1.,0.,0.));
#2272 = FACE_BOUND('',#2273,.T.);
#2273 = EDGE_LOOP('',(#2274,#2284,#2292,#2300));
#2274 = ORIENTED_EDGE('',*,*,#2275,.F.);
#2275 = EDGE_CURVE('',#2276,#2278,#2280,.T.);
#2276 = VERTEX_POINT('',#2277);
#2277 = CARTESIAN_POINT('',(12.3,8.02,1.8));
#2278 = VERTEX_POINT('',#2279);
#2279 = CARTESIAN_POINT('',(12.3,7.22,1.8));
#2280 = LINE('',#2281,#2282);
#2281 = CARTESIAN_POINT('',(12.3,8.02,1.8));
#2282 = VECTOR('',#2283,1.);
#2283 = DIRECTION('',(-4.440892098501E-15,-1.,0.));
#2284 = ORIENTED_EDGE('',*,*,#2285,.F.);
#2285 = EDGE_CURVE('',#2286,#2276,#2288,.T.);
#2286 = VERTEX_POINT('',#2287);
#2287 = CARTESIAN_POINT('',(13.1,8.02,1.8));
#2288 = LINE('',#2289,#2290);
#2289 = CARTESIAN_POINT('',(13.1,8.02,1.8));
#2290 = VECTOR('',#2291,1.);
#2291 = DIRECTION('',(-1.,0.,0.));
#2292 = ORIENTED_EDGE('',*,*,#2293,.F.);
#2293 = EDGE_CURVE('',#2294,#2286,#2296,.T.);
#2294 = VERTEX_POINT('',#2295);
#2295 = CARTESIAN_POINT('',(13.1,7.22,1.8));
#2296 = LINE('',#2297,#2298);
#2297 = CARTESIAN_POINT('',(13.1,7.22,1.8));
#2298 = VECTOR('',#2299,1.);
#2299 = DIRECTION('',(4.440892098501E-15,1.,0.));
#2300 = ORIENTED_EDGE('',*,*,#2301,.F.);
#2301 = EDGE_CURVE('',#2278,#2294,#2302,.T.);
#2302 = LINE('',#2303,#2304);
#2303 = CARTESIAN_POINT('',(12.3,7.22,1.8));
#2304 = VECTOR('',#2305,1.);
#2305 = DIRECTION('',(1.,0.,0.));
#2306 = FACE_BOUND('',#2307,.T.);
#2307 = EDGE_LOOP('',(#2308,#2318,#2326,#2334));
#2308 = ORIENTED_EDGE('',*,*,#2309,.F.);
#2309 = EDGE_CURVE('',#2310,#2312,#2314,.T.);
#2310 = VERTEX_POINT('',#2311);
#2311 = CARTESIAN_POINT('',(14.84,8.02,1.8));
#2312 = VERTEX_POINT('',#2313);
#2313 = CARTESIAN_POINT('',(14.84,7.22,1.8));
#2314 = LINE('',#2315,#2316);
#2315 = CARTESIAN_POINT('',(14.84,8.02,1.8));
#2316 = VECTOR('',#2317,1.);
#2317 = DIRECTION('',(-4.440892098501E-15,-1.,0.));
#2318 = ORIENTED_EDGE('',*,*,#2319,.F.);
#2319 = EDGE_CURVE('',#2320,#2310,#2322,.T.);
#2320 = VERTEX_POINT('',#2321);
#2321 = CARTESIAN_POINT('',(15.64,8.02,1.8));
#2322 = LINE('',#2323,#2324);
#2323 = CARTESIAN_POINT('',(15.64,8.02,1.8));
#2324 = VECTOR('',#2325,1.);
#2325 = DIRECTION('',(-1.,-2.22044604925E-15,0.));
#2326 = ORIENTED_EDGE('',*,*,#2327,.F.);
#2327 = EDGE_CURVE('',#2328,#2320,#2330,.T.);
#2328 = VERTEX_POINT('',#2329);
#2329 = CARTESIAN_POINT('',(15.64,7.22,1.8));
#2330 = LINE('',#2331,#2332);
#2331 = CARTESIAN_POINT('',(15.64,7.22,1.8));
#2332 = VECTOR('',#2333,1.);
#2333 = DIRECTION('',(4.440892098501E-15,1.,0.));
#2334 = ORIENTED_EDGE('',*,*,#2335,.F.);
#2335 = EDGE_CURVE('',#2312,#2328,#2336,.T.);
#2336 = LINE('',#2337,#2338);
#2337 = CARTESIAN_POINT('',(14.84,7.22,1.8));
#2338 = VECTOR('',#2339,1.);
#2339 = DIRECTION('',(1.,0.,0.));
#2340 = FACE_BOUND('',#2341,.T.);
#2341 = EDGE_LOOP('',(#2342,#2352,#2360,#2368));
#2342 = ORIENTED_EDGE('',*,*,#2343,.F.);
#2343 = EDGE_CURVE('',#2344,#2346,#2348,.T.);
#2344 = VERTEX_POINT('',#2345);
#2345 = CARTESIAN_POINT('',(17.38,8.02,1.8));
#2346 = VERTEX_POINT('',#2347);
#2347 = CARTESIAN_POINT('',(17.38,7.22,1.8));
#2348 = LINE('',#2349,#2350);
#2349 = CARTESIAN_POINT('',(17.38,8.02,1.8));
#2350 = VECTOR('',#2351,1.);
#2351 = DIRECTION('',(0.,-1.,0.));
#2352 = ORIENTED_EDGE('',*,*,#2353,.F.);
#2353 = EDGE_CURVE('',#2354,#2344,#2356,.T.);
#2354 = VERTEX_POINT('',#2355);
#2355 = CARTESIAN_POINT('',(18.18,8.02,1.8));
#2356 = LINE('',#2357,#2358);
#2357 = CARTESIAN_POINT('',(18.18,8.02,1.8));
#2358 = VECTOR('',#2359,1.);
#2359 = DIRECTION('',(-1.,0.,0.));
#2360 = ORIENTED_EDGE('',*,*,#2361,.F.);
#2361 = EDGE_CURVE('',#2362,#2354,#2364,.T.);
#2362 = VERTEX_POINT('',#2363);
#2363 = CARTESIAN_POINT('',(18.18,7.22,1.8));
#2364 = LINE('',#2365,#2366);
#2365 = CARTESIAN_POINT('',(18.18,7.22,1.8));
#2366 = VECTOR('',#2367,1.);
#2367 = DIRECTION('',(0.,1.,0.));
#2368 = ORIENTED_EDGE('',*,*,#2369,.F.);
#2369 = EDGE_CURVE('',#2346,#2362,#2370,.T.);
#2370 = LINE('',#2371,#2372);
#2371 = CARTESIAN_POINT('',(17.38,7.22,1.8));
#2372 = VECTOR('',#2373,1.);
#2373 = DIRECTION('',(1.,-2.22044604925E-15,0.));
#2374 = PLANE('',#2375);
#2375 = AXIS2_PLACEMENT_3D('',#2376,#2377,#2378);
#2376 = CARTESIAN_POINT('',(0.,0.,1.8));
#2377 = DIRECTION('',(0.,0.,1.));
#2378 = DIRECTION('',(-1.,1.224646799147E-16,0.));
#2379 = ADVANCED_FACE('',(#2380),#2396,.F.);
#2380 = FACE_BOUND('',#2381,.T.);
#2381 = EDGE_LOOP('',(#2382,#2383,#2389,#2390));
#2382 = ORIENTED_EDGE('',*,*,#2353,.T.);
#2383 = ORIENTED_EDGE('',*,*,#2384,.F.);
#2384 = EDGE_CURVE('',#1240,#2344,#2385,.T.);
#2385 = LINE('',#2386,#2387);
#2386 = CARTESIAN_POINT('',(17.38,8.02,0.));
#2387 = VECTOR('',#2388,1.);
#2388 = DIRECTION('',(0.,0.,1.));
#2389 = ORIENTED_EDGE('',*,*,#1265,.F.);
#2390 = ORIENTED_EDGE('',*,*,#2391,.T.);
#2391 = EDGE_CURVE('',#1258,#2354,#2392,.T.);
#2392 = LINE('',#2393,#2394);
#2393 = CARTESIAN_POINT('',(18.18,8.02,0.));
#2394 = VECTOR('',#2395,1.);
#2395 = DIRECTION('',(0.,0.,1.));
#2396 = PLANE('',#2397);
#2397 = AXIS2_PLACEMENT_3D('',#2398,#2399,#2400);
#2398 = CARTESIAN_POINT('',(18.18,8.02,-8.2));
#2399 = DIRECTION('',(0.,1.,0.));
#2400 = DIRECTION('',(-1.,0.,0.));
#2401 = ADVANCED_FACE('',(#2402),#2413,.F.);
#2402 = FACE_BOUND('',#2403,.T.);
#2403 = EDGE_LOOP('',(#2404,#2405,#2406,#2407));
#2404 = ORIENTED_EDGE('',*,*,#2361,.T.);
#2405 = ORIENTED_EDGE('',*,*,#2391,.F.);
#2406 = ORIENTED_EDGE('',*,*,#1257,.F.);
#2407 = ORIENTED_EDGE('',*,*,#2408,.T.);
#2408 = EDGE_CURVE('',#1250,#2362,#2409,.T.);
#2409 = LINE('',#2410,#2411);
#2410 = CARTESIAN_POINT('',(18.18,7.22,0.));
#2411 = VECTOR('',#2412,1.);
#2412 = DIRECTION('',(0.,0.,1.));
#2413 = PLANE('',#2414);
#2414 = AXIS2_PLACEMENT_3D('',#2415,#2416,#2417);
#2415 = CARTESIAN_POINT('',(18.18,7.22,-8.2));
#2416 = DIRECTION('',(1.,0.,0.));
#2417 = DIRECTION('',(-0.,1.,0.));
#2418 = ADVANCED_FACE('',(#2419),#2430,.F.);
#2419 = FACE_BOUND('',#2420,.T.);
#2420 = EDGE_LOOP('',(#2421,#2422,#2423,#2424));
#2421 = ORIENTED_EDGE('',*,*,#2369,.T.);
#2422 = ORIENTED_EDGE('',*,*,#2408,.F.);
#2423 = ORIENTED_EDGE('',*,*,#1249,.F.);
#2424 = ORIENTED_EDGE('',*,*,#2425,.T.);
#2425 = EDGE_CURVE('',#1242,#2346,#2426,.T.);
#2426 = LINE('',#2427,#2428);
#2427 = CARTESIAN_POINT('',(17.38,7.22,0.));
#2428 = VECTOR('',#2429,1.);
#2429 = DIRECTION('',(0.,0.,1.));
#2430 = PLANE('',#2431);
#2431 = AXIS2_PLACEMENT_3D('',#2432,#2433,#2434);
#2432 = CARTESIAN_POINT('',(17.38,7.22,-8.2));
#2433 = DIRECTION('',(-1.110223024625E-15,-1.,0.));
#2434 = DIRECTION('',(1.,-1.110223024625E-15,0.));
#2435 = ADVANCED_FACE('',(#2436),#2442,.F.);
#2436 = FACE_BOUND('',#2437,.T.);
#2437 = EDGE_LOOP('',(#2438,#2439,#2440,#2441));
#2438 = ORIENTED_EDGE('',*,*,#2343,.T.);
#2439 = ORIENTED_EDGE('',*,*,#2425,.F.);
#2440 = ORIENTED_EDGE('',*,*,#1239,.F.);
#2441 = ORIENTED_EDGE('',*,*,#2384,.T.);
#2442 = PLANE('',#2443);
#2443 = AXIS2_PLACEMENT_3D('',#2444,#2445,#2446);
#2444 = CARTESIAN_POINT('',(17.38,8.02,-8.2));
#2445 = DIRECTION('',(-1.,0.,0.));
#2446 = DIRECTION('',(0.,-1.,0.));
#2447 = ADVANCED_FACE('',(#2448),#2464,.F.);
#2448 = FACE_BOUND('',#2449,.T.);
#2449 = EDGE_LOOP('',(#2450,#2451,#2457,#2458));
#2450 = ORIENTED_EDGE('',*,*,#2319,.T.);
#2451 = ORIENTED_EDGE('',*,*,#2452,.F.);
#2452 = EDGE_CURVE('',#1206,#2310,#2453,.T.);
#2453 = LINE('',#2454,#2455);
#2454 = CARTESIAN_POINT('',(14.84,8.02,0.));
#2455 = VECTOR('',#2456,1.);
#2456 = DIRECTION('',(0.,0.,1.));
#2457 = ORIENTED_EDGE('',*,*,#1231,.F.);
#2458 = ORIENTED_EDGE('',*,*,#2459,.T.);
#2459 = EDGE_CURVE('',#1224,#2320,#2460,.T.);
#2460 = LINE('',#2461,#2462);
#2461 = CARTESIAN_POINT('',(15.64,8.02,0.));
#2462 = VECTOR('',#2463,1.);
#2463 = DIRECTION('',(0.,0.,1.));
#2464 = PLANE('',#2465);
#2465 = AXIS2_PLACEMENT_3D('',#2466,#2467,#2468);
#2466 = CARTESIAN_POINT('',(15.64,8.02,-8.2));
#2467 = DIRECTION('',(0.,1.,0.));
#2468 = DIRECTION('',(-1.,0.,0.));
#2469 = ADVANCED_FACE('',(#2470),#2481,.F.);
#2470 = FACE_BOUND('',#2471,.T.);
#2471 = EDGE_LOOP('',(#2472,#2473,#2474,#2475));
#2472 = ORIENTED_EDGE('',*,*,#2327,.T.);
#2473 = ORIENTED_EDGE('',*,*,#2459,.F.);
#2474 = ORIENTED_EDGE('',*,*,#1223,.F.);
#2475 = ORIENTED_EDGE('',*,*,#2476,.T.);
#2476 = EDGE_CURVE('',#1216,#2328,#2477,.T.);
#2477 = LINE('',#2478,#2479);
#2478 = CARTESIAN_POINT('',(15.64,7.22,0.));
#2479 = VECTOR('',#2480,1.);
#2480 = DIRECTION('',(0.,0.,1.));
#2481 = PLANE('',#2482);
#2482 = AXIS2_PLACEMENT_3D('',#2483,#2484,#2485);
#2483 = CARTESIAN_POINT('',(15.64,7.22,-8.2));
#2484 = DIRECTION('',(1.,-2.22044604925E-15,0.));
#2485 = DIRECTION('',(2.22044604925E-15,1.,0.));
#2486 = ADVANCED_FACE('',(#2487),#2498,.F.);
#2487 = FACE_BOUND('',#2488,.T.);
#2488 = EDGE_LOOP('',(#2489,#2490,#2491,#2492));
#2489 = ORIENTED_EDGE('',*,*,#2335,.T.);
#2490 = ORIENTED_EDGE('',*,*,#2476,.F.);
#2491 = ORIENTED_EDGE('',*,*,#1215,.F.);
#2492 = ORIENTED_EDGE('',*,*,#2493,.T.);
#2493 = EDGE_CURVE('',#1208,#2312,#2494,.T.);
#2494 = LINE('',#2495,#2496);
#2495 = CARTESIAN_POINT('',(14.84,7.22,0.));
#2496 = VECTOR('',#2497,1.);
#2497 = DIRECTION('',(0.,0.,1.));
#2498 = PLANE('',#2499);
#2499 = AXIS2_PLACEMENT_3D('',#2500,#2501,#2502);
#2500 = CARTESIAN_POINT('',(14.84,7.22,-8.2));
#2501 = DIRECTION('',(0.,-1.,0.));
#2502 = DIRECTION('',(1.,0.,0.));
#2503 = ADVANCED_FACE('',(#2504),#2510,.F.);
#2504 = FACE_BOUND('',#2505,.T.);
#2505 = EDGE_LOOP('',(#2506,#2507,#2508,#2509));
#2506 = ORIENTED_EDGE('',*,*,#2309,.T.);
#2507 = ORIENTED_EDGE('',*,*,#2493,.F.);
#2508 = ORIENTED_EDGE('',*,*,#1205,.F.);
#2509 = ORIENTED_EDGE('',*,*,#2452,.T.);
#2510 = PLANE('',#2511);
#2511 = AXIS2_PLACEMENT_3D('',#2512,#2513,#2514);
#2512 = CARTESIAN_POINT('',(14.84,8.02,-8.2));
#2513 = DIRECTION('',(-1.,2.22044604925E-15,0.));
#2514 = DIRECTION('',(-2.22044604925E-15,-1.,0.));
#2515 = ADVANCED_FACE('',(#2516),#2532,.F.);
#2516 = FACE_BOUND('',#2517,.T.);
#2517 = EDGE_LOOP('',(#2518,#2519,#2525,#2526));
#2518 = ORIENTED_EDGE('',*,*,#2285,.T.);
#2519 = ORIENTED_EDGE('',*,*,#2520,.F.);
#2520 = EDGE_CURVE('',#1172,#2276,#2521,.T.);
#2521 = LINE('',#2522,#2523);
#2522 = CARTESIAN_POINT('',(12.3,8.02,0.));
#2523 = VECTOR('',#2524,1.);
#2524 = DIRECTION('',(0.,0.,1.));
#2525 = ORIENTED_EDGE('',*,*,#1197,.F.);
#2526 = ORIENTED_EDGE('',*,*,#2527,.T.);
#2527 = EDGE_CURVE('',#1190,#2286,#2528,.T.);
#2528 = LINE('',#2529,#2530);
#2529 = CARTESIAN_POINT('',(13.1,8.02,0.));
#2530 = VECTOR('',#2531,1.);
#2531 = DIRECTION('',(0.,0.,1.));
#2532 = PLANE('',#2533);
#2533 = AXIS2_PLACEMENT_3D('',#2534,#2535,#2536);
#2534 = CARTESIAN_POINT('',(13.1,8.02,-8.2));
#2535 = DIRECTION('',(0.,1.,0.));
#2536 = DIRECTION('',(-1.,0.,0.));
#2537 = ADVANCED_FACE('',(#2538),#2549,.F.);
#2538 = FACE_BOUND('',#2539,.T.);
#2539 = EDGE_LOOP('',(#2540,#2541,#2542,#2543));
#2540 = ORIENTED_EDGE('',*,*,#2293,.T.);
#2541 = ORIENTED_EDGE('',*,*,#2527,.F.);
#2542 = ORIENTED_EDGE('',*,*,#1189,.F.);
#2543 = ORIENTED_EDGE('',*,*,#2544,.T.);
#2544 = EDGE_CURVE('',#1182,#2294,#2545,.T.);
#2545 = LINE('',#2546,#2547);
#2546 = CARTESIAN_POINT('',(13.1,7.22,0.));
#2547 = VECTOR('',#2548,1.);
#2548 = DIRECTION('',(0.,0.,1.));
#2549 = PLANE('',#2550);
#2550 = AXIS2_PLACEMENT_3D('',#2551,#2552,#2553);
#2551 = CARTESIAN_POINT('',(13.1,7.22,-8.2));
#2552 = DIRECTION('',(1.,-2.22044604925E-15,0.));
#2553 = DIRECTION('',(2.22044604925E-15,1.,0.));
#2554 = ADVANCED_FACE('',(#2555),#2566,.F.);
#2555 = FACE_BOUND('',#2556,.T.);
#2556 = EDGE_LOOP('',(#2557,#2558,#2559,#2560));
#2557 = ORIENTED_EDGE('',*,*,#2301,.T.);
#2558 = ORIENTED_EDGE('',*,*,#2544,.F.);
#2559 = ORIENTED_EDGE('',*,*,#1181,.F.);
#2560 = ORIENTED_EDGE('',*,*,#2561,.T.);
#2561 = EDGE_CURVE('',#1174,#2278,#2562,.T.);
#2562 = LINE('',#2563,#2564);
#2563 = CARTESIAN_POINT('',(12.3,7.22,0.));
#2564 = VECTOR('',#2565,1.);
#2565 = DIRECTION('',(0.,0.,1.));
#2566 = PLANE('',#2567);
#2567 = AXIS2_PLACEMENT_3D('',#2568,#2569,#2570);
#2568 = CARTESIAN_POINT('',(12.3,7.22,-8.2));
#2569 = DIRECTION('',(0.,-1.,0.));
#2570 = DIRECTION('',(1.,0.,0.));
#2571 = ADVANCED_FACE('',(#2572),#2578,.F.);
#2572 = FACE_BOUND('',#2573,.T.);
#2573 = EDGE_LOOP('',(#2574,#2575,#2576,#2577));
#2574 = ORIENTED_EDGE('',*,*,#2275,.T.);
#2575 = ORIENTED_EDGE('',*,*,#2561,.F.);
#2576 = ORIENTED_EDGE('',*,*,#1171,.F.);
#2577 = ORIENTED_EDGE('',*,*,#2520,.T.);
#2578 = PLANE('',#2579);
#2579 = AXIS2_PLACEMENT_3D('',#2580,#2581,#2582);
#2580 = CARTESIAN_POINT('',(12.3,8.02,-8.2));
#2581 = DIRECTION('',(-1.,2.22044604925E-15,0.));
#2582 = DIRECTION('',(-2.22044604925E-15,-1.,0.));
#2583 = ADVANCED_FACE('',(#2584),#2600,.F.);
#2584 = FACE_BOUND('',#2585,.T.);
#2585 = EDGE_LOOP('',(#2586,#2587,#2593,#2594));
#2586 = ORIENTED_EDGE('',*,*,#2251,.T.);
#2587 = ORIENTED_EDGE('',*,*,#2588,.F.);
#2588 = EDGE_CURVE('',#1138,#2242,#2589,.T.);
#2589 = LINE('',#2590,#2591);
#2590 = CARTESIAN_POINT('',(9.76,8.02,0.));
#2591 = VECTOR('',#2592,1.);
#2592 = DIRECTION('',(0.,0.,1.));
#2593 = ORIENTED_EDGE('',*,*,#1163,.F.);
#2594 = ORIENTED_EDGE('',*,*,#2595,.T.);
#2595 = EDGE_CURVE('',#1156,#2252,#2596,.T.);
#2596 = LINE('',#2597,#2598);
#2597 = CARTESIAN_POINT('',(10.56,8.02,0.));
#2598 = VECTOR('',#2599,1.);
#2599 = DIRECTION('',(0.,0.,1.));
#2600 = PLANE('',#2601);
#2601 = AXIS2_PLACEMENT_3D('',#2602,#2603,#2604);
#2602 = CARTESIAN_POINT('',(10.56,8.02,-8.2));
#2603 = DIRECTION('',(0.,1.,0.));
#2604 = DIRECTION('',(-1.,0.,0.));
#2605 = ADVANCED_FACE('',(#2606),#2617,.F.);
#2606 = FACE_BOUND('',#2607,.T.);
#2607 = EDGE_LOOP('',(#2608,#2609,#2610,#2611));
#2608 = ORIENTED_EDGE('',*,*,#2259,.T.);
#2609 = ORIENTED_EDGE('',*,*,#2595,.F.);
#2610 = ORIENTED_EDGE('',*,*,#1155,.F.);
#2611 = ORIENTED_EDGE('',*,*,#2612,.T.);
#2612 = EDGE_CURVE('',#1148,#2260,#2613,.T.);
#2613 = LINE('',#2614,#2615);
#2614 = CARTESIAN_POINT('',(10.56,7.22,0.));
#2615 = VECTOR('',#2616,1.);
#2616 = DIRECTION('',(0.,0.,1.));
#2617 = PLANE('',#2618);
#2618 = AXIS2_PLACEMENT_3D('',#2619,#2620,#2621);
#2619 = CARTESIAN_POINT('',(10.56,7.22,-8.2));
#2620 = DIRECTION('',(1.,-2.22044604925E-15,0.));
#2621 = DIRECTION('',(2.22044604925E-15,1.,0.));
#2622 = ADVANCED_FACE('',(#2623),#2634,.F.);
#2623 = FACE_BOUND('',#2624,.T.);
#2624 = EDGE_LOOP('',(#2625,#2626,#2627,#2628));
#2625 = ORIENTED_EDGE('',*,*,#2267,.T.);
#2626 = ORIENTED_EDGE('',*,*,#2612,.F.);
#2627 = ORIENTED_EDGE('',*,*,#1147,.F.);
#2628 = ORIENTED_EDGE('',*,*,#2629,.T.);
#2629 = EDGE_CURVE('',#1140,#2244,#2630,.T.);
#2630 = LINE('',#2631,#2632);
#2631 = CARTESIAN_POINT('',(9.76,7.22,0.));
#2632 = VECTOR('',#2633,1.);
#2633 = DIRECTION('',(0.,0.,1.));
#2634 = PLANE('',#2635);
#2635 = AXIS2_PLACEMENT_3D('',#2636,#2637,#2638);
#2636 = CARTESIAN_POINT('',(9.76,7.22,-8.2));
#2637 = DIRECTION('',(0.,-1.,0.));
#2638 = DIRECTION('',(1.,0.,0.));
#2639 = ADVANCED_FACE('',(#2640),#2646,.F.);
#2640 = FACE_BOUND('',#2641,.T.);
#2641 = EDGE_LOOP('',(#2642,#2643,#2644,#2645));
#2642 = ORIENTED_EDGE('',*,*,#2241,.T.);
#2643 = ORIENTED_EDGE('',*,*,#2629,.F.);
#2644 = ORIENTED_EDGE('',*,*,#1137,.F.);
#2645 = ORIENTED_EDGE('',*,*,#2588,.T.);
#2646 = PLANE('',#2647);
#2647 = AXIS2_PLACEMENT_3D('',#2648,#2649,#2650);
#2648 = CARTESIAN_POINT('',(9.76,8.02,-8.2));
#2649 = DIRECTION('',(-1.,2.22044604925E-15,0.));
#2650 = DIRECTION('',(-2.22044604925E-15,-1.,0.));
#2651 = ADVANCED_FACE('',(#2652),#2668,.F.);
#2652 = FACE_BOUND('',#2653,.T.);
#2653 = EDGE_LOOP('',(#2654,#2655,#2661,#2662));
#2654 = ORIENTED_EDGE('',*,*,#2217,.T.);
#2655 = ORIENTED_EDGE('',*,*,#2656,.F.);
#2656 = EDGE_CURVE('',#1104,#2208,#2657,.T.);
#2657 = LINE('',#2658,#2659);
#2658 = CARTESIAN_POINT('',(7.22,8.02,0.));
#2659 = VECTOR('',#2660,1.);
#2660 = DIRECTION('',(0.,0.,1.));
#2661 = ORIENTED_EDGE('',*,*,#1129,.F.);
#2662 = ORIENTED_EDGE('',*,*,#2663,.T.);
#2663 = EDGE_CURVE('',#1122,#2218,#2664,.T.);
#2664 = LINE('',#2665,#2666);
#2665 = CARTESIAN_POINT('',(8.02,8.02,0.));
#2666 = VECTOR('',#2667,1.);
#2667 = DIRECTION('',(0.,0.,1.));
#2668 = PLANE('',#2669);
#2669 = AXIS2_PLACEMENT_3D('',#2670,#2671,#2672);
#2670 = CARTESIAN_POINT('',(8.02,8.02,-8.2));
#2671 = DIRECTION('',(2.22044604925E-15,1.,0.));
#2672 = DIRECTION('',(-1.,2.22044604925E-15,0.));
#2673 = ADVANCED_FACE('',(#2674),#2685,.F.);
#2674 = FACE_BOUND('',#2675,.T.);
#2675 = EDGE_LOOP('',(#2676,#2677,#2678,#2679));
#2676 = ORIENTED_EDGE('',*,*,#2225,.T.);
#2677 = ORIENTED_EDGE('',*,*,#2663,.F.);
#2678 = ORIENTED_EDGE('',*,*,#1121,.F.);
#2679 = ORIENTED_EDGE('',*,*,#2680,.T.);
#2680 = EDGE_CURVE('',#1114,#2226,#2681,.T.);
#2681 = LINE('',#2682,#2683);
#2682 = CARTESIAN_POINT('',(8.02,7.22,0.));
#2683 = VECTOR('',#2684,1.);
#2684 = DIRECTION('',(0.,0.,1.));
#2685 = PLANE('',#2686);
#2686 = AXIS2_PLACEMENT_3D('',#2687,#2688,#2689);
#2687 = CARTESIAN_POINT('',(8.02,7.22,-8.2));
#2688 = DIRECTION('',(1.,-2.22044604925E-15,0.));
#2689 = DIRECTION('',(2.22044604925E-15,1.,0.));
#2690 = ADVANCED_FACE('',(#2691),#2702,.F.);
#2691 = FACE_BOUND('',#2692,.T.);
#2692 = EDGE_LOOP('',(#2693,#2694,#2695,#2696));
#2693 = ORIENTED_EDGE('',*,*,#2233,.T.);
#2694 = ORIENTED_EDGE('',*,*,#2680,.F.);
#2695 = ORIENTED_EDGE('',*,*,#1113,.F.);
#2696 = ORIENTED_EDGE('',*,*,#2697,.T.);
#2697 = EDGE_CURVE('',#1106,#2210,#2698,.T.);
#2698 = LINE('',#2699,#2700);
#2699 = CARTESIAN_POINT('',(7.22,7.22,0.));
#2700 = VECTOR('',#2701,1.);
#2701 = DIRECTION('',(0.,0.,1.));
#2702 = PLANE('',#2703);
#2703 = AXIS2_PLACEMENT_3D('',#2704,#2705,#2706);
#2704 = CARTESIAN_POINT('',(7.22,7.22,-8.2));
#2705 = DIRECTION('',(0.,-1.,0.));
#2706 = DIRECTION('',(1.,0.,0.));
#2707 = ADVANCED_FACE('',(#2708),#2714,.F.);
#2708 = FACE_BOUND('',#2709,.T.);
#2709 = EDGE_LOOP('',(#2710,#2711,#2712,#2713));
#2710 = ORIENTED_EDGE('',*,*,#2207,.T.);
#2711 = ORIENTED_EDGE('',*,*,#2697,.F.);
#2712 = ORIENTED_EDGE('',*,*,#1103,.F.);
#2713 = ORIENTED_EDGE('',*,*,#2656,.T.);
#2714 = PLANE('',#2715);
#2715 = AXIS2_PLACEMENT_3D('',#2716,#2717,#2718);
#2716 = CARTESIAN_POINT('',(7.22,8.02,-8.2));
#2717 = DIRECTION('',(-1.,0.,0.));
#2718 = DIRECTION('',(0.,-1.,0.));
#2719 = ADVANCED_FACE('',(#2720),#2736,.F.);
#2720 = FACE_BOUND('',#2721,.T.);
#2721 = EDGE_LOOP('',(#2722,#2723,#2729,#2730));
#2722 = ORIENTED_EDGE('',*,*,#2183,.T.);
#2723 = ORIENTED_EDGE('',*,*,#2724,.F.);
#2724 = EDGE_CURVE('',#1070,#2174,#2725,.T.);
#2725 = LINE('',#2726,#2727);
#2726 = CARTESIAN_POINT('',(4.68,8.02,0.));
#2727 = VECTOR('',#2728,1.);
#2728 = DIRECTION('',(0.,0.,1.));
#2729 = ORIENTED_EDGE('',*,*,#1095,.F.);
#2730 = ORIENTED_EDGE('',*,*,#2731,.T.);
#2731 = EDGE_CURVE('',#1088,#2184,#2732,.T.);
#2732 = LINE('',#2733,#2734);
#2733 = CARTESIAN_POINT('',(5.48,8.02,0.));
#2734 = VECTOR('',#2735,1.);
#2735 = DIRECTION('',(0.,0.,1.));
#2736 = PLANE('',#2737);
#2737 = AXIS2_PLACEMENT_3D('',#2738,#2739,#2740);
#2738 = CARTESIAN_POINT('',(5.48,8.02,-8.2));
#2739 = DIRECTION('',(0.,1.,0.));
#2740 = DIRECTION('',(-1.,0.,0.));
#2741 = ADVANCED_FACE('',(#2742),#2753,.F.);
#2742 = FACE_BOUND('',#2743,.T.);
#2743 = EDGE_LOOP('',(#2744,#2745,#2746,#2747));
#2744 = ORIENTED_EDGE('',*,*,#2191,.T.);
#2745 = ORIENTED_EDGE('',*,*,#2731,.F.);
#2746 = ORIENTED_EDGE('',*,*,#1087,.F.);
#2747 = ORIENTED_EDGE('',*,*,#2748,.T.);
#2748 = EDGE_CURVE('',#1080,#2192,#2749,.T.);
#2749 = LINE('',#2750,#2751);
#2750 = CARTESIAN_POINT('',(5.48,7.22,0.));
#2751 = VECTOR('',#2752,1.);
#2752 = DIRECTION('',(0.,0.,1.));
#2753 = PLANE('',#2754);
#2754 = AXIS2_PLACEMENT_3D('',#2755,#2756,#2757);
#2755 = CARTESIAN_POINT('',(5.48,7.22,-8.2));
#2756 = DIRECTION('',(1.,0.,0.));
#2757 = DIRECTION('',(-0.,1.,0.));
#2758 = ADVANCED_FACE('',(#2759),#2770,.F.);
#2759 = FACE_BOUND('',#2760,.T.);
#2760 = EDGE_LOOP('',(#2761,#2762,#2763,#2764));
#2761 = ORIENTED_EDGE('',*,*,#2199,.T.);
#2762 = ORIENTED_EDGE('',*,*,#2748,.F.);
#2763 = ORIENTED_EDGE('',*,*,#1079,.F.);
#2764 = ORIENTED_EDGE('',*,*,#2765,.T.);
#2765 = EDGE_CURVE('',#1072,#2176,#2766,.T.);
#2766 = LINE('',#2767,#2768);
#2767 = CARTESIAN_POINT('',(4.68,7.22,0.));
#2768 = VECTOR('',#2769,1.);
#2769 = DIRECTION('',(0.,0.,1.));
#2770 = PLANE('',#2771);
#2771 = AXIS2_PLACEMENT_3D('',#2772,#2773,#2774);
#2772 = CARTESIAN_POINT('',(4.68,7.22,-8.2));
#2773 = DIRECTION('',(0.,-1.,0.));
#2774 = DIRECTION('',(1.,0.,0.));
#2775 = ADVANCED_FACE('',(#2776),#2782,.F.);
#2776 = FACE_BOUND('',#2777,.T.);
#2777 = EDGE_LOOP('',(#2778,#2779,#2780,#2781));
#2778 = ORIENTED_EDGE('',*,*,#2173,.T.);
#2779 = ORIENTED_EDGE('',*,*,#2765,.F.);
#2780 = ORIENTED_EDGE('',*,*,#1069,.F.);
#2781 = ORIENTED_EDGE('',*,*,#2724,.T.);
#2782 = PLANE('',#2783);
#2783 = AXIS2_PLACEMENT_3D('',#2784,#2785,#2786);
#2784 = CARTESIAN_POINT('',(4.68,8.02,-8.2));
#2785 = DIRECTION('',(-1.,0.,0.));
#2786 = DIRECTION('',(0.,-1.,0.));
#2787 = ADVANCED_FACE('',(#2788),#2804,.F.);
#2788 = FACE_BOUND('',#2789,.T.);
#2789 = EDGE_LOOP('',(#2790,#2791,#2797,#2798));
#2790 = ORIENTED_EDGE('',*,*,#2149,.T.);
#2791 = ORIENTED_EDGE('',*,*,#2792,.F.);
#2792 = EDGE_CURVE('',#1036,#2140,#2793,.T.);
#2793 = LINE('',#2794,#2795);
#2794 = CARTESIAN_POINT('',(2.14,8.02,0.));
#2795 = VECTOR('',#2796,1.);
#2796 = DIRECTION('',(0.,0.,1.));
#2797 = ORIENTED_EDGE('',*,*,#1061,.F.);
#2798 = ORIENTED_EDGE('',*,*,#2799,.T.);
#2799 = EDGE_CURVE('',#1054,#2150,#2800,.T.);
#2800 = LINE('',#2801,#2802);
#2801 = CARTESIAN_POINT('',(2.94,8.02,0.));
#2802 = VECTOR('',#2803,1.);
#2803 = DIRECTION('',(0.,0.,1.));
#2804 = PLANE('',#2805);
#2805 = AXIS2_PLACEMENT_3D('',#2806,#2807,#2808);
#2806 = CARTESIAN_POINT('',(2.94,8.02,-8.2));
#2807 = DIRECTION('',(0.,1.,0.));
#2808 = DIRECTION('',(-1.,0.,0.));
#2809 = ADVANCED_FACE('',(#2810),#2821,.F.);
#2810 = FACE_BOUND('',#2811,.T.);
#2811 = EDGE_LOOP('',(#2812,#2813,#2814,#2815));
#2812 = ORIENTED_EDGE('',*,*,#2157,.T.);
#2813 = ORIENTED_EDGE('',*,*,#2799,.F.);
#2814 = ORIENTED_EDGE('',*,*,#1053,.F.);
#2815 = ORIENTED_EDGE('',*,*,#2816,.T.);
#2816 = EDGE_CURVE('',#1046,#2158,#2817,.T.);
#2817 = LINE('',#2818,#2819);
#2818 = CARTESIAN_POINT('',(2.94,7.22,0.));
#2819 = VECTOR('',#2820,1.);
#2820 = DIRECTION('',(0.,0.,1.));
#2821 = PLANE('',#2822);
#2822 = AXIS2_PLACEMENT_3D('',#2823,#2824,#2825);
#2823 = CARTESIAN_POINT('',(2.94,7.22,-8.2));
#2824 = DIRECTION('',(1.,0.,0.));
#2825 = DIRECTION('',(-0.,1.,0.));
#2826 = ADVANCED_FACE('',(#2827),#2838,.F.);
#2827 = FACE_BOUND('',#2828,.T.);
#2828 = EDGE_LOOP('',(#2829,#2830,#2831,#2832));
#2829 = ORIENTED_EDGE('',*,*,#2165,.T.);
#2830 = ORIENTED_EDGE('',*,*,#2816,.F.);
#2831 = ORIENTED_EDGE('',*,*,#1045,.F.);
#2832 = ORIENTED_EDGE('',*,*,#2833,.T.);
#2833 = EDGE_CURVE('',#1038,#2142,#2834,.T.);
#2834 = LINE('',#2835,#2836);
#2835 = CARTESIAN_POINT('',(2.14,7.22,0.));
#2836 = VECTOR('',#2837,1.);
#2837 = DIRECTION('',(0.,0.,1.));
#2838 = PLANE('',#2839);
#2839 = AXIS2_PLACEMENT_3D('',#2840,#2841,#2842);
#2840 = CARTESIAN_POINT('',(2.14,7.22,-8.2));
#2841 = DIRECTION('',(0.,-1.,0.));
#2842 = DIRECTION('',(1.,0.,0.));
#2843 = ADVANCED_FACE('',(#2844),#2850,.F.);
#2844 = FACE_BOUND('',#2845,.T.);
#2845 = EDGE_LOOP('',(#2846,#2847,#2848,#2849));
#2846 = ORIENTED_EDGE('',*,*,#2139,.T.);
#2847 = ORIENTED_EDGE('',*,*,#2833,.F.);
#2848 = ORIENTED_EDGE('',*,*,#1035,.F.);
#2849 = ORIENTED_EDGE('',*,*,#2792,.T.);
#2850 = PLANE('',#2851);
#2851 = AXIS2_PLACEMENT_3D('',#2852,#2853,#2854);
#2852 = CARTESIAN_POINT('',(2.14,8.02,-8.2));
#2853 = DIRECTION('',(-1.,0.,0.));
#2854 = DIRECTION('',(0.,-1.,0.));
#2855 = ADVANCED_FACE('',(#2856),#2872,.F.);
#2856 = FACE_BOUND('',#2857,.T.);
#2857 = EDGE_LOOP('',(#2858,#2859,#2865,#2866));
#2858 = ORIENTED_EDGE('',*,*,#2115,.T.);
#2859 = ORIENTED_EDGE('',*,*,#2860,.F.);
#2860 = EDGE_CURVE('',#1002,#2106,#2861,.T.);
#2861 = LINE('',#2862,#2863);
#2862 = CARTESIAN_POINT('',(-0.4,8.02,0.));
#2863 = VECTOR('',#2864,1.);
#2864 = DIRECTION('',(0.,0.,1.));
#2865 = ORIENTED_EDGE('',*,*,#1027,.F.);
#2866 = ORIENTED_EDGE('',*,*,#2867,.T.);
#2867 = EDGE_CURVE('',#1020,#2116,#2868,.T.);
#2868 = LINE('',#2869,#2870);
#2869 = CARTESIAN_POINT('',(0.4,8.02,0.));
#2870 = VECTOR('',#2871,1.);
#2871 = DIRECTION('',(0.,0.,1.));
#2872 = PLANE('',#2873);
#2873 = AXIS2_PLACEMENT_3D('',#2874,#2875,#2876);
#2874 = CARTESIAN_POINT('',(0.4,8.02,-8.2));
#2875 = DIRECTION('',(0.,1.,0.));
#2876 = DIRECTION('',(-1.,0.,0.));
#2877 = ADVANCED_FACE('',(#2878),#2889,.F.);
#2878 = FACE_BOUND('',#2879,.T.);
#2879 = EDGE_LOOP('',(#2880,#2881,#2882,#2883));
#2880 = ORIENTED_EDGE('',*,*,#2123,.T.);
#2881 = ORIENTED_EDGE('',*,*,#2867,.F.);
#2882 = ORIENTED_EDGE('',*,*,#1019,.F.);
#2883 = ORIENTED_EDGE('',*,*,#2884,.T.);
#2884 = EDGE_CURVE('',#1012,#2124,#2885,.T.);
#2885 = LINE('',#2886,#2887);
#2886 = CARTESIAN_POINT('',(0.4,7.22,0.));
#2887 = VECTOR('',#2888,1.);
#2888 = DIRECTION('',(0.,0.,1.));
#2889 = PLANE('',#2890);
#2890 = AXIS2_PLACEMENT_3D('',#2891,#2892,#2893);
#2891 = CARTESIAN_POINT('',(0.4,7.22,-8.2));
#2892 = DIRECTION('',(1.,-1.387778780781E-16,0.));
#2893 = DIRECTION('',(1.387778780781E-16,1.,0.));
#2894 = ADVANCED_FACE('',(#2895),#2906,.F.);
#2895 = FACE_BOUND('',#2896,.T.);
#2896 = EDGE_LOOP('',(#2897,#2898,#2899,#2900));
#2897 = ORIENTED_EDGE('',*,*,#2131,.T.);
#2898 = ORIENTED_EDGE('',*,*,#2884,.F.);
#2899 = ORIENTED_EDGE('',*,*,#1011,.F.);
#2900 = ORIENTED_EDGE('',*,*,#2901,.T.);
#2901 = EDGE_CURVE('',#1004,#2108,#2902,.T.);
#2902 = LINE('',#2903,#2904);
#2903 = CARTESIAN_POINT('',(-0.4,7.22,0.));
#2904 = VECTOR('',#2905,1.);
#2905 = DIRECTION('',(0.,0.,1.));
#2906 = PLANE('',#2907);
#2907 = AXIS2_PLACEMENT_3D('',#2908,#2909,#2910);
#2908 = CARTESIAN_POINT('',(-0.4,7.22,-8.2));
#2909 = DIRECTION('',(0.,-1.,0.));
#2910 = DIRECTION('',(1.,0.,0.));
#2911 = ADVANCED_FACE('',(#2912),#2918,.F.);
#2912 = FACE_BOUND('',#2913,.T.);
#2913 = EDGE_LOOP('',(#2914,#2915,#2916,#2917));
#2914 = ORIENTED_EDGE('',*,*,#2105,.T.);
#2915 = ORIENTED_EDGE('',*,*,#2901,.F.);
#2916 = ORIENTED_EDGE('',*,*,#1001,.F.);
#2917 = ORIENTED_EDGE('',*,*,#2860,.T.);
#2918 = PLANE('',#2919);
#2919 = AXIS2_PLACEMENT_3D('',#2920,#2921,#2922);
#2920 = CARTESIAN_POINT('',(-0.4,8.02,-8.2));
#2921 = DIRECTION('',(-1.,1.387778780781E-16,0.));
#2922 = DIRECTION('',(-1.387778780781E-16,-1.,0.));
#2923 = ADVANCED_FACE('',(#2924),#2940,.F.);
#2924 = FACE_BOUND('',#2925,.T.);
#2925 = EDGE_LOOP('',(#2926,#2927,#2933,#2934));
#2926 = ORIENTED_EDGE('',*,*,#2081,.T.);
#2927 = ORIENTED_EDGE('',*,*,#2928,.F.);
#2928 = EDGE_CURVE('',#968,#2072,#2929,.T.);
#2929 = LINE('',#2930,#2931);
#2930 = CARTESIAN_POINT('',(-2.94,8.02,0.));
#2931 = VECTOR('',#2932,1.);
#2932 = DIRECTION('',(0.,0.,1.));
#2933 = ORIENTED_EDGE('',*,*,#993,.F.);
#2934 = ORIENTED_EDGE('',*,*,#2935,.T.);
#2935 = EDGE_CURVE('',#986,#2082,#2936,.T.);
#2936 = LINE('',#2937,#2938);
#2937 = CARTESIAN_POINT('',(-2.14,8.02,0.));
#2938 = VECTOR('',#2939,1.);
#2939 = DIRECTION('',(0.,0.,1.));
#2940 = PLANE('',#2941);
#2941 = AXIS2_PLACEMENT_3D('',#2942,#2943,#2944);
#2942 = CARTESIAN_POINT('',(-2.14,8.02,-8.2));
#2943 = DIRECTION('',(0.,1.,0.));
#2944 = DIRECTION('',(-1.,0.,0.));
#2945 = ADVANCED_FACE('',(#2946),#2957,.F.);
#2946 = FACE_BOUND('',#2947,.T.);
#2947 = EDGE_LOOP('',(#2948,#2949,#2950,#2951));
#2948 = ORIENTED_EDGE('',*,*,#2089,.T.);
#2949 = ORIENTED_EDGE('',*,*,#2935,.F.);
#2950 = ORIENTED_EDGE('',*,*,#985,.F.);
#2951 = ORIENTED_EDGE('',*,*,#2952,.T.);
#2952 = EDGE_CURVE('',#978,#2090,#2953,.T.);
#2953 = LINE('',#2954,#2955);
#2954 = CARTESIAN_POINT('',(-2.14,7.22,0.));
#2955 = VECTOR('',#2956,1.);
#2956 = DIRECTION('',(0.,0.,1.));
#2957 = PLANE('',#2958);
#2958 = AXIS2_PLACEMENT_3D('',#2959,#2960,#2961);
#2959 = CARTESIAN_POINT('',(-2.14,7.22,-8.2));
#2960 = DIRECTION('',(1.,0.,0.));
#2961 = DIRECTION('',(-0.,1.,0.));
#2962 = ADVANCED_FACE('',(#2963),#2974,.F.);
#2963 = FACE_BOUND('',#2964,.T.);
#2964 = EDGE_LOOP('',(#2965,#2966,#2967,#2968));
#2965 = ORIENTED_EDGE('',*,*,#2097,.T.);
#2966 = ORIENTED_EDGE('',*,*,#2952,.F.);
#2967 = ORIENTED_EDGE('',*,*,#977,.F.);
#2968 = ORIENTED_EDGE('',*,*,#2969,.T.);
#2969 = EDGE_CURVE('',#970,#2074,#2970,.T.);
#2970 = LINE('',#2971,#2972);
#2971 = CARTESIAN_POINT('',(-2.94,7.22,0.));
#2972 = VECTOR('',#2973,1.);
#2973 = DIRECTION('',(0.,0.,1.));
#2974 = PLANE('',#2975);
#2975 = AXIS2_PLACEMENT_3D('',#2976,#2977,#2978);
#2976 = CARTESIAN_POINT('',(-2.94,7.22,-8.2));
#2977 = DIRECTION('',(0.,-1.,0.));
#2978 = DIRECTION('',(1.,0.,0.));
#2979 = ADVANCED_FACE('',(#2980),#2986,.F.);
#2980 = FACE_BOUND('',#2981,.T.);
#2981 = EDGE_LOOP('',(#2982,#2983,#2984,#2985));
#2982 = ORIENTED_EDGE('',*,*,#2071,.T.);
#2983 = ORIENTED_EDGE('',*,*,#2969,.F.);
#2984 = ORIENTED_EDGE('',*,*,#967,.F.);
#2985 = ORIENTED_EDGE('',*,*,#2928,.T.);
#2986 = PLANE('',#2987);
#2987 = AXIS2_PLACEMENT_3D('',#2988,#2989,#2990);
#2988 = CARTESIAN_POINT('',(-2.94,8.02,-8.2));
#2989 = DIRECTION('',(-1.,0.,0.));
#2990 = DIRECTION('',(0.,-1.,0.));
#2991 = ADVANCED_FACE('',(#2992),#3008,.F.);
#2992 = FACE_BOUND('',#2993,.T.);
#2993 = EDGE_LOOP('',(#2994,#2995,#3001,#3002));
#2994 = ORIENTED_EDGE('',*,*,#2047,.T.);
#2995 = ORIENTED_EDGE('',*,*,#2996,.F.);
#2996 = EDGE_CURVE('',#934,#2038,#2997,.T.);
#2997 = LINE('',#2998,#2999);
#2998 = CARTESIAN_POINT('',(-5.48,8.02,0.));
#2999 = VECTOR('',#3000,1.);
#3000 = DIRECTION('',(0.,0.,1.));
#3001 = ORIENTED_EDGE('',*,*,#959,.F.);
#3002 = ORIENTED_EDGE('',*,*,#3003,.T.);
#3003 = EDGE_CURVE('',#952,#2048,#3004,.T.);
#3004 = LINE('',#3005,#3006);
#3005 = CARTESIAN_POINT('',(-4.68,8.02,0.));
#3006 = VECTOR('',#3007,1.);
#3007 = DIRECTION('',(0.,0.,1.));
#3008 = PLANE('',#3009);
#3009 = AXIS2_PLACEMENT_3D('',#3010,#3011,#3012);
#3010 = CARTESIAN_POINT('',(-4.68,8.02,-8.2));
#3011 = DIRECTION('',(0.,1.,0.));
#3012 = DIRECTION('',(-1.,0.,0.));
#3013 = ADVANCED_FACE('',(#3014),#3025,.F.);
#3014 = FACE_BOUND('',#3015,.T.);
#3015 = EDGE_LOOP('',(#3016,#3017,#3018,#3019));
#3016 = ORIENTED_EDGE('',*,*,#2055,.T.);
#3017 = ORIENTED_EDGE('',*,*,#3003,.F.);
#3018 = ORIENTED_EDGE('',*,*,#951,.F.);
#3019 = ORIENTED_EDGE('',*,*,#3020,.T.);
#3020 = EDGE_CURVE('',#944,#2056,#3021,.T.);
#3021 = LINE('',#3022,#3023);
#3022 = CARTESIAN_POINT('',(-4.68,7.22,0.));
#3023 = VECTOR('',#3024,1.);
#3024 = DIRECTION('',(0.,0.,1.));
#3025 = PLANE('',#3026);
#3026 = AXIS2_PLACEMENT_3D('',#3027,#3028,#3029);
#3027 = CARTESIAN_POINT('',(-4.68,7.22,-8.2));
#3028 = DIRECTION('',(1.,0.,0.));
#3029 = DIRECTION('',(-0.,1.,0.));
#3030 = ADVANCED_FACE('',(#3031),#3042,.F.);
#3031 = FACE_BOUND('',#3032,.T.);
#3032 = EDGE_LOOP('',(#3033,#3034,#3035,#3036));
#3033 = ORIENTED_EDGE('',*,*,#2063,.T.);
#3034 = ORIENTED_EDGE('',*,*,#3020,.F.);
#3035 = ORIENTED_EDGE('',*,*,#943,.F.);
#3036 = ORIENTED_EDGE('',*,*,#3037,.T.);
#3037 = EDGE_CURVE('',#936,#2040,#3038,.T.);
#3038 = LINE('',#3039,#3040);
#3039 = CARTESIAN_POINT('',(-5.48,7.22,0.));
#3040 = VECTOR('',#3041,1.);
#3041 = DIRECTION('',(0.,0.,1.));
#3042 = PLANE('',#3043);
#3043 = AXIS2_PLACEMENT_3D('',#3044,#3045,#3046);
#3044 = CARTESIAN_POINT('',(-5.48,7.22,-8.2));
#3045 = DIRECTION('',(0.,-1.,0.));
#3046 = DIRECTION('',(1.,0.,0.));
#3047 = ADVANCED_FACE('',(#3048),#3054,.F.);
#3048 = FACE_BOUND('',#3049,.T.);
#3049 = EDGE_LOOP('',(#3050,#3051,#3052,#3053));
#3050 = ORIENTED_EDGE('',*,*,#2037,.T.);
#3051 = ORIENTED_EDGE('',*,*,#3037,.F.);
#3052 = ORIENTED_EDGE('',*,*,#933,.F.);
#3053 = ORIENTED_EDGE('',*,*,#2996,.T.);
#3054 = PLANE('',#3055);
#3055 = AXIS2_PLACEMENT_3D('',#3056,#3057,#3058);
#3056 = CARTESIAN_POINT('',(-5.48,8.02,-8.2));
#3057 = DIRECTION('',(-1.,0.,0.));
#3058 = DIRECTION('',(0.,-1.,0.));
#3059 = ADVANCED_FACE('',(#3060),#3076,.F.);
#3060 = FACE_BOUND('',#3061,.T.);
#3061 = EDGE_LOOP('',(#3062,#3063,#3069,#3070));
#3062 = ORIENTED_EDGE('',*,*,#2013,.T.);
#3063 = ORIENTED_EDGE('',*,*,#3064,.F.);
#3064 = EDGE_CURVE('',#900,#2004,#3065,.T.);
#3065 = LINE('',#3066,#3067);
#3066 = CARTESIAN_POINT('',(-8.02,8.02,0.));
#3067 = VECTOR('',#3068,1.);
#3068 = DIRECTION('',(0.,0.,1.));
#3069 = ORIENTED_EDGE('',*,*,#925,.F.);
#3070 = ORIENTED_EDGE('',*,*,#3071,.T.);
#3071 = EDGE_CURVE('',#918,#2014,#3072,.T.);
#3072 = LINE('',#3073,#3074);
#3073 = CARTESIAN_POINT('',(-7.22,8.02,0.));
#3074 = VECTOR('',#3075,1.);
#3075 = DIRECTION('',(0.,0.,1.));
#3076 = PLANE('',#3077);
#3077 = AXIS2_PLACEMENT_3D('',#3078,#3079,#3080);
#3078 = CARTESIAN_POINT('',(-7.22,8.02,-8.2));
#3079 = DIRECTION('',(2.22044604925E-15,1.,0.));
#3080 = DIRECTION('',(-1.,2.22044604925E-15,0.));
#3081 = ADVANCED_FACE('',(#3082),#3093,.F.);
#3082 = FACE_BOUND('',#3083,.T.);
#3083 = EDGE_LOOP('',(#3084,#3085,#3086,#3087));
#3084 = ORIENTED_EDGE('',*,*,#2021,.T.);
#3085 = ORIENTED_EDGE('',*,*,#3071,.F.);
#3086 = ORIENTED_EDGE('',*,*,#917,.F.);
#3087 = ORIENTED_EDGE('',*,*,#3088,.T.);
#3088 = EDGE_CURVE('',#910,#2022,#3089,.T.);
#3089 = LINE('',#3090,#3091);
#3090 = CARTESIAN_POINT('',(-7.22,7.22,0.));
#3091 = VECTOR('',#3092,1.);
#3092 = DIRECTION('',(0.,0.,1.));
#3093 = PLANE('',#3094);
#3094 = AXIS2_PLACEMENT_3D('',#3095,#3096,#3097);
#3095 = CARTESIAN_POINT('',(-7.22,7.22,-8.2));
#3096 = DIRECTION('',(1.,0.,0.));
#3097 = DIRECTION('',(-0.,1.,0.));
#3098 = ADVANCED_FACE('',(#3099),#3110,.F.);
#3099 = FACE_BOUND('',#3100,.T.);
#3100 = EDGE_LOOP('',(#3101,#3102,#3103,#3104));
#3101 = ORIENTED_EDGE('',*,*,#2029,.T.);
#3102 = ORIENTED_EDGE('',*,*,#3088,.F.);
#3103 = ORIENTED_EDGE('',*,*,#909,.F.);
#3104 = ORIENTED_EDGE('',*,*,#3105,.T.);
#3105 = EDGE_CURVE('',#902,#2006,#3106,.T.);
#3106 = LINE('',#3107,#3108);
#3107 = CARTESIAN_POINT('',(-8.02,7.22,0.));
#3108 = VECTOR('',#3109,1.);
#3109 = DIRECTION('',(0.,0.,1.));
#3110 = PLANE('',#3111);
#3111 = AXIS2_PLACEMENT_3D('',#3112,#3113,#3114);
#3112 = CARTESIAN_POINT('',(-8.02,7.22,-8.2));
#3113 = DIRECTION('',(0.,-1.,0.));
#3114 = DIRECTION('',(1.,0.,0.));
#3115 = ADVANCED_FACE('',(#3116),#3122,.F.);
#3116 = FACE_BOUND('',#3117,.T.);
#3117 = EDGE_LOOP('',(#3118,#3119,#3120,#3121));
#3118 = ORIENTED_EDGE('',*,*,#2003,.T.);
#3119 = ORIENTED_EDGE('',*,*,#3105,.F.);
#3120 = ORIENTED_EDGE('',*,*,#899,.F.);
#3121 = ORIENTED_EDGE('',*,*,#3064,.T.);
#3122 = PLANE('',#3123);
#3123 = AXIS2_PLACEMENT_3D('',#3124,#3125,#3126);
#3124 = CARTESIAN_POINT('',(-8.02,8.02,-8.2));
#3125 = DIRECTION('',(-1.,2.22044604925E-15,0.));
#3126 = DIRECTION('',(-2.22044604925E-15,-1.,0.));
#3127 = ADVANCED_FACE('',(#3128),#3144,.F.);
#3128 = FACE_BOUND('',#3129,.T.);
#3129 = EDGE_LOOP('',(#3130,#3131,#3137,#3138));
#3130 = ORIENTED_EDGE('',*,*,#1979,.T.);
#3131 = ORIENTED_EDGE('',*,*,#3132,.F.);
#3132 = EDGE_CURVE('',#866,#1970,#3133,.T.);
#3133 = LINE('',#3134,#3135);
#3134 = CARTESIAN_POINT('',(-10.56,8.02,0.));
#3135 = VECTOR('',#3136,1.);
#3136 = DIRECTION('',(0.,0.,1.));
#3137 = ORIENTED_EDGE('',*,*,#891,.F.);
#3138 = ORIENTED_EDGE('',*,*,#3139,.T.);
#3139 = EDGE_CURVE('',#884,#1980,#3140,.T.);
#3140 = LINE('',#3141,#3142);
#3141 = CARTESIAN_POINT('',(-9.76,8.02,0.));
#3142 = VECTOR('',#3143,1.);
#3143 = DIRECTION('',(0.,0.,1.));
#3144 = PLANE('',#3145);
#3145 = AXIS2_PLACEMENT_3D('',#3146,#3147,#3148);
#3146 = CARTESIAN_POINT('',(-9.76,8.02,-8.2));
#3147 = DIRECTION('',(0.,1.,0.));
#3148 = DIRECTION('',(-1.,0.,0.));
#3149 = ADVANCED_FACE('',(#3150),#3161,.F.);
#3150 = FACE_BOUND('',#3151,.T.);
#3151 = EDGE_LOOP('',(#3152,#3153,#3154,#3155));
#3152 = ORIENTED_EDGE('',*,*,#1987,.T.);
#3153 = ORIENTED_EDGE('',*,*,#3139,.F.);
#3154 = ORIENTED_EDGE('',*,*,#883,.F.);
#3155 = ORIENTED_EDGE('',*,*,#3156,.T.);
#3156 = EDGE_CURVE('',#876,#1988,#3157,.T.);
#3157 = LINE('',#3158,#3159);
#3158 = CARTESIAN_POINT('',(-9.76,7.22,0.));
#3159 = VECTOR('',#3160,1.);
#3160 = DIRECTION('',(0.,0.,1.));
#3161 = PLANE('',#3162);
#3162 = AXIS2_PLACEMENT_3D('',#3163,#3164,#3165);
#3163 = CARTESIAN_POINT('',(-9.76,7.22,-8.2));
#3164 = DIRECTION('',(1.,-2.22044604925E-15,0.));
#3165 = DIRECTION('',(2.22044604925E-15,1.,0.));
#3166 = ADVANCED_FACE('',(#3167),#3178,.F.);
#3167 = FACE_BOUND('',#3168,.T.);
#3168 = EDGE_LOOP('',(#3169,#3170,#3171,#3172));
#3169 = ORIENTED_EDGE('',*,*,#1995,.T.);
#3170 = ORIENTED_EDGE('',*,*,#3156,.F.);
#3171 = ORIENTED_EDGE('',*,*,#875,.F.);
#3172 = ORIENTED_EDGE('',*,*,#3173,.T.);
#3173 = EDGE_CURVE('',#868,#1972,#3174,.T.);
#3174 = LINE('',#3175,#3176);
#3175 = CARTESIAN_POINT('',(-10.56,7.22,0.));
#3176 = VECTOR('',#3177,1.);
#3177 = DIRECTION('',(0.,0.,1.));
#3178 = PLANE('',#3179);
#3179 = AXIS2_PLACEMENT_3D('',#3180,#3181,#3182);
#3180 = CARTESIAN_POINT('',(-10.56,7.22,-8.2));
#3181 = DIRECTION('',(0.,-1.,0.));
#3182 = DIRECTION('',(1.,0.,0.));
#3183 = ADVANCED_FACE('',(#3184),#3190,.F.);
#3184 = FACE_BOUND('',#3185,.T.);
#3185 = EDGE_LOOP('',(#3186,#3187,#3188,#3189));
#3186 = ORIENTED_EDGE('',*,*,#1969,.T.);
#3187 = ORIENTED_EDGE('',*,*,#3173,.F.);
#3188 = ORIENTED_EDGE('',*,*,#865,.F.);
#3189 = ORIENTED_EDGE('',*,*,#3132,.T.);
#3190 = PLANE('',#3191);
#3191 = AXIS2_PLACEMENT_3D('',#3192,#3193,#3194);
#3192 = CARTESIAN_POINT('',(-10.56,8.02,-8.2));
#3193 = DIRECTION('',(-1.,2.22044604925E-15,0.));
#3194 = DIRECTION('',(-2.22044604925E-15,-1.,0.));
#3195 = ADVANCED_FACE('',(#3196),#3212,.F.);
#3196 = FACE_BOUND('',#3197,.T.);
#3197 = EDGE_LOOP('',(#3198,#3199,#3205,#3206));
#3198 = ORIENTED_EDGE('',*,*,#1945,.T.);
#3199 = ORIENTED_EDGE('',*,*,#3200,.F.);
#3200 = EDGE_CURVE('',#832,#1936,#3201,.T.);
#3201 = LINE('',#3202,#3203);
#3202 = CARTESIAN_POINT('',(-13.1,8.02,0.));
#3203 = VECTOR('',#3204,1.);
#3204 = DIRECTION('',(0.,0.,1.));
#3205 = ORIENTED_EDGE('',*,*,#857,.F.);
#3206 = ORIENTED_EDGE('',*,*,#3207,.T.);
#3207 = EDGE_CURVE('',#850,#1946,#3208,.T.);
#3208 = LINE('',#3209,#3210);
#3209 = CARTESIAN_POINT('',(-12.3,8.02,0.));
#3210 = VECTOR('',#3211,1.);
#3211 = DIRECTION('',(0.,0.,1.));
#3212 = PLANE('',#3213);
#3213 = AXIS2_PLACEMENT_3D('',#3214,#3215,#3216);
#3214 = CARTESIAN_POINT('',(-12.3,8.02,-8.2));
#3215 = DIRECTION('',(0.,1.,0.));
#3216 = DIRECTION('',(-1.,0.,0.));
#3217 = ADVANCED_FACE('',(#3218),#3229,.F.);
#3218 = FACE_BOUND('',#3219,.T.);
#3219 = EDGE_LOOP('',(#3220,#3221,#3222,#3223));
#3220 = ORIENTED_EDGE('',*,*,#1953,.T.);
#3221 = ORIENTED_EDGE('',*,*,#3207,.F.);
#3222 = ORIENTED_EDGE('',*,*,#849,.F.);
#3223 = ORIENTED_EDGE('',*,*,#3224,.T.);
#3224 = EDGE_CURVE('',#842,#1954,#3225,.T.);
#3225 = LINE('',#3226,#3227);
#3226 = CARTESIAN_POINT('',(-12.3,7.22,0.));
#3227 = VECTOR('',#3228,1.);
#3228 = DIRECTION('',(0.,0.,1.));
#3229 = PLANE('',#3230);
#3230 = AXIS2_PLACEMENT_3D('',#3231,#3232,#3233);
#3231 = CARTESIAN_POINT('',(-12.3,7.22,-8.2));
#3232 = DIRECTION('',(1.,-2.22044604925E-15,0.));
#3233 = DIRECTION('',(2.22044604925E-15,1.,0.));
#3234 = ADVANCED_FACE('',(#3235),#3246,.F.);
#3235 = FACE_BOUND('',#3236,.T.);
#3236 = EDGE_LOOP('',(#3237,#3238,#3239,#3240));
#3237 = ORIENTED_EDGE('',*,*,#1961,.T.);
#3238 = ORIENTED_EDGE('',*,*,#3224,.F.);
#3239 = ORIENTED_EDGE('',*,*,#841,.F.);
#3240 = ORIENTED_EDGE('',*,*,#3241,.T.);
#3241 = EDGE_CURVE('',#834,#1938,#3242,.T.);
#3242 = LINE('',#3243,#3244);
#3243 = CARTESIAN_POINT('',(-13.1,7.22,0.));
#3244 = VECTOR('',#3245,1.);
#3245 = DIRECTION('',(0.,0.,1.));
#3246 = PLANE('',#3247);
#3247 = AXIS2_PLACEMENT_3D('',#3248,#3249,#3250);
#3248 = CARTESIAN_POINT('',(-13.1,7.22,-8.2));
#3249 = DIRECTION('',(0.,-1.,0.));
#3250 = DIRECTION('',(1.,0.,0.));
#3251 = ADVANCED_FACE('',(#3252),#3258,.F.);
#3252 = FACE_BOUND('',#3253,.T.);
#3253 = EDGE_LOOP('',(#3254,#3255,#3256,#3257));
#3254 = ORIENTED_EDGE('',*,*,#1935,.T.);
#3255 = ORIENTED_EDGE('',*,*,#3241,.F.);
#3256 = ORIENTED_EDGE('',*,*,#831,.F.);
#3257 = ORIENTED_EDGE('',*,*,#3200,.T.);
#3258 = PLANE('',#3259);
#3259 = AXIS2_PLACEMENT_3D('',#3260,#3261,#3262);
#3260 = CARTESIAN_POINT('',(-13.1,8.02,-8.2));
#3261 = DIRECTION('',(-1.,2.22044604925E-15,0.));
#3262 = DIRECTION('',(-2.22044604925E-15,-1.,0.));
#3263 = ADVANCED_FACE('',(#3264),#3280,.F.);
#3264 = FACE_BOUND('',#3265,.T.);
#3265 = EDGE_LOOP('',(#3266,#3267,#3273,#3274));
#3266 = ORIENTED_EDGE('',*,*,#1911,.T.);
#3267 = ORIENTED_EDGE('',*,*,#3268,.F.);
#3268 = EDGE_CURVE('',#798,#1902,#3269,.T.);
#3269 = LINE('',#3270,#3271);
#3270 = CARTESIAN_POINT('',(-15.64,8.02,0.));
#3271 = VECTOR('',#3272,1.);
#3272 = DIRECTION('',(0.,0.,1.));
#3273 = ORIENTED_EDGE('',*,*,#823,.F.);
#3274 = ORIENTED_EDGE('',*,*,#3275,.T.);
#3275 = EDGE_CURVE('',#816,#1912,#3276,.T.);
#3276 = LINE('',#3277,#3278);
#3277 = CARTESIAN_POINT('',(-14.84,8.02,0.));
#3278 = VECTOR('',#3279,1.);
#3279 = DIRECTION('',(0.,0.,1.));
#3280 = PLANE('',#3281);
#3281 = AXIS2_PLACEMENT_3D('',#3282,#3283,#3284);
#3282 = CARTESIAN_POINT('',(-14.84,8.02,-8.2));
#3283 = DIRECTION('',(0.,1.,0.));
#3284 = DIRECTION('',(-1.,0.,0.));
#3285 = ADVANCED_FACE('',(#3286),#3297,.F.);
#3286 = FACE_BOUND('',#3287,.T.);
#3287 = EDGE_LOOP('',(#3288,#3289,#3290,#3291));
#3288 = ORIENTED_EDGE('',*,*,#1919,.T.);
#3289 = ORIENTED_EDGE('',*,*,#3275,.F.);
#3290 = ORIENTED_EDGE('',*,*,#815,.F.);
#3291 = ORIENTED_EDGE('',*,*,#3292,.T.);
#3292 = EDGE_CURVE('',#808,#1920,#3293,.T.);
#3293 = LINE('',#3294,#3295);
#3294 = CARTESIAN_POINT('',(-14.84,7.22,0.));
#3295 = VECTOR('',#3296,1.);
#3296 = DIRECTION('',(0.,0.,1.));
#3297 = PLANE('',#3298);
#3298 = AXIS2_PLACEMENT_3D('',#3299,#3300,#3301);
#3299 = CARTESIAN_POINT('',(-14.84,7.22,-8.2));
#3300 = DIRECTION('',(1.,-2.22044604925E-15,0.));
#3301 = DIRECTION('',(2.22044604925E-15,1.,0.));
#3302 = ADVANCED_FACE('',(#3303),#3314,.F.);
#3303 = FACE_BOUND('',#3304,.T.);
#3304 = EDGE_LOOP('',(#3305,#3306,#3307,#3308));
#3305 = ORIENTED_EDGE('',*,*,#1927,.T.);
#3306 = ORIENTED_EDGE('',*,*,#3292,.F.);
#3307 = ORIENTED_EDGE('',*,*,#807,.F.);
#3308 = ORIENTED_EDGE('',*,*,#3309,.T.);
#3309 = EDGE_CURVE('',#800,#1904,#3310,.T.);
#3310 = LINE('',#3311,#3312);
#3311 = CARTESIAN_POINT('',(-15.64,7.22,0.));
#3312 = VECTOR('',#3313,1.);
#3313 = DIRECTION('',(0.,0.,1.));
#3314 = PLANE('',#3315);
#3315 = AXIS2_PLACEMENT_3D('',#3316,#3317,#3318);
#3316 = CARTESIAN_POINT('',(-15.64,7.22,-8.2));
#3317 = DIRECTION('',(0.,-1.,0.));
#3318 = DIRECTION('',(1.,0.,0.));
#3319 = ADVANCED_FACE('',(#3320),#3326,.F.);
#3320 = FACE_BOUND('',#3321,.T.);
#3321 = EDGE_LOOP('',(#3322,#3323,#3324,#3325));
#3322 = ORIENTED_EDGE('',*,*,#1901,.T.);
#3323 = ORIENTED_EDGE('',*,*,#3309,.F.);
#3324 = ORIENTED_EDGE('',*,*,#797,.F.);
#3325 = ORIENTED_EDGE('',*,*,#3268,.T.);
#3326 = PLANE('',#3327);
#3327 = AXIS2_PLACEMENT_3D('',#3328,#3329,#3330);
#3328 = CARTESIAN_POINT('',(-15.64,8.02,-8.2));
#3329 = DIRECTION('',(-1.,2.22044604925E-15,0.));
#3330 = DIRECTION('',(-2.22044604925E-15,-1.,0.));
#3331 = ADVANCED_FACE('',(#3332),#3348,.F.);
#3332 = FACE_BOUND('',#3333,.T.);
#3333 = EDGE_LOOP('',(#3334,#3335,#3341,#3342));
#3334 = ORIENTED_EDGE('',*,*,#1877,.T.);
#3335 = ORIENTED_EDGE('',*,*,#3336,.F.);
#3336 = EDGE_CURVE('',#764,#1868,#3337,.T.);
#3337 = LINE('',#3338,#3339);
#3338 = CARTESIAN_POINT('',(17.38,-7.22,0.));
#3339 = VECTOR('',#3340,1.);
#3340 = DIRECTION('',(0.,0.,1.));
#3341 = ORIENTED_EDGE('',*,*,#789,.F.);
#3342 = ORIENTED_EDGE('',*,*,#3343,.T.);
#3343 = EDGE_CURVE('',#782,#1878,#3344,.T.);
#3344 = LINE('',#3345,#3346);
#3345 = CARTESIAN_POINT('',(18.18,-7.22,0.));
#3346 = VECTOR('',#3347,1.);
#3347 = DIRECTION('',(0.,0.,1.));
#3348 = PLANE('',#3349);
#3349 = AXIS2_PLACEMENT_3D('',#3350,#3351,#3352);
#3350 = CARTESIAN_POINT('',(18.18,-7.22,-8.2));
#3351 = DIRECTION('',(1.110223024625E-15,1.,0.));
#3352 = DIRECTION('',(-1.,1.110223024625E-15,0.));
#3353 = ADVANCED_FACE('',(#3354),#3365,.F.);
#3354 = FACE_BOUND('',#3355,.T.);
#3355 = EDGE_LOOP('',(#3356,#3357,#3358,#3359));
#3356 = ORIENTED_EDGE('',*,*,#1885,.T.);
#3357 = ORIENTED_EDGE('',*,*,#3343,.F.);
#3358 = ORIENTED_EDGE('',*,*,#781,.F.);
#3359 = ORIENTED_EDGE('',*,*,#3360,.T.);
#3360 = EDGE_CURVE('',#774,#1886,#3361,.T.);
#3361 = LINE('',#3362,#3363);
#3362 = CARTESIAN_POINT('',(18.18,-8.02,0.));
#3363 = VECTOR('',#3364,1.);
#3364 = DIRECTION('',(0.,0.,1.));
#3365 = PLANE('',#3366);
#3366 = AXIS2_PLACEMENT_3D('',#3367,#3368,#3369);
#3367 = CARTESIAN_POINT('',(18.18,-8.02,-8.2));
#3368 = DIRECTION('',(1.,0.,0.));
#3369 = DIRECTION('',(-0.,1.,0.));
#3370 = ADVANCED_FACE('',(#3371),#3382,.F.);
#3371 = FACE_BOUND('',#3372,.T.);
#3372 = EDGE_LOOP('',(#3373,#3374,#3375,#3376));
#3373 = ORIENTED_EDGE('',*,*,#1893,.T.);
#3374 = ORIENTED_EDGE('',*,*,#3360,.F.);
#3375 = ORIENTED_EDGE('',*,*,#773,.F.);
#3376 = ORIENTED_EDGE('',*,*,#3377,.T.);
#3377 = EDGE_CURVE('',#766,#1870,#3378,.T.);
#3378 = LINE('',#3379,#3380);
#3379 = CARTESIAN_POINT('',(17.38,-8.02,0.));
#3380 = VECTOR('',#3381,1.);
#3381 = DIRECTION('',(0.,0.,1.));
#3382 = PLANE('',#3383);
#3383 = AXIS2_PLACEMENT_3D('',#3384,#3385,#3386);
#3384 = CARTESIAN_POINT('',(17.38,-8.02,-8.2));
#3385 = DIRECTION('',(0.,-1.,0.));
#3386 = DIRECTION('',(1.,0.,0.));
#3387 = ADVANCED_FACE('',(#3388),#3394,.F.);
#3388 = FACE_BOUND('',#3389,.T.);
#3389 = EDGE_LOOP('',(#3390,#3391,#3392,#3393));
#3390 = ORIENTED_EDGE('',*,*,#1867,.T.);
#3391 = ORIENTED_EDGE('',*,*,#3377,.F.);
#3392 = ORIENTED_EDGE('',*,*,#763,.F.);
#3393 = ORIENTED_EDGE('',*,*,#3336,.T.);
#3394 = PLANE('',#3395);
#3395 = AXIS2_PLACEMENT_3D('',#3396,#3397,#3398);
#3396 = CARTESIAN_POINT('',(17.38,-7.22,-8.2));
#3397 = DIRECTION('',(-1.,0.,0.));
#3398 = DIRECTION('',(0.,-1.,0.));
#3399 = ADVANCED_FACE('',(#3400),#3416,.F.);
#3400 = FACE_BOUND('',#3401,.T.);
#3401 = EDGE_LOOP('',(#3402,#3403,#3409,#3410));
#3402 = ORIENTED_EDGE('',*,*,#1843,.T.);
#3403 = ORIENTED_EDGE('',*,*,#3404,.F.);
#3404 = EDGE_CURVE('',#730,#1834,#3405,.T.);
#3405 = LINE('',#3406,#3407);
#3406 = CARTESIAN_POINT('',(14.84,-7.22,0.));
#3407 = VECTOR('',#3408,1.);
#3408 = DIRECTION('',(0.,0.,1.));
#3409 = ORIENTED_EDGE('',*,*,#755,.F.);
#3410 = ORIENTED_EDGE('',*,*,#3411,.T.);
#3411 = EDGE_CURVE('',#748,#1844,#3412,.T.);
#3412 = LINE('',#3413,#3414);
#3413 = CARTESIAN_POINT('',(15.64,-7.22,0.));
#3414 = VECTOR('',#3415,1.);
#3415 = DIRECTION('',(0.,0.,1.));
#3416 = PLANE('',#3417);
#3417 = AXIS2_PLACEMENT_3D('',#3418,#3419,#3420);
#3418 = CARTESIAN_POINT('',(15.64,-7.22,-8.2));
#3419 = DIRECTION('',(0.,1.,0.));
#3420 = DIRECTION('',(-1.,0.,0.));
#3421 = ADVANCED_FACE('',(#3422),#3433,.F.);
#3422 = FACE_BOUND('',#3423,.T.);
#3423 = EDGE_LOOP('',(#3424,#3425,#3426,#3427));
#3424 = ORIENTED_EDGE('',*,*,#1851,.T.);
#3425 = ORIENTED_EDGE('',*,*,#3411,.F.);
#3426 = ORIENTED_EDGE('',*,*,#747,.F.);
#3427 = ORIENTED_EDGE('',*,*,#3428,.T.);
#3428 = EDGE_CURVE('',#740,#1852,#3429,.T.);
#3429 = LINE('',#3430,#3431);
#3430 = CARTESIAN_POINT('',(15.64,-8.02,0.));
#3431 = VECTOR('',#3432,1.);
#3432 = DIRECTION('',(0.,0.,1.));
#3433 = PLANE('',#3434);
#3434 = AXIS2_PLACEMENT_3D('',#3435,#3436,#3437);
#3435 = CARTESIAN_POINT('',(15.64,-8.02,-8.2));
#3436 = DIRECTION('',(1.,-2.22044604925E-15,0.));
#3437 = DIRECTION('',(2.22044604925E-15,1.,0.));
#3438 = ADVANCED_FACE('',(#3439),#3450,.F.);
#3439 = FACE_BOUND('',#3440,.T.);
#3440 = EDGE_LOOP('',(#3441,#3442,#3443,#3444));
#3441 = ORIENTED_EDGE('',*,*,#1859,.T.);
#3442 = ORIENTED_EDGE('',*,*,#3428,.F.);
#3443 = ORIENTED_EDGE('',*,*,#739,.F.);
#3444 = ORIENTED_EDGE('',*,*,#3445,.T.);
#3445 = EDGE_CURVE('',#732,#1836,#3446,.T.);
#3446 = LINE('',#3447,#3448);
#3447 = CARTESIAN_POINT('',(14.84,-8.02,0.));
#3448 = VECTOR('',#3449,1.);
#3449 = DIRECTION('',(0.,0.,1.));
#3450 = PLANE('',#3451);
#3451 = AXIS2_PLACEMENT_3D('',#3452,#3453,#3454);
#3452 = CARTESIAN_POINT('',(14.84,-8.02,-8.2));
#3453 = DIRECTION('',(0.,-1.,0.));
#3454 = DIRECTION('',(1.,0.,0.));
#3455 = ADVANCED_FACE('',(#3456),#3462,.F.);
#3456 = FACE_BOUND('',#3457,.T.);
#3457 = EDGE_LOOP('',(#3458,#3459,#3460,#3461));
#3458 = ORIENTED_EDGE('',*,*,#1833,.T.);
#3459 = ORIENTED_EDGE('',*,*,#3445,.F.);
#3460 = ORIENTED_EDGE('',*,*,#729,.F.);
#3461 = ORIENTED_EDGE('',*,*,#3404,.T.);
#3462 = PLANE('',#3463);
#3463 = AXIS2_PLACEMENT_3D('',#3464,#3465,#3466);
#3464 = CARTESIAN_POINT('',(14.84,-7.22,-8.2));
#3465 = DIRECTION('',(-1.,2.22044604925E-15,0.));
#3466 = DIRECTION('',(-2.22044604925E-15,-1.,0.));
#3467 = ADVANCED_FACE('',(#3468),#3484,.F.);
#3468 = FACE_BOUND('',#3469,.T.);
#3469 = EDGE_LOOP('',(#3470,#3471,#3477,#3478));
#3470 = ORIENTED_EDGE('',*,*,#1809,.T.);
#3471 = ORIENTED_EDGE('',*,*,#3472,.F.);
#3472 = EDGE_CURVE('',#696,#1800,#3473,.T.);
#3473 = LINE('',#3474,#3475);
#3474 = CARTESIAN_POINT('',(12.3,-7.22,0.));
#3475 = VECTOR('',#3476,1.);
#3476 = DIRECTION('',(0.,0.,1.));
#3477 = ORIENTED_EDGE('',*,*,#721,.F.);
#3478 = ORIENTED_EDGE('',*,*,#3479,.T.);
#3479 = EDGE_CURVE('',#714,#1810,#3480,.T.);
#3480 = LINE('',#3481,#3482);
#3481 = CARTESIAN_POINT('',(13.1,-7.22,0.));
#3482 = VECTOR('',#3483,1.);
#3483 = DIRECTION('',(0.,0.,1.));
#3484 = PLANE('',#3485);
#3485 = AXIS2_PLACEMENT_3D('',#3486,#3487,#3488);
#3486 = CARTESIAN_POINT('',(13.1,-7.22,-8.2));
#3487 = DIRECTION('',(0.,1.,0.));
#3488 = DIRECTION('',(-1.,0.,0.));
#3489 = ADVANCED_FACE('',(#3490),#3501,.F.);
#3490 = FACE_BOUND('',#3491,.T.);
#3491 = EDGE_LOOP('',(#3492,#3493,#3494,#3495));
#3492 = ORIENTED_EDGE('',*,*,#1817,.T.);
#3493 = ORIENTED_EDGE('',*,*,#3479,.F.);
#3494 = ORIENTED_EDGE('',*,*,#713,.F.);
#3495 = ORIENTED_EDGE('',*,*,#3496,.T.);
#3496 = EDGE_CURVE('',#706,#1818,#3497,.T.);
#3497 = LINE('',#3498,#3499);
#3498 = CARTESIAN_POINT('',(13.1,-8.02,0.));
#3499 = VECTOR('',#3500,1.);
#3500 = DIRECTION('',(0.,0.,1.));
#3501 = PLANE('',#3502);
#3502 = AXIS2_PLACEMENT_3D('',#3503,#3504,#3505);
#3503 = CARTESIAN_POINT('',(13.1,-8.02,-8.2));
#3504 = DIRECTION('',(1.,-2.22044604925E-15,0.));
#3505 = DIRECTION('',(2.22044604925E-15,1.,0.));
#3506 = ADVANCED_FACE('',(#3507),#3518,.F.);
#3507 = FACE_BOUND('',#3508,.T.);
#3508 = EDGE_LOOP('',(#3509,#3510,#3511,#3512));
#3509 = ORIENTED_EDGE('',*,*,#1825,.T.);
#3510 = ORIENTED_EDGE('',*,*,#3496,.F.);
#3511 = ORIENTED_EDGE('',*,*,#705,.F.);
#3512 = ORIENTED_EDGE('',*,*,#3513,.T.);
#3513 = EDGE_CURVE('',#698,#1802,#3514,.T.);
#3514 = LINE('',#3515,#3516);
#3515 = CARTESIAN_POINT('',(12.3,-8.02,0.));
#3516 = VECTOR('',#3517,1.);
#3517 = DIRECTION('',(0.,0.,1.));
#3518 = PLANE('',#3519);
#3519 = AXIS2_PLACEMENT_3D('',#3520,#3521,#3522);
#3520 = CARTESIAN_POINT('',(12.3,-8.02,-8.2));
#3521 = DIRECTION('',(0.,-1.,0.));
#3522 = DIRECTION('',(1.,0.,0.));
#3523 = ADVANCED_FACE('',(#3524),#3530,.F.);
#3524 = FACE_BOUND('',#3525,.T.);
#3525 = EDGE_LOOP('',(#3526,#3527,#3528,#3529));
#3526 = ORIENTED_EDGE('',*,*,#1799,.T.);
#3527 = ORIENTED_EDGE('',*,*,#3513,.F.);
#3528 = ORIENTED_EDGE('',*,*,#695,.F.);
#3529 = ORIENTED_EDGE('',*,*,#3472,.T.);
#3530 = PLANE('',#3531);
#3531 = AXIS2_PLACEMENT_3D('',#3532,#3533,#3534);
#3532 = CARTESIAN_POINT('',(12.3,-7.22,-8.2));
#3533 = DIRECTION('',(-1.,2.22044604925E-15,0.));
#3534 = DIRECTION('',(-2.22044604925E-15,-1.,0.));
#3535 = ADVANCED_FACE('',(#3536),#3552,.F.);
#3536 = FACE_BOUND('',#3537,.T.);
#3537 = EDGE_LOOP('',(#3538,#3539,#3545,#3546));
#3538 = ORIENTED_EDGE('',*,*,#1775,.T.);
#3539 = ORIENTED_EDGE('',*,*,#3540,.F.);
#3540 = EDGE_CURVE('',#662,#1766,#3541,.T.);
#3541 = LINE('',#3542,#3543);
#3542 = CARTESIAN_POINT('',(9.76,-7.22,0.));
#3543 = VECTOR('',#3544,1.);
#3544 = DIRECTION('',(0.,0.,1.));
#3545 = ORIENTED_EDGE('',*,*,#687,.F.);
#3546 = ORIENTED_EDGE('',*,*,#3547,.T.);
#3547 = EDGE_CURVE('',#680,#1776,#3548,.T.);
#3548 = LINE('',#3549,#3550);
#3549 = CARTESIAN_POINT('',(10.56,-7.22,0.));
#3550 = VECTOR('',#3551,1.);
#3551 = DIRECTION('',(0.,0.,1.));
#3552 = PLANE('',#3553);
#3553 = AXIS2_PLACEMENT_3D('',#3554,#3555,#3556);
#3554 = CARTESIAN_POINT('',(10.56,-7.22,-8.2));
#3555 = DIRECTION('',(0.,1.,0.));
#3556 = DIRECTION('',(-1.,0.,0.));
#3557 = ADVANCED_FACE('',(#3558),#3569,.F.);
#3558 = FACE_BOUND('',#3559,.T.);
#3559 = EDGE_LOOP('',(#3560,#3561,#3562,#3563));
#3560 = ORIENTED_EDGE('',*,*,#1783,.T.);
#3561 = ORIENTED_EDGE('',*,*,#3547,.F.);
#3562 = ORIENTED_EDGE('',*,*,#679,.F.);
#3563 = ORIENTED_EDGE('',*,*,#3564,.T.);
#3564 = EDGE_CURVE('',#672,#1784,#3565,.T.);
#3565 = LINE('',#3566,#3567);
#3566 = CARTESIAN_POINT('',(10.56,-8.02,0.));
#3567 = VECTOR('',#3568,1.);
#3568 = DIRECTION('',(0.,0.,1.));
#3569 = PLANE('',#3570);
#3570 = AXIS2_PLACEMENT_3D('',#3571,#3572,#3573);
#3571 = CARTESIAN_POINT('',(10.56,-8.02,-8.2));
#3572 = DIRECTION('',(1.,-2.22044604925E-15,0.));
#3573 = DIRECTION('',(2.22044604925E-15,1.,0.));
#3574 = ADVANCED_FACE('',(#3575),#3586,.F.);
#3575 = FACE_BOUND('',#3576,.T.);
#3576 = EDGE_LOOP('',(#3577,#3578,#3579,#3580));
#3577 = ORIENTED_EDGE('',*,*,#1791,.T.);
#3578 = ORIENTED_EDGE('',*,*,#3564,.F.);
#3579 = ORIENTED_EDGE('',*,*,#671,.F.);
#3580 = ORIENTED_EDGE('',*,*,#3581,.T.);
#3581 = EDGE_CURVE('',#664,#1768,#3582,.T.);
#3582 = LINE('',#3583,#3584);
#3583 = CARTESIAN_POINT('',(9.76,-8.02,0.));
#3584 = VECTOR('',#3585,1.);
#3585 = DIRECTION('',(0.,0.,1.));
#3586 = PLANE('',#3587);
#3587 = AXIS2_PLACEMENT_3D('',#3588,#3589,#3590);
#3588 = CARTESIAN_POINT('',(9.76,-8.02,-8.2));
#3589 = DIRECTION('',(0.,-1.,0.));
#3590 = DIRECTION('',(1.,0.,0.));
#3591 = ADVANCED_FACE('',(#3592),#3598,.F.);
#3592 = FACE_BOUND('',#3593,.T.);
#3593 = EDGE_LOOP('',(#3594,#3595,#3596,#3597));
#3594 = ORIENTED_EDGE('',*,*,#1765,.T.);
#3595 = ORIENTED_EDGE('',*,*,#3581,.F.);
#3596 = ORIENTED_EDGE('',*,*,#661,.F.);
#3597 = ORIENTED_EDGE('',*,*,#3540,.T.);
#3598 = PLANE('',#3599);
#3599 = AXIS2_PLACEMENT_3D('',#3600,#3601,#3602);
#3600 = CARTESIAN_POINT('',(9.76,-7.22,-8.2));
#3601 = DIRECTION('',(-1.,2.22044604925E-15,0.));
#3602 = DIRECTION('',(-2.22044604925E-15,-1.,0.));
#3603 = ADVANCED_FACE('',(#3604),#3620,.F.);
#3604 = FACE_BOUND('',#3605,.T.);
#3605 = EDGE_LOOP('',(#3606,#3607,#3613,#3614));
#3606 = ORIENTED_EDGE('',*,*,#1741,.T.);
#3607 = ORIENTED_EDGE('',*,*,#3608,.F.);
#3608 = EDGE_CURVE('',#628,#1732,#3609,.T.);
#3609 = LINE('',#3610,#3611);
#3610 = CARTESIAN_POINT('',(7.22,-7.22,0.));
#3611 = VECTOR('',#3612,1.);
#3612 = DIRECTION('',(0.,0.,1.));
#3613 = ORIENTED_EDGE('',*,*,#653,.F.);
#3614 = ORIENTED_EDGE('',*,*,#3615,.T.);
#3615 = EDGE_CURVE('',#646,#1742,#3616,.T.);
#3616 = LINE('',#3617,#3618);
#3617 = CARTESIAN_POINT('',(8.02,-7.22,0.));
#3618 = VECTOR('',#3619,1.);
#3619 = DIRECTION('',(0.,0.,1.));
#3620 = PLANE('',#3621);
#3621 = AXIS2_PLACEMENT_3D('',#3622,#3623,#3624);
#3622 = CARTESIAN_POINT('',(8.02,-7.22,-8.2));
#3623 = DIRECTION('',(0.,1.,0.));
#3624 = DIRECTION('',(-1.,0.,0.));
#3625 = ADVANCED_FACE('',(#3626),#3637,.F.);
#3626 = FACE_BOUND('',#3627,.T.);
#3627 = EDGE_LOOP('',(#3628,#3629,#3630,#3631));
#3628 = ORIENTED_EDGE('',*,*,#1749,.T.);
#3629 = ORIENTED_EDGE('',*,*,#3615,.F.);
#3630 = ORIENTED_EDGE('',*,*,#645,.F.);
#3631 = ORIENTED_EDGE('',*,*,#3632,.T.);
#3632 = EDGE_CURVE('',#638,#1750,#3633,.T.);
#3633 = LINE('',#3634,#3635);
#3634 = CARTESIAN_POINT('',(8.02,-8.02,0.));
#3635 = VECTOR('',#3636,1.);
#3636 = DIRECTION('',(0.,0.,1.));
#3637 = PLANE('',#3638);
#3638 = AXIS2_PLACEMENT_3D('',#3639,#3640,#3641);
#3639 = CARTESIAN_POINT('',(8.02,-8.02,-8.2));
#3640 = DIRECTION('',(1.,-2.22044604925E-15,0.));
#3641 = DIRECTION('',(2.22044604925E-15,1.,0.));
#3642 = ADVANCED_FACE('',(#3643),#3654,.F.);
#3643 = FACE_BOUND('',#3644,.T.);
#3644 = EDGE_LOOP('',(#3645,#3646,#3647,#3648));
#3645 = ORIENTED_EDGE('',*,*,#1757,.T.);
#3646 = ORIENTED_EDGE('',*,*,#3632,.F.);
#3647 = ORIENTED_EDGE('',*,*,#637,.F.);
#3648 = ORIENTED_EDGE('',*,*,#3649,.T.);
#3649 = EDGE_CURVE('',#630,#1734,#3650,.T.);
#3650 = LINE('',#3651,#3652);
#3651 = CARTESIAN_POINT('',(7.22,-8.02,0.));
#3652 = VECTOR('',#3653,1.);
#3653 = DIRECTION('',(0.,0.,1.));
#3654 = PLANE('',#3655);
#3655 = AXIS2_PLACEMENT_3D('',#3656,#3657,#3658);
#3656 = CARTESIAN_POINT('',(7.22,-8.02,-8.2));
#3657 = DIRECTION('',(-2.22044604925E-15,-1.,0.));
#3658 = DIRECTION('',(1.,-2.22044604925E-15,0.));
#3659 = ADVANCED_FACE('',(#3660),#3666,.F.);
#3660 = FACE_BOUND('',#3661,.T.);
#3661 = EDGE_LOOP('',(#3662,#3663,#3664,#3665));
#3662 = ORIENTED_EDGE('',*,*,#1731,.T.);
#3663 = ORIENTED_EDGE('',*,*,#3649,.F.);
#3664 = ORIENTED_EDGE('',*,*,#627,.F.);
#3665 = ORIENTED_EDGE('',*,*,#3608,.T.);
#3666 = PLANE('',#3667);
#3667 = AXIS2_PLACEMENT_3D('',#3668,#3669,#3670);
#3668 = CARTESIAN_POINT('',(7.22,-7.22,-8.2));
#3669 = DIRECTION('',(-1.,0.,0.));
#3670 = DIRECTION('',(0.,-1.,0.));
#3671 = ADVANCED_FACE('',(#3672),#3688,.F.);
#3672 = FACE_BOUND('',#3673,.T.);
#3673 = EDGE_LOOP('',(#3674,#3675,#3681,#3682));
#3674 = ORIENTED_EDGE('',*,*,#1707,.T.);
#3675 = ORIENTED_EDGE('',*,*,#3676,.F.);
#3676 = EDGE_CURVE('',#594,#1698,#3677,.T.);
#3677 = LINE('',#3678,#3679);
#3678 = CARTESIAN_POINT('',(4.68,-7.22,0.));
#3679 = VECTOR('',#3680,1.);
#3680 = DIRECTION('',(0.,0.,1.));
#3681 = ORIENTED_EDGE('',*,*,#619,.F.);
#3682 = ORIENTED_EDGE('',*,*,#3683,.T.);
#3683 = EDGE_CURVE('',#612,#1708,#3684,.T.);
#3684 = LINE('',#3685,#3686);
#3685 = CARTESIAN_POINT('',(5.48,-7.22,0.));
#3686 = VECTOR('',#3687,1.);
#3687 = DIRECTION('',(0.,0.,1.));
#3688 = PLANE('',#3689);
#3689 = AXIS2_PLACEMENT_3D('',#3690,#3691,#3692);
#3690 = CARTESIAN_POINT('',(5.48,-7.22,-8.2));
#3691 = DIRECTION('',(0.,1.,0.));
#3692 = DIRECTION('',(-1.,0.,0.));
#3693 = ADVANCED_FACE('',(#3694),#3705,.F.);
#3694 = FACE_BOUND('',#3695,.T.);
#3695 = EDGE_LOOP('',(#3696,#3697,#3698,#3699));
#3696 = ORIENTED_EDGE('',*,*,#1715,.T.);
#3697 = ORIENTED_EDGE('',*,*,#3683,.F.);
#3698 = ORIENTED_EDGE('',*,*,#611,.F.);
#3699 = ORIENTED_EDGE('',*,*,#3700,.T.);
#3700 = EDGE_CURVE('',#604,#1716,#3701,.T.);
#3701 = LINE('',#3702,#3703);
#3702 = CARTESIAN_POINT('',(5.48,-8.02,0.));
#3703 = VECTOR('',#3704,1.);
#3704 = DIRECTION('',(0.,0.,1.));
#3705 = PLANE('',#3706);
#3706 = AXIS2_PLACEMENT_3D('',#3707,#3708,#3709);
#3707 = CARTESIAN_POINT('',(5.48,-8.02,-8.2));
#3708 = DIRECTION('',(1.,0.,0.));
#3709 = DIRECTION('',(-0.,1.,0.));
#3710 = ADVANCED_FACE('',(#3711),#3722,.F.);
#3711 = FACE_BOUND('',#3712,.T.);
#3712 = EDGE_LOOP('',(#3713,#3714,#3715,#3716));
#3713 = ORIENTED_EDGE('',*,*,#1723,.T.);
#3714 = ORIENTED_EDGE('',*,*,#3700,.F.);
#3715 = ORIENTED_EDGE('',*,*,#603,.F.);
#3716 = ORIENTED_EDGE('',*,*,#3717,.T.);
#3717 = EDGE_CURVE('',#596,#1700,#3718,.T.);
#3718 = LINE('',#3719,#3720);
#3719 = CARTESIAN_POINT('',(4.68,-8.02,0.));
#3720 = VECTOR('',#3721,1.);
#3721 = DIRECTION('',(0.,0.,1.));
#3722 = PLANE('',#3723);
#3723 = AXIS2_PLACEMENT_3D('',#3724,#3725,#3726);
#3724 = CARTESIAN_POINT('',(4.68,-8.02,-8.2));
#3725 = DIRECTION('',(0.,-1.,0.));
#3726 = DIRECTION('',(1.,0.,0.));
#3727 = ADVANCED_FACE('',(#3728),#3734,.F.);
#3728 = FACE_BOUND('',#3729,.T.);
#3729 = EDGE_LOOP('',(#3730,#3731,#3732,#3733));
#3730 = ORIENTED_EDGE('',*,*,#1697,.T.);
#3731 = ORIENTED_EDGE('',*,*,#3717,.F.);
#3732 = ORIENTED_EDGE('',*,*,#593,.F.);
#3733 = ORIENTED_EDGE('',*,*,#3676,.T.);
#3734 = PLANE('',#3735);
#3735 = AXIS2_PLACEMENT_3D('',#3736,#3737,#3738);
#3736 = CARTESIAN_POINT('',(4.68,-7.22,-8.2));
#3737 = DIRECTION('',(-1.,0.,0.));
#3738 = DIRECTION('',(0.,-1.,0.));
#3739 = ADVANCED_FACE('',(#3740),#3756,.F.);
#3740 = FACE_BOUND('',#3741,.T.);
#3741 = EDGE_LOOP('',(#3742,#3743,#3749,#3750));
#3742 = ORIENTED_EDGE('',*,*,#1673,.T.);
#3743 = ORIENTED_EDGE('',*,*,#3744,.F.);
#3744 = EDGE_CURVE('',#560,#1664,#3745,.T.);
#3745 = LINE('',#3746,#3747);
#3746 = CARTESIAN_POINT('',(2.14,-7.22,0.));
#3747 = VECTOR('',#3748,1.);
#3748 = DIRECTION('',(0.,0.,1.));
#3749 = ORIENTED_EDGE('',*,*,#585,.F.);
#3750 = ORIENTED_EDGE('',*,*,#3751,.T.);
#3751 = EDGE_CURVE('',#578,#1674,#3752,.T.);
#3752 = LINE('',#3753,#3754);
#3753 = CARTESIAN_POINT('',(2.94,-7.22,0.));
#3754 = VECTOR('',#3755,1.);
#3755 = DIRECTION('',(0.,0.,1.));
#3756 = PLANE('',#3757);
#3757 = AXIS2_PLACEMENT_3D('',#3758,#3759,#3760);
#3758 = CARTESIAN_POINT('',(2.94,-7.22,-8.2));
#3759 = DIRECTION('',(0.,1.,0.));
#3760 = DIRECTION('',(-1.,0.,0.));
#3761 = ADVANCED_FACE('',(#3762),#3773,.F.);
#3762 = FACE_BOUND('',#3763,.T.);
#3763 = EDGE_LOOP('',(#3764,#3765,#3766,#3767));
#3764 = ORIENTED_EDGE('',*,*,#1681,.T.);
#3765 = ORIENTED_EDGE('',*,*,#3751,.F.);
#3766 = ORIENTED_EDGE('',*,*,#577,.F.);
#3767 = ORIENTED_EDGE('',*,*,#3768,.T.);
#3768 = EDGE_CURVE('',#570,#1682,#3769,.T.);
#3769 = LINE('',#3770,#3771);
#3770 = CARTESIAN_POINT('',(2.94,-8.02,0.));
#3771 = VECTOR('',#3772,1.);
#3772 = DIRECTION('',(0.,0.,1.));
#3773 = PLANE('',#3774);
#3774 = AXIS2_PLACEMENT_3D('',#3775,#3776,#3777);
#3775 = CARTESIAN_POINT('',(2.94,-8.02,-8.2));
#3776 = DIRECTION('',(1.,0.,0.));
#3777 = DIRECTION('',(-0.,1.,0.));
#3778 = ADVANCED_FACE('',(#3779),#3790,.F.);
#3779 = FACE_BOUND('',#3780,.T.);
#3780 = EDGE_LOOP('',(#3781,#3782,#3783,#3784));
#3781 = ORIENTED_EDGE('',*,*,#1689,.T.);
#3782 = ORIENTED_EDGE('',*,*,#3768,.F.);
#3783 = ORIENTED_EDGE('',*,*,#569,.F.);
#3784 = ORIENTED_EDGE('',*,*,#3785,.T.);
#3785 = EDGE_CURVE('',#562,#1666,#3786,.T.);
#3786 = LINE('',#3787,#3788);
#3787 = CARTESIAN_POINT('',(2.14,-8.02,0.));
#3788 = VECTOR('',#3789,1.);
#3789 = DIRECTION('',(0.,0.,1.));
#3790 = PLANE('',#3791);
#3791 = AXIS2_PLACEMENT_3D('',#3792,#3793,#3794);
#3792 = CARTESIAN_POINT('',(2.14,-8.02,-8.2));
#3793 = DIRECTION('',(0.,-1.,0.));
#3794 = DIRECTION('',(1.,0.,0.));
#3795 = ADVANCED_FACE('',(#3796),#3802,.F.);
#3796 = FACE_BOUND('',#3797,.T.);
#3797 = EDGE_LOOP('',(#3798,#3799,#3800,#3801));
#3798 = ORIENTED_EDGE('',*,*,#1663,.T.);
#3799 = ORIENTED_EDGE('',*,*,#3785,.F.);
#3800 = ORIENTED_EDGE('',*,*,#559,.F.);
#3801 = ORIENTED_EDGE('',*,*,#3744,.T.);
#3802 = PLANE('',#3803);
#3803 = AXIS2_PLACEMENT_3D('',#3804,#3805,#3806);
#3804 = CARTESIAN_POINT('',(2.14,-7.22,-8.2));
#3805 = DIRECTION('',(-1.,0.,0.));
#3806 = DIRECTION('',(0.,-1.,0.));
#3807 = ADVANCED_FACE('',(#3808),#3824,.F.);
#3808 = FACE_BOUND('',#3809,.T.);
#3809 = EDGE_LOOP('',(#3810,#3811,#3817,#3818));
#3810 = ORIENTED_EDGE('',*,*,#1639,.T.);
#3811 = ORIENTED_EDGE('',*,*,#3812,.F.);
#3812 = EDGE_CURVE('',#526,#1630,#3813,.T.);
#3813 = LINE('',#3814,#3815);
#3814 = CARTESIAN_POINT('',(-0.4,-7.22,0.));
#3815 = VECTOR('',#3816,1.);
#3816 = DIRECTION('',(0.,0.,1.));
#3817 = ORIENTED_EDGE('',*,*,#551,.F.);
#3818 = ORIENTED_EDGE('',*,*,#3819,.T.);
#3819 = EDGE_CURVE('',#544,#1640,#3820,.T.);
#3820 = LINE('',#3821,#3822);
#3821 = CARTESIAN_POINT('',(0.4,-7.22,0.));
#3822 = VECTOR('',#3823,1.);
#3823 = DIRECTION('',(0.,0.,1.));
#3824 = PLANE('',#3825);
#3825 = AXIS2_PLACEMENT_3D('',#3826,#3827,#3828);
#3826 = CARTESIAN_POINT('',(0.4,-7.22,-8.2));
#3827 = DIRECTION('',(0.,1.,0.));
#3828 = DIRECTION('',(-1.,0.,0.));
#3829 = ADVANCED_FACE('',(#3830),#3841,.F.);
#3830 = FACE_BOUND('',#3831,.T.);
#3831 = EDGE_LOOP('',(#3832,#3833,#3834,#3835));
#3832 = ORIENTED_EDGE('',*,*,#1647,.T.);
#3833 = ORIENTED_EDGE('',*,*,#3819,.F.);
#3834 = ORIENTED_EDGE('',*,*,#543,.F.);
#3835 = ORIENTED_EDGE('',*,*,#3836,.T.);
#3836 = EDGE_CURVE('',#536,#1648,#3837,.T.);
#3837 = LINE('',#3838,#3839);
#3838 = CARTESIAN_POINT('',(0.4,-8.02,0.));
#3839 = VECTOR('',#3840,1.);
#3840 = DIRECTION('',(0.,0.,1.));
#3841 = PLANE('',#3842);
#3842 = AXIS2_PLACEMENT_3D('',#3843,#3844,#3845);
#3843 = CARTESIAN_POINT('',(0.4,-8.02,-8.2));
#3844 = DIRECTION('',(1.,-1.387778780781E-16,0.));
#3845 = DIRECTION('',(1.387778780781E-16,1.,0.));
#3846 = ADVANCED_FACE('',(#3847),#3858,.F.);
#3847 = FACE_BOUND('',#3848,.T.);
#3848 = EDGE_LOOP('',(#3849,#3850,#3851,#3852));
#3849 = ORIENTED_EDGE('',*,*,#1655,.T.);
#3850 = ORIENTED_EDGE('',*,*,#3836,.F.);
#3851 = ORIENTED_EDGE('',*,*,#535,.F.);
#3852 = ORIENTED_EDGE('',*,*,#3853,.T.);
#3853 = EDGE_CURVE('',#528,#1632,#3854,.T.);
#3854 = LINE('',#3855,#3856);
#3855 = CARTESIAN_POINT('',(-0.4,-8.02,0.));
#3856 = VECTOR('',#3857,1.);
#3857 = DIRECTION('',(0.,0.,1.));
#3858 = PLANE('',#3859);
#3859 = AXIS2_PLACEMENT_3D('',#3860,#3861,#3862);
#3860 = CARTESIAN_POINT('',(-0.4,-8.02,-8.2));
#3861 = DIRECTION('',(0.,-1.,0.));
#3862 = DIRECTION('',(1.,0.,0.));
#3863 = ADVANCED_FACE('',(#3864),#3870,.F.);
#3864 = FACE_BOUND('',#3865,.T.);
#3865 = EDGE_LOOP('',(#3866,#3867,#3868,#3869));
#3866 = ORIENTED_EDGE('',*,*,#1629,.T.);
#3867 = ORIENTED_EDGE('',*,*,#3853,.F.);
#3868 = ORIENTED_EDGE('',*,*,#525,.F.);
#3869 = ORIENTED_EDGE('',*,*,#3812,.T.);
#3870 = PLANE('',#3871);
#3871 = AXIS2_PLACEMENT_3D('',#3872,#3873,#3874);
#3872 = CARTESIAN_POINT('',(-0.4,-7.22,-8.2));
#3873 = DIRECTION('',(-1.,1.387778780781E-16,0.));
#3874 = DIRECTION('',(-1.387778780781E-16,-1.,0.));
#3875 = ADVANCED_FACE('',(#3876),#3892,.F.);
#3876 = FACE_BOUND('',#3877,.T.);
#3877 = EDGE_LOOP('',(#3878,#3879,#3885,#3886));
#3878 = ORIENTED_EDGE('',*,*,#1605,.T.);
#3879 = ORIENTED_EDGE('',*,*,#3880,.F.);
#3880 = EDGE_CURVE('',#492,#1596,#3881,.T.);
#3881 = LINE('',#3882,#3883);
#3882 = CARTESIAN_POINT('',(-2.94,-7.22,0.));
#3883 = VECTOR('',#3884,1.);
#3884 = DIRECTION('',(0.,0.,1.));
#3885 = ORIENTED_EDGE('',*,*,#517,.F.);
#3886 = ORIENTED_EDGE('',*,*,#3887,.T.);
#3887 = EDGE_CURVE('',#510,#1606,#3888,.T.);
#3888 = LINE('',#3889,#3890);
#3889 = CARTESIAN_POINT('',(-2.14,-7.22,0.));
#3890 = VECTOR('',#3891,1.);
#3891 = DIRECTION('',(0.,0.,1.));
#3892 = PLANE('',#3893);
#3893 = AXIS2_PLACEMENT_3D('',#3894,#3895,#3896);
#3894 = CARTESIAN_POINT('',(-2.14,-7.22,-8.2));
#3895 = DIRECTION('',(0.,1.,0.));
#3896 = DIRECTION('',(-1.,0.,0.));
#3897 = ADVANCED_FACE('',(#3898),#3909,.F.);
#3898 = FACE_BOUND('',#3899,.T.);
#3899 = EDGE_LOOP('',(#3900,#3901,#3902,#3903));
#3900 = ORIENTED_EDGE('',*,*,#1613,.T.);
#3901 = ORIENTED_EDGE('',*,*,#3887,.F.);
#3902 = ORIENTED_EDGE('',*,*,#509,.F.);
#3903 = ORIENTED_EDGE('',*,*,#3904,.T.);
#3904 = EDGE_CURVE('',#502,#1614,#3905,.T.);
#3905 = LINE('',#3906,#3907);
#3906 = CARTESIAN_POINT('',(-2.14,-8.02,0.));
#3907 = VECTOR('',#3908,1.);
#3908 = DIRECTION('',(0.,0.,1.));
#3909 = PLANE('',#3910);
#3910 = AXIS2_PLACEMENT_3D('',#3911,#3912,#3913);
#3911 = CARTESIAN_POINT('',(-2.14,-8.02,-8.2));
#3912 = DIRECTION('',(1.,0.,0.));
#3913 = DIRECTION('',(-0.,1.,0.));
#3914 = ADVANCED_FACE('',(#3915),#3926,.F.);
#3915 = FACE_BOUND('',#3916,.T.);
#3916 = EDGE_LOOP('',(#3917,#3918,#3919,#3920));
#3917 = ORIENTED_EDGE('',*,*,#1621,.T.);
#3918 = ORIENTED_EDGE('',*,*,#3904,.F.);
#3919 = ORIENTED_EDGE('',*,*,#501,.F.);
#3920 = ORIENTED_EDGE('',*,*,#3921,.T.);
#3921 = EDGE_CURVE('',#494,#1598,#3922,.T.);
#3922 = LINE('',#3923,#3924);
#3923 = CARTESIAN_POINT('',(-2.94,-8.02,0.));
#3924 = VECTOR('',#3925,1.);
#3925 = DIRECTION('',(0.,0.,1.));
#3926 = PLANE('',#3927);
#3927 = AXIS2_PLACEMENT_3D('',#3928,#3929,#3930);
#3928 = CARTESIAN_POINT('',(-2.94,-8.02,-8.2));
#3929 = DIRECTION('',(0.,-1.,0.));
#3930 = DIRECTION('',(1.,0.,0.));
#3931 = ADVANCED_FACE('',(#3932),#3938,.F.);
#3932 = FACE_BOUND('',#3933,.T.);
#3933 = EDGE_LOOP('',(#3934,#3935,#3936,#3937));
#3934 = ORIENTED_EDGE('',*,*,#1595,.T.);
#3935 = ORIENTED_EDGE('',*,*,#3921,.F.);
#3936 = ORIENTED_EDGE('',*,*,#491,.F.);
#3937 = ORIENTED_EDGE('',*,*,#3880,.T.);
#3938 = PLANE('',#3939);
#3939 = AXIS2_PLACEMENT_3D('',#3940,#3941,#3942);
#3940 = CARTESIAN_POINT('',(-2.94,-7.22,-8.2));
#3941 = DIRECTION('',(-1.,0.,0.));
#3942 = DIRECTION('',(0.,-1.,0.));
#3943 = ADVANCED_FACE('',(#3944),#3960,.F.);
#3944 = FACE_BOUND('',#3945,.T.);
#3945 = EDGE_LOOP('',(#3946,#3947,#3953,#3954));
#3946 = ORIENTED_EDGE('',*,*,#1571,.T.);
#3947 = ORIENTED_EDGE('',*,*,#3948,.F.);
#3948 = EDGE_CURVE('',#458,#1562,#3949,.T.);
#3949 = LINE('',#3950,#3951);
#3950 = CARTESIAN_POINT('',(-5.48,-7.22,0.));
#3951 = VECTOR('',#3952,1.);
#3952 = DIRECTION('',(0.,0.,1.));
#3953 = ORIENTED_EDGE('',*,*,#483,.F.);
#3954 = ORIENTED_EDGE('',*,*,#3955,.T.);
#3955 = EDGE_CURVE('',#476,#1572,#3956,.T.);
#3956 = LINE('',#3957,#3958);
#3957 = CARTESIAN_POINT('',(-4.68,-7.22,0.));
#3958 = VECTOR('',#3959,1.);
#3959 = DIRECTION('',(0.,0.,1.));
#3960 = PLANE('',#3961);
#3961 = AXIS2_PLACEMENT_3D('',#3962,#3963,#3964);
#3962 = CARTESIAN_POINT('',(-4.68,-7.22,-8.2));
#3963 = DIRECTION('',(0.,1.,0.));
#3964 = DIRECTION('',(-1.,0.,0.));
#3965 = ADVANCED_FACE('',(#3966),#3977,.F.);
#3966 = FACE_BOUND('',#3967,.T.);
#3967 = EDGE_LOOP('',(#3968,#3969,#3970,#3971));
#3968 = ORIENTED_EDGE('',*,*,#1579,.T.);
#3969 = ORIENTED_EDGE('',*,*,#3955,.F.);
#3970 = ORIENTED_EDGE('',*,*,#475,.F.);
#3971 = ORIENTED_EDGE('',*,*,#3972,.T.);
#3972 = EDGE_CURVE('',#468,#1580,#3973,.T.);
#3973 = LINE('',#3974,#3975);
#3974 = CARTESIAN_POINT('',(-4.68,-8.02,0.));
#3975 = VECTOR('',#3976,1.);
#3976 = DIRECTION('',(0.,0.,1.));
#3977 = PLANE('',#3978);
#3978 = AXIS2_PLACEMENT_3D('',#3979,#3980,#3981);
#3979 = CARTESIAN_POINT('',(-4.68,-8.02,-8.2));
#3980 = DIRECTION('',(1.,0.,0.));
#3981 = DIRECTION('',(-0.,1.,0.));
#3982 = ADVANCED_FACE('',(#3983),#3994,.F.);
#3983 = FACE_BOUND('',#3984,.T.);
#3984 = EDGE_LOOP('',(#3985,#3986,#3987,#3988));
#3985 = ORIENTED_EDGE('',*,*,#1587,.T.);
#3986 = ORIENTED_EDGE('',*,*,#3972,.F.);
#3987 = ORIENTED_EDGE('',*,*,#467,.F.);
#3988 = ORIENTED_EDGE('',*,*,#3989,.T.);
#3989 = EDGE_CURVE('',#460,#1564,#3990,.T.);
#3990 = LINE('',#3991,#3992);
#3991 = CARTESIAN_POINT('',(-5.48,-8.02,0.));
#3992 = VECTOR('',#3993,1.);
#3993 = DIRECTION('',(0.,0.,1.));
#3994 = PLANE('',#3995);
#3995 = AXIS2_PLACEMENT_3D('',#3996,#3997,#3998);
#3996 = CARTESIAN_POINT('',(-5.48,-8.02,-8.2));
#3997 = DIRECTION('',(0.,-1.,0.));
#3998 = DIRECTION('',(1.,0.,0.));
#3999 = ADVANCED_FACE('',(#4000),#4006,.F.);
#4000 = FACE_BOUND('',#4001,.T.);
#4001 = EDGE_LOOP('',(#4002,#4003,#4004,#4005));
#4002 = ORIENTED_EDGE('',*,*,#1561,.T.);
#4003 = ORIENTED_EDGE('',*,*,#3989,.F.);
#4004 = ORIENTED_EDGE('',*,*,#457,.F.);
#4005 = ORIENTED_EDGE('',*,*,#3948,.T.);
#4006 = PLANE('',#4007);
#4007 = AXIS2_PLACEMENT_3D('',#4008,#4009,#4010);
#4008 = CARTESIAN_POINT('',(-5.48,-7.22,-8.2));
#4009 = DIRECTION('',(-1.,0.,0.));
#4010 = DIRECTION('',(0.,-1.,0.));
#4011 = ADVANCED_FACE('',(#4012),#4028,.F.);
#4012 = FACE_BOUND('',#4013,.T.);
#4013 = EDGE_LOOP('',(#4014,#4015,#4021,#4022));
#4014 = ORIENTED_EDGE('',*,*,#1537,.T.);
#4015 = ORIENTED_EDGE('',*,*,#4016,.F.);
#4016 = EDGE_CURVE('',#424,#1528,#4017,.T.);
#4017 = LINE('',#4018,#4019);
#4018 = CARTESIAN_POINT('',(-8.02,-7.22,0.));
#4019 = VECTOR('',#4020,1.);
#4020 = DIRECTION('',(0.,0.,1.));
#4021 = ORIENTED_EDGE('',*,*,#449,.F.);
#4022 = ORIENTED_EDGE('',*,*,#4023,.T.);
#4023 = EDGE_CURVE('',#442,#1538,#4024,.T.);
#4024 = LINE('',#4025,#4026);
#4025 = CARTESIAN_POINT('',(-7.22,-7.22,0.));
#4026 = VECTOR('',#4027,1.);
#4027 = DIRECTION('',(0.,0.,1.));
#4028 = PLANE('',#4029);
#4029 = AXIS2_PLACEMENT_3D('',#4030,#4031,#4032);
#4030 = CARTESIAN_POINT('',(-7.22,-7.22,-8.2));
#4031 = DIRECTION('',(0.,1.,0.));
#4032 = DIRECTION('',(-1.,0.,0.));
#4033 = ADVANCED_FACE('',(#4034),#4045,.F.);
#4034 = FACE_BOUND('',#4035,.T.);
#4035 = EDGE_LOOP('',(#4036,#4037,#4038,#4039));
#4036 = ORIENTED_EDGE('',*,*,#1545,.T.);
#4037 = ORIENTED_EDGE('',*,*,#4023,.F.);
#4038 = ORIENTED_EDGE('',*,*,#441,.F.);
#4039 = ORIENTED_EDGE('',*,*,#4040,.T.);
#4040 = EDGE_CURVE('',#434,#1546,#4041,.T.);
#4041 = LINE('',#4042,#4043);
#4042 = CARTESIAN_POINT('',(-7.22,-8.02,0.));
#4043 = VECTOR('',#4044,1.);
#4044 = DIRECTION('',(0.,0.,1.));
#4045 = PLANE('',#4046);
#4046 = AXIS2_PLACEMENT_3D('',#4047,#4048,#4049);
#4047 = CARTESIAN_POINT('',(-7.22,-8.02,-8.2));
#4048 = DIRECTION('',(1.,0.,0.));
#4049 = DIRECTION('',(-0.,1.,0.));
#4050 = ADVANCED_FACE('',(#4051),#4062,.F.);
#4051 = FACE_BOUND('',#4052,.T.);
#4052 = EDGE_LOOP('',(#4053,#4054,#4055,#4056));
#4053 = ORIENTED_EDGE('',*,*,#1553,.T.);
#4054 = ORIENTED_EDGE('',*,*,#4040,.F.);
#4055 = ORIENTED_EDGE('',*,*,#433,.F.);
#4056 = ORIENTED_EDGE('',*,*,#4057,.T.);
#4057 = EDGE_CURVE('',#426,#1530,#4058,.T.);
#4058 = LINE('',#4059,#4060);
#4059 = CARTESIAN_POINT('',(-8.02,-8.02,0.));
#4060 = VECTOR('',#4061,1.);
#4061 = DIRECTION('',(0.,0.,1.));
#4062 = PLANE('',#4063);
#4063 = AXIS2_PLACEMENT_3D('',#4064,#4065,#4066);
#4064 = CARTESIAN_POINT('',(-8.02,-8.02,-8.2));
#4065 = DIRECTION('',(-2.22044604925E-15,-1.,0.));
#4066 = DIRECTION('',(1.,-2.22044604925E-15,0.));
#4067 = ADVANCED_FACE('',(#4068),#4074,.F.);
#4068 = FACE_BOUND('',#4069,.T.);
#4069 = EDGE_LOOP('',(#4070,#4071,#4072,#4073));
#4070 = ORIENTED_EDGE('',*,*,#1527,.T.);
#4071 = ORIENTED_EDGE('',*,*,#4057,.F.);
#4072 = ORIENTED_EDGE('',*,*,#423,.F.);
#4073 = ORIENTED_EDGE('',*,*,#4016,.T.);
#4074 = PLANE('',#4075);
#4075 = AXIS2_PLACEMENT_3D('',#4076,#4077,#4078);
#4076 = CARTESIAN_POINT('',(-8.02,-7.22,-8.2));
#4077 = DIRECTION('',(-1.,2.22044604925E-15,0.));
#4078 = DIRECTION('',(-2.22044604925E-15,-1.,0.));
#4079 = ADVANCED_FACE('',(#4080),#4096,.F.);
#4080 = FACE_BOUND('',#4081,.T.);
#4081 = EDGE_LOOP('',(#4082,#4083,#4089,#4090));
#4082 = ORIENTED_EDGE('',*,*,#1503,.T.);
#4083 = ORIENTED_EDGE('',*,*,#4084,.F.);
#4084 = EDGE_CURVE('',#390,#1494,#4085,.T.);
#4085 = LINE('',#4086,#4087);
#4086 = CARTESIAN_POINT('',(-10.56,-7.22,0.));
#4087 = VECTOR('',#4088,1.);
#4088 = DIRECTION('',(0.,0.,1.));
#4089 = ORIENTED_EDGE('',*,*,#415,.F.);
#4090 = ORIENTED_EDGE('',*,*,#4091,.T.);
#4091 = EDGE_CURVE('',#408,#1504,#4092,.T.);
#4092 = LINE('',#4093,#4094);
#4093 = CARTESIAN_POINT('',(-9.76,-7.22,0.));
#4094 = VECTOR('',#4095,1.);
#4095 = DIRECTION('',(0.,0.,1.));
#4096 = PLANE('',#4097);
#4097 = AXIS2_PLACEMENT_3D('',#4098,#4099,#4100);
#4098 = CARTESIAN_POINT('',(-9.76,-7.22,-8.2));
#4099 = DIRECTION('',(0.,1.,0.));
#4100 = DIRECTION('',(-1.,0.,0.));
#4101 = ADVANCED_FACE('',(#4102),#4113,.F.);
#4102 = FACE_BOUND('',#4103,.T.);
#4103 = EDGE_LOOP('',(#4104,#4105,#4106,#4107));
#4104 = ORIENTED_EDGE('',*,*,#1511,.T.);
#4105 = ORIENTED_EDGE('',*,*,#4091,.F.);
#4106 = ORIENTED_EDGE('',*,*,#407,.F.);
#4107 = ORIENTED_EDGE('',*,*,#4108,.T.);
#4108 = EDGE_CURVE('',#400,#1512,#4109,.T.);
#4109 = LINE('',#4110,#4111);
#4110 = CARTESIAN_POINT('',(-9.76,-8.02,0.));
#4111 = VECTOR('',#4112,1.);
#4112 = DIRECTION('',(0.,0.,1.));
#4113 = PLANE('',#4114);
#4114 = AXIS2_PLACEMENT_3D('',#4115,#4116,#4117);
#4115 = CARTESIAN_POINT('',(-9.76,-8.02,-8.2));
#4116 = DIRECTION('',(1.,-2.22044604925E-15,0.));
#4117 = DIRECTION('',(2.22044604925E-15,1.,0.));
#4118 = ADVANCED_FACE('',(#4119),#4130,.F.);
#4119 = FACE_BOUND('',#4120,.T.);
#4120 = EDGE_LOOP('',(#4121,#4122,#4123,#4124));
#4121 = ORIENTED_EDGE('',*,*,#1519,.T.);
#4122 = ORIENTED_EDGE('',*,*,#4108,.F.);
#4123 = ORIENTED_EDGE('',*,*,#399,.F.);
#4124 = ORIENTED_EDGE('',*,*,#4125,.T.);
#4125 = EDGE_CURVE('',#392,#1496,#4126,.T.);
#4126 = LINE('',#4127,#4128);
#4127 = CARTESIAN_POINT('',(-10.56,-8.02,0.));
#4128 = VECTOR('',#4129,1.);
#4129 = DIRECTION('',(0.,0.,1.));
#4130 = PLANE('',#4131);
#4131 = AXIS2_PLACEMENT_3D('',#4132,#4133,#4134);
#4132 = CARTESIAN_POINT('',(-10.56,-8.02,-8.2));
#4133 = DIRECTION('',(0.,-1.,0.));
#4134 = DIRECTION('',(1.,0.,0.));
#4135 = ADVANCED_FACE('',(#4136),#4142,.F.);
#4136 = FACE_BOUND('',#4137,.T.);
#4137 = EDGE_LOOP('',(#4138,#4139,#4140,#4141));
#4138 = ORIENTED_EDGE('',*,*,#1493,.T.);
#4139 = ORIENTED_EDGE('',*,*,#4125,.F.);
#4140 = ORIENTED_EDGE('',*,*,#389,.F.);
#4141 = ORIENTED_EDGE('',*,*,#4084,.T.);
#4142 = PLANE('',#4143);
#4143 = AXIS2_PLACEMENT_3D('',#4144,#4145,#4146);
#4144 = CARTESIAN_POINT('',(-10.56,-7.22,-8.2));
#4145 = DIRECTION('',(-1.,2.22044604925E-15,0.));
#4146 = DIRECTION('',(-2.22044604925E-15,-1.,0.));
#4147 = ADVANCED_FACE('',(#4148),#4164,.F.);
#4148 = FACE_BOUND('',#4149,.T.);
#4149 = EDGE_LOOP('',(#4150,#4151,#4157,#4158));
#4150 = ORIENTED_EDGE('',*,*,#1469,.T.);
#4151 = ORIENTED_EDGE('',*,*,#4152,.F.);
#4152 = EDGE_CURVE('',#356,#1460,#4153,.T.);
#4153 = LINE('',#4154,#4155);
#4154 = CARTESIAN_POINT('',(-13.1,-7.22,0.));
#4155 = VECTOR('',#4156,1.);
#4156 = DIRECTION('',(0.,0.,1.));
#4157 = ORIENTED_EDGE('',*,*,#381,.F.);
#4158 = ORIENTED_EDGE('',*,*,#4159,.T.);
#4159 = EDGE_CURVE('',#374,#1470,#4160,.T.);
#4160 = LINE('',#4161,#4162);
#4161 = CARTESIAN_POINT('',(-12.3,-7.22,0.));
#4162 = VECTOR('',#4163,1.);
#4163 = DIRECTION('',(0.,0.,1.));
#4164 = PLANE('',#4165);
#4165 = AXIS2_PLACEMENT_3D('',#4166,#4167,#4168);
#4166 = CARTESIAN_POINT('',(-12.3,-7.22,-8.2));
#4167 = DIRECTION('',(0.,1.,0.));
#4168 = DIRECTION('',(-1.,0.,0.));
#4169 = ADVANCED_FACE('',(#4170),#4181,.F.);
#4170 = FACE_BOUND('',#4171,.T.);
#4171 = EDGE_LOOP('',(#4172,#4173,#4174,#4175));
#4172 = ORIENTED_EDGE('',*,*,#1477,.T.);
#4173 = ORIENTED_EDGE('',*,*,#4159,.F.);
#4174 = ORIENTED_EDGE('',*,*,#373,.F.);
#4175 = ORIENTED_EDGE('',*,*,#4176,.T.);
#4176 = EDGE_CURVE('',#366,#1478,#4177,.T.);
#4177 = LINE('',#4178,#4179);
#4178 = CARTESIAN_POINT('',(-12.3,-8.02,0.));
#4179 = VECTOR('',#4180,1.);
#4180 = DIRECTION('',(0.,0.,1.));
#4181 = PLANE('',#4182);
#4182 = AXIS2_PLACEMENT_3D('',#4183,#4184,#4185);
#4183 = CARTESIAN_POINT('',(-12.3,-8.02,-8.2));
#4184 = DIRECTION('',(1.,-2.22044604925E-15,0.));
#4185 = DIRECTION('',(2.22044604925E-15,1.,0.));
#4186 = ADVANCED_FACE('',(#4187),#4198,.F.);
#4187 = FACE_BOUND('',#4188,.T.);
#4188 = EDGE_LOOP('',(#4189,#4190,#4191,#4192));
#4189 = ORIENTED_EDGE('',*,*,#1485,.T.);
#4190 = ORIENTED_EDGE('',*,*,#4176,.F.);
#4191 = ORIENTED_EDGE('',*,*,#365,.F.);
#4192 = ORIENTED_EDGE('',*,*,#4193,.T.);
#4193 = EDGE_CURVE('',#358,#1462,#4194,.T.);
#4194 = LINE('',#4195,#4196);
#4195 = CARTESIAN_POINT('',(-13.1,-8.02,0.));
#4196 = VECTOR('',#4197,1.);
#4197 = DIRECTION('',(0.,0.,1.));
#4198 = PLANE('',#4199);
#4199 = AXIS2_PLACEMENT_3D('',#4200,#4201,#4202);
#4200 = CARTESIAN_POINT('',(-13.1,-8.02,-8.2));
#4201 = DIRECTION('',(0.,-1.,0.));
#4202 = DIRECTION('',(1.,0.,0.));
#4203 = ADVANCED_FACE('',(#4204),#4210,.F.);
#4204 = FACE_BOUND('',#4205,.T.);
#4205 = EDGE_LOOP('',(#4206,#4207,#4208,#4209));
#4206 = ORIENTED_EDGE('',*,*,#1459,.T.);
#4207 = ORIENTED_EDGE('',*,*,#4193,.F.);
#4208 = ORIENTED_EDGE('',*,*,#355,.F.);
#4209 = ORIENTED_EDGE('',*,*,#4152,.T.);
#4210 = PLANE('',#4211);
#4211 = AXIS2_PLACEMENT_3D('',#4212,#4213,#4214);
#4212 = CARTESIAN_POINT('',(-13.1,-7.22,-8.2));
#4213 = DIRECTION('',(-1.,2.22044604925E-15,0.));
#4214 = DIRECTION('',(-2.22044604925E-15,-1.,0.));
#4215 = ADVANCED_FACE('',(#4216),#4232,.F.);
#4216 = FACE_BOUND('',#4217,.T.);
#4217 = EDGE_LOOP('',(#4218,#4219,#4225,#4226));
#4218 = ORIENTED_EDGE('',*,*,#1435,.T.);
#4219 = ORIENTED_EDGE('',*,*,#4220,.F.);
#4220 = EDGE_CURVE('',#322,#1426,#4221,.T.);
#4221 = LINE('',#4222,#4223);
#4222 = CARTESIAN_POINT('',(-15.64,-7.22,0.));
#4223 = VECTOR('',#4224,1.);
#4224 = DIRECTION('',(0.,0.,1.));
#4225 = ORIENTED_EDGE('',*,*,#347,.F.);
#4226 = ORIENTED_EDGE('',*,*,#4227,.T.);
#4227 = EDGE_CURVE('',#340,#1436,#4228,.T.);
#4228 = LINE('',#4229,#4230);
#4229 = CARTESIAN_POINT('',(-14.84,-7.22,0.));
#4230 = VECTOR('',#4231,1.);
#4231 = DIRECTION('',(0.,0.,1.));
#4232 = PLANE('',#4233);
#4233 = AXIS2_PLACEMENT_3D('',#4234,#4235,#4236);
#4234 = CARTESIAN_POINT('',(-14.84,-7.22,-8.2));
#4235 = DIRECTION('',(0.,1.,0.));
#4236 = DIRECTION('',(-1.,0.,0.));
#4237 = ADVANCED_FACE('',(#4238),#4249,.F.);
#4238 = FACE_BOUND('',#4239,.T.);
#4239 = EDGE_LOOP('',(#4240,#4241,#4242,#4243));
#4240 = ORIENTED_EDGE('',*,*,#1443,.T.);
#4241 = ORIENTED_EDGE('',*,*,#4227,.F.);
#4242 = ORIENTED_EDGE('',*,*,#339,.F.);
#4243 = ORIENTED_EDGE('',*,*,#4244,.T.);
#4244 = EDGE_CURVE('',#332,#1444,#4245,.T.);
#4245 = LINE('',#4246,#4247);
#4246 = CARTESIAN_POINT('',(-14.84,-8.02,0.));
#4247 = VECTOR('',#4248,1.);
#4248 = DIRECTION('',(0.,0.,1.));
#4249 = PLANE('',#4250);
#4250 = AXIS2_PLACEMENT_3D('',#4251,#4252,#4253);
#4251 = CARTESIAN_POINT('',(-14.84,-8.02,-8.2));
#4252 = DIRECTION('',(1.,-2.22044604925E-15,0.));
#4253 = DIRECTION('',(2.22044604925E-15,1.,0.));
#4254 = ADVANCED_FACE('',(#4255),#4266,.F.);
#4255 = FACE_BOUND('',#4256,.T.);
#4256 = EDGE_LOOP('',(#4257,#4258,#4259,#4260));
#4257 = ORIENTED_EDGE('',*,*,#1451,.T.);
#4258 = ORIENTED_EDGE('',*,*,#4244,.F.);
#4259 = ORIENTED_EDGE('',*,*,#331,.F.);
#4260 = ORIENTED_EDGE('',*,*,#4261,.T.);
#4261 = EDGE_CURVE('',#324,#1428,#4262,.T.);
#4262 = LINE('',#4263,#4264);
#4263 = CARTESIAN_POINT('',(-15.64,-8.02,0.));
#4264 = VECTOR('',#4265,1.);
#4265 = DIRECTION('',(0.,0.,1.));
#4266 = PLANE('',#4267);
#4267 = AXIS2_PLACEMENT_3D('',#4268,#4269,#4270);
#4268 = CARTESIAN_POINT('',(-15.64,-8.02,-8.2));
#4269 = DIRECTION('',(0.,-1.,0.));
#4270 = DIRECTION('',(1.,0.,0.));
#4271 = ADVANCED_FACE('',(#4272),#4278,.F.);
#4272 = FACE_BOUND('',#4273,.T.);
#4273 = EDGE_LOOP('',(#4274,#4275,#4276,#4277));
#4274 = ORIENTED_EDGE('',*,*,#1425,.T.);
#4275 = ORIENTED_EDGE('',*,*,#4261,.F.);
#4276 = ORIENTED_EDGE('',*,*,#321,.F.);
#4277 = ORIENTED_EDGE('',*,*,#4220,.T.);
#4278 = PLANE('',#4279);
#4279 = AXIS2_PLACEMENT_3D('',#4280,#4281,#4282);
#4280 = CARTESIAN_POINT('',(-15.64,-7.22,-8.2));
#4281 = DIRECTION('',(-1.,2.22044604925E-15,0.));
#4282 = DIRECTION('',(-2.22044604925E-15,-1.,0.));
#4283 = ADVANCED_FACE('',(#4284),#4300,.F.);
#4284 = FACE_BOUND('',#4285,.T.);
#4285 = EDGE_LOOP('',(#4286,#4287,#4293,#4294));
#4286 = ORIENTED_EDGE('',*,*,#1401,.T.);
#4287 = ORIENTED_EDGE('',*,*,#4288,.F.);
#4288 = EDGE_CURVE('',#288,#1392,#4289,.T.);
#4289 = LINE('',#4290,#4291);
#4290 = CARTESIAN_POINT('',(-18.18,8.02,0.));
#4291 = VECTOR('',#4292,1.);
#4292 = DIRECTION('',(0.,0.,1.));
#4293 = ORIENTED_EDGE('',*,*,#313,.F.);
#4294 = ORIENTED_EDGE('',*,*,#4295,.T.);
#4295 = EDGE_CURVE('',#306,#1402,#4296,.T.);
#4296 = LINE('',#4297,#4298);
#4297 = CARTESIAN_POINT('',(-17.38,8.02,0.));
#4298 = VECTOR('',#4299,1.);
#4299 = DIRECTION('',(0.,0.,1.));
#4300 = PLANE('',#4301);
#4301 = AXIS2_PLACEMENT_3D('',#4302,#4303,#4304);
#4302 = CARTESIAN_POINT('',(-17.38,8.02,-8.2));
#4303 = DIRECTION('',(0.,1.,0.));
#4304 = DIRECTION('',(-1.,0.,0.));
#4305 = ADVANCED_FACE('',(#4306),#4317,.F.);
#4306 = FACE_BOUND('',#4307,.T.);
#4307 = EDGE_LOOP('',(#4308,#4309,#4310,#4311));
#4308 = ORIENTED_EDGE('',*,*,#1409,.T.);
#4309 = ORIENTED_EDGE('',*,*,#4295,.F.);
#4310 = ORIENTED_EDGE('',*,*,#305,.F.);
#4311 = ORIENTED_EDGE('',*,*,#4312,.T.);
#4312 = EDGE_CURVE('',#298,#1410,#4313,.T.);
#4313 = LINE('',#4314,#4315);
#4314 = CARTESIAN_POINT('',(-17.38,7.22,0.));
#4315 = VECTOR('',#4316,1.);
#4316 = DIRECTION('',(0.,0.,1.));
#4317 = PLANE('',#4318);
#4318 = AXIS2_PLACEMENT_3D('',#4319,#4320,#4321);
#4319 = CARTESIAN_POINT('',(-17.38,7.22,-8.2));
#4320 = DIRECTION('',(1.,0.,0.));
#4321 = DIRECTION('',(-0.,1.,0.));
#4322 = ADVANCED_FACE('',(#4323),#4334,.F.);
#4323 = FACE_BOUND('',#4324,.T.);
#4324 = EDGE_LOOP('',(#4325,#4326,#4327,#4328));
#4325 = ORIENTED_EDGE('',*,*,#1417,.T.);
#4326 = ORIENTED_EDGE('',*,*,#4312,.F.);
#4327 = ORIENTED_EDGE('',*,*,#297,.F.);
#4328 = ORIENTED_EDGE('',*,*,#4329,.T.);
#4329 = EDGE_CURVE('',#290,#1394,#4330,.T.);
#4330 = LINE('',#4331,#4332);
#4331 = CARTESIAN_POINT('',(-18.18,7.22,0.));
#4332 = VECTOR('',#4333,1.);
#4333 = DIRECTION('',(0.,0.,1.));
#4334 = PLANE('',#4335);
#4335 = AXIS2_PLACEMENT_3D('',#4336,#4337,#4338);
#4336 = CARTESIAN_POINT('',(-18.18,7.22,-8.2));
#4337 = DIRECTION('',(-1.110223024625E-15,-1.,0.));
#4338 = DIRECTION('',(1.,-1.110223024625E-15,0.));
#4339 = ADVANCED_FACE('',(#4340),#4346,.F.);
#4340 = FACE_BOUND('',#4341,.T.);
#4341 = EDGE_LOOP('',(#4342,#4343,#4344,#4345));
#4342 = ORIENTED_EDGE('',*,*,#1391,.T.);
#4343 = ORIENTED_EDGE('',*,*,#4329,.F.);
#4344 = ORIENTED_EDGE('',*,*,#287,.F.);
#4345 = ORIENTED_EDGE('',*,*,#4288,.T.);
#4346 = PLANE('',#4347);
#4347 = AXIS2_PLACEMENT_3D('',#4348,#4349,#4350);
#4348 = CARTESIAN_POINT('',(-18.18,8.02,-8.2));
#4349 = DIRECTION('',(-1.,0.,0.));
#4350 = DIRECTION('',(0.,-1.,0.));
#4351 = ADVANCED_FACE('',(#4352),#4368,.F.);
#4352 = FACE_BOUND('',#4353,.T.);
#4353 = EDGE_LOOP('',(#4354,#4355,#4361,#4362));
#4354 = ORIENTED_EDGE('',*,*,#1367,.T.);
#4355 = ORIENTED_EDGE('',*,*,#4356,.F.);
#4356 = EDGE_CURVE('',#254,#1358,#4357,.T.);
#4357 = LINE('',#4358,#4359);
#4358 = CARTESIAN_POINT('',(-18.18,-7.22,0.));
#4359 = VECTOR('',#4360,1.);
#4360 = DIRECTION('',(0.,0.,1.));
#4361 = ORIENTED_EDGE('',*,*,#279,.F.);
#4362 = ORIENTED_EDGE('',*,*,#4363,.T.);
#4363 = EDGE_CURVE('',#272,#1368,#4364,.T.);
#4364 = LINE('',#4365,#4366);
#4365 = CARTESIAN_POINT('',(-17.38,-7.22,0.));
#4366 = VECTOR('',#4367,1.);
#4367 = DIRECTION('',(0.,0.,1.));
#4368 = PLANE('',#4369);
#4369 = AXIS2_PLACEMENT_3D('',#4370,#4371,#4372);
#4370 = CARTESIAN_POINT('',(-17.38,-7.22,-8.2));
#4371 = DIRECTION('',(1.110223024625E-15,1.,0.));
#4372 = DIRECTION('',(-1.,1.110223024625E-15,0.));
#4373 = ADVANCED_FACE('',(#4374),#4385,.F.);
#4374 = FACE_BOUND('',#4375,.T.);
#4375 = EDGE_LOOP('',(#4376,#4377,#4378,#4379));
#4376 = ORIENTED_EDGE('',*,*,#1375,.T.);
#4377 = ORIENTED_EDGE('',*,*,#4363,.F.);
#4378 = ORIENTED_EDGE('',*,*,#271,.F.);
#4379 = ORIENTED_EDGE('',*,*,#4380,.T.);
#4380 = EDGE_CURVE('',#264,#1376,#4381,.T.);
#4381 = LINE('',#4382,#4383);
#4382 = CARTESIAN_POINT('',(-17.38,-8.02,0.));
#4383 = VECTOR('',#4384,1.);
#4384 = DIRECTION('',(0.,0.,1.));
#4385 = PLANE('',#4386);
#4386 = AXIS2_PLACEMENT_3D('',#4387,#4388,#4389);
#4387 = CARTESIAN_POINT('',(-17.38,-8.02,-8.2));
#4388 = DIRECTION('',(1.,0.,0.));
#4389 = DIRECTION('',(-0.,1.,0.));
#4390 = ADVANCED_FACE('',(#4391),#4402,.F.);
#4391 = FACE_BOUND('',#4392,.T.);
#4392 = EDGE_LOOP('',(#4393,#4394,#4395,#4396));
#4393 = ORIENTED_EDGE('',*,*,#1383,.T.);
#4394 = ORIENTED_EDGE('',*,*,#4380,.F.);
#4395 = ORIENTED_EDGE('',*,*,#263,.F.);
#4396 = ORIENTED_EDGE('',*,*,#4397,.T.);
#4397 = EDGE_CURVE('',#256,#1360,#4398,.T.);
#4398 = LINE('',#4399,#4400);
#4399 = CARTESIAN_POINT('',(-18.18,-8.02,0.));
#4400 = VECTOR('',#4401,1.);
#4401 = DIRECTION('',(0.,0.,1.));
#4402 = PLANE('',#4403);
#4403 = AXIS2_PLACEMENT_3D('',#4404,#4405,#4406);
#4404 = CARTESIAN_POINT('',(-18.18,-8.02,-8.2));
#4405 = DIRECTION('',(0.,-1.,0.));
#4406 = DIRECTION('',(1.,0.,0.));
#4407 = ADVANCED_FACE('',(#4408),#4414,.F.);
#4408 = FACE_BOUND('',#4409,.T.);
#4409 = EDGE_LOOP('',(#4410,#4411,#4412,#4413));
#4410 = ORIENTED_EDGE('',*,*,#1357,.T.);
#4411 = ORIENTED_EDGE('',*,*,#4397,.F.);
#4412 = ORIENTED_EDGE('',*,*,#253,.F.);
#4413 = ORIENTED_EDGE('',*,*,#4356,.T.);
#4414 = PLANE('',#4415);
#4415 = AXIS2_PLACEMENT_3D('',#4416,#4417,#4418);
#4416 = CARTESIAN_POINT('',(-18.18,-7.22,-8.2));
#4417 = DIRECTION('',(-1.,0.,0.));
#4418 = DIRECTION('',(0.,-1.,0.));
#4419 = ADVANCED_FACE('',(#4420),#4430,.F.);
#4420 = FACE_BOUND('',#4421,.F.);
#4421 = EDGE_LOOP('',(#4422,#4423,#4428,#4429));
#4422 = ORIENTED_EDGE('',*,*,#1346,.F.);
#4423 = ORIENTED_EDGE('',*,*,#4424,.F.);
#4424 = EDGE_CURVE('',#243,#1347,#4425,.T.);
#4425 = B_SPLINE_CURVE_WITH_KNOTS('',1,(#4426,#4427),.UNSPECIFIED.,.F.,
  .F.,(2,2),(8.2,10.),.PIECEWISE_BEZIER_KNOTS.);
#4426 = CARTESIAN_POINT('',(19.42,7.62,0.));
#4427 = CARTESIAN_POINT('',(19.42,7.62,1.8));
#4428 = ORIENTED_EDGE('',*,*,#242,.T.);
#4429 = ORIENTED_EDGE('',*,*,#4424,.T.);
#4430 = CYLINDRICAL_SURFACE('',#4431,0.9);
#4431 = AXIS2_PLACEMENT_3D('',#4432,#4433,#4434);
#4432 = CARTESIAN_POINT('',(20.32,7.62,-8.2));
#4433 = DIRECTION('',(0.,0.,1.));
#4434 = DIRECTION('',(-1.,1.224646799147E-16,0.));
#4435 = ADVANCED_FACE('',(#4436),#4446,.F.);
#4436 = FACE_BOUND('',#4437,.F.);
#4437 = EDGE_LOOP('',(#4438,#4439,#4444,#4445));
#4438 = ORIENTED_EDGE('',*,*,#1335,.F.);
#4439 = ORIENTED_EDGE('',*,*,#4440,.F.);
#4440 = EDGE_CURVE('',#232,#1336,#4441,.T.);
#4441 = B_SPLINE_CURVE_WITH_KNOTS('',1,(#4442,#4443),.UNSPECIFIED.,.F.,
  .F.,(2,2),(8.2,10.),.PIECEWISE_BEZIER_KNOTS.);
#4442 = CARTESIAN_POINT('',(-21.22,7.62,0.));
#4443 = CARTESIAN_POINT('',(-21.22,7.62,1.8));
#4444 = ORIENTED_EDGE('',*,*,#231,.T.);
#4445 = ORIENTED_EDGE('',*,*,#4440,.T.);
#4446 = CYLINDRICAL_SURFACE('',#4447,0.9);
#4447 = AXIS2_PLACEMENT_3D('',#4448,#4449,#4450);
#4448 = CARTESIAN_POINT('',(-20.32,7.62,-8.2));
#4449 = DIRECTION('',(0.,0.,1.));
#4450 = DIRECTION('',(-1.,1.224646799147E-16,0.));
#4451 = ADVANCED_FACE('',(#4452),#4462,.F.);
#4452 = FACE_BOUND('',#4453,.F.);
#4453 = EDGE_LOOP('',(#4454,#4455,#4460,#4461));
#4454 = ORIENTED_EDGE('',*,*,#1324,.F.);
#4455 = ORIENTED_EDGE('',*,*,#4456,.F.);
#4456 = EDGE_CURVE('',#221,#1325,#4457,.T.);
#4457 = B_SPLINE_CURVE_WITH_KNOTS('',1,(#4458,#4459),.UNSPECIFIED.,.F.,
  .F.,(2,2),(8.2,10.),.PIECEWISE_BEZIER_KNOTS.);
#4458 = CARTESIAN_POINT('',(-21.22,-7.62,0.));
#4459 = CARTESIAN_POINT('',(-21.22,-7.62,1.8));
#4460 = ORIENTED_EDGE('',*,*,#220,.T.);
#4461 = ORIENTED_EDGE('',*,*,#4456,.T.);
#4462 = CYLINDRICAL_SURFACE('',#4463,0.9);
#4463 = AXIS2_PLACEMENT_3D('',#4464,#4465,#4466);
#4464 = CARTESIAN_POINT('',(-20.32,-7.62,-8.2));
#4465 = DIRECTION('',(0.,0.,1.));
#4466 = DIRECTION('',(-1.,1.224646799147E-16,0.));
#4467 = ADVANCED_FACE('',(#4468),#4478,.F.);
#4468 = FACE_BOUND('',#4469,.F.);
#4469 = EDGE_LOOP('',(#4470,#4471,#4476,#4477));
#4470 = ORIENTED_EDGE('',*,*,#1313,.F.);
#4471 = ORIENTED_EDGE('',*,*,#4472,.F.);
#4472 = EDGE_CURVE('',#210,#1314,#4473,.T.);
#4473 = B_SPLINE_CURVE_WITH_KNOTS('',1,(#4474,#4475),.UNSPECIFIED.,.F.,
  .F.,(2,2),(8.2,10.),.PIECEWISE_BEZIER_KNOTS.);
#4474 = CARTESIAN_POINT('',(19.42,-7.62,0.));
#4475 = CARTESIAN_POINT('',(19.42,-7.62,1.8));
#4476 = ORIENTED_EDGE('',*,*,#209,.T.);
#4477 = ORIENTED_EDGE('',*,*,#4472,.T.);
#4478 = CYLINDRICAL_SURFACE('',#4479,0.9);
#4479 = AXIS2_PLACEMENT_3D('',#4480,#4481,#4482);
#4480 = CARTESIAN_POINT('',(20.32,-7.62,-8.2));
#4481 = DIRECTION('',(0.,0.,1.));
#4482 = DIRECTION('',(-1.,1.224646799147E-16,0.));
#4483 = ADVANCED_FACE('',(#4484),#4500,.T.);
#4484 = FACE_BOUND('',#4485,.T.);
#4485 = EDGE_LOOP('',(#4486,#4487,#4493,#4494));
#4486 = ORIENTED_EDGE('',*,*,#175,.T.);
#4487 = ORIENTED_EDGE('',*,*,#4488,.T.);
#4488 = EDGE_CURVE('',#178,#1280,#4489,.T.);
#4489 = LINE('',#4490,#4491);
#4490 = CARTESIAN_POINT('',(-21.59,9.25,0.));
#4491 = VECTOR('',#4492,1.);
#4492 = DIRECTION('',(0.,0.,1.));
#4493 = ORIENTED_EDGE('',*,*,#1305,.F.);
#4494 = ORIENTED_EDGE('',*,*,#4495,.F.);
#4495 = EDGE_CURVE('',#176,#1298,#4496,.T.);
#4496 = LINE('',#4497,#4498);
#4497 = CARTESIAN_POINT('',(21.59,9.25,0.));
#4498 = VECTOR('',#4499,1.);
#4499 = DIRECTION('',(0.,0.,1.));
#4500 = PLANE('',#4501);
#4501 = AXIS2_PLACEMENT_3D('',#4502,#4503,#4504);
#4502 = CARTESIAN_POINT('',(21.59,9.25,0.));
#4503 = DIRECTION('',(8.227683369154E-17,1.,0.));
#4504 = DIRECTION('',(-1.,8.227683369154E-17,0.));
#4505 = ADVANCED_FACE('',(#4506),#4517,.T.);
#4506 = FACE_BOUND('',#4507,.T.);
#4507 = EDGE_LOOP('',(#4508,#4509,#4510,#4511));
#4508 = ORIENTED_EDGE('',*,*,#185,.T.);
#4509 = ORIENTED_EDGE('',*,*,#4495,.T.);
#4510 = ORIENTED_EDGE('',*,*,#1297,.F.);
#4511 = ORIENTED_EDGE('',*,*,#4512,.F.);
#4512 = EDGE_CURVE('',#186,#1290,#4513,.T.);
#4513 = LINE('',#4514,#4515);
#4514 = CARTESIAN_POINT('',(21.59,-9.25,0.));
#4515 = VECTOR('',#4516,1.);
#4516 = DIRECTION('',(0.,0.,1.));
#4517 = PLANE('',#4518);
#4518 = AXIS2_PLACEMENT_3D('',#4519,#4520,#4521);
#4519 = CARTESIAN_POINT('',(21.59,-9.25,0.));
#4520 = DIRECTION('',(1.,0.,0.));
#4521 = DIRECTION('',(-0.,1.,0.));
#4522 = ADVANCED_FACE('',(#4523),#4534,.T.);
#4523 = FACE_BOUND('',#4524,.T.);
#4524 = EDGE_LOOP('',(#4525,#4526,#4527,#4528));
#4525 = ORIENTED_EDGE('',*,*,#193,.T.);
#4526 = ORIENTED_EDGE('',*,*,#4512,.T.);
#4527 = ORIENTED_EDGE('',*,*,#1289,.F.);
#4528 = ORIENTED_EDGE('',*,*,#4529,.F.);
#4529 = EDGE_CURVE('',#194,#1282,#4530,.T.);
#4530 = LINE('',#4531,#4532);
#4531 = CARTESIAN_POINT('',(-21.59,-9.25,0.));
#4532 = VECTOR('',#4533,1.);
#4533 = DIRECTION('',(0.,0.,1.));
#4534 = PLANE('',#4535);
#4535 = AXIS2_PLACEMENT_3D('',#4536,#4537,#4538);
#4536 = CARTESIAN_POINT('',(-21.59,-9.25,0.));
#4537 = DIRECTION('',(-8.227683369154E-17,-1.,0.));
#4538 = DIRECTION('',(1.,-8.227683369154E-17,0.));
#4539 = ADVANCED_FACE('',(#4540),#4546,.T.);
#4540 = FACE_BOUND('',#4541,.T.);
#4541 = EDGE_LOOP('',(#4542,#4543,#4544,#4545));
#4542 = ORIENTED_EDGE('',*,*,#201,.T.);
#4543 = ORIENTED_EDGE('',*,*,#4529,.T.);
#4544 = ORIENTED_EDGE('',*,*,#1279,.F.);
#4545 = ORIENTED_EDGE('',*,*,#4488,.F.);
#4546 = PLANE('',#4547);
#4547 = AXIS2_PLACEMENT_3D('',#4548,#4549,#4550);
#4548 = CARTESIAN_POINT('',(-21.59,9.25,0.));
#4549 = DIRECTION('',(-1.,0.,0.));
#4550 = DIRECTION('',(0.,-1.,0.));
#4551 = ( GEOMETRIC_REPRESENTATION_CONTEXT(3) 
GLOBAL_UNCERTAINTY_ASSIGNED_CONTEXT((#4555)) 
GLOBAL_UNIT_ASSIGNED_CONTEXT((#4552,#4553,#4554)) REPRESENTATION_CONTEXT
('Context #1','3D Context with UNIT and UNCERTAINTY') );
#4552 = ( LENGTH_UNIT() NAMED_UNIT(*) SI_UNIT(.MILLI.,.METRE.) );
#4553 = ( NAMED_UNIT(*) PLANE_ANGLE_UNIT() SI_UNIT($,.RADIAN.) );
#4554 = ( NAMED_UNIT(*) SI_UNIT($,.STERADIAN.) SOLID_ANGLE_UNIT() );
#4555 = UNCERTAINTY_MEASURE_WITH_UNIT(LENGTH_MEASURE(1.E-07),#4552,
  'distance_accuracy_value','confusion accuracy');
#4556 = CONTEXT_DEPENDENT_SHAPE_REPRESENTATION(#4557,#4559);
#4557 = ( REPRESENTATION_RELATIONSHIP('','',#168,#10) 
REPRESENTATION_RELATIONSHIP_WITH_TRANSFORMATION(#4558) 
SHAPE_REPRESENTATION_RELATIONSHIP() );
#4558 = ITEM_DEFINED_TRANSFORMATION('','',#11,#15);
#4559 = PRODUCT_DEFINITION_SHAPE('Placement','Placement of an item',
  #4560);
#4560 = NEXT_ASSEMBLY_USAGE_OCCURRENCE('71',
  '\\X2\\0414043504420430043B044C\\X0\\','',#5,#163,$);
#4561 = PRODUCT_RELATED_PRODUCT_CATEGORY('part',$,(#165));
#4562 = SHAPE_DEFINITION_REPRESENTATION(#4563,#4569);
#4563 = PRODUCT_DEFINITION_SHAPE('','',#4564);
#4564 = PRODUCT_DEFINITION('design','',#4565,#4568);
#4565 = PRODUCT_DEFINITION_FORMATION('','',#4566);
#4566 = PRODUCT('\\X2\\0414043504420430043B044C\\X0\\001',
  '\\X2\\0414043504420430043B044C\\X0\\001','',(#4567));
#4567 = PRODUCT_CONTEXT('',#2,'mechanical');
#4568 = PRODUCT_DEFINITION_CONTEXT('part definition',#2,'design');
#4569 = ADVANCED_BREP_SHAPE_REPRESENTATION('',(#11,#4570),#6760);
#4570 = MANIFOLD_SOLID_BREP('',#4571);
#4571 = CLOSED_SHELL('',(#4572,#5122,#5672,#5694,#5711,#5728,#5740,#5762
    ,#5779,#5796,#5808,#5830,#5847,#5864,#5876,#5898,#5915,#5932,#5944,
    #5966,#5983,#6000,#6012,#6034,#6051,#6068,#6080,#6102,#6119,#6136,
    #6148,#6170,#6187,#6204,#6216,#6238,#6255,#6272,#6284,#6306,#6323,
    #6340,#6352,#6374,#6391,#6408,#6420,#6442,#6459,#6476,#6488,#6510,
    #6527,#6544,#6556,#6578,#6595,#6612,#6624,#6646,#6663,#6680,#6692,
    #6714,#6731,#6748));
#4572 = ADVANCED_FACE('',(#4573,#4607,#4641,#4675,#4709,#4743,#4777,
    #4811,#4845,#4879,#4913,#4947,#4981,#5015,#5049,#5083),#5117,.T.);
#4573 = FACE_BOUND('',#4574,.T.);
#4574 = EDGE_LOOP('',(#4575,#4585,#4593,#4601));
#4575 = ORIENTED_EDGE('',*,*,#4576,.T.);
#4576 = EDGE_CURVE('',#4577,#4579,#4581,.T.);
#4577 = VERTEX_POINT('',#4578);
#4578 = CARTESIAN_POINT('',(-19.32,1.5,2.54));
#4579 = VERTEX_POINT('',#4580);
#4580 = CARTESIAN_POINT('',(-19.32,-1.5,2.54));
#4581 = LINE('',#4582,#4583);
#4582 = CARTESIAN_POINT('',(-19.32,1.5,2.54));
#4583 = VECTOR('',#4584,1.);
#4584 = DIRECTION('',(0.,-1.,0.));
#4585 = ORIENTED_EDGE('',*,*,#4586,.T.);
#4586 = EDGE_CURVE('',#4579,#4587,#4589,.T.);
#4587 = VERTEX_POINT('',#4588);
#4588 = CARTESIAN_POINT('',(19.32,-1.5,2.54));
#4589 = LINE('',#4590,#4591);
#4590 = CARTESIAN_POINT('',(-19.32,-1.5,2.54));
#4591 = VECTOR('',#4592,1.);
#4592 = DIRECTION('',(1.,-1.264229117068E-16,0.));
#4593 = ORIENTED_EDGE('',*,*,#4594,.T.);
#4594 = EDGE_CURVE('',#4587,#4595,#4597,.T.);
#4595 = VERTEX_POINT('',#4596);
#4596 = CARTESIAN_POINT('',(19.32,1.5,2.54));
#4597 = LINE('',#4598,#4599);
#4598 = CARTESIAN_POINT('',(19.32,-1.5,2.54));
#4599 = VECTOR('',#4600,1.);
#4600 = DIRECTION('',(0.,1.,0.));
#4601 = ORIENTED_EDGE('',*,*,#4602,.T.);
#4602 = EDGE_CURVE('',#4595,#4577,#4603,.T.);
#4603 = LINE('',#4604,#4605);
#4604 = CARTESIAN_POINT('',(19.32,1.5,2.54));
#4605 = VECTOR('',#4606,1.);
#4606 = DIRECTION('',(-1.,1.264229117068E-16,0.));
#4607 = FACE_BOUND('',#4608,.T.);
#4608 = EDGE_LOOP('',(#4609,#4619,#4627,#4635));
#4609 = ORIENTED_EDGE('',*,*,#4610,.F.);
#4610 = EDGE_CURVE('',#4611,#4613,#4615,.T.);
#4611 = VERTEX_POINT('',#4612);
#4612 = CARTESIAN_POINT('',(-15.64,-0.4,2.54));
#4613 = VERTEX_POINT('',#4614);
#4614 = CARTESIAN_POINT('',(-14.84,-0.4,2.54));
#4615 = LINE('',#4616,#4617);
#4616 = CARTESIAN_POINT('',(-15.64,-0.4,2.54));
#4617 = VECTOR('',#4618,1.);
#4618 = DIRECTION('',(1.,-1.387778780781E-16,0.));
#4619 = ORIENTED_EDGE('',*,*,#4620,.F.);
#4620 = EDGE_CURVE('',#4621,#4611,#4623,.T.);
#4621 = VERTEX_POINT('',#4622);
#4622 = CARTESIAN_POINT('',(-15.64,0.4,2.54));
#4623 = LINE('',#4624,#4625);
#4624 = CARTESIAN_POINT('',(-15.64,0.4,2.54));
#4625 = VECTOR('',#4626,1.);
#4626 = DIRECTION('',(0.,-1.,0.));
#4627 = ORIENTED_EDGE('',*,*,#4628,.F.);
#4628 = EDGE_CURVE('',#4629,#4621,#4631,.T.);
#4629 = VERTEX_POINT('',#4630);
#4630 = CARTESIAN_POINT('',(-14.84,0.4,2.54));
#4631 = LINE('',#4632,#4633);
#4632 = CARTESIAN_POINT('',(-14.84,0.4,2.54));
#4633 = VECTOR('',#4634,1.);
#4634 = DIRECTION('',(-1.,1.387778780781E-16,0.));
#4635 = ORIENTED_EDGE('',*,*,#4636,.F.);
#4636 = EDGE_CURVE('',#4613,#4629,#4637,.T.);
#4637 = LINE('',#4638,#4639);
#4638 = CARTESIAN_POINT('',(-14.84,-0.4,2.54));
#4639 = VECTOR('',#4640,1.);
#4640 = DIRECTION('',(0.,1.,0.));
#4641 = FACE_BOUND('',#4642,.T.);
#4642 = EDGE_LOOP('',(#4643,#4653,#4661,#4669));
#4643 = ORIENTED_EDGE('',*,*,#4644,.F.);
#4644 = EDGE_CURVE('',#4645,#4647,#4649,.T.);
#4645 = VERTEX_POINT('',#4646);
#4646 = CARTESIAN_POINT('',(-13.1,-0.4,2.54));
#4647 = VERTEX_POINT('',#4648);
#4648 = CARTESIAN_POINT('',(-12.3,-0.4,2.54));
#4649 = LINE('',#4650,#4651);
#4650 = CARTESIAN_POINT('',(-13.1,-0.4,2.54));
#4651 = VECTOR('',#4652,1.);
#4652 = DIRECTION('',(1.,-1.387778780781E-16,0.));
#4653 = ORIENTED_EDGE('',*,*,#4654,.F.);
#4654 = EDGE_CURVE('',#4655,#4645,#4657,.T.);
#4655 = VERTEX_POINT('',#4656);
#4656 = CARTESIAN_POINT('',(-13.1,0.4,2.54));
#4657 = LINE('',#4658,#4659);
#4658 = CARTESIAN_POINT('',(-13.1,0.4,2.54));
#4659 = VECTOR('',#4660,1.);
#4660 = DIRECTION('',(0.,-1.,0.));
#4661 = ORIENTED_EDGE('',*,*,#4662,.F.);
#4662 = EDGE_CURVE('',#4663,#4655,#4665,.T.);
#4663 = VERTEX_POINT('',#4664);
#4664 = CARTESIAN_POINT('',(-12.3,0.4,2.54));
#4665 = LINE('',#4666,#4667);
#4666 = CARTESIAN_POINT('',(-12.3,0.4,2.54));
#4667 = VECTOR('',#4668,1.);
#4668 = DIRECTION('',(-1.,1.387778780781E-16,0.));
#4669 = ORIENTED_EDGE('',*,*,#4670,.F.);
#4670 = EDGE_CURVE('',#4647,#4663,#4671,.T.);
#4671 = LINE('',#4672,#4673);
#4672 = CARTESIAN_POINT('',(-12.3,-0.4,2.54));
#4673 = VECTOR('',#4674,1.);
#4674 = DIRECTION('',(0.,1.,0.));
#4675 = FACE_BOUND('',#4676,.T.);
#4676 = EDGE_LOOP('',(#4677,#4687,#4695,#4703));
#4677 = ORIENTED_EDGE('',*,*,#4678,.F.);
#4678 = EDGE_CURVE('',#4679,#4681,#4683,.T.);
#4679 = VERTEX_POINT('',#4680);
#4680 = CARTESIAN_POINT('',(-10.56,-0.4,2.54));
#4681 = VERTEX_POINT('',#4682);
#4682 = CARTESIAN_POINT('',(-9.76,-0.4,2.54));
#4683 = LINE('',#4684,#4685);
#4684 = CARTESIAN_POINT('',(-10.56,-0.4,2.54));
#4685 = VECTOR('',#4686,1.);
#4686 = DIRECTION('',(1.,-1.387778780781E-16,0.));
#4687 = ORIENTED_EDGE('',*,*,#4688,.F.);
#4688 = EDGE_CURVE('',#4689,#4679,#4691,.T.);
#4689 = VERTEX_POINT('',#4690);
#4690 = CARTESIAN_POINT('',(-10.56,0.4,2.54));
#4691 = LINE('',#4692,#4693);
#4692 = CARTESIAN_POINT('',(-10.56,0.4,2.54));
#4693 = VECTOR('',#4694,1.);
#4694 = DIRECTION('',(0.,-1.,0.));
#4695 = ORIENTED_EDGE('',*,*,#4696,.F.);
#4696 = EDGE_CURVE('',#4697,#4689,#4699,.T.);
#4697 = VERTEX_POINT('',#4698);
#4698 = CARTESIAN_POINT('',(-9.76,0.4,2.54));
#4699 = LINE('',#4700,#4701);
#4700 = CARTESIAN_POINT('',(-9.76,0.4,2.54));
#4701 = VECTOR('',#4702,1.);
#4702 = DIRECTION('',(-1.,1.387778780781E-16,0.));
#4703 = ORIENTED_EDGE('',*,*,#4704,.F.);
#4704 = EDGE_CURVE('',#4681,#4697,#4705,.T.);
#4705 = LINE('',#4706,#4707);
#4706 = CARTESIAN_POINT('',(-9.76,-0.4,2.54));
#4707 = VECTOR('',#4708,1.);
#4708 = DIRECTION('',(0.,1.,0.));
#4709 = FACE_BOUND('',#4710,.T.);
#4710 = EDGE_LOOP('',(#4711,#4721,#4729,#4737));
#4711 = ORIENTED_EDGE('',*,*,#4712,.F.);
#4712 = EDGE_CURVE('',#4713,#4715,#4717,.T.);
#4713 = VERTEX_POINT('',#4714);
#4714 = CARTESIAN_POINT('',(-8.02,-0.4,2.54));
#4715 = VERTEX_POINT('',#4716);
#4716 = CARTESIAN_POINT('',(-7.22,-0.4,2.54));
#4717 = LINE('',#4718,#4719);
#4718 = CARTESIAN_POINT('',(-8.02,-0.4,2.54));
#4719 = VECTOR('',#4720,1.);
#4720 = DIRECTION('',(1.,-1.387778780781E-16,0.));
#4721 = ORIENTED_EDGE('',*,*,#4722,.F.);
#4722 = EDGE_CURVE('',#4723,#4713,#4725,.T.);
#4723 = VERTEX_POINT('',#4724);
#4724 = CARTESIAN_POINT('',(-8.02,0.4,2.54));
#4725 = LINE('',#4726,#4727);
#4726 = CARTESIAN_POINT('',(-8.02,0.4,2.54));
#4727 = VECTOR('',#4728,1.);
#4728 = DIRECTION('',(0.,-1.,0.));
#4729 = ORIENTED_EDGE('',*,*,#4730,.F.);
#4730 = EDGE_CURVE('',#4731,#4723,#4733,.T.);
#4731 = VERTEX_POINT('',#4732);
#4732 = CARTESIAN_POINT('',(-7.22,0.4,2.54));
#4733 = LINE('',#4734,#4735);
#4734 = CARTESIAN_POINT('',(-7.22,0.4,2.54));
#4735 = VECTOR('',#4736,1.);
#4736 = DIRECTION('',(-1.,1.387778780781E-16,0.));
#4737 = ORIENTED_EDGE('',*,*,#4738,.F.);
#4738 = EDGE_CURVE('',#4715,#4731,#4739,.T.);
#4739 = LINE('',#4740,#4741);
#4740 = CARTESIAN_POINT('',(-7.22,-0.4,2.54));
#4741 = VECTOR('',#4742,1.);
#4742 = DIRECTION('',(0.,1.,0.));
#4743 = FACE_BOUND('',#4744,.T.);
#4744 = EDGE_LOOP('',(#4745,#4755,#4763,#4771));
#4745 = ORIENTED_EDGE('',*,*,#4746,.F.);
#4746 = EDGE_CURVE('',#4747,#4749,#4751,.T.);
#4747 = VERTEX_POINT('',#4748);
#4748 = CARTESIAN_POINT('',(-5.48,-0.4,2.54));
#4749 = VERTEX_POINT('',#4750);
#4750 = CARTESIAN_POINT('',(-4.68,-0.4,2.54));
#4751 = LINE('',#4752,#4753);
#4752 = CARTESIAN_POINT('',(-5.48,-0.4,2.54));
#4753 = VECTOR('',#4754,1.);
#4754 = DIRECTION('',(1.,-1.387778780781E-16,0.));
#4755 = ORIENTED_EDGE('',*,*,#4756,.F.);
#4756 = EDGE_CURVE('',#4757,#4747,#4759,.T.);
#4757 = VERTEX_POINT('',#4758);
#4758 = CARTESIAN_POINT('',(-5.48,0.4,2.54));
#4759 = LINE('',#4760,#4761);
#4760 = CARTESIAN_POINT('',(-5.48,0.4,2.54));
#4761 = VECTOR('',#4762,1.);
#4762 = DIRECTION('',(0.,-1.,0.));
#4763 = ORIENTED_EDGE('',*,*,#4764,.F.);
#4764 = EDGE_CURVE('',#4765,#4757,#4767,.T.);
#4765 = VERTEX_POINT('',#4766);
#4766 = CARTESIAN_POINT('',(-4.68,0.4,2.54));
#4767 = LINE('',#4768,#4769);
#4768 = CARTESIAN_POINT('',(-4.68,0.4,2.54));
#4769 = VECTOR('',#4770,1.);
#4770 = DIRECTION('',(-1.,1.387778780781E-16,0.));
#4771 = ORIENTED_EDGE('',*,*,#4772,.F.);
#4772 = EDGE_CURVE('',#4749,#4765,#4773,.T.);
#4773 = LINE('',#4774,#4775);
#4774 = CARTESIAN_POINT('',(-4.68,-0.4,2.54));
#4775 = VECTOR('',#4776,1.);
#4776 = DIRECTION('',(0.,1.,0.));
#4777 = FACE_BOUND('',#4778,.T.);
#4778 = EDGE_LOOP('',(#4779,#4789,#4797,#4805));
#4779 = ORIENTED_EDGE('',*,*,#4780,.F.);
#4780 = EDGE_CURVE('',#4781,#4783,#4785,.T.);
#4781 = VERTEX_POINT('',#4782);
#4782 = CARTESIAN_POINT('',(-2.94,-0.4,2.54));
#4783 = VERTEX_POINT('',#4784);
#4784 = CARTESIAN_POINT('',(-2.14,-0.4,2.54));
#4785 = LINE('',#4786,#4787);
#4786 = CARTESIAN_POINT('',(-2.94,-0.4,2.54));
#4787 = VECTOR('',#4788,1.);
#4788 = DIRECTION('',(1.,-1.387778780781E-16,0.));
#4789 = ORIENTED_EDGE('',*,*,#4790,.F.);
#4790 = EDGE_CURVE('',#4791,#4781,#4793,.T.);
#4791 = VERTEX_POINT('',#4792);
#4792 = CARTESIAN_POINT('',(-2.94,0.4,2.54));
#4793 = LINE('',#4794,#4795);
#4794 = CARTESIAN_POINT('',(-2.94,0.4,2.54));
#4795 = VECTOR('',#4796,1.);
#4796 = DIRECTION('',(0.,-1.,0.));
#4797 = ORIENTED_EDGE('',*,*,#4798,.F.);
#4798 = EDGE_CURVE('',#4799,#4791,#4801,.T.);
#4799 = VERTEX_POINT('',#4800);
#4800 = CARTESIAN_POINT('',(-2.14,0.4,2.54));
#4801 = LINE('',#4802,#4803);
#4802 = CARTESIAN_POINT('',(-2.14,0.4,2.54));
#4803 = VECTOR('',#4804,1.);
#4804 = DIRECTION('',(-1.,1.387778780781E-16,0.));
#4805 = ORIENTED_EDGE('',*,*,#4806,.F.);
#4806 = EDGE_CURVE('',#4783,#4799,#4807,.T.);
#4807 = LINE('',#4808,#4809);
#4808 = CARTESIAN_POINT('',(-2.14,-0.4,2.54));
#4809 = VECTOR('',#4810,1.);
#4810 = DIRECTION('',(0.,1.,0.));
#4811 = FACE_BOUND('',#4812,.T.);
#4812 = EDGE_LOOP('',(#4813,#4823,#4831,#4839));
#4813 = ORIENTED_EDGE('',*,*,#4814,.F.);
#4814 = EDGE_CURVE('',#4815,#4817,#4819,.T.);
#4815 = VERTEX_POINT('',#4816);
#4816 = CARTESIAN_POINT('',(-0.4,-0.4,2.54));
#4817 = VERTEX_POINT('',#4818);
#4818 = CARTESIAN_POINT('',(0.4,-0.4,2.54));
#4819 = LINE('',#4820,#4821);
#4820 = CARTESIAN_POINT('',(-0.4,-0.4,2.54));
#4821 = VECTOR('',#4822,1.);
#4822 = DIRECTION('',(1.,-1.387778780781E-16,0.));
#4823 = ORIENTED_EDGE('',*,*,#4824,.F.);
#4824 = EDGE_CURVE('',#4825,#4815,#4827,.T.);
#4825 = VERTEX_POINT('',#4826);
#4826 = CARTESIAN_POINT('',(-0.4,0.4,2.54));
#4827 = LINE('',#4828,#4829);
#4828 = CARTESIAN_POINT('',(-0.4,0.4,2.54));
#4829 = VECTOR('',#4830,1.);
#4830 = DIRECTION('',(0.,-1.,0.));
#4831 = ORIENTED_EDGE('',*,*,#4832,.F.);
#4832 = EDGE_CURVE('',#4833,#4825,#4835,.T.);
#4833 = VERTEX_POINT('',#4834);
#4834 = CARTESIAN_POINT('',(0.4,0.4,2.54));
#4835 = LINE('',#4836,#4837);
#4836 = CARTESIAN_POINT('',(0.4,0.4,2.54));
#4837 = VECTOR('',#4838,1.);
#4838 = DIRECTION('',(-1.,1.387778780781E-16,0.));
#4839 = ORIENTED_EDGE('',*,*,#4840,.F.);
#4840 = EDGE_CURVE('',#4817,#4833,#4841,.T.);
#4841 = LINE('',#4842,#4843);
#4842 = CARTESIAN_POINT('',(0.4,-0.4,2.54));
#4843 = VECTOR('',#4844,1.);
#4844 = DIRECTION('',(0.,1.,0.));
#4845 = FACE_BOUND('',#4846,.T.);
#4846 = EDGE_LOOP('',(#4847,#4857,#4865,#4873));
#4847 = ORIENTED_EDGE('',*,*,#4848,.F.);
#4848 = EDGE_CURVE('',#4849,#4851,#4853,.T.);
#4849 = VERTEX_POINT('',#4850);
#4850 = CARTESIAN_POINT('',(2.14,-0.4,2.54));
#4851 = VERTEX_POINT('',#4852);
#4852 = CARTESIAN_POINT('',(2.94,-0.4,2.54));
#4853 = LINE('',#4854,#4855);
#4854 = CARTESIAN_POINT('',(2.14,-0.4,2.54));
#4855 = VECTOR('',#4856,1.);
#4856 = DIRECTION('',(1.,-1.387778780781E-16,0.));
#4857 = ORIENTED_EDGE('',*,*,#4858,.F.);
#4858 = EDGE_CURVE('',#4859,#4849,#4861,.T.);
#4859 = VERTEX_POINT('',#4860);
#4860 = CARTESIAN_POINT('',(2.14,0.4,2.54));
#4861 = LINE('',#4862,#4863);
#4862 = CARTESIAN_POINT('',(2.14,0.4,2.54));
#4863 = VECTOR('',#4864,1.);
#4864 = DIRECTION('',(0.,-1.,0.));
#4865 = ORIENTED_EDGE('',*,*,#4866,.F.);
#4866 = EDGE_CURVE('',#4867,#4859,#4869,.T.);
#4867 = VERTEX_POINT('',#4868);
#4868 = CARTESIAN_POINT('',(2.94,0.4,2.54));
#4869 = LINE('',#4870,#4871);
#4870 = CARTESIAN_POINT('',(2.94,0.4,2.54));
#4871 = VECTOR('',#4872,1.);
#4872 = DIRECTION('',(-1.,6.938893903907E-17,0.));
#4873 = ORIENTED_EDGE('',*,*,#4874,.F.);
#4874 = EDGE_CURVE('',#4851,#4867,#4875,.T.);
#4875 = LINE('',#4876,#4877);
#4876 = CARTESIAN_POINT('',(2.94,-0.4,2.54));
#4877 = VECTOR('',#4878,1.);
#4878 = DIRECTION('',(0.,1.,0.));
#4879 = FACE_BOUND('',#4880,.T.);
#4880 = EDGE_LOOP('',(#4881,#4891,#4899,#4907));
#4881 = ORIENTED_EDGE('',*,*,#4882,.F.);
#4882 = EDGE_CURVE('',#4883,#4885,#4887,.T.);
#4883 = VERTEX_POINT('',#4884);
#4884 = CARTESIAN_POINT('',(4.68,-0.4,2.54));
#4885 = VERTEX_POINT('',#4886);
#4886 = CARTESIAN_POINT('',(5.48,-0.4,2.54));
#4887 = LINE('',#4888,#4889);
#4888 = CARTESIAN_POINT('',(4.68,-0.4,2.54));
#4889 = VECTOR('',#4890,1.);
#4890 = DIRECTION('',(1.,-1.387778780781E-16,0.));
#4891 = ORIENTED_EDGE('',*,*,#4892,.F.);
#4892 = EDGE_CURVE('',#4893,#4883,#4895,.T.);
#4893 = VERTEX_POINT('',#4894);
#4894 = CARTESIAN_POINT('',(4.68,0.4,2.54));
#4895 = LINE('',#4896,#4897);
#4896 = CARTESIAN_POINT('',(4.68,0.4,2.54));
#4897 = VECTOR('',#4898,1.);
#4898 = DIRECTION('',(0.,-1.,0.));
#4899 = ORIENTED_EDGE('',*,*,#4900,.F.);
#4900 = EDGE_CURVE('',#4901,#4893,#4903,.T.);
#4901 = VERTEX_POINT('',#4902);
#4902 = CARTESIAN_POINT('',(5.48,0.4,2.54));
#4903 = LINE('',#4904,#4905);
#4904 = CARTESIAN_POINT('',(5.48,0.4,2.54));
#4905 = VECTOR('',#4906,1.);
#4906 = DIRECTION('',(-1.,1.387778780781E-16,0.));
#4907 = ORIENTED_EDGE('',*,*,#4908,.F.);
#4908 = EDGE_CURVE('',#4885,#4901,#4909,.T.);
#4909 = LINE('',#4910,#4911);
#4910 = CARTESIAN_POINT('',(5.48,-0.4,2.54));
#4911 = VECTOR('',#4912,1.);
#4912 = DIRECTION('',(0.,1.,0.));
#4913 = FACE_BOUND('',#4914,.T.);
#4914 = EDGE_LOOP('',(#4915,#4925,#4933,#4941));
#4915 = ORIENTED_EDGE('',*,*,#4916,.F.);
#4916 = EDGE_CURVE('',#4917,#4919,#4921,.T.);
#4917 = VERTEX_POINT('',#4918);
#4918 = CARTESIAN_POINT('',(7.22,-0.4,2.54));
#4919 = VERTEX_POINT('',#4920);
#4920 = CARTESIAN_POINT('',(8.02,-0.4,2.54));
#4921 = LINE('',#4922,#4923);
#4922 = CARTESIAN_POINT('',(7.22,-0.4,2.54));
#4923 = VECTOR('',#4924,1.);
#4924 = DIRECTION('',(1.,-1.387778780781E-16,0.));
#4925 = ORIENTED_EDGE('',*,*,#4926,.F.);
#4926 = EDGE_CURVE('',#4927,#4917,#4929,.T.);
#4927 = VERTEX_POINT('',#4928);
#4928 = CARTESIAN_POINT('',(7.22,0.4,2.54));
#4929 = LINE('',#4930,#4931);
#4930 = CARTESIAN_POINT('',(7.22,0.4,2.54));
#4931 = VECTOR('',#4932,1.);
#4932 = DIRECTION('',(0.,-1.,0.));
#4933 = ORIENTED_EDGE('',*,*,#4934,.F.);
#4934 = EDGE_CURVE('',#4935,#4927,#4937,.T.);
#4935 = VERTEX_POINT('',#4936);
#4936 = CARTESIAN_POINT('',(8.02,0.4,2.54));
#4937 = LINE('',#4938,#4939);
#4938 = CARTESIAN_POINT('',(8.02,0.4,2.54));
#4939 = VECTOR('',#4940,1.);
#4940 = DIRECTION('',(-1.,1.387778780781E-16,0.));
#4941 = ORIENTED_EDGE('',*,*,#4942,.F.);
#4942 = EDGE_CURVE('',#4919,#4935,#4943,.T.);
#4943 = LINE('',#4944,#4945);
#4944 = CARTESIAN_POINT('',(8.02,-0.4,2.54));
#4945 = VECTOR('',#4946,1.);
#4946 = DIRECTION('',(0.,1.,0.));
#4947 = FACE_BOUND('',#4948,.T.);
#4948 = EDGE_LOOP('',(#4949,#4959,#4967,#4975));
#4949 = ORIENTED_EDGE('',*,*,#4950,.F.);
#4950 = EDGE_CURVE('',#4951,#4953,#4955,.T.);
#4951 = VERTEX_POINT('',#4952);
#4952 = CARTESIAN_POINT('',(9.76,-0.4,2.54));
#4953 = VERTEX_POINT('',#4954);
#4954 = CARTESIAN_POINT('',(10.56,-0.4,2.54));
#4955 = LINE('',#4956,#4957);
#4956 = CARTESIAN_POINT('',(9.76,-0.4,2.54));
#4957 = VECTOR('',#4958,1.);
#4958 = DIRECTION('',(1.,-1.387778780781E-16,0.));
#4959 = ORIENTED_EDGE('',*,*,#4960,.F.);
#4960 = EDGE_CURVE('',#4961,#4951,#4963,.T.);
#4961 = VERTEX_POINT('',#4962);
#4962 = CARTESIAN_POINT('',(9.76,0.4,2.54));
#4963 = LINE('',#4964,#4965);
#4964 = CARTESIAN_POINT('',(9.76,0.4,2.54));
#4965 = VECTOR('',#4966,1.);
#4966 = DIRECTION('',(0.,-1.,0.));
#4967 = ORIENTED_EDGE('',*,*,#4968,.F.);
#4968 = EDGE_CURVE('',#4969,#4961,#4971,.T.);
#4969 = VERTEX_POINT('',#4970);
#4970 = CARTESIAN_POINT('',(10.56,0.4,2.54));
#4971 = LINE('',#4972,#4973);
#4972 = CARTESIAN_POINT('',(10.56,0.4,2.54));
#4973 = VECTOR('',#4974,1.);
#4974 = DIRECTION('',(-1.,1.387778780781E-16,0.));
#4975 = ORIENTED_EDGE('',*,*,#4976,.F.);
#4976 = EDGE_CURVE('',#4953,#4969,#4977,.T.);
#4977 = LINE('',#4978,#4979);
#4978 = CARTESIAN_POINT('',(10.56,-0.4,2.54));
#4979 = VECTOR('',#4980,1.);
#4980 = DIRECTION('',(0.,1.,0.));
#4981 = FACE_BOUND('',#4982,.T.);
#4982 = EDGE_LOOP('',(#4983,#4993,#5001,#5009));
#4983 = ORIENTED_EDGE('',*,*,#4984,.F.);
#4984 = EDGE_CURVE('',#4985,#4987,#4989,.T.);
#4985 = VERTEX_POINT('',#4986);
#4986 = CARTESIAN_POINT('',(12.3,-0.4,2.54));
#4987 = VERTEX_POINT('',#4988);
#4988 = CARTESIAN_POINT('',(13.1,-0.4,2.54));
#4989 = LINE('',#4990,#4991);
#4990 = CARTESIAN_POINT('',(12.3,-0.4,2.54));
#4991 = VECTOR('',#4992,1.);
#4992 = DIRECTION('',(1.,-1.387778780781E-16,0.));
#4993 = ORIENTED_EDGE('',*,*,#4994,.F.);
#4994 = EDGE_CURVE('',#4995,#4985,#4997,.T.);
#4995 = VERTEX_POINT('',#4996);
#4996 = CARTESIAN_POINT('',(12.3,0.4,2.54));
#4997 = LINE('',#4998,#4999);
#4998 = CARTESIAN_POINT('',(12.3,0.4,2.54));
#4999 = VECTOR('',#5000,1.);
#5000 = DIRECTION('',(0.,-1.,0.));
#5001 = ORIENTED_EDGE('',*,*,#5002,.F.);
#5002 = EDGE_CURVE('',#5003,#4995,#5005,.T.);
#5003 = VERTEX_POINT('',#5004);
#5004 = CARTESIAN_POINT('',(13.1,0.4,2.54));
#5005 = LINE('',#5006,#5007);
#5006 = CARTESIAN_POINT('',(13.1,0.4,2.54));
#5007 = VECTOR('',#5008,1.);
#5008 = DIRECTION('',(-1.,1.387778780781E-16,0.));
#5009 = ORIENTED_EDGE('',*,*,#5010,.F.);
#5010 = EDGE_CURVE('',#4987,#5003,#5011,.T.);
#5011 = LINE('',#5012,#5013);
#5012 = CARTESIAN_POINT('',(13.1,-0.4,2.54));
#5013 = VECTOR('',#5014,1.);
#5014 = DIRECTION('',(0.,1.,0.));
#5015 = FACE_BOUND('',#5016,.T.);
#5016 = EDGE_LOOP('',(#5017,#5027,#5035,#5043));
#5017 = ORIENTED_EDGE('',*,*,#5018,.F.);
#5018 = EDGE_CURVE('',#5019,#5021,#5023,.T.);
#5019 = VERTEX_POINT('',#5020);
#5020 = CARTESIAN_POINT('',(14.84,-0.4,2.54));
#5021 = VERTEX_POINT('',#5022);
#5022 = CARTESIAN_POINT('',(15.64,-0.4,2.54));
#5023 = LINE('',#5024,#5025);
#5024 = CARTESIAN_POINT('',(14.84,-0.4,2.54));
#5025 = VECTOR('',#5026,1.);
#5026 = DIRECTION('',(1.,-1.387778780781E-16,0.));
#5027 = ORIENTED_EDGE('',*,*,#5028,.F.);
#5028 = EDGE_CURVE('',#5029,#5019,#5031,.T.);
#5029 = VERTEX_POINT('',#5030);
#5030 = CARTESIAN_POINT('',(14.84,0.4,2.54));
#5031 = LINE('',#5032,#5033);
#5032 = CARTESIAN_POINT('',(14.84,0.4,2.54));
#5033 = VECTOR('',#5034,1.);
#5034 = DIRECTION('',(0.,-1.,0.));
#5035 = ORIENTED_EDGE('',*,*,#5036,.F.);
#5036 = EDGE_CURVE('',#5037,#5029,#5039,.T.);
#5037 = VERTEX_POINT('',#5038);
#5038 = CARTESIAN_POINT('',(15.64,0.4,2.54));
#5039 = LINE('',#5040,#5041);
#5040 = CARTESIAN_POINT('',(15.64,0.4,2.54));
#5041 = VECTOR('',#5042,1.);
#5042 = DIRECTION('',(-1.,1.387778780781E-16,0.));
#5043 = ORIENTED_EDGE('',*,*,#5044,.F.);
#5044 = EDGE_CURVE('',#5021,#5037,#5045,.T.);
#5045 = LINE('',#5046,#5047);
#5046 = CARTESIAN_POINT('',(15.64,-0.4,2.54));
#5047 = VECTOR('',#5048,1.);
#5048 = DIRECTION('',(0.,1.,0.));
#5049 = FACE_BOUND('',#5050,.T.);
#5050 = EDGE_LOOP('',(#5051,#5061,#5069,#5077));
#5051 = ORIENTED_EDGE('',*,*,#5052,.F.);
#5052 = EDGE_CURVE('',#5053,#5055,#5057,.T.);
#5053 = VERTEX_POINT('',#5054);
#5054 = CARTESIAN_POINT('',(17.38,-0.4,2.54));
#5055 = VERTEX_POINT('',#5056);
#5056 = CARTESIAN_POINT('',(18.18,-0.4,2.54));
#5057 = LINE('',#5058,#5059);
#5058 = CARTESIAN_POINT('',(17.38,-0.4,2.54));
#5059 = VECTOR('',#5060,1.);
#5060 = DIRECTION('',(1.,-1.387778780781E-16,0.));
#5061 = ORIENTED_EDGE('',*,*,#5062,.F.);
#5062 = EDGE_CURVE('',#5063,#5053,#5065,.T.);
#5063 = VERTEX_POINT('',#5064);
#5064 = CARTESIAN_POINT('',(17.38,0.4,2.54));
#5065 = LINE('',#5066,#5067);
#5066 = CARTESIAN_POINT('',(17.38,0.4,2.54));
#5067 = VECTOR('',#5068,1.);
#5068 = DIRECTION('',(0.,-1.,0.));
#5069 = ORIENTED_EDGE('',*,*,#5070,.F.);
#5070 = EDGE_CURVE('',#5071,#5063,#5073,.T.);
#5071 = VERTEX_POINT('',#5072);
#5072 = CARTESIAN_POINT('',(18.18,0.4,2.54));
#5073 = LINE('',#5074,#5075);
#5074 = CARTESIAN_POINT('',(18.18,0.4,2.54));
#5075 = VECTOR('',#5076,1.);
#5076 = DIRECTION('',(-1.,1.387778780781E-16,0.));
#5077 = ORIENTED_EDGE('',*,*,#5078,.F.);
#5078 = EDGE_CURVE('',#5055,#5071,#5079,.T.);
#5079 = LINE('',#5080,#5081);
#5080 = CARTESIAN_POINT('',(18.18,-0.4,2.54));
#5081 = VECTOR('',#5082,1.);
#5082 = DIRECTION('',(0.,1.,0.));
#5083 = FACE_BOUND('',#5084,.T.);
#5084 = EDGE_LOOP('',(#5085,#5095,#5103,#5111));
#5085 = ORIENTED_EDGE('',*,*,#5086,.F.);
#5086 = EDGE_CURVE('',#5087,#5089,#5091,.T.);
#5087 = VERTEX_POINT('',#5088);
#5088 = CARTESIAN_POINT('',(-18.18,-0.4,2.54));
#5089 = VERTEX_POINT('',#5090);
#5090 = CARTESIAN_POINT('',(-17.38,-0.4,2.54));
#5091 = LINE('',#5092,#5093);
#5092 = CARTESIAN_POINT('',(-18.18,-0.4,2.54));
#5093 = VECTOR('',#5094,1.);
#5094 = DIRECTION('',(1.,-1.387778780781E-16,0.));
#5095 = ORIENTED_EDGE('',*,*,#5096,.F.);
#5096 = EDGE_CURVE('',#5097,#5087,#5099,.T.);
#5097 = VERTEX_POINT('',#5098);
#5098 = CARTESIAN_POINT('',(-18.18,0.4,2.54));
#5099 = LINE('',#5100,#5101);
#5100 = CARTESIAN_POINT('',(-18.18,0.4,2.54));
#5101 = VECTOR('',#5102,1.);
#5102 = DIRECTION('',(0.,-1.,0.));
#5103 = ORIENTED_EDGE('',*,*,#5104,.F.);
#5104 = EDGE_CURVE('',#5105,#5097,#5107,.T.);
#5105 = VERTEX_POINT('',#5106);
#5106 = CARTESIAN_POINT('',(-17.38,0.4,2.54));
#5107 = LINE('',#5108,#5109);
#5108 = CARTESIAN_POINT('',(-17.38,0.4,2.54));
#5109 = VECTOR('',#5110,1.);
#5110 = DIRECTION('',(-1.,1.387778780781E-16,0.));
#5111 = ORIENTED_EDGE('',*,*,#5112,.F.);
#5112 = EDGE_CURVE('',#5089,#5105,#5113,.T.);
#5113 = LINE('',#5114,#5115);
#5114 = CARTESIAN_POINT('',(-17.38,-0.4,2.54));
#5115 = VECTOR('',#5116,1.);
#5116 = DIRECTION('',(0.,1.,0.));
#5117 = PLANE('',#5118);
#5118 = AXIS2_PLACEMENT_3D('',#5119,#5120,#5121);
#5119 = CARTESIAN_POINT('',(0.,0.,2.54));
#5120 = DIRECTION('',(0.,0.,1.));
#5121 = DIRECTION('',(-1.,1.224646799147E-16,0.));
#5122 = ADVANCED_FACE('',(#5123,#5157,#5191,#5225,#5259,#5293,#5327,
    #5361,#5395,#5429,#5463,#5497,#5531,#5565,#5599,#5633),#5667,.F.);
#5123 = FACE_BOUND('',#5124,.T.);
#5124 = EDGE_LOOP('',(#5125,#5135,#5143,#5151));
#5125 = ORIENTED_EDGE('',*,*,#5126,.F.);
#5126 = EDGE_CURVE('',#5127,#5129,#5131,.T.);
#5127 = VERTEX_POINT('',#5128);
#5128 = CARTESIAN_POINT('',(19.32,1.5,0.));
#5129 = VERTEX_POINT('',#5130);
#5130 = CARTESIAN_POINT('',(-19.32,1.5,0.));
#5131 = LINE('',#5132,#5133);
#5132 = CARTESIAN_POINT('',(19.32,1.5,0.));
#5133 = VECTOR('',#5134,1.);
#5134 = DIRECTION('',(-1.,1.264229117068E-16,0.));
#5135 = ORIENTED_EDGE('',*,*,#5136,.F.);
#5136 = EDGE_CURVE('',#5137,#5127,#5139,.T.);
#5137 = VERTEX_POINT('',#5138);
#5138 = CARTESIAN_POINT('',(19.32,-1.5,0.));
#5139 = LINE('',#5140,#5141);
#5140 = CARTESIAN_POINT('',(19.32,-1.5,0.));
#5141 = VECTOR('',#5142,1.);
#5142 = DIRECTION('',(0.,1.,0.));
#5143 = ORIENTED_EDGE('',*,*,#5144,.F.);
#5144 = EDGE_CURVE('',#5145,#5137,#5147,.T.);
#5145 = VERTEX_POINT('',#5146);
#5146 = CARTESIAN_POINT('',(-19.32,-1.5,0.));
#5147 = LINE('',#5148,#5149);
#5148 = CARTESIAN_POINT('',(-19.32,-1.5,0.));
#5149 = VECTOR('',#5150,1.);
#5150 = DIRECTION('',(1.,-1.264229117068E-16,0.));
#5151 = ORIENTED_EDGE('',*,*,#5152,.F.);
#5152 = EDGE_CURVE('',#5129,#5145,#5153,.T.);
#5153 = LINE('',#5154,#5155);
#5154 = CARTESIAN_POINT('',(-19.32,1.5,0.));
#5155 = VECTOR('',#5156,1.);
#5156 = DIRECTION('',(0.,-1.,0.));
#5157 = FACE_BOUND('',#5158,.T.);
#5158 = EDGE_LOOP('',(#5159,#5169,#5177,#5185));
#5159 = ORIENTED_EDGE('',*,*,#5160,.T.);
#5160 = EDGE_CURVE('',#5161,#5163,#5165,.T.);
#5161 = VERTEX_POINT('',#5162);
#5162 = CARTESIAN_POINT('',(-15.64,-0.4,0.));
#5163 = VERTEX_POINT('',#5164);
#5164 = CARTESIAN_POINT('',(-14.84,-0.4,0.));
#5165 = LINE('',#5166,#5167);
#5166 = CARTESIAN_POINT('',(-15.64,-0.4,0.));
#5167 = VECTOR('',#5168,1.);
#5168 = DIRECTION('',(1.,-1.387778780781E-16,0.));
#5169 = ORIENTED_EDGE('',*,*,#5170,.T.);
#5170 = EDGE_CURVE('',#5163,#5171,#5173,.T.);
#5171 = VERTEX_POINT('',#5172);
#5172 = CARTESIAN_POINT('',(-14.84,0.4,0.));
#5173 = LINE('',#5174,#5175);
#5174 = CARTESIAN_POINT('',(-14.84,-0.4,0.));
#5175 = VECTOR('',#5176,1.);
#5176 = DIRECTION('',(0.,1.,0.));
#5177 = ORIENTED_EDGE('',*,*,#5178,.T.);
#5178 = EDGE_CURVE('',#5171,#5179,#5181,.T.);
#5179 = VERTEX_POINT('',#5180);
#5180 = CARTESIAN_POINT('',(-15.64,0.4,0.));
#5181 = LINE('',#5182,#5183);
#5182 = CARTESIAN_POINT('',(-14.84,0.4,0.));
#5183 = VECTOR('',#5184,1.);
#5184 = DIRECTION('',(-1.,1.387778780781E-16,0.));
#5185 = ORIENTED_EDGE('',*,*,#5186,.T.);
#5186 = EDGE_CURVE('',#5179,#5161,#5187,.T.);
#5187 = LINE('',#5188,#5189);
#5188 = CARTESIAN_POINT('',(-15.64,0.4,0.));
#5189 = VECTOR('',#5190,1.);
#5190 = DIRECTION('',(0.,-1.,0.));
#5191 = FACE_BOUND('',#5192,.T.);
#5192 = EDGE_LOOP('',(#5193,#5203,#5211,#5219));
#5193 = ORIENTED_EDGE('',*,*,#5194,.T.);
#5194 = EDGE_CURVE('',#5195,#5197,#5199,.T.);
#5195 = VERTEX_POINT('',#5196);
#5196 = CARTESIAN_POINT('',(-13.1,-0.4,0.));
#5197 = VERTEX_POINT('',#5198);
#5198 = CARTESIAN_POINT('',(-12.3,-0.4,0.));
#5199 = LINE('',#5200,#5201);
#5200 = CARTESIAN_POINT('',(-13.1,-0.4,0.));
#5201 = VECTOR('',#5202,1.);
#5202 = DIRECTION('',(1.,-1.387778780781E-16,0.));
#5203 = ORIENTED_EDGE('',*,*,#5204,.T.);
#5204 = EDGE_CURVE('',#5197,#5205,#5207,.T.);
#5205 = VERTEX_POINT('',#5206);
#5206 = CARTESIAN_POINT('',(-12.3,0.4,0.));
#5207 = LINE('',#5208,#5209);
#5208 = CARTESIAN_POINT('',(-12.3,-0.4,0.));
#5209 = VECTOR('',#5210,1.);
#5210 = DIRECTION('',(0.,1.,0.));
#5211 = ORIENTED_EDGE('',*,*,#5212,.T.);
#5212 = EDGE_CURVE('',#5205,#5213,#5215,.T.);
#5213 = VERTEX_POINT('',#5214);
#5214 = CARTESIAN_POINT('',(-13.1,0.4,0.));
#5215 = LINE('',#5216,#5217);
#5216 = CARTESIAN_POINT('',(-12.3,0.4,0.));
#5217 = VECTOR('',#5218,1.);
#5218 = DIRECTION('',(-1.,1.387778780781E-16,0.));
#5219 = ORIENTED_EDGE('',*,*,#5220,.T.);
#5220 = EDGE_CURVE('',#5213,#5195,#5221,.T.);
#5221 = LINE('',#5222,#5223);
#5222 = CARTESIAN_POINT('',(-13.1,0.4,0.));
#5223 = VECTOR('',#5224,1.);
#5224 = DIRECTION('',(0.,-1.,0.));
#5225 = FACE_BOUND('',#5226,.T.);
#5226 = EDGE_LOOP('',(#5227,#5237,#5245,#5253));
#5227 = ORIENTED_EDGE('',*,*,#5228,.T.);
#5228 = EDGE_CURVE('',#5229,#5231,#5233,.T.);
#5229 = VERTEX_POINT('',#5230);
#5230 = CARTESIAN_POINT('',(-10.56,-0.4,0.));
#5231 = VERTEX_POINT('',#5232);
#5232 = CARTESIAN_POINT('',(-9.76,-0.4,0.));
#5233 = LINE('',#5234,#5235);
#5234 = CARTESIAN_POINT('',(-10.56,-0.4,0.));
#5235 = VECTOR('',#5236,1.);
#5236 = DIRECTION('',(1.,-1.387778780781E-16,0.));
#5237 = ORIENTED_EDGE('',*,*,#5238,.T.);
#5238 = EDGE_CURVE('',#5231,#5239,#5241,.T.);
#5239 = VERTEX_POINT('',#5240);
#5240 = CARTESIAN_POINT('',(-9.76,0.4,0.));
#5241 = LINE('',#5242,#5243);
#5242 = CARTESIAN_POINT('',(-9.76,-0.4,0.));
#5243 = VECTOR('',#5244,1.);
#5244 = DIRECTION('',(0.,1.,0.));
#5245 = ORIENTED_EDGE('',*,*,#5246,.T.);
#5246 = EDGE_CURVE('',#5239,#5247,#5249,.T.);
#5247 = VERTEX_POINT('',#5248);
#5248 = CARTESIAN_POINT('',(-10.56,0.4,0.));
#5249 = LINE('',#5250,#5251);
#5250 = CARTESIAN_POINT('',(-9.76,0.4,0.));
#5251 = VECTOR('',#5252,1.);
#5252 = DIRECTION('',(-1.,1.387778780781E-16,0.));
#5253 = ORIENTED_EDGE('',*,*,#5254,.T.);
#5254 = EDGE_CURVE('',#5247,#5229,#5255,.T.);
#5255 = LINE('',#5256,#5257);
#5256 = CARTESIAN_POINT('',(-10.56,0.4,0.));
#5257 = VECTOR('',#5258,1.);
#5258 = DIRECTION('',(0.,-1.,0.));
#5259 = FACE_BOUND('',#5260,.T.);
#5260 = EDGE_LOOP('',(#5261,#5271,#5279,#5287));
#5261 = ORIENTED_EDGE('',*,*,#5262,.T.);
#5262 = EDGE_CURVE('',#5263,#5265,#5267,.T.);
#5263 = VERTEX_POINT('',#5264);
#5264 = CARTESIAN_POINT('',(-8.02,-0.4,0.));
#5265 = VERTEX_POINT('',#5266);
#5266 = CARTESIAN_POINT('',(-7.22,-0.4,0.));
#5267 = LINE('',#5268,#5269);
#5268 = CARTESIAN_POINT('',(-8.02,-0.4,0.));
#5269 = VECTOR('',#5270,1.);
#5270 = DIRECTION('',(1.,-1.387778780781E-16,0.));
#5271 = ORIENTED_EDGE('',*,*,#5272,.T.);
#5272 = EDGE_CURVE('',#5265,#5273,#5275,.T.);
#5273 = VERTEX_POINT('',#5274);
#5274 = CARTESIAN_POINT('',(-7.22,0.4,0.));
#5275 = LINE('',#5276,#5277);
#5276 = CARTESIAN_POINT('',(-7.22,-0.4,0.));
#5277 = VECTOR('',#5278,1.);
#5278 = DIRECTION('',(0.,1.,0.));
#5279 = ORIENTED_EDGE('',*,*,#5280,.T.);
#5280 = EDGE_CURVE('',#5273,#5281,#5283,.T.);
#5281 = VERTEX_POINT('',#5282);
#5282 = CARTESIAN_POINT('',(-8.02,0.4,0.));
#5283 = LINE('',#5284,#5285);
#5284 = CARTESIAN_POINT('',(-7.22,0.4,0.));
#5285 = VECTOR('',#5286,1.);
#5286 = DIRECTION('',(-1.,1.387778780781E-16,0.));
#5287 = ORIENTED_EDGE('',*,*,#5288,.T.);
#5288 = EDGE_CURVE('',#5281,#5263,#5289,.T.);
#5289 = LINE('',#5290,#5291);
#5290 = CARTESIAN_POINT('',(-8.02,0.4,0.));
#5291 = VECTOR('',#5292,1.);
#5292 = DIRECTION('',(0.,-1.,0.));
#5293 = FACE_BOUND('',#5294,.T.);
#5294 = EDGE_LOOP('',(#5295,#5305,#5313,#5321));
#5295 = ORIENTED_EDGE('',*,*,#5296,.T.);
#5296 = EDGE_CURVE('',#5297,#5299,#5301,.T.);
#5297 = VERTEX_POINT('',#5298);
#5298 = CARTESIAN_POINT('',(-5.48,-0.4,0.));
#5299 = VERTEX_POINT('',#5300);
#5300 = CARTESIAN_POINT('',(-4.68,-0.4,0.));
#5301 = LINE('',#5302,#5303);
#5302 = CARTESIAN_POINT('',(-5.48,-0.4,0.));
#5303 = VECTOR('',#5304,1.);
#5304 = DIRECTION('',(1.,-1.387778780781E-16,0.));
#5305 = ORIENTED_EDGE('',*,*,#5306,.T.);
#5306 = EDGE_CURVE('',#5299,#5307,#5309,.T.);
#5307 = VERTEX_POINT('',#5308);
#5308 = CARTESIAN_POINT('',(-4.68,0.4,0.));
#5309 = LINE('',#5310,#5311);
#5310 = CARTESIAN_POINT('',(-4.68,-0.4,0.));
#5311 = VECTOR('',#5312,1.);
#5312 = DIRECTION('',(0.,1.,0.));
#5313 = ORIENTED_EDGE('',*,*,#5314,.T.);
#5314 = EDGE_CURVE('',#5307,#5315,#5317,.T.);
#5315 = VERTEX_POINT('',#5316);
#5316 = CARTESIAN_POINT('',(-5.48,0.4,0.));
#5317 = LINE('',#5318,#5319);
#5318 = CARTESIAN_POINT('',(-4.68,0.4,0.));
#5319 = VECTOR('',#5320,1.);
#5320 = DIRECTION('',(-1.,1.387778780781E-16,0.));
#5321 = ORIENTED_EDGE('',*,*,#5322,.T.);
#5322 = EDGE_CURVE('',#5315,#5297,#5323,.T.);
#5323 = LINE('',#5324,#5325);
#5324 = CARTESIAN_POINT('',(-5.48,0.4,0.));
#5325 = VECTOR('',#5326,1.);
#5326 = DIRECTION('',(0.,-1.,0.));
#5327 = FACE_BOUND('',#5328,.T.);
#5328 = EDGE_LOOP('',(#5329,#5339,#5347,#5355));
#5329 = ORIENTED_EDGE('',*,*,#5330,.T.);
#5330 = EDGE_CURVE('',#5331,#5333,#5335,.T.);
#5331 = VERTEX_POINT('',#5332);
#5332 = CARTESIAN_POINT('',(-2.94,-0.4,0.));
#5333 = VERTEX_POINT('',#5334);
#5334 = CARTESIAN_POINT('',(-2.14,-0.4,0.));
#5335 = LINE('',#5336,#5337);
#5336 = CARTESIAN_POINT('',(-2.94,-0.4,0.));
#5337 = VECTOR('',#5338,1.);
#5338 = DIRECTION('',(1.,-1.387778780781E-16,0.));
#5339 = ORIENTED_EDGE('',*,*,#5340,.T.);
#5340 = EDGE_CURVE('',#5333,#5341,#5343,.T.);
#5341 = VERTEX_POINT('',#5342);
#5342 = CARTESIAN_POINT('',(-2.14,0.4,0.));
#5343 = LINE('',#5344,#5345);
#5344 = CARTESIAN_POINT('',(-2.14,-0.4,0.));
#5345 = VECTOR('',#5346,1.);
#5346 = DIRECTION('',(0.,1.,0.));
#5347 = ORIENTED_EDGE('',*,*,#5348,.T.);
#5348 = EDGE_CURVE('',#5341,#5349,#5351,.T.);
#5349 = VERTEX_POINT('',#5350);
#5350 = CARTESIAN_POINT('',(-2.94,0.4,0.));
#5351 = LINE('',#5352,#5353);
#5352 = CARTESIAN_POINT('',(-2.14,0.4,0.));
#5353 = VECTOR('',#5354,1.);
#5354 = DIRECTION('',(-1.,1.387778780781E-16,0.));
#5355 = ORIENTED_EDGE('',*,*,#5356,.T.);
#5356 = EDGE_CURVE('',#5349,#5331,#5357,.T.);
#5357 = LINE('',#5358,#5359);
#5358 = CARTESIAN_POINT('',(-2.94,0.4,0.));
#5359 = VECTOR('',#5360,1.);
#5360 = DIRECTION('',(0.,-1.,0.));
#5361 = FACE_BOUND('',#5362,.T.);
#5362 = EDGE_LOOP('',(#5363,#5373,#5381,#5389));
#5363 = ORIENTED_EDGE('',*,*,#5364,.T.);
#5364 = EDGE_CURVE('',#5365,#5367,#5369,.T.);
#5365 = VERTEX_POINT('',#5366);
#5366 = CARTESIAN_POINT('',(-0.4,-0.4,0.));
#5367 = VERTEX_POINT('',#5368);
#5368 = CARTESIAN_POINT('',(0.4,-0.4,0.));
#5369 = LINE('',#5370,#5371);
#5370 = CARTESIAN_POINT('',(-0.4,-0.4,0.));
#5371 = VECTOR('',#5372,1.);
#5372 = DIRECTION('',(1.,-1.387778780781E-16,0.));
#5373 = ORIENTED_EDGE('',*,*,#5374,.T.);
#5374 = EDGE_CURVE('',#5367,#5375,#5377,.T.);
#5375 = VERTEX_POINT('',#5376);
#5376 = CARTESIAN_POINT('',(0.4,0.4,0.));
#5377 = LINE('',#5378,#5379);
#5378 = CARTESIAN_POINT('',(0.4,-0.4,0.));
#5379 = VECTOR('',#5380,1.);
#5380 = DIRECTION('',(0.,1.,0.));
#5381 = ORIENTED_EDGE('',*,*,#5382,.T.);
#5382 = EDGE_CURVE('',#5375,#5383,#5385,.T.);
#5383 = VERTEX_POINT('',#5384);
#5384 = CARTESIAN_POINT('',(-0.4,0.4,0.));
#5385 = LINE('',#5386,#5387);
#5386 = CARTESIAN_POINT('',(0.4,0.4,0.));
#5387 = VECTOR('',#5388,1.);
#5388 = DIRECTION('',(-1.,1.387778780781E-16,0.));
#5389 = ORIENTED_EDGE('',*,*,#5390,.T.);
#5390 = EDGE_CURVE('',#5383,#5365,#5391,.T.);
#5391 = LINE('',#5392,#5393);
#5392 = CARTESIAN_POINT('',(-0.4,0.4,0.));
#5393 = VECTOR('',#5394,1.);
#5394 = DIRECTION('',(0.,-1.,0.));
#5395 = FACE_BOUND('',#5396,.T.);
#5396 = EDGE_LOOP('',(#5397,#5407,#5415,#5423));
#5397 = ORIENTED_EDGE('',*,*,#5398,.T.);
#5398 = EDGE_CURVE('',#5399,#5401,#5403,.T.);
#5399 = VERTEX_POINT('',#5400);
#5400 = CARTESIAN_POINT('',(2.14,-0.4,0.));
#5401 = VERTEX_POINT('',#5402);
#5402 = CARTESIAN_POINT('',(2.94,-0.4,0.));
#5403 = LINE('',#5404,#5405);
#5404 = CARTESIAN_POINT('',(2.14,-0.4,0.));
#5405 = VECTOR('',#5406,1.);
#5406 = DIRECTION('',(1.,-1.387778780781E-16,0.));
#5407 = ORIENTED_EDGE('',*,*,#5408,.T.);
#5408 = EDGE_CURVE('',#5401,#5409,#5411,.T.);
#5409 = VERTEX_POINT('',#5410);
#5410 = CARTESIAN_POINT('',(2.94,0.4,0.));
#5411 = LINE('',#5412,#5413);
#5412 = CARTESIAN_POINT('',(2.94,-0.4,0.));
#5413 = VECTOR('',#5414,1.);
#5414 = DIRECTION('',(0.,1.,0.));
#5415 = ORIENTED_EDGE('',*,*,#5416,.T.);
#5416 = EDGE_CURVE('',#5409,#5417,#5419,.T.);
#5417 = VERTEX_POINT('',#5418);
#5418 = CARTESIAN_POINT('',(2.14,0.4,0.));
#5419 = LINE('',#5420,#5421);
#5420 = CARTESIAN_POINT('',(2.94,0.4,0.));
#5421 = VECTOR('',#5422,1.);
#5422 = DIRECTION('',(-1.,6.938893903907E-17,0.));
#5423 = ORIENTED_EDGE('',*,*,#5424,.T.);
#5424 = EDGE_CURVE('',#5417,#5399,#5425,.T.);
#5425 = LINE('',#5426,#5427);
#5426 = CARTESIAN_POINT('',(2.14,0.4,0.));
#5427 = VECTOR('',#5428,1.);
#5428 = DIRECTION('',(0.,-1.,0.));
#5429 = FACE_BOUND('',#5430,.T.);
#5430 = EDGE_LOOP('',(#5431,#5441,#5449,#5457));
#5431 = ORIENTED_EDGE('',*,*,#5432,.T.);
#5432 = EDGE_CURVE('',#5433,#5435,#5437,.T.);
#5433 = VERTEX_POINT('',#5434);
#5434 = CARTESIAN_POINT('',(4.68,-0.4,0.));
#5435 = VERTEX_POINT('',#5436);
#5436 = CARTESIAN_POINT('',(5.48,-0.4,0.));
#5437 = LINE('',#5438,#5439);
#5438 = CARTESIAN_POINT('',(4.68,-0.4,0.));
#5439 = VECTOR('',#5440,1.);
#5440 = DIRECTION('',(1.,-1.387778780781E-16,0.));
#5441 = ORIENTED_EDGE('',*,*,#5442,.T.);
#5442 = EDGE_CURVE('',#5435,#5443,#5445,.T.);
#5443 = VERTEX_POINT('',#5444);
#5444 = CARTESIAN_POINT('',(5.48,0.4,0.));
#5445 = LINE('',#5446,#5447);
#5446 = CARTESIAN_POINT('',(5.48,-0.4,0.));
#5447 = VECTOR('',#5448,1.);
#5448 = DIRECTION('',(0.,1.,0.));
#5449 = ORIENTED_EDGE('',*,*,#5450,.T.);
#5450 = EDGE_CURVE('',#5443,#5451,#5453,.T.);
#5451 = VERTEX_POINT('',#5452);
#5452 = CARTESIAN_POINT('',(4.68,0.4,0.));
#5453 = LINE('',#5454,#5455);
#5454 = CARTESIAN_POINT('',(5.48,0.4,0.));
#5455 = VECTOR('',#5456,1.);
#5456 = DIRECTION('',(-1.,1.387778780781E-16,0.));
#5457 = ORIENTED_EDGE('',*,*,#5458,.T.);
#5458 = EDGE_CURVE('',#5451,#5433,#5459,.T.);
#5459 = LINE('',#5460,#5461);
#5460 = CARTESIAN_POINT('',(4.68,0.4,0.));
#5461 = VECTOR('',#5462,1.);
#5462 = DIRECTION('',(0.,-1.,0.));
#5463 = FACE_BOUND('',#5464,.T.);
#5464 = EDGE_LOOP('',(#5465,#5475,#5483,#5491));
#5465 = ORIENTED_EDGE('',*,*,#5466,.T.);
#5466 = EDGE_CURVE('',#5467,#5469,#5471,.T.);
#5467 = VERTEX_POINT('',#5468);
#5468 = CARTESIAN_POINT('',(7.22,-0.4,0.));
#5469 = VERTEX_POINT('',#5470);
#5470 = CARTESIAN_POINT('',(8.02,-0.4,0.));
#5471 = LINE('',#5472,#5473);
#5472 = CARTESIAN_POINT('',(7.22,-0.4,0.));
#5473 = VECTOR('',#5474,1.);
#5474 = DIRECTION('',(1.,-1.387778780781E-16,0.));
#5475 = ORIENTED_EDGE('',*,*,#5476,.T.);
#5476 = EDGE_CURVE('',#5469,#5477,#5479,.T.);
#5477 = VERTEX_POINT('',#5478);
#5478 = CARTESIAN_POINT('',(8.02,0.4,0.));
#5479 = LINE('',#5480,#5481);
#5480 = CARTESIAN_POINT('',(8.02,-0.4,0.));
#5481 = VECTOR('',#5482,1.);
#5482 = DIRECTION('',(0.,1.,0.));
#5483 = ORIENTED_EDGE('',*,*,#5484,.T.);
#5484 = EDGE_CURVE('',#5477,#5485,#5487,.T.);
#5485 = VERTEX_POINT('',#5486);
#5486 = CARTESIAN_POINT('',(7.22,0.4,0.));
#5487 = LINE('',#5488,#5489);
#5488 = CARTESIAN_POINT('',(8.02,0.4,0.));
#5489 = VECTOR('',#5490,1.);
#5490 = DIRECTION('',(-1.,1.387778780781E-16,0.));
#5491 = ORIENTED_EDGE('',*,*,#5492,.T.);
#5492 = EDGE_CURVE('',#5485,#5467,#5493,.T.);
#5493 = LINE('',#5494,#5495);
#5494 = CARTESIAN_POINT('',(7.22,0.4,0.));
#5495 = VECTOR('',#5496,1.);
#5496 = DIRECTION('',(0.,-1.,0.));
#5497 = FACE_BOUND('',#5498,.T.);
#5498 = EDGE_LOOP('',(#5499,#5509,#5517,#5525));
#5499 = ORIENTED_EDGE('',*,*,#5500,.T.);
#5500 = EDGE_CURVE('',#5501,#5503,#5505,.T.);
#5501 = VERTEX_POINT('',#5502);
#5502 = CARTESIAN_POINT('',(9.76,-0.4,0.));
#5503 = VERTEX_POINT('',#5504);
#5504 = CARTESIAN_POINT('',(10.56,-0.4,0.));
#5505 = LINE('',#5506,#5507);
#5506 = CARTESIAN_POINT('',(9.76,-0.4,0.));
#5507 = VECTOR('',#5508,1.);
#5508 = DIRECTION('',(1.,-1.387778780781E-16,0.));
#5509 = ORIENTED_EDGE('',*,*,#5510,.T.);
#5510 = EDGE_CURVE('',#5503,#5511,#5513,.T.);
#5511 = VERTEX_POINT('',#5512);
#5512 = CARTESIAN_POINT('',(10.56,0.4,0.));
#5513 = LINE('',#5514,#5515);
#5514 = CARTESIAN_POINT('',(10.56,-0.4,0.));
#5515 = VECTOR('',#5516,1.);
#5516 = DIRECTION('',(0.,1.,0.));
#5517 = ORIENTED_EDGE('',*,*,#5518,.T.);
#5518 = EDGE_CURVE('',#5511,#5519,#5521,.T.);
#5519 = VERTEX_POINT('',#5520);
#5520 = CARTESIAN_POINT('',(9.76,0.4,0.));
#5521 = LINE('',#5522,#5523);
#5522 = CARTESIAN_POINT('',(10.56,0.4,0.));
#5523 = VECTOR('',#5524,1.);
#5524 = DIRECTION('',(-1.,1.387778780781E-16,0.));
#5525 = ORIENTED_EDGE('',*,*,#5526,.T.);
#5526 = EDGE_CURVE('',#5519,#5501,#5527,.T.);
#5527 = LINE('',#5528,#5529);
#5528 = CARTESIAN_POINT('',(9.76,0.4,0.));
#5529 = VECTOR('',#5530,1.);
#5530 = DIRECTION('',(0.,-1.,0.));
#5531 = FACE_BOUND('',#5532,.T.);
#5532 = EDGE_LOOP('',(#5533,#5543,#5551,#5559));
#5533 = ORIENTED_EDGE('',*,*,#5534,.T.);
#5534 = EDGE_CURVE('',#5535,#5537,#5539,.T.);
#5535 = VERTEX_POINT('',#5536);
#5536 = CARTESIAN_POINT('',(12.3,-0.4,0.));
#5537 = VERTEX_POINT('',#5538);
#5538 = CARTESIAN_POINT('',(13.1,-0.4,0.));
#5539 = LINE('',#5540,#5541);
#5540 = CARTESIAN_POINT('',(12.3,-0.4,0.));
#5541 = VECTOR('',#5542,1.);
#5542 = DIRECTION('',(1.,-1.387778780781E-16,0.));
#5543 = ORIENTED_EDGE('',*,*,#5544,.T.);
#5544 = EDGE_CURVE('',#5537,#5545,#5547,.T.);
#5545 = VERTEX_POINT('',#5546);
#5546 = CARTESIAN_POINT('',(13.1,0.4,0.));
#5547 = LINE('',#5548,#5549);
#5548 = CARTESIAN_POINT('',(13.1,-0.4,0.));
#5549 = VECTOR('',#5550,1.);
#5550 = DIRECTION('',(0.,1.,0.));
#5551 = ORIENTED_EDGE('',*,*,#5552,.T.);
#5552 = EDGE_CURVE('',#5545,#5553,#5555,.T.);
#5553 = VERTEX_POINT('',#5554);
#5554 = CARTESIAN_POINT('',(12.3,0.4,0.));
#5555 = LINE('',#5556,#5557);
#5556 = CARTESIAN_POINT('',(13.1,0.4,0.));
#5557 = VECTOR('',#5558,1.);
#5558 = DIRECTION('',(-1.,1.387778780781E-16,0.));
#5559 = ORIENTED_EDGE('',*,*,#5560,.T.);
#5560 = EDGE_CURVE('',#5553,#5535,#5561,.T.);
#5561 = LINE('',#5562,#5563);
#5562 = CARTESIAN_POINT('',(12.3,0.4,0.));
#5563 = VECTOR('',#5564,1.);
#5564 = DIRECTION('',(0.,-1.,0.));
#5565 = FACE_BOUND('',#5566,.T.);
#5566 = EDGE_LOOP('',(#5567,#5577,#5585,#5593));
#5567 = ORIENTED_EDGE('',*,*,#5568,.T.);
#5568 = EDGE_CURVE('',#5569,#5571,#5573,.T.);
#5569 = VERTEX_POINT('',#5570);
#5570 = CARTESIAN_POINT('',(14.84,-0.4,0.));
#5571 = VERTEX_POINT('',#5572);
#5572 = CARTESIAN_POINT('',(15.64,-0.4,0.));
#5573 = LINE('',#5574,#5575);
#5574 = CARTESIAN_POINT('',(14.84,-0.4,0.));
#5575 = VECTOR('',#5576,1.);
#5576 = DIRECTION('',(1.,-1.387778780781E-16,0.));
#5577 = ORIENTED_EDGE('',*,*,#5578,.T.);
#5578 = EDGE_CURVE('',#5571,#5579,#5581,.T.);
#5579 = VERTEX_POINT('',#5580);
#5580 = CARTESIAN_POINT('',(15.64,0.4,0.));
#5581 = LINE('',#5582,#5583);
#5582 = CARTESIAN_POINT('',(15.64,-0.4,0.));
#5583 = VECTOR('',#5584,1.);
#5584 = DIRECTION('',(0.,1.,0.));
#5585 = ORIENTED_EDGE('',*,*,#5586,.T.);
#5586 = EDGE_CURVE('',#5579,#5587,#5589,.T.);
#5587 = VERTEX_POINT('',#5588);
#5588 = CARTESIAN_POINT('',(14.84,0.4,0.));
#5589 = LINE('',#5590,#5591);
#5590 = CARTESIAN_POINT('',(15.64,0.4,0.));
#5591 = VECTOR('',#5592,1.);
#5592 = DIRECTION('',(-1.,1.387778780781E-16,0.));
#5593 = ORIENTED_EDGE('',*,*,#5594,.T.);
#5594 = EDGE_CURVE('',#5587,#5569,#5595,.T.);
#5595 = LINE('',#5596,#5597);
#5596 = CARTESIAN_POINT('',(14.84,0.4,0.));
#5597 = VECTOR('',#5598,1.);
#5598 = DIRECTION('',(0.,-1.,0.));
#5599 = FACE_BOUND('',#5600,.T.);
#5600 = EDGE_LOOP('',(#5601,#5611,#5619,#5627));
#5601 = ORIENTED_EDGE('',*,*,#5602,.T.);
#5602 = EDGE_CURVE('',#5603,#5605,#5607,.T.);
#5603 = VERTEX_POINT('',#5604);
#5604 = CARTESIAN_POINT('',(17.38,-0.4,0.));
#5605 = VERTEX_POINT('',#5606);
#5606 = CARTESIAN_POINT('',(18.18,-0.4,0.));
#5607 = LINE('',#5608,#5609);
#5608 = CARTESIAN_POINT('',(17.38,-0.4,0.));
#5609 = VECTOR('',#5610,1.);
#5610 = DIRECTION('',(1.,-1.387778780781E-16,0.));
#5611 = ORIENTED_EDGE('',*,*,#5612,.T.);
#5612 = EDGE_CURVE('',#5605,#5613,#5615,.T.);
#5613 = VERTEX_POINT('',#5614);
#5614 = CARTESIAN_POINT('',(18.18,0.4,0.));
#5615 = LINE('',#5616,#5617);
#5616 = CARTESIAN_POINT('',(18.18,-0.4,0.));
#5617 = VECTOR('',#5618,1.);
#5618 = DIRECTION('',(0.,1.,0.));
#5619 = ORIENTED_EDGE('',*,*,#5620,.T.);
#5620 = EDGE_CURVE('',#5613,#5621,#5623,.T.);
#5621 = VERTEX_POINT('',#5622);
#5622 = CARTESIAN_POINT('',(17.38,0.4,0.));
#5623 = LINE('',#5624,#5625);
#5624 = CARTESIAN_POINT('',(18.18,0.4,0.));
#5625 = VECTOR('',#5626,1.);
#5626 = DIRECTION('',(-1.,1.387778780781E-16,0.));
#5627 = ORIENTED_EDGE('',*,*,#5628,.T.);
#5628 = EDGE_CURVE('',#5621,#5603,#5629,.T.);
#5629 = LINE('',#5630,#5631);
#5630 = CARTESIAN_POINT('',(17.38,0.4,0.));
#5631 = VECTOR('',#5632,1.);
#5632 = DIRECTION('',(0.,-1.,0.));
#5633 = FACE_BOUND('',#5634,.T.);
#5634 = EDGE_LOOP('',(#5635,#5645,#5653,#5661));
#5635 = ORIENTED_EDGE('',*,*,#5636,.T.);
#5636 = EDGE_CURVE('',#5637,#5639,#5641,.T.);
#5637 = VERTEX_POINT('',#5638);
#5638 = CARTESIAN_POINT('',(-18.18,-0.4,0.));
#5639 = VERTEX_POINT('',#5640);
#5640 = CARTESIAN_POINT('',(-17.38,-0.4,0.));
#5641 = LINE('',#5642,#5643);
#5642 = CARTESIAN_POINT('',(-18.18,-0.4,0.));
#5643 = VECTOR('',#5644,1.);
#5644 = DIRECTION('',(1.,-1.387778780781E-16,0.));
#5645 = ORIENTED_EDGE('',*,*,#5646,.T.);
#5646 = EDGE_CURVE('',#5639,#5647,#5649,.T.);
#5647 = VERTEX_POINT('',#5648);
#5648 = CARTESIAN_POINT('',(-17.38,0.4,0.));
#5649 = LINE('',#5650,#5651);
#5650 = CARTESIAN_POINT('',(-17.38,-0.4,0.));
#5651 = VECTOR('',#5652,1.);
#5652 = DIRECTION('',(0.,1.,0.));
#5653 = ORIENTED_EDGE('',*,*,#5654,.T.);
#5654 = EDGE_CURVE('',#5647,#5655,#5657,.T.);
#5655 = VERTEX_POINT('',#5656);
#5656 = CARTESIAN_POINT('',(-18.18,0.4,0.));
#5657 = LINE('',#5658,#5659);
#5658 = CARTESIAN_POINT('',(-17.38,0.4,0.));
#5659 = VECTOR('',#5660,1.);
#5660 = DIRECTION('',(-1.,1.387778780781E-16,0.));
#5661 = ORIENTED_EDGE('',*,*,#5662,.T.);
#5662 = EDGE_CURVE('',#5655,#5637,#5663,.T.);
#5663 = LINE('',#5664,#5665);
#5664 = CARTESIAN_POINT('',(-18.18,0.4,0.));
#5665 = VECTOR('',#5666,1.);
#5666 = DIRECTION('',(0.,-1.,0.));
#5667 = PLANE('',#5668);
#5668 = AXIS2_PLACEMENT_3D('',#5669,#5670,#5671);
#5669 = CARTESIAN_POINT('',(0.,0.,0.));
#5670 = DIRECTION('',(0.,0.,1.));
#5671 = DIRECTION('',(-1.,1.224646799147E-16,0.));
#5672 = ADVANCED_FACE('',(#5673),#5689,.F.);
#5673 = FACE_BOUND('',#5674,.T.);
#5674 = EDGE_LOOP('',(#5675,#5676,#5682,#5683));
#5675 = ORIENTED_EDGE('',*,*,#5628,.F.);
#5676 = ORIENTED_EDGE('',*,*,#5677,.T.);
#5677 = EDGE_CURVE('',#5621,#5063,#5678,.T.);
#5678 = LINE('',#5679,#5680);
#5679 = CARTESIAN_POINT('',(17.38,0.4,0.));
#5680 = VECTOR('',#5681,1.);
#5681 = DIRECTION('',(0.,0.,1.));
#5682 = ORIENTED_EDGE('',*,*,#5062,.T.);
#5683 = ORIENTED_EDGE('',*,*,#5684,.F.);
#5684 = EDGE_CURVE('',#5603,#5053,#5685,.T.);
#5685 = LINE('',#5686,#5687);
#5686 = CARTESIAN_POINT('',(17.38,-0.4,0.));
#5687 = VECTOR('',#5688,1.);
#5688 = DIRECTION('',(0.,0.,1.));
#5689 = PLANE('',#5690);
#5690 = AXIS2_PLACEMENT_3D('',#5691,#5692,#5693);
#5691 = CARTESIAN_POINT('',(17.38,0.4,-4.46));
#5692 = DIRECTION('',(-1.,0.,0.));
#5693 = DIRECTION('',(0.,-1.,0.));
#5694 = ADVANCED_FACE('',(#5695),#5706,.F.);
#5695 = FACE_BOUND('',#5696,.T.);
#5696 = EDGE_LOOP('',(#5697,#5698,#5704,#5705));
#5697 = ORIENTED_EDGE('',*,*,#5620,.F.);
#5698 = ORIENTED_EDGE('',*,*,#5699,.T.);
#5699 = EDGE_CURVE('',#5613,#5071,#5700,.T.);
#5700 = LINE('',#5701,#5702);
#5701 = CARTESIAN_POINT('',(18.18,0.4,0.));
#5702 = VECTOR('',#5703,1.);
#5703 = DIRECTION('',(0.,0.,1.));
#5704 = ORIENTED_EDGE('',*,*,#5070,.T.);
#5705 = ORIENTED_EDGE('',*,*,#5677,.F.);
#5706 = PLANE('',#5707);
#5707 = AXIS2_PLACEMENT_3D('',#5708,#5709,#5710);
#5708 = CARTESIAN_POINT('',(18.18,0.4,-4.46));
#5709 = DIRECTION('',(1.387778780781E-16,1.,0.));
#5710 = DIRECTION('',(-1.,1.387778780781E-16,0.));
#5711 = ADVANCED_FACE('',(#5712),#5723,.F.);
#5712 = FACE_BOUND('',#5713,.T.);
#5713 = EDGE_LOOP('',(#5714,#5715,#5721,#5722));
#5714 = ORIENTED_EDGE('',*,*,#5612,.F.);
#5715 = ORIENTED_EDGE('',*,*,#5716,.T.);
#5716 = EDGE_CURVE('',#5605,#5055,#5717,.T.);
#5717 = LINE('',#5718,#5719);
#5718 = CARTESIAN_POINT('',(18.18,-0.4,0.));
#5719 = VECTOR('',#5720,1.);
#5720 = DIRECTION('',(0.,0.,1.));
#5721 = ORIENTED_EDGE('',*,*,#5078,.T.);
#5722 = ORIENTED_EDGE('',*,*,#5699,.F.);
#5723 = PLANE('',#5724);
#5724 = AXIS2_PLACEMENT_3D('',#5725,#5726,#5727);
#5725 = CARTESIAN_POINT('',(18.18,-0.4,-4.46));
#5726 = DIRECTION('',(1.,0.,0.));
#5727 = DIRECTION('',(-0.,1.,0.));
#5728 = ADVANCED_FACE('',(#5729),#5735,.F.);
#5729 = FACE_BOUND('',#5730,.T.);
#5730 = EDGE_LOOP('',(#5731,#5732,#5733,#5734));
#5731 = ORIENTED_EDGE('',*,*,#5602,.F.);
#5732 = ORIENTED_EDGE('',*,*,#5684,.T.);
#5733 = ORIENTED_EDGE('',*,*,#5052,.T.);
#5734 = ORIENTED_EDGE('',*,*,#5716,.F.);
#5735 = PLANE('',#5736);
#5736 = AXIS2_PLACEMENT_3D('',#5737,#5738,#5739);
#5737 = CARTESIAN_POINT('',(17.38,-0.4,-4.46));
#5738 = DIRECTION('',(-1.387778780781E-16,-1.,0.));
#5739 = DIRECTION('',(1.,-1.387778780781E-16,0.));
#5740 = ADVANCED_FACE('',(#5741),#5757,.F.);
#5741 = FACE_BOUND('',#5742,.T.);
#5742 = EDGE_LOOP('',(#5743,#5744,#5750,#5751));
#5743 = ORIENTED_EDGE('',*,*,#5594,.F.);
#5744 = ORIENTED_EDGE('',*,*,#5745,.T.);
#5745 = EDGE_CURVE('',#5587,#5029,#5746,.T.);
#5746 = LINE('',#5747,#5748);
#5747 = CARTESIAN_POINT('',(14.84,0.4,0.));
#5748 = VECTOR('',#5749,1.);
#5749 = DIRECTION('',(0.,0.,1.));
#5750 = ORIENTED_EDGE('',*,*,#5028,.T.);
#5751 = ORIENTED_EDGE('',*,*,#5752,.F.);
#5752 = EDGE_CURVE('',#5569,#5019,#5753,.T.);
#5753 = LINE('',#5754,#5755);
#5754 = CARTESIAN_POINT('',(14.84,-0.4,0.));
#5755 = VECTOR('',#5756,1.);
#5756 = DIRECTION('',(0.,0.,1.));
#5757 = PLANE('',#5758);
#5758 = AXIS2_PLACEMENT_3D('',#5759,#5760,#5761);
#5759 = CARTESIAN_POINT('',(14.84,0.4,-4.46));
#5760 = DIRECTION('',(-1.,0.,0.));
#5761 = DIRECTION('',(0.,-1.,0.));
#5762 = ADVANCED_FACE('',(#5763),#5774,.F.);
#5763 = FACE_BOUND('',#5764,.T.);
#5764 = EDGE_LOOP('',(#5765,#5766,#5772,#5773));
#5765 = ORIENTED_EDGE('',*,*,#5586,.F.);
#5766 = ORIENTED_EDGE('',*,*,#5767,.T.);
#5767 = EDGE_CURVE('',#5579,#5037,#5768,.T.);
#5768 = LINE('',#5769,#5770);
#5769 = CARTESIAN_POINT('',(15.64,0.4,0.));
#5770 = VECTOR('',#5771,1.);
#5771 = DIRECTION('',(0.,0.,1.));
#5772 = ORIENTED_EDGE('',*,*,#5036,.T.);
#5773 = ORIENTED_EDGE('',*,*,#5745,.F.);
#5774 = PLANE('',#5775);
#5775 = AXIS2_PLACEMENT_3D('',#5776,#5777,#5778);
#5776 = CARTESIAN_POINT('',(15.64,0.4,-4.46));
#5777 = DIRECTION('',(1.387778780781E-16,1.,0.));
#5778 = DIRECTION('',(-1.,1.387778780781E-16,0.));
#5779 = ADVANCED_FACE('',(#5780),#5791,.F.);
#5780 = FACE_BOUND('',#5781,.T.);
#5781 = EDGE_LOOP('',(#5782,#5783,#5789,#5790));
#5782 = ORIENTED_EDGE('',*,*,#5578,.F.);
#5783 = ORIENTED_EDGE('',*,*,#5784,.T.);
#5784 = EDGE_CURVE('',#5571,#5021,#5785,.T.);
#5785 = LINE('',#5786,#5787);
#5786 = CARTESIAN_POINT('',(15.64,-0.4,0.));
#5787 = VECTOR('',#5788,1.);
#5788 = DIRECTION('',(0.,0.,1.));
#5789 = ORIENTED_EDGE('',*,*,#5044,.T.);
#5790 = ORIENTED_EDGE('',*,*,#5767,.F.);
#5791 = PLANE('',#5792);
#5792 = AXIS2_PLACEMENT_3D('',#5793,#5794,#5795);
#5793 = CARTESIAN_POINT('',(15.64,-0.4,-4.46));
#5794 = DIRECTION('',(1.,0.,0.));
#5795 = DIRECTION('',(-0.,1.,0.));
#5796 = ADVANCED_FACE('',(#5797),#5803,.F.);
#5797 = FACE_BOUND('',#5798,.T.);
#5798 = EDGE_LOOP('',(#5799,#5800,#5801,#5802));
#5799 = ORIENTED_EDGE('',*,*,#5568,.F.);
#5800 = ORIENTED_EDGE('',*,*,#5752,.T.);
#5801 = ORIENTED_EDGE('',*,*,#5018,.T.);
#5802 = ORIENTED_EDGE('',*,*,#5784,.F.);
#5803 = PLANE('',#5804);
#5804 = AXIS2_PLACEMENT_3D('',#5805,#5806,#5807);
#5805 = CARTESIAN_POINT('',(14.84,-0.4,-4.46));
#5806 = DIRECTION('',(-1.387778780781E-16,-1.,0.));
#5807 = DIRECTION('',(1.,-1.387778780781E-16,0.));
#5808 = ADVANCED_FACE('',(#5809),#5825,.F.);
#5809 = FACE_BOUND('',#5810,.T.);
#5810 = EDGE_LOOP('',(#5811,#5812,#5818,#5819));
#5811 = ORIENTED_EDGE('',*,*,#5560,.F.);
#5812 = ORIENTED_EDGE('',*,*,#5813,.T.);
#5813 = EDGE_CURVE('',#5553,#4995,#5814,.T.);
#5814 = LINE('',#5815,#5816);
#5815 = CARTESIAN_POINT('',(12.3,0.4,0.));
#5816 = VECTOR('',#5817,1.);
#5817 = DIRECTION('',(0.,0.,1.));
#5818 = ORIENTED_EDGE('',*,*,#4994,.T.);
#5819 = ORIENTED_EDGE('',*,*,#5820,.F.);
#5820 = EDGE_CURVE('',#5535,#4985,#5821,.T.);
#5821 = LINE('',#5822,#5823);
#5822 = CARTESIAN_POINT('',(12.3,-0.4,0.));
#5823 = VECTOR('',#5824,1.);
#5824 = DIRECTION('',(0.,0.,1.));
#5825 = PLANE('',#5826);
#5826 = AXIS2_PLACEMENT_3D('',#5827,#5828,#5829);
#5827 = CARTESIAN_POINT('',(12.3,0.4,-4.46));
#5828 = DIRECTION('',(-1.,0.,0.));
#5829 = DIRECTION('',(0.,-1.,0.));
#5830 = ADVANCED_FACE('',(#5831),#5842,.F.);
#5831 = FACE_BOUND('',#5832,.T.);
#5832 = EDGE_LOOP('',(#5833,#5834,#5840,#5841));
#5833 = ORIENTED_EDGE('',*,*,#5552,.F.);
#5834 = ORIENTED_EDGE('',*,*,#5835,.T.);
#5835 = EDGE_CURVE('',#5545,#5003,#5836,.T.);
#5836 = LINE('',#5837,#5838);
#5837 = CARTESIAN_POINT('',(13.1,0.4,0.));
#5838 = VECTOR('',#5839,1.);
#5839 = DIRECTION('',(0.,0.,1.));
#5840 = ORIENTED_EDGE('',*,*,#5002,.T.);
#5841 = ORIENTED_EDGE('',*,*,#5813,.F.);
#5842 = PLANE('',#5843);
#5843 = AXIS2_PLACEMENT_3D('',#5844,#5845,#5846);
#5844 = CARTESIAN_POINT('',(13.1,0.4,-4.46));
#5845 = DIRECTION('',(1.387778780781E-16,1.,0.));
#5846 = DIRECTION('',(-1.,1.387778780781E-16,0.));
#5847 = ADVANCED_FACE('',(#5848),#5859,.F.);
#5848 = FACE_BOUND('',#5849,.T.);
#5849 = EDGE_LOOP('',(#5850,#5851,#5857,#5858));
#5850 = ORIENTED_EDGE('',*,*,#5544,.F.);
#5851 = ORIENTED_EDGE('',*,*,#5852,.T.);
#5852 = EDGE_CURVE('',#5537,#4987,#5853,.T.);
#5853 = LINE('',#5854,#5855);
#5854 = CARTESIAN_POINT('',(13.1,-0.4,0.));
#5855 = VECTOR('',#5856,1.);
#5856 = DIRECTION('',(0.,0.,1.));
#5857 = ORIENTED_EDGE('',*,*,#5010,.T.);
#5858 = ORIENTED_EDGE('',*,*,#5835,.F.);
#5859 = PLANE('',#5860);
#5860 = AXIS2_PLACEMENT_3D('',#5861,#5862,#5863);
#5861 = CARTESIAN_POINT('',(13.1,-0.4,-4.46));
#5862 = DIRECTION('',(1.,0.,0.));
#5863 = DIRECTION('',(-0.,1.,0.));
#5864 = ADVANCED_FACE('',(#5865),#5871,.F.);
#5865 = FACE_BOUND('',#5866,.T.);
#5866 = EDGE_LOOP('',(#5867,#5868,#5869,#5870));
#5867 = ORIENTED_EDGE('',*,*,#5534,.F.);
#5868 = ORIENTED_EDGE('',*,*,#5820,.T.);
#5869 = ORIENTED_EDGE('',*,*,#4984,.T.);
#5870 = ORIENTED_EDGE('',*,*,#5852,.F.);
#5871 = PLANE('',#5872);
#5872 = AXIS2_PLACEMENT_3D('',#5873,#5874,#5875);
#5873 = CARTESIAN_POINT('',(12.3,-0.4,-4.46));
#5874 = DIRECTION('',(-1.387778780781E-16,-1.,0.));
#5875 = DIRECTION('',(1.,-1.387778780781E-16,0.));
#5876 = ADVANCED_FACE('',(#5877),#5893,.F.);
#5877 = FACE_BOUND('',#5878,.T.);
#5878 = EDGE_LOOP('',(#5879,#5880,#5886,#5887));
#5879 = ORIENTED_EDGE('',*,*,#5526,.F.);
#5880 = ORIENTED_EDGE('',*,*,#5881,.T.);
#5881 = EDGE_CURVE('',#5519,#4961,#5882,.T.);
#5882 = LINE('',#5883,#5884);
#5883 = CARTESIAN_POINT('',(9.76,0.4,0.));
#5884 = VECTOR('',#5885,1.);
#5885 = DIRECTION('',(0.,0.,1.));
#5886 = ORIENTED_EDGE('',*,*,#4960,.T.);
#5887 = ORIENTED_EDGE('',*,*,#5888,.F.);
#5888 = EDGE_CURVE('',#5501,#4951,#5889,.T.);
#5889 = LINE('',#5890,#5891);
#5890 = CARTESIAN_POINT('',(9.76,-0.4,0.));
#5891 = VECTOR('',#5892,1.);
#5892 = DIRECTION('',(0.,0.,1.));
#5893 = PLANE('',#5894);
#5894 = AXIS2_PLACEMENT_3D('',#5895,#5896,#5897);
#5895 = CARTESIAN_POINT('',(9.76,0.4,-4.46));
#5896 = DIRECTION('',(-1.,0.,0.));
#5897 = DIRECTION('',(0.,-1.,0.));
#5898 = ADVANCED_FACE('',(#5899),#5910,.F.);
#5899 = FACE_BOUND('',#5900,.T.);
#5900 = EDGE_LOOP('',(#5901,#5902,#5908,#5909));
#5901 = ORIENTED_EDGE('',*,*,#5518,.F.);
#5902 = ORIENTED_EDGE('',*,*,#5903,.T.);
#5903 = EDGE_CURVE('',#5511,#4969,#5904,.T.);
#5904 = LINE('',#5905,#5906);
#5905 = CARTESIAN_POINT('',(10.56,0.4,0.));
#5906 = VECTOR('',#5907,1.);
#5907 = DIRECTION('',(0.,0.,1.));
#5908 = ORIENTED_EDGE('',*,*,#4968,.T.);
#5909 = ORIENTED_EDGE('',*,*,#5881,.F.);
#5910 = PLANE('',#5911);
#5911 = AXIS2_PLACEMENT_3D('',#5912,#5913,#5914);
#5912 = CARTESIAN_POINT('',(10.56,0.4,-4.46));
#5913 = DIRECTION('',(1.387778780781E-16,1.,0.));
#5914 = DIRECTION('',(-1.,1.387778780781E-16,0.));
#5915 = ADVANCED_FACE('',(#5916),#5927,.F.);
#5916 = FACE_BOUND('',#5917,.T.);
#5917 = EDGE_LOOP('',(#5918,#5919,#5925,#5926));
#5918 = ORIENTED_EDGE('',*,*,#5510,.F.);
#5919 = ORIENTED_EDGE('',*,*,#5920,.T.);
#5920 = EDGE_CURVE('',#5503,#4953,#5921,.T.);
#5921 = LINE('',#5922,#5923);
#5922 = CARTESIAN_POINT('',(10.56,-0.4,0.));
#5923 = VECTOR('',#5924,1.);
#5924 = DIRECTION('',(0.,0.,1.));
#5925 = ORIENTED_EDGE('',*,*,#4976,.T.);
#5926 = ORIENTED_EDGE('',*,*,#5903,.F.);
#5927 = PLANE('',#5928);
#5928 = AXIS2_PLACEMENT_3D('',#5929,#5930,#5931);
#5929 = CARTESIAN_POINT('',(10.56,-0.4,-4.46));
#5930 = DIRECTION('',(1.,0.,0.));
#5931 = DIRECTION('',(-0.,1.,0.));
#5932 = ADVANCED_FACE('',(#5933),#5939,.F.);
#5933 = FACE_BOUND('',#5934,.T.);
#5934 = EDGE_LOOP('',(#5935,#5936,#5937,#5938));
#5935 = ORIENTED_EDGE('',*,*,#5500,.F.);
#5936 = ORIENTED_EDGE('',*,*,#5888,.T.);
#5937 = ORIENTED_EDGE('',*,*,#4950,.T.);
#5938 = ORIENTED_EDGE('',*,*,#5920,.F.);
#5939 = PLANE('',#5940);
#5940 = AXIS2_PLACEMENT_3D('',#5941,#5942,#5943);
#5941 = CARTESIAN_POINT('',(9.76,-0.4,-4.46));
#5942 = DIRECTION('',(-1.387778780781E-16,-1.,0.));
#5943 = DIRECTION('',(1.,-1.387778780781E-16,0.));
#5944 = ADVANCED_FACE('',(#5945),#5961,.F.);
#5945 = FACE_BOUND('',#5946,.T.);
#5946 = EDGE_LOOP('',(#5947,#5948,#5954,#5955));
#5947 = ORIENTED_EDGE('',*,*,#5492,.F.);
#5948 = ORIENTED_EDGE('',*,*,#5949,.T.);
#5949 = EDGE_CURVE('',#5485,#4927,#5950,.T.);
#5950 = LINE('',#5951,#5952);
#5951 = CARTESIAN_POINT('',(7.22,0.4,0.));
#5952 = VECTOR('',#5953,1.);
#5953 = DIRECTION('',(0.,0.,1.));
#5954 = ORIENTED_EDGE('',*,*,#4926,.T.);
#5955 = ORIENTED_EDGE('',*,*,#5956,.F.);
#5956 = EDGE_CURVE('',#5467,#4917,#5957,.T.);
#5957 = LINE('',#5958,#5959);
#5958 = CARTESIAN_POINT('',(7.22,-0.4,0.));
#5959 = VECTOR('',#5960,1.);
#5960 = DIRECTION('',(0.,0.,1.));
#5961 = PLANE('',#5962);
#5962 = AXIS2_PLACEMENT_3D('',#5963,#5964,#5965);
#5963 = CARTESIAN_POINT('',(7.22,0.4,-4.46));
#5964 = DIRECTION('',(-1.,0.,0.));
#5965 = DIRECTION('',(0.,-1.,0.));
#5966 = ADVANCED_FACE('',(#5967),#5978,.F.);
#5967 = FACE_BOUND('',#5968,.T.);
#5968 = EDGE_LOOP('',(#5969,#5970,#5976,#5977));
#5969 = ORIENTED_EDGE('',*,*,#5484,.F.);
#5970 = ORIENTED_EDGE('',*,*,#5971,.T.);
#5971 = EDGE_CURVE('',#5477,#4935,#5972,.T.);
#5972 = LINE('',#5973,#5974);
#5973 = CARTESIAN_POINT('',(8.02,0.4,0.));
#5974 = VECTOR('',#5975,1.);
#5975 = DIRECTION('',(0.,0.,1.));
#5976 = ORIENTED_EDGE('',*,*,#4934,.T.);
#5977 = ORIENTED_EDGE('',*,*,#5949,.F.);
#5978 = PLANE('',#5979);
#5979 = AXIS2_PLACEMENT_3D('',#5980,#5981,#5982);
#5980 = CARTESIAN_POINT('',(8.02,0.4,-4.46));
#5981 = DIRECTION('',(1.387778780781E-16,1.,0.));
#5982 = DIRECTION('',(-1.,1.387778780781E-16,0.));
#5983 = ADVANCED_FACE('',(#5984),#5995,.F.);
#5984 = FACE_BOUND('',#5985,.T.);
#5985 = EDGE_LOOP('',(#5986,#5987,#5993,#5994));
#5986 = ORIENTED_EDGE('',*,*,#5476,.F.);
#5987 = ORIENTED_EDGE('',*,*,#5988,.T.);
#5988 = EDGE_CURVE('',#5469,#4919,#5989,.T.);
#5989 = LINE('',#5990,#5991);
#5990 = CARTESIAN_POINT('',(8.02,-0.4,0.));
#5991 = VECTOR('',#5992,1.);
#5992 = DIRECTION('',(0.,0.,1.));
#5993 = ORIENTED_EDGE('',*,*,#4942,.T.);
#5994 = ORIENTED_EDGE('',*,*,#5971,.F.);
#5995 = PLANE('',#5996);
#5996 = AXIS2_PLACEMENT_3D('',#5997,#5998,#5999);
#5997 = CARTESIAN_POINT('',(8.02,-0.4,-4.46));
#5998 = DIRECTION('',(1.,0.,0.));
#5999 = DIRECTION('',(-0.,1.,0.));
#6000 = ADVANCED_FACE('',(#6001),#6007,.F.);
#6001 = FACE_BOUND('',#6002,.T.);
#6002 = EDGE_LOOP('',(#6003,#6004,#6005,#6006));
#6003 = ORIENTED_EDGE('',*,*,#5466,.F.);
#6004 = ORIENTED_EDGE('',*,*,#5956,.T.);
#6005 = ORIENTED_EDGE('',*,*,#4916,.T.);
#6006 = ORIENTED_EDGE('',*,*,#5988,.F.);
#6007 = PLANE('',#6008);
#6008 = AXIS2_PLACEMENT_3D('',#6009,#6010,#6011);
#6009 = CARTESIAN_POINT('',(7.22,-0.4,-4.46));
#6010 = DIRECTION('',(-1.387778780781E-16,-1.,0.));
#6011 = DIRECTION('',(1.,-1.387778780781E-16,0.));
#6012 = ADVANCED_FACE('',(#6013),#6029,.F.);
#6013 = FACE_BOUND('',#6014,.T.);
#6014 = EDGE_LOOP('',(#6015,#6016,#6022,#6023));
#6015 = ORIENTED_EDGE('',*,*,#5458,.F.);
#6016 = ORIENTED_EDGE('',*,*,#6017,.T.);
#6017 = EDGE_CURVE('',#5451,#4893,#6018,.T.);
#6018 = LINE('',#6019,#6020);
#6019 = CARTESIAN_POINT('',(4.68,0.4,0.));
#6020 = VECTOR('',#6021,1.);
#6021 = DIRECTION('',(0.,0.,1.));
#6022 = ORIENTED_EDGE('',*,*,#4892,.T.);
#6023 = ORIENTED_EDGE('',*,*,#6024,.F.);
#6024 = EDGE_CURVE('',#5433,#4883,#6025,.T.);
#6025 = LINE('',#6026,#6027);
#6026 = CARTESIAN_POINT('',(4.68,-0.4,0.));
#6027 = VECTOR('',#6028,1.);
#6028 = DIRECTION('',(0.,0.,1.));
#6029 = PLANE('',#6030);
#6030 = AXIS2_PLACEMENT_3D('',#6031,#6032,#6033);
#6031 = CARTESIAN_POINT('',(4.68,0.4,-4.46));
#6032 = DIRECTION('',(-1.,0.,0.));
#6033 = DIRECTION('',(0.,-1.,0.));
#6034 = ADVANCED_FACE('',(#6035),#6046,.F.);
#6035 = FACE_BOUND('',#6036,.T.);
#6036 = EDGE_LOOP('',(#6037,#6038,#6044,#6045));
#6037 = ORIENTED_EDGE('',*,*,#5450,.F.);
#6038 = ORIENTED_EDGE('',*,*,#6039,.T.);
#6039 = EDGE_CURVE('',#5443,#4901,#6040,.T.);
#6040 = LINE('',#6041,#6042);
#6041 = CARTESIAN_POINT('',(5.48,0.4,0.));
#6042 = VECTOR('',#6043,1.);
#6043 = DIRECTION('',(0.,0.,1.));
#6044 = ORIENTED_EDGE('',*,*,#4900,.T.);
#6045 = ORIENTED_EDGE('',*,*,#6017,.F.);
#6046 = PLANE('',#6047);
#6047 = AXIS2_PLACEMENT_3D('',#6048,#6049,#6050);
#6048 = CARTESIAN_POINT('',(5.48,0.4,-4.46));
#6049 = DIRECTION('',(1.387778780781E-16,1.,0.));
#6050 = DIRECTION('',(-1.,1.387778780781E-16,0.));
#6051 = ADVANCED_FACE('',(#6052),#6063,.F.);
#6052 = FACE_BOUND('',#6053,.T.);
#6053 = EDGE_LOOP('',(#6054,#6055,#6061,#6062));
#6054 = ORIENTED_EDGE('',*,*,#5442,.F.);
#6055 = ORIENTED_EDGE('',*,*,#6056,.T.);
#6056 = EDGE_CURVE('',#5435,#4885,#6057,.T.);
#6057 = LINE('',#6058,#6059);
#6058 = CARTESIAN_POINT('',(5.48,-0.4,0.));
#6059 = VECTOR('',#6060,1.);
#6060 = DIRECTION('',(0.,0.,1.));
#6061 = ORIENTED_EDGE('',*,*,#4908,.T.);
#6062 = ORIENTED_EDGE('',*,*,#6039,.F.);
#6063 = PLANE('',#6064);
#6064 = AXIS2_PLACEMENT_3D('',#6065,#6066,#6067);
#6065 = CARTESIAN_POINT('',(5.48,-0.4,-4.46));
#6066 = DIRECTION('',(1.,0.,0.));
#6067 = DIRECTION('',(-0.,1.,0.));
#6068 = ADVANCED_FACE('',(#6069),#6075,.F.);
#6069 = FACE_BOUND('',#6070,.T.);
#6070 = EDGE_LOOP('',(#6071,#6072,#6073,#6074));
#6071 = ORIENTED_EDGE('',*,*,#5432,.F.);
#6072 = ORIENTED_EDGE('',*,*,#6024,.T.);
#6073 = ORIENTED_EDGE('',*,*,#4882,.T.);
#6074 = ORIENTED_EDGE('',*,*,#6056,.F.);
#6075 = PLANE('',#6076);
#6076 = AXIS2_PLACEMENT_3D('',#6077,#6078,#6079);
#6077 = CARTESIAN_POINT('',(4.68,-0.4,-4.46));
#6078 = DIRECTION('',(-1.387778780781E-16,-1.,0.));
#6079 = DIRECTION('',(1.,-1.387778780781E-16,0.));
#6080 = ADVANCED_FACE('',(#6081),#6097,.F.);
#6081 = FACE_BOUND('',#6082,.T.);
#6082 = EDGE_LOOP('',(#6083,#6084,#6090,#6091));
#6083 = ORIENTED_EDGE('',*,*,#5424,.F.);
#6084 = ORIENTED_EDGE('',*,*,#6085,.T.);
#6085 = EDGE_CURVE('',#5417,#4859,#6086,.T.);
#6086 = LINE('',#6087,#6088);
#6087 = CARTESIAN_POINT('',(2.14,0.4,0.));
#6088 = VECTOR('',#6089,1.);
#6089 = DIRECTION('',(0.,0.,1.));
#6090 = ORIENTED_EDGE('',*,*,#4858,.T.);
#6091 = ORIENTED_EDGE('',*,*,#6092,.F.);
#6092 = EDGE_CURVE('',#5399,#4849,#6093,.T.);
#6093 = LINE('',#6094,#6095);
#6094 = CARTESIAN_POINT('',(2.14,-0.4,0.));
#6095 = VECTOR('',#6096,1.);
#6096 = DIRECTION('',(0.,0.,1.));
#6097 = PLANE('',#6098);
#6098 = AXIS2_PLACEMENT_3D('',#6099,#6100,#6101);
#6099 = CARTESIAN_POINT('',(2.14,0.4,-4.46));
#6100 = DIRECTION('',(-1.,0.,0.));
#6101 = DIRECTION('',(0.,-1.,0.));
#6102 = ADVANCED_FACE('',(#6103),#6114,.F.);
#6103 = FACE_BOUND('',#6104,.T.);
#6104 = EDGE_LOOP('',(#6105,#6106,#6112,#6113));
#6105 = ORIENTED_EDGE('',*,*,#5416,.F.);
#6106 = ORIENTED_EDGE('',*,*,#6107,.T.);
#6107 = EDGE_CURVE('',#5409,#4867,#6108,.T.);
#6108 = LINE('',#6109,#6110);
#6109 = CARTESIAN_POINT('',(2.94,0.4,0.));
#6110 = VECTOR('',#6111,1.);
#6111 = DIRECTION('',(0.,0.,1.));
#6112 = ORIENTED_EDGE('',*,*,#4866,.T.);
#6113 = ORIENTED_EDGE('',*,*,#6085,.F.);
#6114 = PLANE('',#6115);
#6115 = AXIS2_PLACEMENT_3D('',#6116,#6117,#6118);
#6116 = CARTESIAN_POINT('',(2.94,0.4,-4.46));
#6117 = DIRECTION('',(1.387778780781E-16,1.,0.));
#6118 = DIRECTION('',(-1.,1.387778780781E-16,0.));
#6119 = ADVANCED_FACE('',(#6120),#6131,.F.);
#6120 = FACE_BOUND('',#6121,.T.);
#6121 = EDGE_LOOP('',(#6122,#6123,#6129,#6130));
#6122 = ORIENTED_EDGE('',*,*,#5408,.F.);
#6123 = ORIENTED_EDGE('',*,*,#6124,.T.);
#6124 = EDGE_CURVE('',#5401,#4851,#6125,.T.);
#6125 = LINE('',#6126,#6127);
#6126 = CARTESIAN_POINT('',(2.94,-0.4,0.));
#6127 = VECTOR('',#6128,1.);
#6128 = DIRECTION('',(0.,0.,1.));
#6129 = ORIENTED_EDGE('',*,*,#4874,.T.);
#6130 = ORIENTED_EDGE('',*,*,#6107,.F.);
#6131 = PLANE('',#6132);
#6132 = AXIS2_PLACEMENT_3D('',#6133,#6134,#6135);
#6133 = CARTESIAN_POINT('',(2.94,-0.4,-4.46));
#6134 = DIRECTION('',(1.,0.,0.));
#6135 = DIRECTION('',(-0.,1.,0.));
#6136 = ADVANCED_FACE('',(#6137),#6143,.F.);
#6137 = FACE_BOUND('',#6138,.T.);
#6138 = EDGE_LOOP('',(#6139,#6140,#6141,#6142));
#6139 = ORIENTED_EDGE('',*,*,#5398,.F.);
#6140 = ORIENTED_EDGE('',*,*,#6092,.T.);
#6141 = ORIENTED_EDGE('',*,*,#4848,.T.);
#6142 = ORIENTED_EDGE('',*,*,#6124,.F.);
#6143 = PLANE('',#6144);
#6144 = AXIS2_PLACEMENT_3D('',#6145,#6146,#6147);
#6145 = CARTESIAN_POINT('',(2.14,-0.4,-4.46));
#6146 = DIRECTION('',(-1.387778780781E-16,-1.,0.));
#6147 = DIRECTION('',(1.,-1.387778780781E-16,0.));
#6148 = ADVANCED_FACE('',(#6149),#6165,.F.);
#6149 = FACE_BOUND('',#6150,.T.);
#6150 = EDGE_LOOP('',(#6151,#6152,#6158,#6159));
#6151 = ORIENTED_EDGE('',*,*,#5390,.F.);
#6152 = ORIENTED_EDGE('',*,*,#6153,.T.);
#6153 = EDGE_CURVE('',#5383,#4825,#6154,.T.);
#6154 = LINE('',#6155,#6156);
#6155 = CARTESIAN_POINT('',(-0.4,0.4,0.));
#6156 = VECTOR('',#6157,1.);
#6157 = DIRECTION('',(0.,0.,1.));
#6158 = ORIENTED_EDGE('',*,*,#4824,.T.);
#6159 = ORIENTED_EDGE('',*,*,#6160,.F.);
#6160 = EDGE_CURVE('',#5365,#4815,#6161,.T.);
#6161 = LINE('',#6162,#6163);
#6162 = CARTESIAN_POINT('',(-0.4,-0.4,0.));
#6163 = VECTOR('',#6164,1.);
#6164 = DIRECTION('',(0.,0.,1.));
#6165 = PLANE('',#6166);
#6166 = AXIS2_PLACEMENT_3D('',#6167,#6168,#6169);
#6167 = CARTESIAN_POINT('',(-0.4,0.4,-4.46));
#6168 = DIRECTION('',(-1.,0.,0.));
#6169 = DIRECTION('',(0.,-1.,0.));
#6170 = ADVANCED_FACE('',(#6171),#6182,.F.);
#6171 = FACE_BOUND('',#6172,.T.);
#6172 = EDGE_LOOP('',(#6173,#6174,#6180,#6181));
#6173 = ORIENTED_EDGE('',*,*,#5382,.F.);
#6174 = ORIENTED_EDGE('',*,*,#6175,.T.);
#6175 = EDGE_CURVE('',#5375,#4833,#6176,.T.);
#6176 = LINE('',#6177,#6178);
#6177 = CARTESIAN_POINT('',(0.4,0.4,0.));
#6178 = VECTOR('',#6179,1.);
#6179 = DIRECTION('',(0.,0.,1.));
#6180 = ORIENTED_EDGE('',*,*,#4832,.T.);
#6181 = ORIENTED_EDGE('',*,*,#6153,.F.);
#6182 = PLANE('',#6183);
#6183 = AXIS2_PLACEMENT_3D('',#6184,#6185,#6186);
#6184 = CARTESIAN_POINT('',(0.4,0.4,-4.46));
#6185 = DIRECTION('',(1.387778780781E-16,1.,0.));
#6186 = DIRECTION('',(-1.,1.387778780781E-16,0.));
#6187 = ADVANCED_FACE('',(#6188),#6199,.F.);
#6188 = FACE_BOUND('',#6189,.T.);
#6189 = EDGE_LOOP('',(#6190,#6191,#6197,#6198));
#6190 = ORIENTED_EDGE('',*,*,#5374,.F.);
#6191 = ORIENTED_EDGE('',*,*,#6192,.T.);
#6192 = EDGE_CURVE('',#5367,#4817,#6193,.T.);
#6193 = LINE('',#6194,#6195);
#6194 = CARTESIAN_POINT('',(0.4,-0.4,0.));
#6195 = VECTOR('',#6196,1.);
#6196 = DIRECTION('',(0.,0.,1.));
#6197 = ORIENTED_EDGE('',*,*,#4840,.T.);
#6198 = ORIENTED_EDGE('',*,*,#6175,.F.);
#6199 = PLANE('',#6200);
#6200 = AXIS2_PLACEMENT_3D('',#6201,#6202,#6203);
#6201 = CARTESIAN_POINT('',(0.4,-0.4,-4.46));
#6202 = DIRECTION('',(1.,0.,0.));
#6203 = DIRECTION('',(-0.,1.,0.));
#6204 = ADVANCED_FACE('',(#6205),#6211,.F.);
#6205 = FACE_BOUND('',#6206,.T.);
#6206 = EDGE_LOOP('',(#6207,#6208,#6209,#6210));
#6207 = ORIENTED_EDGE('',*,*,#5364,.F.);
#6208 = ORIENTED_EDGE('',*,*,#6160,.T.);
#6209 = ORIENTED_EDGE('',*,*,#4814,.T.);
#6210 = ORIENTED_EDGE('',*,*,#6192,.F.);
#6211 = PLANE('',#6212);
#6212 = AXIS2_PLACEMENT_3D('',#6213,#6214,#6215);
#6213 = CARTESIAN_POINT('',(-0.4,-0.4,-4.46));
#6214 = DIRECTION('',(-1.387778780781E-16,-1.,0.));
#6215 = DIRECTION('',(1.,-1.387778780781E-16,0.));
#6216 = ADVANCED_FACE('',(#6217),#6233,.F.);
#6217 = FACE_BOUND('',#6218,.T.);
#6218 = EDGE_LOOP('',(#6219,#6220,#6226,#6227));
#6219 = ORIENTED_EDGE('',*,*,#5356,.F.);
#6220 = ORIENTED_EDGE('',*,*,#6221,.T.);
#6221 = EDGE_CURVE('',#5349,#4791,#6222,.T.);
#6222 = LINE('',#6223,#6224);
#6223 = CARTESIAN_POINT('',(-2.94,0.4,0.));
#6224 = VECTOR('',#6225,1.);
#6225 = DIRECTION('',(0.,0.,1.));
#6226 = ORIENTED_EDGE('',*,*,#4790,.T.);
#6227 = ORIENTED_EDGE('',*,*,#6228,.F.);
#6228 = EDGE_CURVE('',#5331,#4781,#6229,.T.);
#6229 = LINE('',#6230,#6231);
#6230 = CARTESIAN_POINT('',(-2.94,-0.4,0.));
#6231 = VECTOR('',#6232,1.);
#6232 = DIRECTION('',(0.,0.,1.));
#6233 = PLANE('',#6234);
#6234 = AXIS2_PLACEMENT_3D('',#6235,#6236,#6237);
#6235 = CARTESIAN_POINT('',(-2.94,0.4,-4.46));
#6236 = DIRECTION('',(-1.,0.,0.));
#6237 = DIRECTION('',(0.,-1.,0.));
#6238 = ADVANCED_FACE('',(#6239),#6250,.F.);
#6239 = FACE_BOUND('',#6240,.T.);
#6240 = EDGE_LOOP('',(#6241,#6242,#6248,#6249));
#6241 = ORIENTED_EDGE('',*,*,#5348,.F.);
#6242 = ORIENTED_EDGE('',*,*,#6243,.T.);
#6243 = EDGE_CURVE('',#5341,#4799,#6244,.T.);
#6244 = LINE('',#6245,#6246);
#6245 = CARTESIAN_POINT('',(-2.14,0.4,0.));
#6246 = VECTOR('',#6247,1.);
#6247 = DIRECTION('',(0.,0.,1.));
#6248 = ORIENTED_EDGE('',*,*,#4798,.T.);
#6249 = ORIENTED_EDGE('',*,*,#6221,.F.);
#6250 = PLANE('',#6251);
#6251 = AXIS2_PLACEMENT_3D('',#6252,#6253,#6254);
#6252 = CARTESIAN_POINT('',(-2.14,0.4,-4.46));
#6253 = DIRECTION('',(1.387778780781E-16,1.,0.));
#6254 = DIRECTION('',(-1.,1.387778780781E-16,0.));
#6255 = ADVANCED_FACE('',(#6256),#6267,.F.);
#6256 = FACE_BOUND('',#6257,.T.);
#6257 = EDGE_LOOP('',(#6258,#6259,#6265,#6266));
#6258 = ORIENTED_EDGE('',*,*,#5340,.F.);
#6259 = ORIENTED_EDGE('',*,*,#6260,.T.);
#6260 = EDGE_CURVE('',#5333,#4783,#6261,.T.);
#6261 = LINE('',#6262,#6263);
#6262 = CARTESIAN_POINT('',(-2.14,-0.4,0.));
#6263 = VECTOR('',#6264,1.);
#6264 = DIRECTION('',(0.,0.,1.));
#6265 = ORIENTED_EDGE('',*,*,#4806,.T.);
#6266 = ORIENTED_EDGE('',*,*,#6243,.F.);
#6267 = PLANE('',#6268);
#6268 = AXIS2_PLACEMENT_3D('',#6269,#6270,#6271);
#6269 = CARTESIAN_POINT('',(-2.14,-0.4,-4.46));
#6270 = DIRECTION('',(1.,0.,0.));
#6271 = DIRECTION('',(-0.,1.,0.));
#6272 = ADVANCED_FACE('',(#6273),#6279,.F.);
#6273 = FACE_BOUND('',#6274,.T.);
#6274 = EDGE_LOOP('',(#6275,#6276,#6277,#6278));
#6275 = ORIENTED_EDGE('',*,*,#5330,.F.);
#6276 = ORIENTED_EDGE('',*,*,#6228,.T.);
#6277 = ORIENTED_EDGE('',*,*,#4780,.T.);
#6278 = ORIENTED_EDGE('',*,*,#6260,.F.);
#6279 = PLANE('',#6280);
#6280 = AXIS2_PLACEMENT_3D('',#6281,#6282,#6283);
#6281 = CARTESIAN_POINT('',(-2.94,-0.4,-4.46));
#6282 = DIRECTION('',(-1.387778780781E-16,-1.,0.));
#6283 = DIRECTION('',(1.,-1.387778780781E-16,0.));
#6284 = ADVANCED_FACE('',(#6285),#6301,.F.);
#6285 = FACE_BOUND('',#6286,.T.);
#6286 = EDGE_LOOP('',(#6287,#6288,#6294,#6295));
#6287 = ORIENTED_EDGE('',*,*,#5322,.F.);
#6288 = ORIENTED_EDGE('',*,*,#6289,.T.);
#6289 = EDGE_CURVE('',#5315,#4757,#6290,.T.);
#6290 = LINE('',#6291,#6292);
#6291 = CARTESIAN_POINT('',(-5.48,0.4,0.));
#6292 = VECTOR('',#6293,1.);
#6293 = DIRECTION('',(0.,0.,1.));
#6294 = ORIENTED_EDGE('',*,*,#4756,.T.);
#6295 = ORIENTED_EDGE('',*,*,#6296,.F.);
#6296 = EDGE_CURVE('',#5297,#4747,#6297,.T.);
#6297 = LINE('',#6298,#6299);
#6298 = CARTESIAN_POINT('',(-5.48,-0.4,0.));
#6299 = VECTOR('',#6300,1.);
#6300 = DIRECTION('',(0.,0.,1.));
#6301 = PLANE('',#6302);
#6302 = AXIS2_PLACEMENT_3D('',#6303,#6304,#6305);
#6303 = CARTESIAN_POINT('',(-5.48,0.4,-4.46));
#6304 = DIRECTION('',(-1.,0.,0.));
#6305 = DIRECTION('',(0.,-1.,0.));
#6306 = ADVANCED_FACE('',(#6307),#6318,.F.);
#6307 = FACE_BOUND('',#6308,.T.);
#6308 = EDGE_LOOP('',(#6309,#6310,#6316,#6317));
#6309 = ORIENTED_EDGE('',*,*,#5314,.F.);
#6310 = ORIENTED_EDGE('',*,*,#6311,.T.);
#6311 = EDGE_CURVE('',#5307,#4765,#6312,.T.);
#6312 = LINE('',#6313,#6314);
#6313 = CARTESIAN_POINT('',(-4.68,0.4,0.));
#6314 = VECTOR('',#6315,1.);
#6315 = DIRECTION('',(0.,0.,1.));
#6316 = ORIENTED_EDGE('',*,*,#4764,.T.);
#6317 = ORIENTED_EDGE('',*,*,#6289,.F.);
#6318 = PLANE('',#6319);
#6319 = AXIS2_PLACEMENT_3D('',#6320,#6321,#6322);
#6320 = CARTESIAN_POINT('',(-4.68,0.4,-4.46));
#6321 = DIRECTION('',(1.387778780781E-16,1.,0.));
#6322 = DIRECTION('',(-1.,1.387778780781E-16,0.));
#6323 = ADVANCED_FACE('',(#6324),#6335,.F.);
#6324 = FACE_BOUND('',#6325,.T.);
#6325 = EDGE_LOOP('',(#6326,#6327,#6333,#6334));
#6326 = ORIENTED_EDGE('',*,*,#5306,.F.);
#6327 = ORIENTED_EDGE('',*,*,#6328,.T.);
#6328 = EDGE_CURVE('',#5299,#4749,#6329,.T.);
#6329 = LINE('',#6330,#6331);
#6330 = CARTESIAN_POINT('',(-4.68,-0.4,0.));
#6331 = VECTOR('',#6332,1.);
#6332 = DIRECTION('',(0.,0.,1.));
#6333 = ORIENTED_EDGE('',*,*,#4772,.T.);
#6334 = ORIENTED_EDGE('',*,*,#6311,.F.);
#6335 = PLANE('',#6336);
#6336 = AXIS2_PLACEMENT_3D('',#6337,#6338,#6339);
#6337 = CARTESIAN_POINT('',(-4.68,-0.4,-4.46));
#6338 = DIRECTION('',(1.,0.,0.));
#6339 = DIRECTION('',(-0.,1.,0.));
#6340 = ADVANCED_FACE('',(#6341),#6347,.F.);
#6341 = FACE_BOUND('',#6342,.T.);
#6342 = EDGE_LOOP('',(#6343,#6344,#6345,#6346));
#6343 = ORIENTED_EDGE('',*,*,#5296,.F.);
#6344 = ORIENTED_EDGE('',*,*,#6296,.T.);
#6345 = ORIENTED_EDGE('',*,*,#4746,.T.);
#6346 = ORIENTED_EDGE('',*,*,#6328,.F.);
#6347 = PLANE('',#6348);
#6348 = AXIS2_PLACEMENT_3D('',#6349,#6350,#6351);
#6349 = CARTESIAN_POINT('',(-5.48,-0.4,-4.46));
#6350 = DIRECTION('',(-1.387778780781E-16,-1.,0.));
#6351 = DIRECTION('',(1.,-1.387778780781E-16,0.));
#6352 = ADVANCED_FACE('',(#6353),#6369,.F.);
#6353 = FACE_BOUND('',#6354,.T.);
#6354 = EDGE_LOOP('',(#6355,#6356,#6362,#6363));
#6355 = ORIENTED_EDGE('',*,*,#5288,.F.);
#6356 = ORIENTED_EDGE('',*,*,#6357,.T.);
#6357 = EDGE_CURVE('',#5281,#4723,#6358,.T.);
#6358 = LINE('',#6359,#6360);
#6359 = CARTESIAN_POINT('',(-8.02,0.4,0.));
#6360 = VECTOR('',#6361,1.);
#6361 = DIRECTION('',(0.,0.,1.));
#6362 = ORIENTED_EDGE('',*,*,#4722,.T.);
#6363 = ORIENTED_EDGE('',*,*,#6364,.F.);
#6364 = EDGE_CURVE('',#5263,#4713,#6365,.T.);
#6365 = LINE('',#6366,#6367);
#6366 = CARTESIAN_POINT('',(-8.02,-0.4,0.));
#6367 = VECTOR('',#6368,1.);
#6368 = DIRECTION('',(0.,0.,1.));
#6369 = PLANE('',#6370);
#6370 = AXIS2_PLACEMENT_3D('',#6371,#6372,#6373);
#6371 = CARTESIAN_POINT('',(-8.02,0.4,-4.46));
#6372 = DIRECTION('',(-1.,0.,0.));
#6373 = DIRECTION('',(0.,-1.,0.));
#6374 = ADVANCED_FACE('',(#6375),#6386,.F.);
#6375 = FACE_BOUND('',#6376,.T.);
#6376 = EDGE_LOOP('',(#6377,#6378,#6384,#6385));
#6377 = ORIENTED_EDGE('',*,*,#5280,.F.);
#6378 = ORIENTED_EDGE('',*,*,#6379,.T.);
#6379 = EDGE_CURVE('',#5273,#4731,#6380,.T.);
#6380 = LINE('',#6381,#6382);
#6381 = CARTESIAN_POINT('',(-7.22,0.4,0.));
#6382 = VECTOR('',#6383,1.);
#6383 = DIRECTION('',(0.,0.,1.));
#6384 = ORIENTED_EDGE('',*,*,#4730,.T.);
#6385 = ORIENTED_EDGE('',*,*,#6357,.F.);
#6386 = PLANE('',#6387);
#6387 = AXIS2_PLACEMENT_3D('',#6388,#6389,#6390);
#6388 = CARTESIAN_POINT('',(-7.22,0.4,-4.46));
#6389 = DIRECTION('',(1.387778780781E-16,1.,0.));
#6390 = DIRECTION('',(-1.,1.387778780781E-16,0.));
#6391 = ADVANCED_FACE('',(#6392),#6403,.F.);
#6392 = FACE_BOUND('',#6393,.T.);
#6393 = EDGE_LOOP('',(#6394,#6395,#6401,#6402));
#6394 = ORIENTED_EDGE('',*,*,#5272,.F.);
#6395 = ORIENTED_EDGE('',*,*,#6396,.T.);
#6396 = EDGE_CURVE('',#5265,#4715,#6397,.T.);
#6397 = LINE('',#6398,#6399);
#6398 = CARTESIAN_POINT('',(-7.22,-0.4,0.));
#6399 = VECTOR('',#6400,1.);
#6400 = DIRECTION('',(0.,0.,1.));
#6401 = ORIENTED_EDGE('',*,*,#4738,.T.);
#6402 = ORIENTED_EDGE('',*,*,#6379,.F.);
#6403 = PLANE('',#6404);
#6404 = AXIS2_PLACEMENT_3D('',#6405,#6406,#6407);
#6405 = CARTESIAN_POINT('',(-7.22,-0.4,-4.46));
#6406 = DIRECTION('',(1.,0.,0.));
#6407 = DIRECTION('',(-0.,1.,0.));
#6408 = ADVANCED_FACE('',(#6409),#6415,.F.);
#6409 = FACE_BOUND('',#6410,.T.);
#6410 = EDGE_LOOP('',(#6411,#6412,#6413,#6414));
#6411 = ORIENTED_EDGE('',*,*,#5262,.F.);
#6412 = ORIENTED_EDGE('',*,*,#6364,.T.);
#6413 = ORIENTED_EDGE('',*,*,#4712,.T.);
#6414 = ORIENTED_EDGE('',*,*,#6396,.F.);
#6415 = PLANE('',#6416);
#6416 = AXIS2_PLACEMENT_3D('',#6417,#6418,#6419);
#6417 = CARTESIAN_POINT('',(-8.02,-0.4,-4.46));
#6418 = DIRECTION('',(-1.387778780781E-16,-1.,0.));
#6419 = DIRECTION('',(1.,-1.387778780781E-16,0.));
#6420 = ADVANCED_FACE('',(#6421),#6437,.F.);
#6421 = FACE_BOUND('',#6422,.T.);
#6422 = EDGE_LOOP('',(#6423,#6424,#6430,#6431));
#6423 = ORIENTED_EDGE('',*,*,#5254,.F.);
#6424 = ORIENTED_EDGE('',*,*,#6425,.T.);
#6425 = EDGE_CURVE('',#5247,#4689,#6426,.T.);
#6426 = LINE('',#6427,#6428);
#6427 = CARTESIAN_POINT('',(-10.56,0.4,0.));
#6428 = VECTOR('',#6429,1.);
#6429 = DIRECTION('',(0.,0.,1.));
#6430 = ORIENTED_EDGE('',*,*,#4688,.T.);
#6431 = ORIENTED_EDGE('',*,*,#6432,.F.);
#6432 = EDGE_CURVE('',#5229,#4679,#6433,.T.);
#6433 = LINE('',#6434,#6435);
#6434 = CARTESIAN_POINT('',(-10.56,-0.4,0.));
#6435 = VECTOR('',#6436,1.);
#6436 = DIRECTION('',(0.,0.,1.));
#6437 = PLANE('',#6438);
#6438 = AXIS2_PLACEMENT_3D('',#6439,#6440,#6441);
#6439 = CARTESIAN_POINT('',(-10.56,0.4,-4.46));
#6440 = DIRECTION('',(-1.,0.,0.));
#6441 = DIRECTION('',(0.,-1.,0.));
#6442 = ADVANCED_FACE('',(#6443),#6454,.F.);
#6443 = FACE_BOUND('',#6444,.T.);
#6444 = EDGE_LOOP('',(#6445,#6446,#6452,#6453));
#6445 = ORIENTED_EDGE('',*,*,#5246,.F.);
#6446 = ORIENTED_EDGE('',*,*,#6447,.T.);
#6447 = EDGE_CURVE('',#5239,#4697,#6448,.T.);
#6448 = LINE('',#6449,#6450);
#6449 = CARTESIAN_POINT('',(-9.76,0.4,0.));
#6450 = VECTOR('',#6451,1.);
#6451 = DIRECTION('',(0.,0.,1.));
#6452 = ORIENTED_EDGE('',*,*,#4696,.T.);
#6453 = ORIENTED_EDGE('',*,*,#6425,.F.);
#6454 = PLANE('',#6455);
#6455 = AXIS2_PLACEMENT_3D('',#6456,#6457,#6458);
#6456 = CARTESIAN_POINT('',(-9.76,0.4,-4.46));
#6457 = DIRECTION('',(1.387778780781E-16,1.,0.));
#6458 = DIRECTION('',(-1.,1.387778780781E-16,0.));
#6459 = ADVANCED_FACE('',(#6460),#6471,.F.);
#6460 = FACE_BOUND('',#6461,.T.);
#6461 = EDGE_LOOP('',(#6462,#6463,#6469,#6470));
#6462 = ORIENTED_EDGE('',*,*,#5238,.F.);
#6463 = ORIENTED_EDGE('',*,*,#6464,.T.);
#6464 = EDGE_CURVE('',#5231,#4681,#6465,.T.);
#6465 = LINE('',#6466,#6467);
#6466 = CARTESIAN_POINT('',(-9.76,-0.4,0.));
#6467 = VECTOR('',#6468,1.);
#6468 = DIRECTION('',(0.,0.,1.));
#6469 = ORIENTED_EDGE('',*,*,#4704,.T.);
#6470 = ORIENTED_EDGE('',*,*,#6447,.F.);
#6471 = PLANE('',#6472);
#6472 = AXIS2_PLACEMENT_3D('',#6473,#6474,#6475);
#6473 = CARTESIAN_POINT('',(-9.76,-0.4,-4.46));
#6474 = DIRECTION('',(1.,0.,0.));
#6475 = DIRECTION('',(-0.,1.,0.));
#6476 = ADVANCED_FACE('',(#6477),#6483,.F.);
#6477 = FACE_BOUND('',#6478,.T.);
#6478 = EDGE_LOOP('',(#6479,#6480,#6481,#6482));
#6479 = ORIENTED_EDGE('',*,*,#5228,.F.);
#6480 = ORIENTED_EDGE('',*,*,#6432,.T.);
#6481 = ORIENTED_EDGE('',*,*,#4678,.T.);
#6482 = ORIENTED_EDGE('',*,*,#6464,.F.);
#6483 = PLANE('',#6484);
#6484 = AXIS2_PLACEMENT_3D('',#6485,#6486,#6487);
#6485 = CARTESIAN_POINT('',(-10.56,-0.4,-4.46));
#6486 = DIRECTION('',(-1.387778780781E-16,-1.,0.));
#6487 = DIRECTION('',(1.,-1.387778780781E-16,0.));
#6488 = ADVANCED_FACE('',(#6489),#6505,.F.);
#6489 = FACE_BOUND('',#6490,.T.);
#6490 = EDGE_LOOP('',(#6491,#6492,#6498,#6499));
#6491 = ORIENTED_EDGE('',*,*,#5220,.F.);
#6492 = ORIENTED_EDGE('',*,*,#6493,.T.);
#6493 = EDGE_CURVE('',#5213,#4655,#6494,.T.);
#6494 = LINE('',#6495,#6496);
#6495 = CARTESIAN_POINT('',(-13.1,0.4,0.));
#6496 = VECTOR('',#6497,1.);
#6497 = DIRECTION('',(0.,0.,1.));
#6498 = ORIENTED_EDGE('',*,*,#4654,.T.);
#6499 = ORIENTED_EDGE('',*,*,#6500,.F.);
#6500 = EDGE_CURVE('',#5195,#4645,#6501,.T.);
#6501 = LINE('',#6502,#6503);
#6502 = CARTESIAN_POINT('',(-13.1,-0.4,0.));
#6503 = VECTOR('',#6504,1.);
#6504 = DIRECTION('',(0.,0.,1.));
#6505 = PLANE('',#6506);
#6506 = AXIS2_PLACEMENT_3D('',#6507,#6508,#6509);
#6507 = CARTESIAN_POINT('',(-13.1,0.4,-4.46));
#6508 = DIRECTION('',(-1.,0.,0.));
#6509 = DIRECTION('',(0.,-1.,0.));
#6510 = ADVANCED_FACE('',(#6511),#6522,.F.);
#6511 = FACE_BOUND('',#6512,.T.);
#6512 = EDGE_LOOP('',(#6513,#6514,#6520,#6521));
#6513 = ORIENTED_EDGE('',*,*,#5212,.F.);
#6514 = ORIENTED_EDGE('',*,*,#6515,.T.);
#6515 = EDGE_CURVE('',#5205,#4663,#6516,.T.);
#6516 = LINE('',#6517,#6518);
#6517 = CARTESIAN_POINT('',(-12.3,0.4,0.));
#6518 = VECTOR('',#6519,1.);
#6519 = DIRECTION('',(0.,0.,1.));
#6520 = ORIENTED_EDGE('',*,*,#4662,.T.);
#6521 = ORIENTED_EDGE('',*,*,#6493,.F.);
#6522 = PLANE('',#6523);
#6523 = AXIS2_PLACEMENT_3D('',#6524,#6525,#6526);
#6524 = CARTESIAN_POINT('',(-12.3,0.4,-4.46));
#6525 = DIRECTION('',(1.387778780781E-16,1.,0.));
#6526 = DIRECTION('',(-1.,1.387778780781E-16,0.));
#6527 = ADVANCED_FACE('',(#6528),#6539,.F.);
#6528 = FACE_BOUND('',#6529,.T.);
#6529 = EDGE_LOOP('',(#6530,#6531,#6537,#6538));
#6530 = ORIENTED_EDGE('',*,*,#5204,.F.);
#6531 = ORIENTED_EDGE('',*,*,#6532,.T.);
#6532 = EDGE_CURVE('',#5197,#4647,#6533,.T.);
#6533 = LINE('',#6534,#6535);
#6534 = CARTESIAN_POINT('',(-12.3,-0.4,0.));
#6535 = VECTOR('',#6536,1.);
#6536 = DIRECTION('',(0.,0.,1.));
#6537 = ORIENTED_EDGE('',*,*,#4670,.T.);
#6538 = ORIENTED_EDGE('',*,*,#6515,.F.);
#6539 = PLANE('',#6540);
#6540 = AXIS2_PLACEMENT_3D('',#6541,#6542,#6543);
#6541 = CARTESIAN_POINT('',(-12.3,-0.4,-4.46));
#6542 = DIRECTION('',(1.,0.,0.));
#6543 = DIRECTION('',(-0.,1.,0.));
#6544 = ADVANCED_FACE('',(#6545),#6551,.F.);
#6545 = FACE_BOUND('',#6546,.T.);
#6546 = EDGE_LOOP('',(#6547,#6548,#6549,#6550));
#6547 = ORIENTED_EDGE('',*,*,#5194,.F.);
#6548 = ORIENTED_EDGE('',*,*,#6500,.T.);
#6549 = ORIENTED_EDGE('',*,*,#4644,.T.);
#6550 = ORIENTED_EDGE('',*,*,#6532,.F.);
#6551 = PLANE('',#6552);
#6552 = AXIS2_PLACEMENT_3D('',#6553,#6554,#6555);
#6553 = CARTESIAN_POINT('',(-13.1,-0.4,-4.46));
#6554 = DIRECTION('',(-1.387778780781E-16,-1.,0.));
#6555 = DIRECTION('',(1.,-1.387778780781E-16,0.));
#6556 = ADVANCED_FACE('',(#6557),#6573,.F.);
#6557 = FACE_BOUND('',#6558,.T.);
#6558 = EDGE_LOOP('',(#6559,#6560,#6566,#6567));
#6559 = ORIENTED_EDGE('',*,*,#5186,.F.);
#6560 = ORIENTED_EDGE('',*,*,#6561,.T.);
#6561 = EDGE_CURVE('',#5179,#4621,#6562,.T.);
#6562 = LINE('',#6563,#6564);
#6563 = CARTESIAN_POINT('',(-15.64,0.4,0.));
#6564 = VECTOR('',#6565,1.);
#6565 = DIRECTION('',(0.,0.,1.));
#6566 = ORIENTED_EDGE('',*,*,#4620,.T.);
#6567 = ORIENTED_EDGE('',*,*,#6568,.F.);
#6568 = EDGE_CURVE('',#5161,#4611,#6569,.T.);
#6569 = LINE('',#6570,#6571);
#6570 = CARTESIAN_POINT('',(-15.64,-0.4,0.));
#6571 = VECTOR('',#6572,1.);
#6572 = DIRECTION('',(0.,0.,1.));
#6573 = PLANE('',#6574);
#6574 = AXIS2_PLACEMENT_3D('',#6575,#6576,#6577);
#6575 = CARTESIAN_POINT('',(-15.64,0.4,-4.46));
#6576 = DIRECTION('',(-1.,0.,0.));
#6577 = DIRECTION('',(0.,-1.,0.));
#6578 = ADVANCED_FACE('',(#6579),#6590,.F.);
#6579 = FACE_BOUND('',#6580,.T.);
#6580 = EDGE_LOOP('',(#6581,#6582,#6588,#6589));
#6581 = ORIENTED_EDGE('',*,*,#5178,.F.);
#6582 = ORIENTED_EDGE('',*,*,#6583,.T.);
#6583 = EDGE_CURVE('',#5171,#4629,#6584,.T.);
#6584 = LINE('',#6585,#6586);
#6585 = CARTESIAN_POINT('',(-14.84,0.4,0.));
#6586 = VECTOR('',#6587,1.);
#6587 = DIRECTION('',(0.,0.,1.));
#6588 = ORIENTED_EDGE('',*,*,#4628,.T.);
#6589 = ORIENTED_EDGE('',*,*,#6561,.F.);
#6590 = PLANE('',#6591);
#6591 = AXIS2_PLACEMENT_3D('',#6592,#6593,#6594);
#6592 = CARTESIAN_POINT('',(-14.84,0.4,-4.46));
#6593 = DIRECTION('',(1.387778780781E-16,1.,0.));
#6594 = DIRECTION('',(-1.,1.387778780781E-16,0.));
#6595 = ADVANCED_FACE('',(#6596),#6607,.F.);
#6596 = FACE_BOUND('',#6597,.T.);
#6597 = EDGE_LOOP('',(#6598,#6599,#6605,#6606));
#6598 = ORIENTED_EDGE('',*,*,#5170,.F.);
#6599 = ORIENTED_EDGE('',*,*,#6600,.T.);
#6600 = EDGE_CURVE('',#5163,#4613,#6601,.T.);
#6601 = LINE('',#6602,#6603);
#6602 = CARTESIAN_POINT('',(-14.84,-0.4,0.));
#6603 = VECTOR('',#6604,1.);
#6604 = DIRECTION('',(0.,0.,1.));
#6605 = ORIENTED_EDGE('',*,*,#4636,.T.);
#6606 = ORIENTED_EDGE('',*,*,#6583,.F.);
#6607 = PLANE('',#6608);
#6608 = AXIS2_PLACEMENT_3D('',#6609,#6610,#6611);
#6609 = CARTESIAN_POINT('',(-14.84,-0.4,-4.46));
#6610 = DIRECTION('',(1.,0.,0.));
#6611 = DIRECTION('',(-0.,1.,0.));
#6612 = ADVANCED_FACE('',(#6613),#6619,.F.);
#6613 = FACE_BOUND('',#6614,.T.);
#6614 = EDGE_LOOP('',(#6615,#6616,#6617,#6618));
#6615 = ORIENTED_EDGE('',*,*,#5160,.F.);
#6616 = ORIENTED_EDGE('',*,*,#6568,.T.);
#6617 = ORIENTED_EDGE('',*,*,#4610,.T.);
#6618 = ORIENTED_EDGE('',*,*,#6600,.F.);
#6619 = PLANE('',#6620);
#6620 = AXIS2_PLACEMENT_3D('',#6621,#6622,#6623);
#6621 = CARTESIAN_POINT('',(-15.64,-0.4,-4.46));
#6622 = DIRECTION('',(-1.387778780781E-16,-1.,0.));
#6623 = DIRECTION('',(1.,-1.387778780781E-16,0.));
#6624 = ADVANCED_FACE('',(#6625),#6641,.T.);
#6625 = FACE_BOUND('',#6626,.T.);
#6626 = EDGE_LOOP('',(#6627,#6628,#6634,#6635));
#6627 = ORIENTED_EDGE('',*,*,#5152,.T.);
#6628 = ORIENTED_EDGE('',*,*,#6629,.T.);
#6629 = EDGE_CURVE('',#5145,#4579,#6630,.T.);
#6630 = LINE('',#6631,#6632);
#6631 = CARTESIAN_POINT('',(-19.32,-1.5,0.));
#6632 = VECTOR('',#6633,1.);
#6633 = DIRECTION('',(0.,0.,1.));
#6634 = ORIENTED_EDGE('',*,*,#4576,.F.);
#6635 = ORIENTED_EDGE('',*,*,#6636,.F.);
#6636 = EDGE_CURVE('',#5129,#4577,#6637,.T.);
#6637 = LINE('',#6638,#6639);
#6638 = CARTESIAN_POINT('',(-19.32,1.5,0.));
#6639 = VECTOR('',#6640,1.);
#6640 = DIRECTION('',(0.,0.,1.));
#6641 = PLANE('',#6642);
#6642 = AXIS2_PLACEMENT_3D('',#6643,#6644,#6645);
#6643 = CARTESIAN_POINT('',(-19.32,1.5,0.));
#6644 = DIRECTION('',(-1.,0.,0.));
#6645 = DIRECTION('',(0.,-1.,0.));
#6646 = ADVANCED_FACE('',(#6647),#6658,.T.);
#6647 = FACE_BOUND('',#6648,.T.);
#6648 = EDGE_LOOP('',(#6649,#6650,#6656,#6657));
#6649 = ORIENTED_EDGE('',*,*,#5144,.T.);
#6650 = ORIENTED_EDGE('',*,*,#6651,.T.);
#6651 = EDGE_CURVE('',#5137,#4587,#6652,.T.);
#6652 = LINE('',#6653,#6654);
#6653 = CARTESIAN_POINT('',(19.32,-1.5,0.));
#6654 = VECTOR('',#6655,1.);
#6655 = DIRECTION('',(0.,0.,1.));
#6656 = ORIENTED_EDGE('',*,*,#4586,.F.);
#6657 = ORIENTED_EDGE('',*,*,#6629,.F.);
#6658 = PLANE('',#6659);
#6659 = AXIS2_PLACEMENT_3D('',#6660,#6661,#6662);
#6660 = CARTESIAN_POINT('',(-19.32,-1.5,0.));
#6661 = DIRECTION('',(-1.264229117068E-16,-1.,0.));
#6662 = DIRECTION('',(1.,-1.264229117068E-16,0.));
#6663 = ADVANCED_FACE('',(#6664),#6675,.T.);
#6664 = FACE_BOUND('',#6665,.T.);
#6665 = EDGE_LOOP('',(#6666,#6667,#6673,#6674));
#6666 = ORIENTED_EDGE('',*,*,#5136,.T.);
#6667 = ORIENTED_EDGE('',*,*,#6668,.T.);
#6668 = EDGE_CURVE('',#5127,#4595,#6669,.T.);
#6669 = LINE('',#6670,#6671);
#6670 = CARTESIAN_POINT('',(19.32,1.5,0.));
#6671 = VECTOR('',#6672,1.);
#6672 = DIRECTION('',(0.,0.,1.));
#6673 = ORIENTED_EDGE('',*,*,#4594,.F.);
#6674 = ORIENTED_EDGE('',*,*,#6651,.F.);
#6675 = PLANE('',#6676);
#6676 = AXIS2_PLACEMENT_3D('',#6677,#6678,#6679);
#6677 = CARTESIAN_POINT('',(19.32,-1.5,0.));
#6678 = DIRECTION('',(1.,0.,0.));
#6679 = DIRECTION('',(-0.,1.,0.));
#6680 = ADVANCED_FACE('',(#6681),#6687,.T.);
#6681 = FACE_BOUND('',#6682,.T.);
#6682 = EDGE_LOOP('',(#6683,#6684,#6685,#6686));
#6683 = ORIENTED_EDGE('',*,*,#5126,.T.);
#6684 = ORIENTED_EDGE('',*,*,#6636,.T.);
#6685 = ORIENTED_EDGE('',*,*,#4602,.F.);
#6686 = ORIENTED_EDGE('',*,*,#6668,.F.);
#6687 = PLANE('',#6688);
#6688 = AXIS2_PLACEMENT_3D('',#6689,#6690,#6691);
#6689 = CARTESIAN_POINT('',(19.32,1.5,0.));
#6690 = DIRECTION('',(1.264229117068E-16,1.,0.));
#6691 = DIRECTION('',(-1.,1.264229117068E-16,0.));
#6692 = ADVANCED_FACE('',(#6693),#6709,.F.);
#6693 = FACE_BOUND('',#6694,.T.);
#6694 = EDGE_LOOP('',(#6695,#6696,#6702,#6703));
#6695 = ORIENTED_EDGE('',*,*,#5086,.T.);
#6696 = ORIENTED_EDGE('',*,*,#6697,.F.);
#6697 = EDGE_CURVE('',#5639,#5089,#6698,.T.);
#6698 = LINE('',#6699,#6700);
#6699 = CARTESIAN_POINT('',(-17.38,-0.4,0.));
#6700 = VECTOR('',#6701,1.);
#6701 = DIRECTION('',(0.,0.,1.));
#6702 = ORIENTED_EDGE('',*,*,#5636,.F.);
#6703 = ORIENTED_EDGE('',*,*,#6704,.T.);
#6704 = EDGE_CURVE('',#5637,#5087,#6705,.T.);
#6705 = LINE('',#6706,#6707);
#6706 = CARTESIAN_POINT('',(-18.18,-0.4,0.));
#6707 = VECTOR('',#6708,1.);
#6708 = DIRECTION('',(0.,0.,1.));
#6709 = PLANE('',#6710);
#6710 = AXIS2_PLACEMENT_3D('',#6711,#6712,#6713);
#6711 = CARTESIAN_POINT('',(-18.18,-0.4,-4.46));
#6712 = DIRECTION('',(-1.387778780781E-16,-1.,0.));
#6713 = DIRECTION('',(1.,-1.387778780781E-16,0.));
#6714 = ADVANCED_FACE('',(#6715),#6726,.F.);
#6715 = FACE_BOUND('',#6716,.T.);
#6716 = EDGE_LOOP('',(#6717,#6718,#6719,#6720));
#6717 = ORIENTED_EDGE('',*,*,#5096,.T.);
#6718 = ORIENTED_EDGE('',*,*,#6704,.F.);
#6719 = ORIENTED_EDGE('',*,*,#5662,.F.);
#6720 = ORIENTED_EDGE('',*,*,#6721,.T.);
#6721 = EDGE_CURVE('',#5655,#5097,#6722,.T.);
#6722 = LINE('',#6723,#6724);
#6723 = CARTESIAN_POINT('',(-18.18,0.4,0.));
#6724 = VECTOR('',#6725,1.);
#6725 = DIRECTION('',(0.,0.,1.));
#6726 = PLANE('',#6727);
#6727 = AXIS2_PLACEMENT_3D('',#6728,#6729,#6730);
#6728 = CARTESIAN_POINT('',(-18.18,0.4,-4.46));
#6729 = DIRECTION('',(-1.,0.,0.));
#6730 = DIRECTION('',(0.,-1.,0.));
#6731 = ADVANCED_FACE('',(#6732),#6743,.F.);
#6732 = FACE_BOUND('',#6733,.T.);
#6733 = EDGE_LOOP('',(#6734,#6735,#6736,#6737));
#6734 = ORIENTED_EDGE('',*,*,#5104,.T.);
#6735 = ORIENTED_EDGE('',*,*,#6721,.F.);
#6736 = ORIENTED_EDGE('',*,*,#5654,.F.);
#6737 = ORIENTED_EDGE('',*,*,#6738,.T.);
#6738 = EDGE_CURVE('',#5647,#5105,#6739,.T.);
#6739 = LINE('',#6740,#6741);
#6740 = CARTESIAN_POINT('',(-17.38,0.4,0.));
#6741 = VECTOR('',#6742,1.);
#6742 = DIRECTION('',(0.,0.,1.));
#6743 = PLANE('',#6744);
#6744 = AXIS2_PLACEMENT_3D('',#6745,#6746,#6747);
#6745 = CARTESIAN_POINT('',(-17.38,0.4,-4.46));
#6746 = DIRECTION('',(1.387778780781E-16,1.,0.));
#6747 = DIRECTION('',(-1.,1.387778780781E-16,0.));
#6748 = ADVANCED_FACE('',(#6749),#6755,.F.);
#6749 = FACE_BOUND('',#6750,.T.);
#6750 = EDGE_LOOP('',(#6751,#6752,#6753,#6754));
#6751 = ORIENTED_EDGE('',*,*,#5112,.T.);
#6752 = ORIENTED_EDGE('',*,*,#6738,.F.);
#6753 = ORIENTED_EDGE('',*,*,#5646,.F.);
#6754 = ORIENTED_EDGE('',*,*,#6697,.T.);
#6755 = PLANE('',#6756);
#6756 = AXIS2_PLACEMENT_3D('',#6757,#6758,#6759);
#6757 = CARTESIAN_POINT('',(-17.38,-0.4,-4.46));
#6758 = DIRECTION('',(1.,0.,0.));
#6759 = DIRECTION('',(-0.,1.,0.));
#6760 = ( GEOMETRIC_REPRESENTATION_CONTEXT(3) 
GLOBAL_UNCERTAINTY_ASSIGNED_CONTEXT((#6764)) 
GLOBAL_UNIT_ASSIGNED_CONTEXT((#6761,#6762,#6763)) REPRESENTATION_CONTEXT
('Context #1','3D Context with UNIT and UNCERTAINTY') );
#6761 = ( LENGTH_UNIT() NAMED_UNIT(*) SI_UNIT(.MILLI.,.METRE.) );
#6762 = ( NAMED_UNIT(*) PLANE_ANGLE_UNIT() SI_UNIT($,.RADIAN.) );
#6763 = ( NAMED_UNIT(*) SI_UNIT($,.STERADIAN.) SOLID_ANGLE_UNIT() );
#6764 = UNCERTAINTY_MEASURE_WITH_UNIT(LENGTH_MEASURE(1.E-07),#6761,
  'distance_accuracy_value','confusion accuracy');
#6765 = CONTEXT_DEPENDENT_SHAPE_REPRESENTATION(#6766,#6768);
#6766 = ( REPRESENTATION_RELATIONSHIP('','',#4569,#10) 
REPRESENTATION_RELATIONSHIP_WITH_TRANSFORMATION(#6767) 
SHAPE_REPRESENTATION_RELATIONSHIP() );
#6767 = ITEM_DEFINED_TRANSFORMATION('','',#11,#19);
#6768 = PRODUCT_DEFINITION_SHAPE('Placement','Placement of an item',
  #6769);
#6769 = NEXT_ASSEMBLY_USAGE_OCCURRENCE('72',
  '\\X2\\0414043504420430043B044C\\X0\\001','',#5,#4564,$);
#6770 = PRODUCT_RELATED_PRODUCT_CATEGORY('part',$,(#4566));
#6771 = CONTEXT_DEPENDENT_SHAPE_REPRESENTATION(#6772,#6774);
#6772 = ( REPRESENTATION_RELATIONSHIP('','',#4569,#10) 
REPRESENTATION_RELATIONSHIP_WITH_TRANSFORMATION(#6773) 
SHAPE_REPRESENTATION_RELATIONSHIP() );
#6773 = ITEM_DEFINED_TRANSFORMATION('','',#11,#23);
#6774 = PRODUCT_DEFINITION_SHAPE('Placement','Placement of an item',
  #6775);
#6775 = NEXT_ASSEMBLY_USAGE_OCCURRENCE('73',
  '\\X2\\0414043504420430043B044C\\X0\\002','',#5,#4564,$);
#6776 = SHAPE_DEFINITION_REPRESENTATION(#6777,#6783);
#6777 = PRODUCT_DEFINITION_SHAPE('','',#6778);
#6778 = PRODUCT_DEFINITION('design','',#6779,#6782);
#6779 = PRODUCT_DEFINITION_FORMATION('','',#6780);
#6780 = PRODUCT('\\X2\\0414043504420430043B044C\\X0\\003',
  '\\X2\\0414043504420430043B044C\\X0\\003','',(#6781));
#6781 = PRODUCT_CONTEXT('',#2,'mechanical');
#6782 = PRODUCT_DEFINITION_CONTEXT('part definition',#2,'design');
#6783 = ADVANCED_BREP_SHAPE_REPRESENTATION('',(#11,#6784),#6934);
#6784 = MANIFOLD_SOLID_BREP('',#6785);
#6785 = CLOSED_SHELL('',(#6786,#6826,#6857,#6888,#6910,#6922));
#6786 = ADVANCED_FACE('',(#6787),#6821,.T.);
#6787 = FACE_BOUND('',#6788,.T.);
#6788 = EDGE_LOOP('',(#6789,#6799,#6807,#6815));
#6789 = ORIENTED_EDGE('',*,*,#6790,.T.);
#6790 = EDGE_CURVE('',#6791,#6793,#6795,.T.);
#6791 = VERTEX_POINT('',#6792);
#6792 = CARTESIAN_POINT('',(-0.4,0.4,0.));
#6793 = VERTEX_POINT('',#6794);
#6794 = CARTESIAN_POINT('',(-0.4,-0.4,0.));
#6795 = LINE('',#6796,#6797);
#6796 = CARTESIAN_POINT('',(-0.4,0.4,0.));
#6797 = VECTOR('',#6798,1.);
#6798 = DIRECTION('',(-1.387778780781E-16,-1.,0.));
#6799 = ORIENTED_EDGE('',*,*,#6800,.T.);
#6800 = EDGE_CURVE('',#6793,#6801,#6803,.T.);
#6801 = VERTEX_POINT('',#6802);
#6802 = CARTESIAN_POINT('',(-0.4,-0.4,10.5));
#6803 = LINE('',#6804,#6805);
#6804 = CARTESIAN_POINT('',(-0.4,-0.4,0.));
#6805 = VECTOR('',#6806,1.);
#6806 = DIRECTION('',(0.,0.,1.));
#6807 = ORIENTED_EDGE('',*,*,#6808,.F.);
#6808 = EDGE_CURVE('',#6809,#6801,#6811,.T.);
#6809 = VERTEX_POINT('',#6810);
#6810 = CARTESIAN_POINT('',(-0.4,0.4,10.5));
#6811 = LINE('',#6812,#6813);
#6812 = CARTESIAN_POINT('',(-0.4,0.4,10.5));
#6813 = VECTOR('',#6814,1.);
#6814 = DIRECTION('',(-1.387778780781E-16,-1.,0.));
#6815 = ORIENTED_EDGE('',*,*,#6816,.F.);
#6816 = EDGE_CURVE('',#6791,#6809,#6817,.T.);
#6817 = LINE('',#6818,#6819);
#6818 = CARTESIAN_POINT('',(-0.4,0.4,0.));
#6819 = VECTOR('',#6820,1.);
#6820 = DIRECTION('',(0.,0.,1.));
#6821 = PLANE('',#6822);
#6822 = AXIS2_PLACEMENT_3D('',#6823,#6824,#6825);
#6823 = CARTESIAN_POINT('',(-0.4,0.4,0.));
#6824 = DIRECTION('',(-1.,1.387778780781E-16,0.));
#6825 = DIRECTION('',(-1.387778780781E-16,-1.,0.));
#6826 = ADVANCED_FACE('',(#6827),#6852,.T.);
#6827 = FACE_BOUND('',#6828,.T.);
#6828 = EDGE_LOOP('',(#6829,#6837,#6845,#6851));
#6829 = ORIENTED_EDGE('',*,*,#6830,.T.);
#6830 = EDGE_CURVE('',#6793,#6831,#6833,.T.);
#6831 = VERTEX_POINT('',#6832);
#6832 = CARTESIAN_POINT('',(0.4,-0.4,0.));
#6833 = LINE('',#6834,#6835);
#6834 = CARTESIAN_POINT('',(-0.4,-0.4,0.));
#6835 = VECTOR('',#6836,1.);
#6836 = DIRECTION('',(1.,-1.387778780781E-16,0.));
#6837 = ORIENTED_EDGE('',*,*,#6838,.T.);
#6838 = EDGE_CURVE('',#6831,#6839,#6841,.T.);
#6839 = VERTEX_POINT('',#6840);
#6840 = CARTESIAN_POINT('',(0.4,-0.4,10.5));
#6841 = LINE('',#6842,#6843);
#6842 = CARTESIAN_POINT('',(0.4,-0.4,0.));
#6843 = VECTOR('',#6844,1.);
#6844 = DIRECTION('',(0.,0.,1.));
#6845 = ORIENTED_EDGE('',*,*,#6846,.F.);
#6846 = EDGE_CURVE('',#6801,#6839,#6847,.T.);
#6847 = LINE('',#6848,#6849);
#6848 = CARTESIAN_POINT('',(-0.4,-0.4,10.5));
#6849 = VECTOR('',#6850,1.);
#6850 = DIRECTION('',(1.,-1.387778780781E-16,0.));
#6851 = ORIENTED_EDGE('',*,*,#6800,.F.);
#6852 = PLANE('',#6853);
#6853 = AXIS2_PLACEMENT_3D('',#6854,#6855,#6856);
#6854 = CARTESIAN_POINT('',(-0.4,-0.4,0.));
#6855 = DIRECTION('',(-1.387778780781E-16,-1.,0.));
#6856 = DIRECTION('',(1.,-1.387778780781E-16,0.));
#6857 = ADVANCED_FACE('',(#6858),#6883,.T.);
#6858 = FACE_BOUND('',#6859,.T.);
#6859 = EDGE_LOOP('',(#6860,#6868,#6876,#6882));
#6860 = ORIENTED_EDGE('',*,*,#6861,.T.);
#6861 = EDGE_CURVE('',#6831,#6862,#6864,.T.);
#6862 = VERTEX_POINT('',#6863);
#6863 = CARTESIAN_POINT('',(0.4,0.4,0.));
#6864 = LINE('',#6865,#6866);
#6865 = CARTESIAN_POINT('',(0.4,-0.4,0.));
#6866 = VECTOR('',#6867,1.);
#6867 = DIRECTION('',(1.387778780781E-16,1.,0.));
#6868 = ORIENTED_EDGE('',*,*,#6869,.T.);
#6869 = EDGE_CURVE('',#6862,#6870,#6872,.T.);
#6870 = VERTEX_POINT('',#6871);
#6871 = CARTESIAN_POINT('',(0.4,0.4,10.5));
#6872 = LINE('',#6873,#6874);
#6873 = CARTESIAN_POINT('',(0.4,0.4,0.));
#6874 = VECTOR('',#6875,1.);
#6875 = DIRECTION('',(0.,0.,1.));
#6876 = ORIENTED_EDGE('',*,*,#6877,.F.);
#6877 = EDGE_CURVE('',#6839,#6870,#6878,.T.);
#6878 = LINE('',#6879,#6880);
#6879 = CARTESIAN_POINT('',(0.4,-0.4,10.5));
#6880 = VECTOR('',#6881,1.);
#6881 = DIRECTION('',(1.387778780781E-16,1.,0.));
#6882 = ORIENTED_EDGE('',*,*,#6838,.F.);
#6883 = PLANE('',#6884);
#6884 = AXIS2_PLACEMENT_3D('',#6885,#6886,#6887);
#6885 = CARTESIAN_POINT('',(0.4,-0.4,0.));
#6886 = DIRECTION('',(1.,-1.387778780781E-16,0.));
#6887 = DIRECTION('',(1.387778780781E-16,1.,0.));
#6888 = ADVANCED_FACE('',(#6889),#6905,.T.);
#6889 = FACE_BOUND('',#6890,.T.);
#6890 = EDGE_LOOP('',(#6891,#6897,#6898,#6904));
#6891 = ORIENTED_EDGE('',*,*,#6892,.T.);
#6892 = EDGE_CURVE('',#6862,#6791,#6893,.T.);
#6893 = LINE('',#6894,#6895);
#6894 = CARTESIAN_POINT('',(0.4,0.4,0.));
#6895 = VECTOR('',#6896,1.);
#6896 = DIRECTION('',(-1.,1.387778780781E-16,0.));
#6897 = ORIENTED_EDGE('',*,*,#6816,.T.);
#6898 = ORIENTED_EDGE('',*,*,#6899,.F.);
#6899 = EDGE_CURVE('',#6870,#6809,#6900,.T.);
#6900 = LINE('',#6901,#6902);
#6901 = CARTESIAN_POINT('',(0.4,0.4,10.5));
#6902 = VECTOR('',#6903,1.);
#6903 = DIRECTION('',(-1.,1.387778780781E-16,0.));
#6904 = ORIENTED_EDGE('',*,*,#6869,.F.);
#6905 = PLANE('',#6906);
#6906 = AXIS2_PLACEMENT_3D('',#6907,#6908,#6909);
#6907 = CARTESIAN_POINT('',(0.4,0.4,0.));
#6908 = DIRECTION('',(1.387778780781E-16,1.,0.));
#6909 = DIRECTION('',(-1.,1.387778780781E-16,0.));
#6910 = ADVANCED_FACE('',(#6911),#6917,.T.);
#6911 = FACE_BOUND('',#6912,.T.);
#6912 = EDGE_LOOP('',(#6913,#6914,#6915,#6916));
#6913 = ORIENTED_EDGE('',*,*,#6808,.T.);
#6914 = ORIENTED_EDGE('',*,*,#6846,.T.);
#6915 = ORIENTED_EDGE('',*,*,#6877,.T.);
#6916 = ORIENTED_EDGE('',*,*,#6899,.T.);
#6917 = PLANE('',#6918);
#6918 = AXIS2_PLACEMENT_3D('',#6919,#6920,#6921);
#6919 = CARTESIAN_POINT('',(0.,0.,10.5));
#6920 = DIRECTION('',(0.,0.,1.));
#6921 = DIRECTION('',(-1.,1.224646799147E-16,0.));
#6922 = ADVANCED_FACE('',(#6923),#6929,.F.);
#6923 = FACE_BOUND('',#6924,.T.);
#6924 = EDGE_LOOP('',(#6925,#6926,#6927,#6928));
#6925 = ORIENTED_EDGE('',*,*,#6892,.F.);
#6926 = ORIENTED_EDGE('',*,*,#6861,.F.);
#6927 = ORIENTED_EDGE('',*,*,#6830,.F.);
#6928 = ORIENTED_EDGE('',*,*,#6790,.F.);
#6929 = PLANE('',#6930);
#6930 = AXIS2_PLACEMENT_3D('',#6931,#6932,#6933);
#6931 = CARTESIAN_POINT('',(0.,0.,0.));
#6932 = DIRECTION('',(0.,0.,1.));
#6933 = DIRECTION('',(-1.,1.224646799147E-16,0.));
#6934 = ( GEOMETRIC_REPRESENTATION_CONTEXT(3) 
GLOBAL_UNCERTAINTY_ASSIGNED_CONTEXT((#6938)) 
GLOBAL_UNIT_ASSIGNED_CONTEXT((#6935,#6936,#6937)) REPRESENTATION_CONTEXT
('Context #1','3D Context with UNIT and UNCERTAINTY') );
#6935 = ( LENGTH_UNIT() NAMED_UNIT(*) SI_UNIT(.MILLI.,.METRE.) );
#6936 = ( NAMED_UNIT(*) PLANE_ANGLE_UNIT() SI_UNIT($,.RADIAN.) );
#6937 = ( NAMED_UNIT(*) SI_UNIT($,.STERADIAN.) SOLID_ANGLE_UNIT() );
#6938 = UNCERTAINTY_MEASURE_WITH_UNIT(LENGTH_MEASURE(1.E-07),#6935,
  'distance_accuracy_value','confusion accuracy');
#6939 = CONTEXT_DEPENDENT_SHAPE_REPRESENTATION(#6940,#6942);
#6940 = ( REPRESENTATION_RELATIONSHIP('','',#6783,#10) 
REPRESENTATION_RELATIONSHIP_WITH_TRANSFORMATION(#6941) 
SHAPE_REPRESENTATION_RELATIONSHIP() );
#6941 = ITEM_DEFINED_TRANSFORMATION('','',#11,#27);
#6942 = PRODUCT_DEFINITION_SHAPE('Placement','Placement of an item',
  #6943);
#6943 = NEXT_ASSEMBLY_USAGE_OCCURRENCE('74',
  '\\X2\\0414043504420430043B044C\\X0\\003','',#5,#6778,$);
#6944 = PRODUCT_RELATED_PRODUCT_CATEGORY('part',$,(#6780));
#6945 = CONTEXT_DEPENDENT_SHAPE_REPRESENTATION(#6946,#6948);
#6946 = ( REPRESENTATION_RELATIONSHIP('','',#6783,#10) 
REPRESENTATION_RELATIONSHIP_WITH_TRANSFORMATION(#6947) 
SHAPE_REPRESENTATION_RELATIONSHIP() );
#6947 = ITEM_DEFINED_TRANSFORMATION('','',#11,#31);
#6948 = PRODUCT_DEFINITION_SHAPE('Placement','Placement of an item',
  #6949);
#6949 = NEXT_ASSEMBLY_USAGE_OCCURRENCE('75',
  '\\X2\\0414043504420430043B044C\\X0\\004','',#5,#6778,$);
#6950 = CONTEXT_DEPENDENT_SHAPE_REPRESENTATION(#6951,#6953);
#6951 = ( REPRESENTATION_RELATIONSHIP('','',#6783,#10) 
REPRESENTATION_RELATIONSHIP_WITH_TRANSFORMATION(#6952) 
SHAPE_REPRESENTATION_RELATIONSHIP() );
#6952 = ITEM_DEFINED_TRANSFORMATION('','',#11,#35);
#6953 = PRODUCT_DEFINITION_SHAPE('Placement','Placement of an item',
  #6954);
#6954 = NEXT_ASSEMBLY_USAGE_OCCURRENCE('76',
  '\\X2\\0414043504420430043B044C\\X0\\005','',#5,#6778,$);
#6955 = CONTEXT_DEPENDENT_SHAPE_REPRESENTATION(#6956,#6958);
#6956 = ( REPRESENTATION_RELATIONSHIP('','',#6783,#10) 
REPRESENTATION_RELATIONSHIP_WITH_TRANSFORMATION(#6957) 
SHAPE_REPRESENTATION_RELATIONSHIP() );
#6957 = ITEM_DEFINED_TRANSFORMATION('','',#11,#39);
#6958 = PRODUCT_DEFINITION_SHAPE('Placement','Placement of an item',
  #6959);
#6959 = NEXT_ASSEMBLY_USAGE_OCCURRENCE('77',
  '\\X2\\0414043504420430043B044C\\X0\\006','',#5,#6778,$);
#6960 = CONTEXT_DEPENDENT_SHAPE_REPRESENTATION(#6961,#6963);
#6961 = ( REPRESENTATION_RELATIONSHIP('','',#6783,#10) 
REPRESENTATION_RELATIONSHIP_WITH_TRANSFORMATION(#6962) 
SHAPE_REPRESENTATION_RELATIONSHIP() );
#6962 = ITEM_DEFINED_TRANSFORMATION('','',#11,#43);
#6963 = PRODUCT_DEFINITION_SHAPE('Placement','Placement of an item',
  #6964);
#6964 = NEXT_ASSEMBLY_USAGE_OCCURRENCE('78',
  '\\X2\\0414043504420430043B044C\\X0\\007','',#5,#6778,$);
#6965 = CONTEXT_DEPENDENT_SHAPE_REPRESENTATION(#6966,#6968);
#6966 = ( REPRESENTATION_RELATIONSHIP('','',#6783,#10) 
REPRESENTATION_RELATIONSHIP_WITH_TRANSFORMATION(#6967) 
SHAPE_REPRESENTATION_RELATIONSHIP() );
#6967 = ITEM_DEFINED_TRANSFORMATION('','',#11,#47);
#6968 = PRODUCT_DEFINITION_SHAPE('Placement','Placement of an item',
  #6969);
#6969 = NEXT_ASSEMBLY_USAGE_OCCURRENCE('79',
  '\\X2\\0414043504420430043B044C\\X0\\008','',#5,#6778,$);
#6970 = CONTEXT_DEPENDENT_SHAPE_REPRESENTATION(#6971,#6973);
#6971 = ( REPRESENTATION_RELATIONSHIP('','',#6783,#10) 
REPRESENTATION_RELATIONSHIP_WITH_TRANSFORMATION(#6972) 
SHAPE_REPRESENTATION_RELATIONSHIP() );
#6972 = ITEM_DEFINED_TRANSFORMATION('','',#11,#51);
#6973 = PRODUCT_DEFINITION_SHAPE('Placement','Placement of an item',
  #6974);
#6974 = NEXT_ASSEMBLY_USAGE_OCCURRENCE('80',
  '\\X2\\0414043504420430043B044C\\X0\\009','',#5,#6778,$);
#6975 = CONTEXT_DEPENDENT_SHAPE_REPRESENTATION(#6976,#6978);
#6976 = ( REPRESENTATION_RELATIONSHIP('','',#6783,#10) 
REPRESENTATION_RELATIONSHIP_WITH_TRANSFORMATION(#6977) 
SHAPE_REPRESENTATION_RELATIONSHIP() );
#6977 = ITEM_DEFINED_TRANSFORMATION('','',#11,#55);
#6978 = PRODUCT_DEFINITION_SHAPE('Placement','Placement of an item',
  #6979);
#6979 = NEXT_ASSEMBLY_USAGE_OCCURRENCE('81',
  '\\X2\\0414043504420430043B044C\\X0\\010','',#5,#6778,$);
#6980 = CONTEXT_DEPENDENT_SHAPE_REPRESENTATION(#6981,#6983);
#6981 = ( REPRESENTATION_RELATIONSHIP('','',#6783,#10) 
REPRESENTATION_RELATIONSHIP_WITH_TRANSFORMATION(#6982) 
SHAPE_REPRESENTATION_RELATIONSHIP() );
#6982 = ITEM_DEFINED_TRANSFORMATION('','',#11,#59);
#6983 = PRODUCT_DEFINITION_SHAPE('Placement','Placement of an item',
  #6984);
#6984 = NEXT_ASSEMBLY_USAGE_OCCURRENCE('82',
  '\\X2\\0414043504420430043B044C\\X0\\011','',#5,#6778,$);
#6985 = CONTEXT_DEPENDENT_SHAPE_REPRESENTATION(#6986,#6988);
#6986 = ( REPRESENTATION_RELATIONSHIP('','',#6783,#10) 
REPRESENTATION_RELATIONSHIP_WITH_TRANSFORMATION(#6987) 
SHAPE_REPRESENTATION_RELATIONSHIP() );
#6987 = ITEM_DEFINED_TRANSFORMATION('','',#11,#63);
#6988 = PRODUCT_DEFINITION_SHAPE('Placement','Placement of an item',
  #6989);
#6989 = NEXT_ASSEMBLY_USAGE_OCCURRENCE('83',
  '\\X2\\0414043504420430043B044C\\X0\\012','',#5,#6778,$);
#6990 = CONTEXT_DEPENDENT_SHAPE_REPRESENTATION(#6991,#6993);
#6991 = ( REPRESENTATION_RELATIONSHIP('','',#6783,#10) 
REPRESENTATION_RELATIONSHIP_WITH_TRANSFORMATION(#6992) 
SHAPE_REPRESENTATION_RELATIONSHIP() );
#6992 = ITEM_DEFINED_TRANSFORMATION('','',#11,#67);
#6993 = PRODUCT_DEFINITION_SHAPE('Placement','Placement of an item',
  #6994);
#6994 = NEXT_ASSEMBLY_USAGE_OCCURRENCE('84',
  '\\X2\\0414043504420430043B044C\\X0\\013','',#5,#6778,$);
#6995 = CONTEXT_DEPENDENT_SHAPE_REPRESENTATION(#6996,#6998);
#6996 = ( REPRESENTATION_RELATIONSHIP('','',#6783,#10) 
REPRESENTATION_RELATIONSHIP_WITH_TRANSFORMATION(#6997) 
SHAPE_REPRESENTATION_RELATIONSHIP() );
#6997 = ITEM_DEFINED_TRANSFORMATION('','',#11,#71);
#6998 = PRODUCT_DEFINITION_SHAPE('Placement','Placement of an item',
  #6999);
#6999 = NEXT_ASSEMBLY_USAGE_OCCURRENCE('85',
  '\\X2\\0414043504420430043B044C\\X0\\014','',#5,#6778,$);
#7000 = CONTEXT_DEPENDENT_SHAPE_REPRESENTATION(#7001,#7003);
#7001 = ( REPRESENTATION_RELATIONSHIP('','',#6783,#10) 
REPRESENTATION_RELATIONSHIP_WITH_TRANSFORMATION(#7002) 
SHAPE_REPRESENTATION_RELATIONSHIP() );
#7002 = ITEM_DEFINED_TRANSFORMATION('','',#11,#75);
#7003 = PRODUCT_DEFINITION_SHAPE('Placement','Placement of an item',
  #7004);
#7004 = NEXT_ASSEMBLY_USAGE_OCCURRENCE('86',
  '\\X2\\0414043504420430043B044C\\X0\\015','',#5,#6778,$);
#7005 = CONTEXT_DEPENDENT_SHAPE_REPRESENTATION(#7006,#7008);
#7006 = ( REPRESENTATION_RELATIONSHIP('','',#6783,#10) 
REPRESENTATION_RELATIONSHIP_WITH_TRANSFORMATION(#7007) 
SHAPE_REPRESENTATION_RELATIONSHIP() );
#7007 = ITEM_DEFINED_TRANSFORMATION('','',#11,#79);
#7008 = PRODUCT_DEFINITION_SHAPE('Placement','Placement of an item',
  #7009);
#7009 = NEXT_ASSEMBLY_USAGE_OCCURRENCE('87',
  '\\X2\\0414043504420430043B044C\\X0\\016','',#5,#6778,$);
#7010 = CONTEXT_DEPENDENT_SHAPE_REPRESENTATION(#7011,#7013);
#7011 = ( REPRESENTATION_RELATIONSHIP('','',#6783,#10) 
REPRESENTATION_RELATIONSHIP_WITH_TRANSFORMATION(#7012) 
SHAPE_REPRESENTATION_RELATIONSHIP() );
#7012 = ITEM_DEFINED_TRANSFORMATION('','',#11,#83);
#7013 = PRODUCT_DEFINITION_SHAPE('Placement','Placement of an item',
  #7014);
#7014 = NEXT_ASSEMBLY_USAGE_OCCURRENCE('88',
  '\\X2\\0414043504420430043B044C\\X0\\017','',#5,#6778,$);
#7015 = CONTEXT_DEPENDENT_SHAPE_REPRESENTATION(#7016,#7018);
#7016 = ( REPRESENTATION_RELATIONSHIP('','',#6783,#10) 
REPRESENTATION_RELATIONSHIP_WITH_TRANSFORMATION(#7017) 
SHAPE_REPRESENTATION_RELATIONSHIP() );
#7017 = ITEM_DEFINED_TRANSFORMATION('','',#11,#87);
#7018 = PRODUCT_DEFINITION_SHAPE('Placement','Placement of an item',
  #7019);
#7019 = NEXT_ASSEMBLY_USAGE_OCCURRENCE('89',
  '\\X2\\0414043504420430043B044C\\X0\\018','',#5,#6778,$);
#7020 = CONTEXT_DEPENDENT_SHAPE_REPRESENTATION(#7021,#7023);
#7021 = ( REPRESENTATION_RELATIONSHIP('','',#6783,#10) 
REPRESENTATION_RELATIONSHIP_WITH_TRANSFORMATION(#7022) 
SHAPE_REPRESENTATION_RELATIONSHIP() );
#7022 = ITEM_DEFINED_TRANSFORMATION('','',#11,#91);
#7023 = PRODUCT_DEFINITION_SHAPE('Placement','Placement of an item',
  #7024);
#7024 = NEXT_ASSEMBLY_USAGE_OCCURRENCE('90',
  '\\X2\\0414043504420430043B044C\\X0\\019','',#5,#6778,$);
#7025 = CONTEXT_DEPENDENT_SHAPE_REPRESENTATION(#7026,#7028);
#7026 = ( REPRESENTATION_RELATIONSHIP('','',#6783,#10) 
REPRESENTATION_RELATIONSHIP_WITH_TRANSFORMATION(#7027) 
SHAPE_REPRESENTATION_RELATIONSHIP() );
#7027 = ITEM_DEFINED_TRANSFORMATION('','',#11,#95);
#7028 = PRODUCT_DEFINITION_SHAPE('Placement','Placement of an item',
  #7029);
#7029 = NEXT_ASSEMBLY_USAGE_OCCURRENCE('91',
  '\\X2\\0414043504420430043B044C\\X0\\020','',#5,#6778,$);
#7030 = CONTEXT_DEPENDENT_SHAPE_REPRESENTATION(#7031,#7033);
#7031 = ( REPRESENTATION_RELATIONSHIP('','',#6783,#10) 
REPRESENTATION_RELATIONSHIP_WITH_TRANSFORMATION(#7032) 
SHAPE_REPRESENTATION_RELATIONSHIP() );
#7032 = ITEM_DEFINED_TRANSFORMATION('','',#11,#99);
#7033 = PRODUCT_DEFINITION_SHAPE('Placement','Placement of an item',
  #7034);
#7034 = NEXT_ASSEMBLY_USAGE_OCCURRENCE('92',
  '\\X2\\0414043504420430043B044C\\X0\\021','',#5,#6778,$);
#7035 = CONTEXT_DEPENDENT_SHAPE_REPRESENTATION(#7036,#7038);
#7036 = ( REPRESENTATION_RELATIONSHIP('','',#6783,#10) 
REPRESENTATION_RELATIONSHIP_WITH_TRANSFORMATION(#7037) 
SHAPE_REPRESENTATION_RELATIONSHIP() );
#7037 = ITEM_DEFINED_TRANSFORMATION('','',#11,#103);
#7038 = PRODUCT_DEFINITION_SHAPE('Placement','Placement of an item',
  #7039);
#7039 = NEXT_ASSEMBLY_USAGE_OCCURRENCE('93',
  '\\X2\\0414043504420430043B044C\\X0\\022','',#5,#6778,$);
#7040 = CONTEXT_DEPENDENT_SHAPE_REPRESENTATION(#7041,#7043);
#7041 = ( REPRESENTATION_RELATIONSHIP('','',#6783,#10) 
REPRESENTATION_RELATIONSHIP_WITH_TRANSFORMATION(#7042) 
SHAPE_REPRESENTATION_RELATIONSHIP() );
#7042 = ITEM_DEFINED_TRANSFORMATION('','',#11,#107);
#7043 = PRODUCT_DEFINITION_SHAPE('Placement','Placement of an item',
  #7044);
#7044 = NEXT_ASSEMBLY_USAGE_OCCURRENCE('94',
  '\\X2\\0414043504420430043B044C\\X0\\023','',#5,#6778,$);
#7045 = CONTEXT_DEPENDENT_SHAPE_REPRESENTATION(#7046,#7048);
#7046 = ( REPRESENTATION_RELATIONSHIP('','',#6783,#10) 
REPRESENTATION_RELATIONSHIP_WITH_TRANSFORMATION(#7047) 
SHAPE_REPRESENTATION_RELATIONSHIP() );
#7047 = ITEM_DEFINED_TRANSFORMATION('','',#11,#111);
#7048 = PRODUCT_DEFINITION_SHAPE('Placement','Placement of an item',
  #7049);
#7049 = NEXT_ASSEMBLY_USAGE_OCCURRENCE('95',
  '\\X2\\0414043504420430043B044C\\X0\\024','',#5,#6778,$);
#7050 = CONTEXT_DEPENDENT_SHAPE_REPRESENTATION(#7051,#7053);
#7051 = ( REPRESENTATION_RELATIONSHIP('','',#6783,#10) 
REPRESENTATION_RELATIONSHIP_WITH_TRANSFORMATION(#7052) 
SHAPE_REPRESENTATION_RELATIONSHIP() );
#7052 = ITEM_DEFINED_TRANSFORMATION('','',#11,#115);
#7053 = PRODUCT_DEFINITION_SHAPE('Placement','Placement of an item',
  #7054);
#7054 = NEXT_ASSEMBLY_USAGE_OCCURRENCE('96',
  '\\X2\\0414043504420430043B044C\\X0\\025','',#5,#6778,$);
#7055 = CONTEXT_DEPENDENT_SHAPE_REPRESENTATION(#7056,#7058);
#7056 = ( REPRESENTATION_RELATIONSHIP('','',#6783,#10) 
REPRESENTATION_RELATIONSHIP_WITH_TRANSFORMATION(#7057) 
SHAPE_REPRESENTATION_RELATIONSHIP() );
#7057 = ITEM_DEFINED_TRANSFORMATION('','',#11,#119);
#7058 = PRODUCT_DEFINITION_SHAPE('Placement','Placement of an item',
  #7059);
#7059 = NEXT_ASSEMBLY_USAGE_OCCURRENCE('97',
  '\\X2\\0414043504420430043B044C\\X0\\026','',#5,#6778,$);
#7060 = CONTEXT_DEPENDENT_SHAPE_REPRESENTATION(#7061,#7063);
#7061 = ( REPRESENTATION_RELATIONSHIP('','',#6783,#10) 
REPRESENTATION_RELATIONSHIP_WITH_TRANSFORMATION(#7062) 
SHAPE_REPRESENTATION_RELATIONSHIP() );
#7062 = ITEM_DEFINED_TRANSFORMATION('','',#11,#123);
#7063 = PRODUCT_DEFINITION_SHAPE('Placement','Placement of an item',
  #7064);
#7064 = NEXT_ASSEMBLY_USAGE_OCCURRENCE('98',
  '\\X2\\0414043504420430043B044C\\X0\\027','',#5,#6778,$);
#7065 = CONTEXT_DEPENDENT_SHAPE_REPRESENTATION(#7066,#7068);
#7066 = ( REPRESENTATION_RELATIONSHIP('','',#6783,#10) 
REPRESENTATION_RELATIONSHIP_WITH_TRANSFORMATION(#7067) 
SHAPE_REPRESENTATION_RELATIONSHIP() );
#7067 = ITEM_DEFINED_TRANSFORMATION('','',#11,#127);
#7068 = PRODUCT_DEFINITION_SHAPE('Placement','Placement of an item',
  #7069);
#7069 = NEXT_ASSEMBLY_USAGE_OCCURRENCE('99',
  '\\X2\\0414043504420430043B044C\\X0\\028','',#5,#6778,$);
#7070 = CONTEXT_DEPENDENT_SHAPE_REPRESENTATION(#7071,#7073);
#7071 = ( REPRESENTATION_RELATIONSHIP('','',#6783,#10) 
REPRESENTATION_RELATIONSHIP_WITH_TRANSFORMATION(#7072) 
SHAPE_REPRESENTATION_RELATIONSHIP() );
#7072 = ITEM_DEFINED_TRANSFORMATION('','',#11,#131);
#7073 = PRODUCT_DEFINITION_SHAPE('Placement','Placement of an item',
  #7074);
#7074 = NEXT_ASSEMBLY_USAGE_OCCURRENCE('100',
  '\\X2\\0414043504420430043B044C\\X0\\029','',#5,#6778,$);
#7075 = CONTEXT_DEPENDENT_SHAPE_REPRESENTATION(#7076,#7078);
#7076 = ( REPRESENTATION_RELATIONSHIP('','',#6783,#10) 
REPRESENTATION_RELATIONSHIP_WITH_TRANSFORMATION(#7077) 
SHAPE_REPRESENTATION_RELATIONSHIP() );
#7077 = ITEM_DEFINED_TRANSFORMATION('','',#11,#135);
#7078 = PRODUCT_DEFINITION_SHAPE('Placement','Placement of an item',
  #7079);
#7079 = NEXT_ASSEMBLY_USAGE_OCCURRENCE('101',
  '\\X2\\0414043504420430043B044C\\X0\\030','',#5,#6778,$);
#7080 = CONTEXT_DEPENDENT_SHAPE_REPRESENTATION(#7081,#7083);
#7081 = ( REPRESENTATION_RELATIONSHIP('','',#6783,#10) 
REPRESENTATION_RELATIONSHIP_WITH_TRANSFORMATION(#7082) 
SHAPE_REPRESENTATION_RELATIONSHIP() );
#7082 = ITEM_DEFINED_TRANSFORMATION('','',#11,#139);
#7083 = PRODUCT_DEFINITION_SHAPE('Placement','Placement of an item',
  #7084);
#7084 = NEXT_ASSEMBLY_USAGE_OCCURRENCE('102',
  '\\X2\\0414043504420430043B044C\\X0\\031','',#5,#6778,$);
#7085 = CONTEXT_DEPENDENT_SHAPE_REPRESENTATION(#7086,#7088);
#7086 = ( REPRESENTATION_RELATIONSHIP('','',#6783,#10) 
REPRESENTATION_RELATIONSHIP_WITH_TRANSFORMATION(#7087) 
SHAPE_REPRESENTATION_RELATIONSHIP() );
#7087 = ITEM_DEFINED_TRANSFORMATION('','',#11,#143);
#7088 = PRODUCT_DEFINITION_SHAPE('Placement','Placement of an item',
  #7089);
#7089 = NEXT_ASSEMBLY_USAGE_OCCURRENCE('103',
  '\\X2\\0414043504420430043B044C\\X0\\032','',#5,#6778,$);
#7090 = SHAPE_DEFINITION_REPRESENTATION(#7091,#7097);
#7091 = PRODUCT_DEFINITION_SHAPE('','',#7092);
#7092 = PRODUCT_DEFINITION('design','',#7093,#7096);
#7093 = PRODUCT_DEFINITION_FORMATION('','',#7094);
#7094 = PRODUCT('NONE','NONE','',(#7095));
#7095 = PRODUCT_CONTEXT('',#2,'mechanical');
#7096 = PRODUCT_DEFINITION_CONTEXT('part definition',#2,'design');
#7097 = ADVANCED_BREP_SHAPE_REPRESENTATION('',(#11,#7098),#8008);
#7098 = MANIFOLD_SOLID_BREP('',#7099);
#7099 = CLOSED_SHELL('',(#7100,#7330,#7361,#7386,#7410,#7434,#7459,#7483
    ,#7508,#7532,#7556,#7581,#7605,#7622,#7654,#7678,#7703,#7727,#7752,
    #7777,#7801,#7826,#7850,#7875,#7899,#7924,#7949,#7966,#7986));
#7100 = ADVANCED_FACE('',(#7101,#7223),#7325,.T.);
#7101 = FACE_BOUND('',#7102,.T.);
#7102 = EDGE_LOOP('',(#7103,#7114,#7122,#7131,#7139,#7148,#7157,#7165,
    #7174,#7182,#7191,#7199,#7208,#7217));
#7103 = ORIENTED_EDGE('',*,*,#7104,.T.);
#7104 = EDGE_CURVE('',#7105,#7107,#7109,.T.);
#7105 = VERTEX_POINT('',#7106);
#7106 = CARTESIAN_POINT('',(4.5,-4.,0.5));
#7107 = VERTEX_POINT('',#7108);
#7108 = CARTESIAN_POINT('',(4.5,-3.5,1.850371707709E-16));
#7109 = CIRCLE('',#7110,0.5);
#7110 = AXIS2_PLACEMENT_3D('',#7111,#7112,#7113);
#7111 = CARTESIAN_POINT('',(4.5,-3.5,0.5));
#7112 = DIRECTION('',(1.,-2.22044604925E-16,0.));
#7113 = DIRECTION('',(-2.22044604925E-16,-1.,2.22044604925E-16));
#7114 = ORIENTED_EDGE('',*,*,#7115,.T.);
#7115 = EDGE_CURVE('',#7107,#7116,#7118,.T.);
#7116 = VERTEX_POINT('',#7117);
#7117 = CARTESIAN_POINT('',(4.5,3.5,0.));
#7118 = LINE('',#7119,#7120);
#7119 = CARTESIAN_POINT('',(4.5,-3.5,0.));
#7120 = VECTOR('',#7121,1.);
#7121 = DIRECTION('',(0.,1.,0.));
#7122 = ORIENTED_EDGE('',*,*,#7123,.T.);
#7123 = EDGE_CURVE('',#7116,#7124,#7126,.T.);
#7124 = VERTEX_POINT('',#7125);
#7125 = CARTESIAN_POINT('',(4.5,4.,0.5));
#7126 = CIRCLE('',#7127,0.5);
#7127 = AXIS2_PLACEMENT_3D('',#7128,#7129,#7130);
#7128 = CARTESIAN_POINT('',(4.5,3.5,0.5));
#7129 = DIRECTION('',(1.,-2.22044604925E-16,0.));
#7130 = DIRECTION('',(-3.944304526104E-31,-1.7763568394E-15,-1.));
#7131 = ORIENTED_EDGE('',*,*,#7132,.T.);
#7132 = EDGE_CURVE('',#7124,#7133,#7135,.T.);
#7133 = VERTEX_POINT('',#7134);
#7134 = CARTESIAN_POINT('',(4.5,4.,1.531754163448));
#7135 = LINE('',#7136,#7137);
#7136 = CARTESIAN_POINT('',(4.5,4.,0.5));
#7137 = VECTOR('',#7138,1.);
#7138 = DIRECTION('',(0.,0.,1.));
#7139 = ORIENTED_EDGE('',*,*,#7140,.T.);
#7140 = EDGE_CURVE('',#7133,#7141,#7143,.T.);
#7141 = VERTEX_POINT('',#7142);
#7142 = CARTESIAN_POINT('',(4.5,3.625,2.015877081724));
#7143 = CIRCLE('',#7144,0.5);
#7144 = AXIS2_PLACEMENT_3D('',#7145,#7146,#7147);
#7145 = CARTESIAN_POINT('',(4.5,3.5,1.531754163448));
#7146 = DIRECTION('',(1.,-2.22044604925E-16,0.));
#7147 = DIRECTION('',(2.22044604925E-16,1.,0.));
#7148 = ORIENTED_EDGE('',*,*,#7149,.T.);
#7149 = EDGE_CURVE('',#7141,#7150,#7152,.T.);
#7150 = VERTEX_POINT('',#7151);
#7151 = CARTESIAN_POINT('',(4.5,3.25,2.5));
#7152 = CIRCLE('',#7153,0.5);
#7153 = AXIS2_PLACEMENT_3D('',#7154,#7155,#7156);
#7154 = CARTESIAN_POINT('',(4.5,3.75,2.5));
#7155 = DIRECTION('',(-1.,2.22044604925E-16,6.162975822039E-33));
#7156 = DIRECTION('',(-5.551115123124E-17,-0.25,-0.968245836552));
#7157 = ORIENTED_EDGE('',*,*,#7158,.F.);
#7158 = EDGE_CURVE('',#7159,#7150,#7161,.T.);
#7159 = VERTEX_POINT('',#7160);
#7160 = CARTESIAN_POINT('',(4.5,3.25,3.));
#7161 = LINE('',#7162,#7163);
#7162 = CARTESIAN_POINT('',(4.5,3.25,3.));
#7163 = VECTOR('',#7164,1.);
#7164 = DIRECTION('',(0.,0.,-1.));
#7165 = ORIENTED_EDGE('',*,*,#7166,.T.);
#7166 = EDGE_CURVE('',#7159,#7167,#7169,.T.);
#7167 = VERTEX_POINT('',#7168);
#7168 = CARTESIAN_POINT('',(4.5,2.25,4.));
#7169 = CIRCLE('',#7170,1.);
#7170 = AXIS2_PLACEMENT_3D('',#7171,#7172,#7173);
#7171 = CARTESIAN_POINT('',(4.5,2.25,3.));
#7172 = DIRECTION('',(1.,-2.22044604925E-16,0.));
#7173 = DIRECTION('',(2.22044604925E-16,1.,0.));
#7174 = ORIENTED_EDGE('',*,*,#7175,.F.);
#7175 = EDGE_CURVE('',#7176,#7167,#7178,.T.);
#7176 = VERTEX_POINT('',#7177);
#7177 = CARTESIAN_POINT('',(4.5,-2.25,4.));
#7178 = LINE('',#7179,#7180);
#7179 = CARTESIAN_POINT('',(4.5,-2.25,4.));
#7180 = VECTOR('',#7181,1.);
#7181 = DIRECTION('',(0.,1.,0.));
#7182 = ORIENTED_EDGE('',*,*,#7183,.T.);
#7183 = EDGE_CURVE('',#7176,#7184,#7186,.T.);
#7184 = VERTEX_POINT('',#7185);
#7185 = CARTESIAN_POINT('',(4.5,-3.25,3.));
#7186 = CIRCLE('',#7187,1.);
#7187 = AXIS2_PLACEMENT_3D('',#7188,#7189,#7190);
#7188 = CARTESIAN_POINT('',(4.5,-2.25,3.));
#7189 = DIRECTION('',(1.,-2.22044604925E-16,0.));
#7190 = DIRECTION('',(0.,0.,1.));
#7191 = ORIENTED_EDGE('',*,*,#7192,.F.);
#7192 = EDGE_CURVE('',#7193,#7184,#7195,.T.);
#7193 = VERTEX_POINT('',#7194);
#7194 = CARTESIAN_POINT('',(4.5,-3.25,2.5));
#7195 = LINE('',#7196,#7197);
#7196 = CARTESIAN_POINT('',(4.5,-3.25,2.5));
#7197 = VECTOR('',#7198,1.);
#7198 = DIRECTION('',(0.,0.,1.));
#7199 = ORIENTED_EDGE('',*,*,#7200,.T.);
#7200 = EDGE_CURVE('',#7193,#7201,#7203,.T.);
#7201 = VERTEX_POINT('',#7202);
#7202 = CARTESIAN_POINT('',(4.5,-3.625,2.015877081724));
#7203 = CIRCLE('',#7204,0.5);
#7204 = AXIS2_PLACEMENT_3D('',#7205,#7206,#7207);
#7205 = CARTESIAN_POINT('',(4.5,-3.75,2.5));
#7206 = DIRECTION('',(-1.,2.22044604925E-16,0.));
#7207 = DIRECTION('',(2.22044604925E-16,1.,0.));
#7208 = ORIENTED_EDGE('',*,*,#7209,.T.);
#7209 = EDGE_CURVE('',#7201,#7210,#7212,.T.);
#7210 = VERTEX_POINT('',#7211);
#7211 = CARTESIAN_POINT('',(4.5,-4.,1.531754163448));
#7212 = CIRCLE('',#7213,0.5);
#7213 = AXIS2_PLACEMENT_3D('',#7214,#7215,#7216);
#7214 = CARTESIAN_POINT('',(4.5,-3.5,1.531754163448));
#7215 = DIRECTION('',(1.,-2.22044604925E-16,1.232595164408E-32));
#7216 = DIRECTION('',(-5.551115123124E-17,-0.25,0.968245836552));
#7217 = ORIENTED_EDGE('',*,*,#7218,.F.);
#7218 = EDGE_CURVE('',#7105,#7210,#7219,.T.);
#7219 = LINE('',#7220,#7221);
#7220 = CARTESIAN_POINT('',(4.5,-4.,0.5));
#7221 = VECTOR('',#7222,1.);
#7222 = DIRECTION('',(0.,0.,1.));
#7223 = FACE_BOUND('',#7224,.T.);
#7224 = EDGE_LOOP('',(#7225,#7235,#7243,#7252,#7260,#7268,#7277,#7285,
    #7294,#7302,#7310,#7319));
#7225 = ORIENTED_EDGE('',*,*,#7226,.F.);
#7226 = EDGE_CURVE('',#7227,#7229,#7231,.T.);
#7227 = VERTEX_POINT('',#7228);
#7228 = CARTESIAN_POINT('',(4.5,-3.5,0.5));
#7229 = VERTEX_POINT('',#7230);
#7230 = CARTESIAN_POINT('',(4.5,3.5,0.5));
#7231 = LINE('',#7232,#7233);
#7232 = CARTESIAN_POINT('',(4.5,-3.5,0.5));
#7233 = VECTOR('',#7234,1.);
#7234 = DIRECTION('',(2.537652627715E-16,1.,6.344131569287E-17));
#7235 = ORIENTED_EDGE('',*,*,#7236,.F.);
#7236 = EDGE_CURVE('',#7237,#7227,#7239,.T.);
#7237 = VERTEX_POINT('',#7238);
#7238 = CARTESIAN_POINT('',(4.5,-3.5,1.407873921532));
#7239 = LINE('',#7240,#7241);
#7240 = CARTESIAN_POINT('',(4.5,-3.5,1.407873921532));
#7241 = VECTOR('',#7242,1.);
#7242 = DIRECTION('',(0.,0.,-1.));
#7243 = ORIENTED_EDGE('',*,*,#7244,.F.);
#7244 = EDGE_CURVE('',#7245,#7237,#7247,.T.);
#7245 = VERTEX_POINT('',#7246);
#7246 = CARTESIAN_POINT('',(4.5,-3.138150549741,1.888409482762));
#7247 = CIRCLE('',#7248,0.5);
#7248 = AXIS2_PLACEMENT_3D('',#7249,#7250,#7251);
#7249 = CARTESIAN_POINT('',(4.5,-3.,1.407873921532));
#7250 = DIRECTION('',(1.,-2.22044604925E-16,0.));
#7251 = DIRECTION('',(-6.135116847463E-17,-0.276301099481,0.961071122459
    ));
#7252 = ORIENTED_EDGE('',*,*,#7253,.F.);
#7253 = EDGE_CURVE('',#7254,#7245,#7256,.T.);
#7254 = VERTEX_POINT('',#7255);
#7255 = CARTESIAN_POINT('',(4.5,-2.75,2.));
#7256 = LINE('',#7257,#7258);
#7257 = CARTESIAN_POINT('',(4.5,-2.75,2.));
#7258 = VECTOR('',#7259,1.);
#7259 = DIRECTION('',(0.,-0.961071122459,-0.276301099481));
#7260 = ORIENTED_EDGE('',*,*,#7261,.F.);
#7261 = EDGE_CURVE('',#7262,#7254,#7264,.T.);
#7262 = VERTEX_POINT('',#7263);
#7263 = CARTESIAN_POINT('',(4.5,-2.75,3.));
#7264 = LINE('',#7265,#7266);
#7265 = CARTESIAN_POINT('',(4.5,-2.75,3.));
#7266 = VECTOR('',#7267,1.);
#7267 = DIRECTION('',(0.,0.,-1.));
#7268 = ORIENTED_EDGE('',*,*,#7269,.F.);
#7269 = EDGE_CURVE('',#7270,#7262,#7272,.T.);
#7270 = VERTEX_POINT('',#7271);
#7271 = CARTESIAN_POINT('',(4.5,-2.25,3.5));
#7272 = CIRCLE('',#7273,0.5);
#7273 = AXIS2_PLACEMENT_3D('',#7274,#7275,#7276);
#7274 = CARTESIAN_POINT('',(4.5,-2.25,3.));
#7275 = DIRECTION('',(1.,-2.22044604925E-16,0.));
#7276 = DIRECTION('',(0.,0.,1.));
#7277 = ORIENTED_EDGE('',*,*,#7278,.F.);
#7278 = EDGE_CURVE('',#7279,#7270,#7281,.T.);
#7279 = VERTEX_POINT('',#7280);
#7280 = CARTESIAN_POINT('',(4.5,2.25,3.5));
#7281 = LINE('',#7282,#7283);
#7282 = CARTESIAN_POINT('',(4.5,2.25,3.5));
#7283 = VECTOR('',#7284,1.);
#7284 = DIRECTION('',(-3.947459643112E-16,-1.,0.));
#7285 = ORIENTED_EDGE('',*,*,#7286,.F.);
#7286 = EDGE_CURVE('',#7287,#7279,#7289,.T.);
#7287 = VERTEX_POINT('',#7288);
#7288 = CARTESIAN_POINT('',(4.5,2.75,3.));
#7289 = CIRCLE('',#7290,0.5);
#7290 = AXIS2_PLACEMENT_3D('',#7291,#7292,#7293);
#7291 = CARTESIAN_POINT('',(4.5,2.25,3.));
#7292 = DIRECTION('',(1.,-2.22044604925E-16,0.));
#7293 = DIRECTION('',(2.22044604925E-16,1.,0.));
#7294 = ORIENTED_EDGE('',*,*,#7295,.F.);
#7295 = EDGE_CURVE('',#7296,#7287,#7298,.T.);
#7296 = VERTEX_POINT('',#7297);
#7297 = CARTESIAN_POINT('',(4.5,2.75,2.));
#7298 = LINE('',#7299,#7300);
#7299 = CARTESIAN_POINT('',(4.5,2.75,2.));
#7300 = VECTOR('',#7301,1.);
#7301 = DIRECTION('',(0.,0.,1.));
#7302 = ORIENTED_EDGE('',*,*,#7303,.F.);
#7303 = EDGE_CURVE('',#7304,#7296,#7306,.T.);
#7304 = VERTEX_POINT('',#7305);
#7305 = CARTESIAN_POINT('',(4.5,3.269716116218,1.667052299956));
#7306 = LINE('',#7307,#7308);
#7307 = CARTESIAN_POINT('',(4.5,3.269716116218,1.667052299956));
#7308 = VECTOR('',#7309,1.);
#7309 = DIRECTION('',(0.,-0.842029017676,0.539432232437));
#7310 = ORIENTED_EDGE('',*,*,#7311,.F.);
#7311 = EDGE_CURVE('',#7312,#7304,#7314,.T.);
#7312 = VERTEX_POINT('',#7313);
#7313 = CARTESIAN_POINT('',(4.5,3.5,1.246037791118));
#7314 = CIRCLE('',#7315,0.5);
#7315 = AXIS2_PLACEMENT_3D('',#7316,#7317,#7318);
#7316 = CARTESIAN_POINT('',(4.5,3.,1.246037791118));
#7317 = DIRECTION('',(1.,-2.22044604925E-16,0.));
#7318 = DIRECTION('',(2.22044604925E-16,1.,0.));
#7319 = ORIENTED_EDGE('',*,*,#7320,.F.);
#7320 = EDGE_CURVE('',#7229,#7312,#7321,.T.);
#7321 = LINE('',#7322,#7323);
#7322 = CARTESIAN_POINT('',(4.5,3.5,0.5));
#7323 = VECTOR('',#7324,1.);
#7324 = DIRECTION('',(0.,0.,1.));
#7325 = PLANE('',#7326);
#7326 = AXIS2_PLACEMENT_3D('',#7327,#7328,#7329);
#7327 = CARTESIAN_POINT('',(4.5,-4.,0.));
#7328 = DIRECTION('',(1.,-2.22044604925E-16,0.));
#7329 = DIRECTION('',(2.22044604925E-16,1.,0.));
#7330 = ADVANCED_FACE('',(#7331),#7356,.F.);
#7331 = FACE_BOUND('',#7332,.T.);
#7332 = EDGE_LOOP('',(#7333,#7334,#7342,#7350));
#7333 = ORIENTED_EDGE('',*,*,#7236,.T.);
#7334 = ORIENTED_EDGE('',*,*,#7335,.F.);
#7335 = EDGE_CURVE('',#7336,#7227,#7338,.T.);
#7336 = VERTEX_POINT('',#7337);
#7337 = CARTESIAN_POINT('',(-2.5,-3.5,0.5));
#7338 = LINE('',#7339,#7340);
#7339 = CARTESIAN_POINT('',(-2.5,-3.5,0.5));
#7340 = VECTOR('',#7341,1.);
#7341 = DIRECTION('',(1.,-1.903239470786E-16,0.));
#7342 = ORIENTED_EDGE('',*,*,#7343,.F.);
#7343 = EDGE_CURVE('',#7344,#7336,#7346,.T.);
#7344 = VERTEX_POINT('',#7345);
#7345 = CARTESIAN_POINT('',(-2.5,-3.5,1.407873921532));
#7346 = LINE('',#7347,#7348);
#7347 = CARTESIAN_POINT('',(-2.5,-3.5,1.407873921532));
#7348 = VECTOR('',#7349,1.);
#7349 = DIRECTION('',(0.,0.,-1.));
#7350 = ORIENTED_EDGE('',*,*,#7351,.T.);
#7351 = EDGE_CURVE('',#7344,#7237,#7352,.T.);
#7352 = LINE('',#7353,#7354);
#7353 = CARTESIAN_POINT('',(-2.5,-3.5,1.407873921532));
#7354 = VECTOR('',#7355,1.);
#7355 = DIRECTION('',(1.,-1.903239470786E-16,0.));
#7356 = PLANE('',#7357);
#7357 = AXIS2_PLACEMENT_3D('',#7358,#7359,#7360);
#7358 = CARTESIAN_POINT('',(-2.5,-3.5,1.407873921532));
#7359 = DIRECTION('',(-1.903239470786E-16,-1.,0.));
#7360 = DIRECTION('',(-0.,0.,-1.));
#7361 = ADVANCED_FACE('',(#7362),#7381,.F.);
#7362 = FACE_BOUND('',#7363,.F.);
#7363 = EDGE_LOOP('',(#7364,#7372,#7379,#7380));
#7364 = ORIENTED_EDGE('',*,*,#7365,.F.);
#7365 = EDGE_CURVE('',#7366,#7245,#7368,.T.);
#7366 = VERTEX_POINT('',#7367);
#7367 = CARTESIAN_POINT('',(-2.5,-3.138150549741,1.888409482762));
#7368 = LINE('',#7369,#7370);
#7369 = CARTESIAN_POINT('',(-2.5,-3.138150549741,1.888409482762));
#7370 = VECTOR('',#7371,1.);
#7371 = DIRECTION('',(1.,-1.903239470786E-16,0.));
#7372 = ORIENTED_EDGE('',*,*,#7373,.T.);
#7373 = EDGE_CURVE('',#7366,#7344,#7374,.T.);
#7374 = CIRCLE('',#7375,0.5);
#7375 = AXIS2_PLACEMENT_3D('',#7376,#7377,#7378);
#7376 = CARTESIAN_POINT('',(-2.5,-3.,1.407873921532));
#7377 = DIRECTION('',(1.,-2.22044604925E-16,0.));
#7378 = DIRECTION('',(-6.135116847463E-17,-0.276301099481,0.961071122459
    ));
#7379 = ORIENTED_EDGE('',*,*,#7351,.T.);
#7380 = ORIENTED_EDGE('',*,*,#7244,.F.);
#7381 = CYLINDRICAL_SURFACE('',#7382,0.5);
#7382 = AXIS2_PLACEMENT_3D('',#7383,#7384,#7385);
#7383 = CARTESIAN_POINT('',(-2.5,-3.,1.407873921532));
#7384 = DIRECTION('',(1.,-2.22044604925E-16,0.));
#7385 = DIRECTION('',(-6.135116847463E-17,-0.276301099481,0.961071122459
    ));
#7386 = ADVANCED_FACE('',(#7387),#7405,.F.);
#7387 = FACE_BOUND('',#7388,.T.);
#7388 = EDGE_LOOP('',(#7389,#7390,#7391,#7399));
#7389 = ORIENTED_EDGE('',*,*,#7253,.T.);
#7390 = ORIENTED_EDGE('',*,*,#7365,.F.);
#7391 = ORIENTED_EDGE('',*,*,#7392,.F.);
#7392 = EDGE_CURVE('',#7393,#7366,#7395,.T.);
#7393 = VERTEX_POINT('',#7394);
#7394 = CARTESIAN_POINT('',(-2.5,-2.75,2.));
#7395 = LINE('',#7396,#7397);
#7396 = CARTESIAN_POINT('',(-2.5,-2.75,2.));
#7397 = VECTOR('',#7398,1.);
#7398 = DIRECTION('',(-1.09957673812E-15,-0.961071122459,-0.276301099481
    ));
#7399 = ORIENTED_EDGE('',*,*,#7400,.T.);
#7400 = EDGE_CURVE('',#7393,#7254,#7401,.T.);
#7401 = LINE('',#7402,#7403);
#7402 = CARTESIAN_POINT('',(-2.5,-2.75,2.));
#7403 = VECTOR('',#7404,1.);
#7404 = DIRECTION('',(1.,-1.903239470786E-16,-3.172065784643E-17));
#7405 = PLANE('',#7406);
#7406 = AXIS2_PLACEMENT_3D('',#7407,#7408,#7409);
#7407 = CARTESIAN_POINT('',(-2.5,-2.75,2.));
#7408 = DIRECTION('',(-5.258671583545E-17,-0.276301099481,0.961071122459
    ));
#7409 = DIRECTION('',(-1.09957673812E-15,-0.961071122459,-0.276301099481
    ));
#7410 = ADVANCED_FACE('',(#7411),#7429,.F.);
#7411 = FACE_BOUND('',#7412,.T.);
#7412 = EDGE_LOOP('',(#7413,#7414,#7415,#7423));
#7413 = ORIENTED_EDGE('',*,*,#7261,.T.);
#7414 = ORIENTED_EDGE('',*,*,#7400,.F.);
#7415 = ORIENTED_EDGE('',*,*,#7416,.F.);
#7416 = EDGE_CURVE('',#7417,#7393,#7419,.T.);
#7417 = VERTEX_POINT('',#7418);
#7418 = CARTESIAN_POINT('',(-2.5,-2.75,3.));
#7419 = LINE('',#7420,#7421);
#7420 = CARTESIAN_POINT('',(-2.5,-2.75,3.));
#7421 = VECTOR('',#7422,1.);
#7422 = DIRECTION('',(0.,0.,-1.));
#7423 = ORIENTED_EDGE('',*,*,#7424,.T.);
#7424 = EDGE_CURVE('',#7417,#7262,#7425,.T.);
#7425 = LINE('',#7426,#7427);
#7426 = CARTESIAN_POINT('',(-2.5,-2.75,3.));
#7427 = VECTOR('',#7428,1.);
#7428 = DIRECTION('',(1.,-1.903239470786E-16,0.));
#7429 = PLANE('',#7430);
#7430 = AXIS2_PLACEMENT_3D('',#7431,#7432,#7433);
#7431 = CARTESIAN_POINT('',(-2.5,-2.75,3.));
#7432 = DIRECTION('',(-1.903239470786E-16,-1.,0.));
#7433 = DIRECTION('',(-0.,0.,-1.));
#7434 = ADVANCED_FACE('',(#7435),#7454,.F.);
#7435 = FACE_BOUND('',#7436,.F.);
#7436 = EDGE_LOOP('',(#7437,#7445,#7452,#7453));
#7437 = ORIENTED_EDGE('',*,*,#7438,.F.);
#7438 = EDGE_CURVE('',#7439,#7270,#7441,.T.);
#7439 = VERTEX_POINT('',#7440);
#7440 = CARTESIAN_POINT('',(-2.5,-2.25,3.5));
#7441 = LINE('',#7442,#7443);
#7442 = CARTESIAN_POINT('',(-2.5,-2.25,3.5));
#7443 = VECTOR('',#7444,1.);
#7444 = DIRECTION('',(1.,-1.903239470786E-16,0.));
#7445 = ORIENTED_EDGE('',*,*,#7446,.T.);
#7446 = EDGE_CURVE('',#7439,#7417,#7447,.T.);
#7447 = CIRCLE('',#7448,0.5);
#7448 = AXIS2_PLACEMENT_3D('',#7449,#7450,#7451);
#7449 = CARTESIAN_POINT('',(-2.5,-2.25,3.));
#7450 = DIRECTION('',(1.,-2.22044604925E-16,0.));
#7451 = DIRECTION('',(0.,0.,1.));
#7452 = ORIENTED_EDGE('',*,*,#7424,.T.);
#7453 = ORIENTED_EDGE('',*,*,#7269,.F.);
#7454 = CYLINDRICAL_SURFACE('',#7455,0.5);
#7455 = AXIS2_PLACEMENT_3D('',#7456,#7457,#7458);
#7456 = CARTESIAN_POINT('',(-2.5,-2.25,3.));
#7457 = DIRECTION('',(1.,-2.22044604925E-16,0.));
#7458 = DIRECTION('',(-1.359631073447E-32,-6.123233995737E-17,1.));
#7459 = ADVANCED_FACE('',(#7460),#7478,.F.);
#7460 = FACE_BOUND('',#7461,.T.);
#7461 = EDGE_LOOP('',(#7462,#7463,#7464,#7472));
#7462 = ORIENTED_EDGE('',*,*,#7278,.T.);
#7463 = ORIENTED_EDGE('',*,*,#7438,.F.);
#7464 = ORIENTED_EDGE('',*,*,#7465,.F.);
#7465 = EDGE_CURVE('',#7466,#7439,#7468,.T.);
#7466 = VERTEX_POINT('',#7467);
#7467 = CARTESIAN_POINT('',(-2.5,2.25,3.5));
#7468 = LINE('',#7469,#7470);
#7469 = CARTESIAN_POINT('',(-2.5,2.25,3.5));
#7470 = VECTOR('',#7471,1.);
#7471 = DIRECTION('',(-1.973729821556E-16,-1.,0.));
#7472 = ORIENTED_EDGE('',*,*,#7473,.T.);
#7473 = EDGE_CURVE('',#7466,#7279,#7474,.T.);
#7474 = LINE('',#7475,#7476);
#7475 = CARTESIAN_POINT('',(-2.5,2.25,3.5));
#7476 = VECTOR('',#7477,1.);
#7477 = DIRECTION('',(1.,-1.903239470786E-16,0.));
#7478 = PLANE('',#7479);
#7479 = AXIS2_PLACEMENT_3D('',#7480,#7481,#7482);
#7480 = CARTESIAN_POINT('',(-2.5,2.25,3.5));
#7481 = DIRECTION('',(0.,0.,1.));
#7482 = DIRECTION('',(-1.973729821556E-16,-1.,0.));
#7483 = ADVANCED_FACE('',(#7484),#7503,.F.);
#7484 = FACE_BOUND('',#7485,.F.);
#7485 = EDGE_LOOP('',(#7486,#7494,#7501,#7502));
#7486 = ORIENTED_EDGE('',*,*,#7487,.F.);
#7487 = EDGE_CURVE('',#7488,#7287,#7490,.T.);
#7488 = VERTEX_POINT('',#7489);
#7489 = CARTESIAN_POINT('',(-2.5,2.75,3.));
#7490 = LINE('',#7491,#7492);
#7491 = CARTESIAN_POINT('',(-2.5,2.75,3.));
#7492 = VECTOR('',#7493,1.);
#7493 = DIRECTION('',(1.,-1.903239470786E-16,0.));
#7494 = ORIENTED_EDGE('',*,*,#7495,.T.);
#7495 = EDGE_CURVE('',#7488,#7466,#7496,.T.);
#7496 = CIRCLE('',#7497,0.5);
#7497 = AXIS2_PLACEMENT_3D('',#7498,#7499,#7500);
#7498 = CARTESIAN_POINT('',(-2.5,2.25,3.));
#7499 = DIRECTION('',(1.,-2.22044604925E-16,0.));
#7500 = DIRECTION('',(2.22044604925E-16,1.,0.));
#7501 = ORIENTED_EDGE('',*,*,#7473,.T.);
#7502 = ORIENTED_EDGE('',*,*,#7286,.F.);
#7503 = CYLINDRICAL_SURFACE('',#7504,0.5);
#7504 = AXIS2_PLACEMENT_3D('',#7505,#7506,#7507);
#7505 = CARTESIAN_POINT('',(-2.5,2.25,3.));
#7506 = DIRECTION('',(1.,-2.22044604925E-16,0.));
#7507 = DIRECTION('',(2.22044604925E-16,1.,6.123233995737E-17));
#7508 = ADVANCED_FACE('',(#7509),#7527,.F.);
#7509 = FACE_BOUND('',#7510,.T.);
#7510 = EDGE_LOOP('',(#7511,#7512,#7513,#7521));
#7511 = ORIENTED_EDGE('',*,*,#7295,.T.);
#7512 = ORIENTED_EDGE('',*,*,#7487,.F.);
#7513 = ORIENTED_EDGE('',*,*,#7514,.F.);
#7514 = EDGE_CURVE('',#7515,#7488,#7517,.T.);
#7515 = VERTEX_POINT('',#7516);
#7516 = CARTESIAN_POINT('',(-2.5,2.75,2.));
#7517 = LINE('',#7518,#7519);
#7518 = CARTESIAN_POINT('',(-2.5,2.75,2.));
#7519 = VECTOR('',#7520,1.);
#7520 = DIRECTION('',(0.,0.,1.));
#7521 = ORIENTED_EDGE('',*,*,#7522,.T.);
#7522 = EDGE_CURVE('',#7515,#7296,#7523,.T.);
#7523 = LINE('',#7524,#7525);
#7524 = CARTESIAN_POINT('',(-2.5,2.75,2.));
#7525 = VECTOR('',#7526,1.);
#7526 = DIRECTION('',(1.,-1.903239470786E-16,0.));
#7527 = PLANE('',#7528);
#7528 = AXIS2_PLACEMENT_3D('',#7529,#7530,#7531);
#7529 = CARTESIAN_POINT('',(-2.5,2.75,2.));
#7530 = DIRECTION('',(1.903239470786E-16,1.,0.));
#7531 = DIRECTION('',(0.,-0.,1.));
#7532 = ADVANCED_FACE('',(#7533),#7551,.F.);
#7533 = FACE_BOUND('',#7534,.T.);
#7534 = EDGE_LOOP('',(#7535,#7536,#7537,#7545));
#7535 = ORIENTED_EDGE('',*,*,#7303,.T.);
#7536 = ORIENTED_EDGE('',*,*,#7522,.F.);
#7537 = ORIENTED_EDGE('',*,*,#7538,.F.);
#7538 = EDGE_CURVE('',#7539,#7515,#7541,.T.);
#7539 = VERTEX_POINT('',#7540);
#7540 = CARTESIAN_POINT('',(-2.5,3.269716116218,1.667052299956));
#7541 = LINE('',#7542,#7543);
#7542 = CARTESIAN_POINT('',(-2.5,3.269716116218,1.667052299956));
#7543 = VECTOR('',#7544,1.);
#7544 = DIRECTION('',(-7.195004916362E-16,-0.842029017676,0.539432232437
    ));
#7545 = ORIENTED_EDGE('',*,*,#7546,.T.);
#7546 = EDGE_CURVE('',#7539,#7304,#7547,.T.);
#7547 = LINE('',#7548,#7549);
#7548 = CARTESIAN_POINT('',(-2.5,3.269716116218,1.667052299956));
#7549 = VECTOR('',#7550,1.);
#7550 = DIRECTION('',(1.,-1.903239470786E-16,0.));
#7551 = PLANE('',#7552);
#7552 = AXIS2_PLACEMENT_3D('',#7553,#7554,#7555);
#7553 = CARTESIAN_POINT('',(-2.5,3.269716116218,1.667052299956));
#7554 = DIRECTION('',(1.026668716588E-16,0.539432232437,0.842029017676)
  );
#7555 = DIRECTION('',(-7.195004916362E-16,-0.842029017676,0.539432232437
    ));
#7556 = ADVANCED_FACE('',(#7557),#7576,.F.);
#7557 = FACE_BOUND('',#7558,.F.);
#7558 = EDGE_LOOP('',(#7559,#7567,#7574,#7575));
#7559 = ORIENTED_EDGE('',*,*,#7560,.F.);
#7560 = EDGE_CURVE('',#7561,#7312,#7563,.T.);
#7561 = VERTEX_POINT('',#7562);
#7562 = CARTESIAN_POINT('',(-2.5,3.5,1.246037791118));
#7563 = LINE('',#7564,#7565);
#7564 = CARTESIAN_POINT('',(-2.5,3.5,1.246037791118));
#7565 = VECTOR('',#7566,1.);
#7566 = DIRECTION('',(1.,-1.903239470786E-16,0.));
#7567 = ORIENTED_EDGE('',*,*,#7568,.T.);
#7568 = EDGE_CURVE('',#7561,#7539,#7569,.T.);
#7569 = CIRCLE('',#7570,0.5);
#7570 = AXIS2_PLACEMENT_3D('',#7571,#7572,#7573);
#7571 = CARTESIAN_POINT('',(-2.5,3.,1.246037791118));
#7572 = DIRECTION('',(1.,-2.22044604925E-16,0.));
#7573 = DIRECTION('',(2.22044604925E-16,1.,0.));
#7574 = ORIENTED_EDGE('',*,*,#7546,.T.);
#7575 = ORIENTED_EDGE('',*,*,#7311,.F.);
#7576 = CYLINDRICAL_SURFACE('',#7577,0.5);
#7577 = AXIS2_PLACEMENT_3D('',#7578,#7579,#7580);
#7578 = CARTESIAN_POINT('',(-2.5,3.,1.246037791118));
#7579 = DIRECTION('',(1.,-2.22044604925E-16,0.));
#7580 = DIRECTION('',(2.22044604925E-16,1.,6.123233995737E-17));
#7581 = ADVANCED_FACE('',(#7582),#7600,.F.);
#7582 = FACE_BOUND('',#7583,.T.);
#7583 = EDGE_LOOP('',(#7584,#7585,#7586,#7594));
#7584 = ORIENTED_EDGE('',*,*,#7320,.T.);
#7585 = ORIENTED_EDGE('',*,*,#7560,.F.);
#7586 = ORIENTED_EDGE('',*,*,#7587,.F.);
#7587 = EDGE_CURVE('',#7588,#7561,#7590,.T.);
#7588 = VERTEX_POINT('',#7589);
#7589 = CARTESIAN_POINT('',(-2.5,3.5,0.5));
#7590 = LINE('',#7591,#7592);
#7591 = CARTESIAN_POINT('',(-2.5,3.5,0.5));
#7592 = VECTOR('',#7593,1.);
#7593 = DIRECTION('',(0.,0.,1.));
#7594 = ORIENTED_EDGE('',*,*,#7595,.T.);
#7595 = EDGE_CURVE('',#7588,#7229,#7596,.T.);
#7596 = LINE('',#7597,#7598);
#7597 = CARTESIAN_POINT('',(-2.5,3.5,0.5));
#7598 = VECTOR('',#7599,1.);
#7599 = DIRECTION('',(1.,-1.903239470786E-16,0.));
#7600 = PLANE('',#7601);
#7601 = AXIS2_PLACEMENT_3D('',#7602,#7603,#7604);
#7602 = CARTESIAN_POINT('',(-2.5,3.5,0.5));
#7603 = DIRECTION('',(1.903239470786E-16,1.,0.));
#7604 = DIRECTION('',(0.,-0.,1.));
#7605 = ADVANCED_FACE('',(#7606),#7617,.F.);
#7606 = FACE_BOUND('',#7607,.T.);
#7607 = EDGE_LOOP('',(#7608,#7609,#7610,#7616));
#7608 = ORIENTED_EDGE('',*,*,#7226,.T.);
#7609 = ORIENTED_EDGE('',*,*,#7595,.F.);
#7610 = ORIENTED_EDGE('',*,*,#7611,.F.);
#7611 = EDGE_CURVE('',#7336,#7588,#7612,.T.);
#7612 = LINE('',#7613,#7614);
#7613 = CARTESIAN_POINT('',(-2.5,-3.5,0.5));
#7614 = VECTOR('',#7615,1.);
#7615 = DIRECTION('',(2.537652627715E-16,1.,6.344131569287E-17));
#7616 = ORIENTED_EDGE('',*,*,#7335,.T.);
#7617 = PLANE('',#7618);
#7618 = AXIS2_PLACEMENT_3D('',#7619,#7620,#7621);
#7619 = CARTESIAN_POINT('',(-2.5,-3.5,0.5));
#7620 = DIRECTION('',(1.207440161053E-32,6.344131569287E-17,-1.));
#7621 = DIRECTION('',(2.537652627715E-16,1.,6.344131569287E-17));
#7622 = ADVANCED_FACE('',(#7623),#7649,.T.);
#7623 = FACE_BOUND('',#7624,.T.);
#7624 = EDGE_LOOP('',(#7625,#7633,#7642,#7648));
#7625 = ORIENTED_EDGE('',*,*,#7626,.F.);
#7626 = EDGE_CURVE('',#7627,#7105,#7629,.T.);
#7627 = VERTEX_POINT('',#7628);
#7628 = CARTESIAN_POINT('',(-4.5,-4.,0.5));
#7629 = LINE('',#7630,#7631);
#7630 = CARTESIAN_POINT('',(-4.5,-4.,0.5));
#7631 = VECTOR('',#7632,1.);
#7632 = DIRECTION('',(1.,-9.868649107779E-17,0.));
#7633 = ORIENTED_EDGE('',*,*,#7634,.F.);
#7634 = EDGE_CURVE('',#7635,#7627,#7637,.T.);
#7635 = VERTEX_POINT('',#7636);
#7636 = CARTESIAN_POINT('',(-4.5,-3.5,0.));
#7637 = CIRCLE('',#7638,0.5);
#7638 = AXIS2_PLACEMENT_3D('',#7639,#7640,#7641);
#7639 = CARTESIAN_POINT('',(-4.5,-3.5,0.5));
#7640 = DIRECTION('',(-1.,2.22044604925E-16,0.));
#7641 = DIRECTION('',(0.,0.,-1.));
#7642 = ORIENTED_EDGE('',*,*,#7643,.T.);
#7643 = EDGE_CURVE('',#7635,#7107,#7644,.T.);
#7644 = LINE('',#7645,#7646);
#7645 = CARTESIAN_POINT('',(-4.5,-3.5,0.));
#7646 = VECTOR('',#7647,1.);
#7647 = DIRECTION('',(1.,-9.868649107779E-17,0.));
#7648 = ORIENTED_EDGE('',*,*,#7104,.F.);
#7649 = CYLINDRICAL_SURFACE('',#7650,0.5);
#7650 = AXIS2_PLACEMENT_3D('',#7651,#7652,#7653);
#7651 = CARTESIAN_POINT('',(-6.5,-3.5,0.5));
#7652 = DIRECTION('',(-1.,1.0248212535E-16,0.));
#7653 = DIRECTION('',(-9.102241214087E-32,-8.881784197001E-16,-1.));
#7654 = ADVANCED_FACE('',(#7655),#7673,.F.);
#7655 = FACE_BOUND('',#7656,.T.);
#7656 = EDGE_LOOP('',(#7657,#7658,#7666,#7672));
#7657 = ORIENTED_EDGE('',*,*,#7643,.F.);
#7658 = ORIENTED_EDGE('',*,*,#7659,.F.);
#7659 = EDGE_CURVE('',#7660,#7635,#7662,.T.);
#7660 = VERTEX_POINT('',#7661);
#7661 = CARTESIAN_POINT('',(-4.5,3.5,1.110223024625E-16));
#7662 = LINE('',#7663,#7664);
#7663 = CARTESIAN_POINT('',(-4.5,3.5,0.));
#7664 = VECTOR('',#7665,1.);
#7665 = DIRECTION('',(0.,-1.,0.));
#7666 = ORIENTED_EDGE('',*,*,#7667,.F.);
#7667 = EDGE_CURVE('',#7116,#7660,#7668,.T.);
#7668 = LINE('',#7669,#7670);
#7669 = CARTESIAN_POINT('',(4.5,3.5,0.));
#7670 = VECTOR('',#7671,1.);
#7671 = DIRECTION('',(-1.,9.868649107779E-17,0.));
#7672 = ORIENTED_EDGE('',*,*,#7115,.F.);
#7673 = PLANE('',#7674);
#7674 = AXIS2_PLACEMENT_3D('',#7675,#7676,#7677);
#7675 = CARTESIAN_POINT('',(0.,0.,0.));
#7676 = DIRECTION('',(0.,0.,1.));
#7677 = DIRECTION('',(-1.,1.224646799147E-16,0.));
#7678 = ADVANCED_FACE('',(#7679),#7698,.T.);
#7679 = FACE_BOUND('',#7680,.T.);
#7680 = EDGE_LOOP('',(#7681,#7689,#7690,#7691));
#7681 = ORIENTED_EDGE('',*,*,#7682,.F.);
#7682 = EDGE_CURVE('',#7124,#7683,#7685,.T.);
#7683 = VERTEX_POINT('',#7684);
#7684 = CARTESIAN_POINT('',(-4.5,4.,0.5));
#7685 = LINE('',#7686,#7687);
#7686 = CARTESIAN_POINT('',(4.5,4.,0.5));
#7687 = VECTOR('',#7688,1.);
#7688 = DIRECTION('',(-1.,1.973729821556E-16,0.));
#7689 = ORIENTED_EDGE('',*,*,#7123,.F.);
#7690 = ORIENTED_EDGE('',*,*,#7667,.T.);
#7691 = ORIENTED_EDGE('',*,*,#7692,.F.);
#7692 = EDGE_CURVE('',#7683,#7660,#7693,.T.);
#7693 = CIRCLE('',#7694,0.5);
#7694 = AXIS2_PLACEMENT_3D('',#7695,#7696,#7697);
#7695 = CARTESIAN_POINT('',(-4.5,3.5,0.5));
#7696 = DIRECTION('',(-1.,2.22044604925E-16,0.));
#7697 = DIRECTION('',(2.22044604925E-16,1.,2.22044604925E-16));
#7698 = CYLINDRICAL_SURFACE('',#7699,0.5);
#7699 = AXIS2_PLACEMENT_3D('',#7700,#7701,#7702);
#7700 = CARTESIAN_POINT('',(6.5,3.5,0.5));
#7701 = DIRECTION('',(1.,-1.366428338E-16,0.));
#7702 = DIRECTION('',(-3.316682755798E-47,-2.427264323757E-31,-1.));
#7703 = ADVANCED_FACE('',(#7704),#7722,.T.);
#7704 = FACE_BOUND('',#7705,.T.);
#7705 = EDGE_LOOP('',(#7706,#7707,#7715,#7721));
#7706 = ORIENTED_EDGE('',*,*,#7682,.T.);
#7707 = ORIENTED_EDGE('',*,*,#7708,.T.);
#7708 = EDGE_CURVE('',#7683,#7709,#7711,.T.);
#7709 = VERTEX_POINT('',#7710);
#7710 = CARTESIAN_POINT('',(-4.5,4.,1.531754163448));
#7711 = LINE('',#7712,#7713);
#7712 = CARTESIAN_POINT('',(-4.5,4.,0.5));
#7713 = VECTOR('',#7714,1.);
#7714 = DIRECTION('',(0.,0.,1.));
#7715 = ORIENTED_EDGE('',*,*,#7716,.F.);
#7716 = EDGE_CURVE('',#7133,#7709,#7717,.T.);
#7717 = LINE('',#7718,#7719);
#7718 = CARTESIAN_POINT('',(4.5,4.,1.531754163448));
#7719 = VECTOR('',#7720,1.);
#7720 = DIRECTION('',(-1.,1.973729821556E-16,2.467162276945E-17));
#7721 = ORIENTED_EDGE('',*,*,#7132,.F.);
#7722 = PLANE('',#7723);
#7723 = AXIS2_PLACEMENT_3D('',#7724,#7725,#7726);
#7724 = CARTESIAN_POINT('',(4.5,4.,0.));
#7725 = DIRECTION('',(1.480297366167E-16,1.,0.));
#7726 = DIRECTION('',(-1.,1.480297366167E-16,0.));
#7727 = ADVANCED_FACE('',(#7728),#7747,.T.);
#7728 = FACE_BOUND('',#7729,.T.);
#7729 = EDGE_LOOP('',(#7730,#7731,#7740,#7746));
#7730 = ORIENTED_EDGE('',*,*,#7716,.T.);
#7731 = ORIENTED_EDGE('',*,*,#7732,.F.);
#7732 = EDGE_CURVE('',#7733,#7709,#7735,.T.);
#7733 = VERTEX_POINT('',#7734);
#7734 = CARTESIAN_POINT('',(-4.5,3.625,2.015877081724));
#7735 = CIRCLE('',#7736,0.5);
#7736 = AXIS2_PLACEMENT_3D('',#7737,#7738,#7739);
#7737 = CARTESIAN_POINT('',(-4.5,3.5,1.531754163448));
#7738 = DIRECTION('',(-1.,2.22044604925E-16,1.232595164408E-32));
#7739 = DIRECTION('',(5.551115123124E-17,0.25,0.968245836552));
#7740 = ORIENTED_EDGE('',*,*,#7741,.F.);
#7741 = EDGE_CURVE('',#7141,#7733,#7742,.T.);
#7742 = LINE('',#7743,#7744);
#7743 = CARTESIAN_POINT('',(4.5,3.625,2.015877081724));
#7744 = VECTOR('',#7745,1.);
#7745 = DIRECTION('',(-1.,1.973729821556E-16,0.));
#7746 = ORIENTED_EDGE('',*,*,#7140,.F.);
#7747 = CYLINDRICAL_SURFACE('',#7748,0.5);
#7748 = AXIS2_PLACEMENT_3D('',#7749,#7750,#7751);
#7749 = CARTESIAN_POINT('',(6.5,3.5,1.531754163448));
#7750 = DIRECTION('',(-1.,1.366428338E-16,-1.7080354225E-17));
#7751 = DIRECTION('',(1.762272658481E-17,0.25,0.968245836552));
#7752 = ADVANCED_FACE('',(#7753),#7772,.F.);
#7753 = FACE_BOUND('',#7754,.F.);
#7754 = EDGE_LOOP('',(#7755,#7756,#7764,#7771));
#7755 = ORIENTED_EDGE('',*,*,#7149,.T.);
#7756 = ORIENTED_EDGE('',*,*,#7757,.F.);
#7757 = EDGE_CURVE('',#7758,#7150,#7760,.T.);
#7758 = VERTEX_POINT('',#7759);
#7759 = CARTESIAN_POINT('',(-4.5,3.25,2.5));
#7760 = LINE('',#7761,#7762);
#7761 = CARTESIAN_POINT('',(-4.5,3.25,2.5));
#7762 = VECTOR('',#7763,1.);
#7763 = DIRECTION('',(1.,-1.973729821556E-16,0.));
#7764 = ORIENTED_EDGE('',*,*,#7765,.T.);
#7765 = EDGE_CURVE('',#7758,#7733,#7766,.T.);
#7766 = CIRCLE('',#7767,0.5);
#7767 = AXIS2_PLACEMENT_3D('',#7768,#7769,#7770);
#7768 = CARTESIAN_POINT('',(-4.5,3.75,2.5));
#7769 = DIRECTION('',(1.,-2.22044604925E-16,0.));
#7770 = DIRECTION('',(-2.22044604925E-16,-1.,0.));
#7771 = ORIENTED_EDGE('',*,*,#7741,.F.);
#7772 = CYLINDRICAL_SURFACE('',#7773,0.5);
#7773 = AXIS2_PLACEMENT_3D('',#7774,#7775,#7776);
#7774 = CARTESIAN_POINT('',(-6.5,3.75,2.5));
#7775 = DIRECTION('',(-1.,2.049642507E-16,0.));
#7776 = DIRECTION('',(-1.820448242817E-31,-8.881784197001E-16,-1.));
#7777 = ADVANCED_FACE('',(#7778),#7796,.F.);
#7778 = FACE_BOUND('',#7779,.T.);
#7779 = EDGE_LOOP('',(#7780,#7781,#7789,#7795));
#7780 = ORIENTED_EDGE('',*,*,#7757,.F.);
#7781 = ORIENTED_EDGE('',*,*,#7782,.T.);
#7782 = EDGE_CURVE('',#7758,#7783,#7785,.T.);
#7783 = VERTEX_POINT('',#7784);
#7784 = CARTESIAN_POINT('',(-4.5,3.25,3.));
#7785 = LINE('',#7786,#7787);
#7786 = CARTESIAN_POINT('',(-4.5,3.25,2.5));
#7787 = VECTOR('',#7788,1.);
#7788 = DIRECTION('',(0.,0.,1.));
#7789 = ORIENTED_EDGE('',*,*,#7790,.T.);
#7790 = EDGE_CURVE('',#7783,#7159,#7791,.T.);
#7791 = LINE('',#7792,#7793);
#7792 = CARTESIAN_POINT('',(-4.5,3.25,3.));
#7793 = VECTOR('',#7794,1.);
#7794 = DIRECTION('',(1.,-2.960594732334E-16,0.));
#7795 = ORIENTED_EDGE('',*,*,#7158,.T.);
#7796 = PLANE('',#7797);
#7797 = AXIS2_PLACEMENT_3D('',#7798,#7799,#7800);
#7798 = CARTESIAN_POINT('',(-5.5,3.25,4.78998144986));
#7799 = DIRECTION('',(-2.22044604925E-16,-1.,-1.591728181104E-16));
#7800 = DIRECTION('',(0.,1.591728181104E-16,-1.));
#7801 = ADVANCED_FACE('',(#7802),#7821,.T.);
#7802 = FACE_BOUND('',#7803,.T.);
#7803 = EDGE_LOOP('',(#7804,#7812,#7813,#7814));
#7804 = ORIENTED_EDGE('',*,*,#7805,.T.);
#7805 = EDGE_CURVE('',#7806,#7167,#7808,.T.);
#7806 = VERTEX_POINT('',#7807);
#7807 = CARTESIAN_POINT('',(-4.5,2.25,4.));
#7808 = LINE('',#7809,#7810);
#7809 = CARTESIAN_POINT('',(-4.5,2.25,4.));
#7810 = VECTOR('',#7811,1.);
#7811 = DIRECTION('',(1.,-2.960594732334E-16,0.));
#7812 = ORIENTED_EDGE('',*,*,#7166,.F.);
#7813 = ORIENTED_EDGE('',*,*,#7790,.F.);
#7814 = ORIENTED_EDGE('',*,*,#7815,.F.);
#7815 = EDGE_CURVE('',#7806,#7783,#7816,.T.);
#7816 = CIRCLE('',#7817,1.);
#7817 = AXIS2_PLACEMENT_3D('',#7818,#7819,#7820);
#7818 = CARTESIAN_POINT('',(-4.5,2.25,3.));
#7819 = DIRECTION('',(-1.,2.22044604925E-16,0.));
#7820 = DIRECTION('',(-9.860761315262E-32,-4.440892098501E-16,1.));
#7821 = CYLINDRICAL_SURFACE('',#7822,1.);
#7822 = AXIS2_PLACEMENT_3D('',#7823,#7824,#7825);
#7823 = CARTESIAN_POINT('',(-8.5,2.25,3.));
#7824 = DIRECTION('',(1.,-2.612289469706E-16,0.));
#7825 = DIRECTION('',(2.612289469706E-16,1.,0.));
#7826 = ADVANCED_FACE('',(#7827),#7845,.T.);
#7827 = FACE_BOUND('',#7828,.T.);
#7828 = EDGE_LOOP('',(#7829,#7830,#7838,#7844));
#7829 = ORIENTED_EDGE('',*,*,#7805,.F.);
#7830 = ORIENTED_EDGE('',*,*,#7831,.T.);
#7831 = EDGE_CURVE('',#7806,#7832,#7834,.T.);
#7832 = VERTEX_POINT('',#7833);
#7833 = CARTESIAN_POINT('',(-4.5,-2.25,4.));
#7834 = LINE('',#7835,#7836);
#7835 = CARTESIAN_POINT('',(-4.5,2.25,4.));
#7836 = VECTOR('',#7837,1.);
#7837 = DIRECTION('',(0.,-1.,0.));
#7838 = ORIENTED_EDGE('',*,*,#7839,.F.);
#7839 = EDGE_CURVE('',#7176,#7832,#7840,.T.);
#7840 = LINE('',#7841,#7842);
#7841 = CARTESIAN_POINT('',(4.5,-2.25,4.));
#7842 = VECTOR('',#7843,1.);
#7843 = DIRECTION('',(-1.,1.973729821556E-16,0.));
#7844 = ORIENTED_EDGE('',*,*,#7175,.T.);
#7845 = PLANE('',#7846);
#7846 = AXIS2_PLACEMENT_3D('',#7847,#7848,#7849);
#7847 = CARTESIAN_POINT('',(0.,0.,4.));
#7848 = DIRECTION('',(0.,0.,1.));
#7849 = DIRECTION('',(-1.,1.224646799147E-16,0.));
#7850 = ADVANCED_FACE('',(#7851),#7870,.T.);
#7851 = FACE_BOUND('',#7852,.T.);
#7852 = EDGE_LOOP('',(#7853,#7854,#7863,#7869));
#7853 = ORIENTED_EDGE('',*,*,#7839,.T.);
#7854 = ORIENTED_EDGE('',*,*,#7855,.F.);
#7855 = EDGE_CURVE('',#7856,#7832,#7858,.T.);
#7856 = VERTEX_POINT('',#7857);
#7857 = CARTESIAN_POINT('',(-4.5,-3.25,3.));
#7858 = CIRCLE('',#7859,1.);
#7859 = AXIS2_PLACEMENT_3D('',#7860,#7861,#7862);
#7860 = CARTESIAN_POINT('',(-4.5,-2.25,3.));
#7861 = DIRECTION('',(-1.,2.22044604925E-16,0.));
#7862 = DIRECTION('',(-2.22044604925E-16,-1.,0.));
#7863 = ORIENTED_EDGE('',*,*,#7864,.F.);
#7864 = EDGE_CURVE('',#7184,#7856,#7865,.T.);
#7865 = LINE('',#7866,#7867);
#7866 = CARTESIAN_POINT('',(4.5,-3.25,3.));
#7867 = VECTOR('',#7868,1.);
#7868 = DIRECTION('',(-1.,1.973729821556E-16,0.));
#7869 = ORIENTED_EDGE('',*,*,#7183,.F.);
#7870 = CYLINDRICAL_SURFACE('',#7871,1.);
#7871 = AXIS2_PLACEMENT_3D('',#7872,#7873,#7874);
#7872 = CARTESIAN_POINT('',(8.5,-2.25,3.));
#7873 = DIRECTION('',(-1.,2.089831575765E-16,0.));
#7874 = DIRECTION('',(-2.089831575765E-16,-1.,0.));
#7875 = ADVANCED_FACE('',(#7876),#7894,.F.);
#7876 = FACE_BOUND('',#7877,.T.);
#7877 = EDGE_LOOP('',(#7878,#7886,#7887,#7888));
#7878 = ORIENTED_EDGE('',*,*,#7879,.T.);
#7879 = EDGE_CURVE('',#7880,#7193,#7882,.T.);
#7880 = VERTEX_POINT('',#7881);
#7881 = CARTESIAN_POINT('',(-4.5,-3.25,2.5));
#7882 = LINE('',#7883,#7884);
#7883 = CARTESIAN_POINT('',(-4.5,-3.25,2.5));
#7884 = VECTOR('',#7885,1.);
#7885 = DIRECTION('',(1.,-2.467162276945E-16,0.));
#7886 = ORIENTED_EDGE('',*,*,#7192,.T.);
#7887 = ORIENTED_EDGE('',*,*,#7864,.T.);
#7888 = ORIENTED_EDGE('',*,*,#7889,.T.);
#7889 = EDGE_CURVE('',#7856,#7880,#7890,.T.);
#7890 = LINE('',#7891,#7892);
#7891 = CARTESIAN_POINT('',(-4.5,-3.25,3.));
#7892 = VECTOR('',#7893,1.);
#7893 = DIRECTION('',(0.,0.,-1.));
#7894 = PLANE('',#7895);
#7895 = AXIS2_PLACEMENT_3D('',#7896,#7897,#7898);
#7896 = CARTESIAN_POINT('',(-5.5,-3.25,2.));
#7897 = DIRECTION('',(2.22044604925E-16,1.,0.));
#7898 = DIRECTION('',(0.,-0.,1.));
#7899 = ADVANCED_FACE('',(#7900),#7919,.F.);
#7900 = FACE_BOUND('',#7901,.F.);
#7901 = EDGE_LOOP('',(#7902,#7911,#7912,#7913));
#7902 = ORIENTED_EDGE('',*,*,#7903,.T.);
#7903 = EDGE_CURVE('',#7904,#7880,#7906,.T.);
#7904 = VERTEX_POINT('',#7905);
#7905 = CARTESIAN_POINT('',(-4.5,-3.625,2.015877081724));
#7906 = CIRCLE('',#7907,0.5);
#7907 = AXIS2_PLACEMENT_3D('',#7908,#7909,#7910);
#7908 = CARTESIAN_POINT('',(-4.5,-3.75,2.5));
#7909 = DIRECTION('',(1.,-2.22044604925E-16,6.162975822039E-33));
#7910 = DIRECTION('',(5.551115123124E-17,0.25,-0.968245836552));
#7911 = ORIENTED_EDGE('',*,*,#7879,.T.);
#7912 = ORIENTED_EDGE('',*,*,#7200,.T.);
#7913 = ORIENTED_EDGE('',*,*,#7914,.F.);
#7914 = EDGE_CURVE('',#7904,#7201,#7915,.T.);
#7915 = LINE('',#7916,#7917);
#7916 = CARTESIAN_POINT('',(-4.5,-3.625,2.015877081724));
#7917 = VECTOR('',#7918,1.);
#7918 = DIRECTION('',(1.,-2.467162276945E-16,0.));
#7919 = CYLINDRICAL_SURFACE('',#7920,0.5);
#7920 = AXIS2_PLACEMENT_3D('',#7921,#7922,#7923);
#7921 = CARTESIAN_POINT('',(-6.5,-3.75,2.5));
#7922 = DIRECTION('',(-1.,2.3912495915E-16,0.));
#7923 = DIRECTION('',(2.3912495915E-16,1.,0.));
#7924 = ADVANCED_FACE('',(#7925),#7944,.T.);
#7925 = FACE_BOUND('',#7926,.T.);
#7926 = EDGE_LOOP('',(#7927,#7935,#7936,#7937));
#7927 = ORIENTED_EDGE('',*,*,#7928,.T.);
#7928 = EDGE_CURVE('',#7929,#7210,#7931,.T.);
#7929 = VERTEX_POINT('',#7930);
#7930 = CARTESIAN_POINT('',(-4.5,-4.,1.531754163448));
#7931 = LINE('',#7932,#7933);
#7932 = CARTESIAN_POINT('',(-4.5,-4.,1.531754163448));
#7933 = VECTOR('',#7934,1.);
#7934 = DIRECTION('',(1.,-9.868649107779E-17,0.));
#7935 = ORIENTED_EDGE('',*,*,#7209,.F.);
#7936 = ORIENTED_EDGE('',*,*,#7914,.F.);
#7937 = ORIENTED_EDGE('',*,*,#7938,.F.);
#7938 = EDGE_CURVE('',#7929,#7904,#7939,.T.);
#7939 = CIRCLE('',#7940,0.5);
#7940 = AXIS2_PLACEMENT_3D('',#7941,#7942,#7943);
#7941 = CARTESIAN_POINT('',(-4.5,-3.5,1.531754163448));
#7942 = DIRECTION('',(-1.,2.22044604925E-16,0.));
#7943 = DIRECTION('',(-2.22044604925E-16,-1.,0.));
#7944 = CYLINDRICAL_SURFACE('',#7945,0.5);
#7945 = AXIS2_PLACEMENT_3D('',#7946,#7947,#7948);
#7946 = CARTESIAN_POINT('',(-6.5,-3.5,1.531754163448));
#7947 = DIRECTION('',(1.,-1.0248212535E-16,-1.7080354225E-17));
#7948 = DIRECTION('',(-9.082549472309E-18,-0.25,0.968245836552));
#7949 = ADVANCED_FACE('',(#7950),#7961,.T.);
#7950 = FACE_BOUND('',#7951,.T.);
#7951 = EDGE_LOOP('',(#7952,#7953,#7954,#7955));
#7952 = ORIENTED_EDGE('',*,*,#7626,.T.);
#7953 = ORIENTED_EDGE('',*,*,#7218,.T.);
#7954 = ORIENTED_EDGE('',*,*,#7928,.F.);
#7955 = ORIENTED_EDGE('',*,*,#7956,.F.);
#7956 = EDGE_CURVE('',#7627,#7929,#7957,.T.);
#7957 = LINE('',#7958,#7959);
#7958 = CARTESIAN_POINT('',(-4.5,-4.,0.5));
#7959 = VECTOR('',#7960,1.);
#7960 = DIRECTION('',(0.,0.,1.));
#7961 = PLANE('',#7962);
#7962 = AXIS2_PLACEMENT_3D('',#7963,#7964,#7965);
#7963 = CARTESIAN_POINT('',(-4.5,-4.,0.));
#7964 = DIRECTION('',(-1.480297366167E-16,-1.,0.));
#7965 = DIRECTION('',(1.,-1.480297366167E-16,0.));
#7966 = ADVANCED_FACE('',(#7967),#7981,.T.);
#7967 = FACE_BOUND('',#7968,.T.);
#7968 = EDGE_LOOP('',(#7969,#7970,#7971,#7972,#7973,#7974,#7975,#7976,
    #7977,#7978,#7979,#7980));
#7969 = ORIENTED_EDGE('',*,*,#7611,.T.);
#7970 = ORIENTED_EDGE('',*,*,#7587,.T.);
#7971 = ORIENTED_EDGE('',*,*,#7568,.T.);
#7972 = ORIENTED_EDGE('',*,*,#7538,.T.);
#7973 = ORIENTED_EDGE('',*,*,#7514,.T.);
#7974 = ORIENTED_EDGE('',*,*,#7495,.T.);
#7975 = ORIENTED_EDGE('',*,*,#7465,.T.);
#7976 = ORIENTED_EDGE('',*,*,#7446,.T.);
#7977 = ORIENTED_EDGE('',*,*,#7416,.T.);
#7978 = ORIENTED_EDGE('',*,*,#7392,.T.);
#7979 = ORIENTED_EDGE('',*,*,#7373,.T.);
#7980 = ORIENTED_EDGE('',*,*,#7343,.T.);
#7981 = PLANE('',#7982);
#7982 = AXIS2_PLACEMENT_3D('',#7983,#7984,#7985);
#7983 = CARTESIAN_POINT('',(-2.5,5.551115123126E-16,0.));
#7984 = DIRECTION('',(1.,-2.22044604925E-16,0.));
#7985 = DIRECTION('',(2.22044604925E-16,1.,6.123233995737E-17));
#7986 = ADVANCED_FACE('',(#7987),#8003,.T.);
#7987 = FACE_BOUND('',#7988,.T.);
#7988 = EDGE_LOOP('',(#7989,#7990,#7991,#7992,#7993,#7994,#7995,#7996,
    #7997,#7998,#7999,#8000,#8001,#8002));
#7989 = ORIENTED_EDGE('',*,*,#7634,.T.);
#7990 = ORIENTED_EDGE('',*,*,#7956,.T.);
#7991 = ORIENTED_EDGE('',*,*,#7938,.T.);
#7992 = ORIENTED_EDGE('',*,*,#7903,.T.);
#7993 = ORIENTED_EDGE('',*,*,#7889,.F.);
#7994 = ORIENTED_EDGE('',*,*,#7855,.T.);
#7995 = ORIENTED_EDGE('',*,*,#7831,.F.);
#7996 = ORIENTED_EDGE('',*,*,#7815,.T.);
#7997 = ORIENTED_EDGE('',*,*,#7782,.F.);
#7998 = ORIENTED_EDGE('',*,*,#7765,.T.);
#7999 = ORIENTED_EDGE('',*,*,#7732,.T.);
#8000 = ORIENTED_EDGE('',*,*,#7708,.F.);
#8001 = ORIENTED_EDGE('',*,*,#7692,.T.);
#8002 = ORIENTED_EDGE('',*,*,#7659,.T.);
#8003 = PLANE('',#8004);
#8004 = AXIS2_PLACEMENT_3D('',#8005,#8006,#8007);
#8005 = CARTESIAN_POINT('',(-4.5,4.,0.));
#8006 = DIRECTION('',(-1.,2.22044604925E-16,0.));
#8007 = DIRECTION('',(-2.22044604925E-16,-1.,0.));
#8008 = ( GEOMETRIC_REPRESENTATION_CONTEXT(3) 
GLOBAL_UNCERTAINTY_ASSIGNED_CONTEXT((#8012)) 
GLOBAL_UNIT_ASSIGNED_CONTEXT((#8009,#8010,#8011)) REPRESENTATION_CONTEXT
('Context #1','3D Context with UNIT and UNCERTAINTY') );
#8009 = ( LENGTH_UNIT() NAMED_UNIT(*) SI_UNIT(.MILLI.,.METRE.) );
#8010 = ( NAMED_UNIT(*) PLANE_ANGLE_UNIT() SI_UNIT($,.RADIAN.) );
#8011 = ( NAMED_UNIT(*) SI_UNIT($,.STERADIAN.) SOLID_ANGLE_UNIT() );
#8012 = UNCERTAINTY_MEASURE_WITH_UNIT(LENGTH_MEASURE(1.E-07),#8009,
  'distance_accuracy_value','confusion accuracy');
#8013 = CONTEXT_DEPENDENT_SHAPE_REPRESENTATION(#8014,#8016);
#8014 = ( REPRESENTATION_RELATIONSHIP('','',#7097,#10) 
REPRESENTATION_RELATIONSHIP_WITH_TRANSFORMATION(#8015) 
SHAPE_REPRESENTATION_RELATIONSHIP() );
#8015 = ITEM_DEFINED_TRANSFORMATION('','',#11,#147);
#8016 = PRODUCT_DEFINITION_SHAPE('Placement','Placement of an item',
  #8017);
#8017 = NEXT_ASSEMBLY_USAGE_OCCURRENCE('104','NONE','',#5,#7092,$);
#8018 = PRODUCT_RELATED_PRODUCT_CATEGORY('part',$,(#7094));
#8019 = SHAPE_DEFINITION_REPRESENTATION(#8020,#8026);
#8020 = PRODUCT_DEFINITION_SHAPE('','',#8021);
#8021 = PRODUCT_DEFINITION('design','',#8022,#8025);
#8022 = PRODUCT_DEFINITION_FORMATION('','',#8023);
#8023 = PRODUCT('\\X2\\0414043504420430043B044C\\X0\\040',
  '\\X2\\0414043504420430043B044C\\X0\\040','',(#8024));
#8024 = PRODUCT_CONTEXT('',#2,'mechanical');
#8025 = PRODUCT_DEFINITION_CONTEXT('part definition',#2,'design');
#8026 = ADVANCED_BREP_SHAPE_REPRESENTATION('',(#11,#8027),#8177);
#8027 = MANIFOLD_SOLID_BREP('',#8028);
#8028 = CLOSED_SHELL('',(#8029,#8069,#8100,#8131,#8153,#8165));
#8029 = ADVANCED_FACE('',(#8030),#8064,.T.);
#8030 = FACE_BOUND('',#8031,.T.);
#8031 = EDGE_LOOP('',(#8032,#8042,#8050,#8058));
#8032 = ORIENTED_EDGE('',*,*,#8033,.T.);
#8033 = EDGE_CURVE('',#8034,#8036,#8038,.T.);
#8034 = VERTEX_POINT('',#8035);
#8035 = CARTESIAN_POINT('',(-2.820091803353E-16,4.949747468306,0.));
#8036 = VERTEX_POINT('',#8037);
#8037 = CARTESIAN_POINT('',(-4.949747468306,1.494347659065E-15,0.));
#8038 = LINE('',#8039,#8040);
#8039 = CARTESIAN_POINT('',(-2.820091803353E-16,4.949747468306,0.));
#8040 = VECTOR('',#8041,1.);
#8041 = DIRECTION('',(-0.707106781187,-0.707106781187,0.));
#8042 = ORIENTED_EDGE('',*,*,#8043,.T.);
#8043 = EDGE_CURVE('',#8036,#8044,#8046,.T.);
#8044 = VERTEX_POINT('',#8045);
#8045 = CARTESIAN_POINT('',(-4.949747468306,1.494347659065E-15,1.));
#8046 = LINE('',#8047,#8048);
#8047 = CARTESIAN_POINT('',(-4.949747468306,2.079441459083E-15,0.));
#8048 = VECTOR('',#8049,1.);
#8049 = DIRECTION('',(0.,0.,1.));
#8050 = ORIENTED_EDGE('',*,*,#8051,.F.);
#8051 = EDGE_CURVE('',#8052,#8044,#8054,.T.);
#8052 = VERTEX_POINT('',#8053);
#8053 = CARTESIAN_POINT('',(-2.820091803353E-16,4.949747468306,1.));
#8054 = LINE('',#8055,#8056);
#8055 = CARTESIAN_POINT('',(-2.820091803353E-16,4.949747468306,1.));
#8056 = VECTOR('',#8057,1.);
#8057 = DIRECTION('',(-0.707106781187,-0.707106781187,0.));
#8058 = ORIENTED_EDGE('',*,*,#8059,.F.);
#8059 = EDGE_CURVE('',#8034,#8052,#8060,.T.);
#8060 = LINE('',#8061,#8062);
#8061 = CARTESIAN_POINT('',(-1.410045901676E-16,4.949747468306,0.));
#8062 = VECTOR('',#8063,1.);
#8063 = DIRECTION('',(0.,0.,1.));
#8064 = PLANE('',#8065);
#8065 = AXIS2_PLACEMENT_3D('',#8066,#8067,#8068);
#8066 = CARTESIAN_POINT('',(-2.820091803353E-16,4.949747468306,0.));
#8067 = DIRECTION('',(-0.707106781187,0.707106781187,0.));
#8068 = DIRECTION('',(-0.707106781187,-0.707106781187,0.));
#8069 = ADVANCED_FACE('',(#8070),#8095,.T.);
#8070 = FACE_BOUND('',#8071,.T.);
#8071 = EDGE_LOOP('',(#8072,#8080,#8088,#8094));
#8072 = ORIENTED_EDGE('',*,*,#8073,.T.);
#8073 = EDGE_CURVE('',#8036,#8074,#8076,.T.);
#8074 = VERTEX_POINT('',#8075);
#8075 = CARTESIAN_POINT('',(-6.061692393648E-16,-4.949747468306,0.));
#8076 = LINE('',#8077,#8078);
#8077 = CARTESIAN_POINT('',(-4.949747468306,1.494347659065E-15,0.));
#8078 = VECTOR('',#8079,1.);
#8079 = DIRECTION('',(0.707106781187,-0.707106781187,0.));
#8080 = ORIENTED_EDGE('',*,*,#8081,.T.);
#8081 = EDGE_CURVE('',#8074,#8082,#8084,.T.);
#8082 = VERTEX_POINT('',#8083);
#8083 = CARTESIAN_POINT('',(-6.061692393648E-16,-4.949747468306,1.));
#8084 = LINE('',#8085,#8086);
#8085 = CARTESIAN_POINT('',(-7.471738295325E-16,-4.949747468306,0.));
#8086 = VECTOR('',#8087,1.);
#8087 = DIRECTION('',(0.,0.,1.));
#8088 = ORIENTED_EDGE('',*,*,#8089,.F.);
#8089 = EDGE_CURVE('',#8044,#8082,#8090,.T.);
#8090 = LINE('',#8091,#8092);
#8091 = CARTESIAN_POINT('',(-4.949747468306,1.494347659065E-15,1.));
#8092 = VECTOR('',#8093,1.);
#8093 = DIRECTION('',(0.707106781187,-0.707106781187,0.));
#8094 = ORIENTED_EDGE('',*,*,#8043,.F.);
#8095 = PLANE('',#8096);
#8096 = AXIS2_PLACEMENT_3D('',#8097,#8098,#8099);
#8097 = CARTESIAN_POINT('',(-4.949747468306,1.494347659065E-15,0.));
#8098 = DIRECTION('',(-0.707106781187,-0.707106781187,0.));
#8099 = DIRECTION('',(0.707106781187,-0.707106781187,0.));
#8100 = ADVANCED_FACE('',(#8101),#8126,.T.);
#8101 = FACE_BOUND('',#8102,.T.);
#8102 = EDGE_LOOP('',(#8103,#8111,#8119,#8125));
#8103 = ORIENTED_EDGE('',*,*,#8104,.T.);
#8104 = EDGE_CURVE('',#8074,#8105,#8107,.T.);
#8105 = VERTEX_POINT('',#8106);
#8106 = CARTESIAN_POINT('',(4.949747468306,-6.061692393648E-16,0.));
#8107 = LINE('',#8108,#8109);
#8108 = CARTESIAN_POINT('',(-6.061692393648E-16,-4.949747468306,0.));
#8109 = VECTOR('',#8110,1.);
#8110 = DIRECTION('',(0.707106781187,0.707106781187,0.));
#8111 = ORIENTED_EDGE('',*,*,#8112,.T.);
#8112 = EDGE_CURVE('',#8105,#8113,#8115,.T.);
#8113 = VERTEX_POINT('',#8114);
#8114 = CARTESIAN_POINT('',(4.949747468306,-6.061692393648E-16,1.));
#8115 = LINE('',#8116,#8117);
#8116 = CARTESIAN_POINT('',(4.949747468306,-1.191263039383E-15,0.));
#8117 = VECTOR('',#8118,1.);
#8118 = DIRECTION('',(0.,0.,1.));
#8119 = ORIENTED_EDGE('',*,*,#8120,.F.);
#8120 = EDGE_CURVE('',#8082,#8113,#8121,.T.);
#8121 = LINE('',#8122,#8123);
#8122 = CARTESIAN_POINT('',(-6.061692393648E-16,-4.949747468306,1.));
#8123 = VECTOR('',#8124,1.);
#8124 = DIRECTION('',(0.707106781187,0.707106781187,0.));
#8125 = ORIENTED_EDGE('',*,*,#8081,.F.);
#8126 = PLANE('',#8127);
#8127 = AXIS2_PLACEMENT_3D('',#8128,#8129,#8130);
#8128 = CARTESIAN_POINT('',(-6.061692393648E-16,-4.949747468306,0.));
#8129 = DIRECTION('',(0.707106781187,-0.707106781187,0.));
#8130 = DIRECTION('',(0.707106781187,0.707106781187,0.));
#8131 = ADVANCED_FACE('',(#8132),#8148,.T.);
#8132 = FACE_BOUND('',#8133,.T.);
#8133 = EDGE_LOOP('',(#8134,#8140,#8141,#8147));
#8134 = ORIENTED_EDGE('',*,*,#8135,.T.);
#8135 = EDGE_CURVE('',#8105,#8034,#8136,.T.);
#8136 = LINE('',#8137,#8138);
#8137 = CARTESIAN_POINT('',(4.949747468306,-6.061692393648E-16,0.));
#8138 = VECTOR('',#8139,1.);
#8139 = DIRECTION('',(-0.707106781187,0.707106781187,0.));
#8140 = ORIENTED_EDGE('',*,*,#8059,.T.);
#8141 = ORIENTED_EDGE('',*,*,#8142,.F.);
#8142 = EDGE_CURVE('',#8113,#8052,#8143,.T.);
#8143 = LINE('',#8144,#8145);
#8144 = CARTESIAN_POINT('',(4.949747468306,-6.061692393648E-16,1.));
#8145 = VECTOR('',#8146,1.);
#8146 = DIRECTION('',(-0.707106781187,0.707106781187,0.));
#8147 = ORIENTED_EDGE('',*,*,#8112,.F.);
#8148 = PLANE('',#8149);
#8149 = AXIS2_PLACEMENT_3D('',#8150,#8151,#8152);
#8150 = CARTESIAN_POINT('',(4.949747468306,-6.061692393648E-16,0.));
#8151 = DIRECTION('',(0.707106781187,0.707106781187,0.));
#8152 = DIRECTION('',(-0.707106781187,0.707106781187,0.));
#8153 = ADVANCED_FACE('',(#8154),#8160,.T.);
#8154 = FACE_BOUND('',#8155,.T.);
#8155 = EDGE_LOOP('',(#8156,#8157,#8158,#8159));
#8156 = ORIENTED_EDGE('',*,*,#8051,.T.);
#8157 = ORIENTED_EDGE('',*,*,#8089,.T.);
#8158 = ORIENTED_EDGE('',*,*,#8120,.T.);
#8159 = ORIENTED_EDGE('',*,*,#8142,.T.);
#8160 = PLANE('',#8161);
#8161 = AXIS2_PLACEMENT_3D('',#8162,#8163,#8164);
#8162 = CARTESIAN_POINT('',(0.,0.,1.));
#8163 = DIRECTION('',(0.,0.,1.));
#8164 = DIRECTION('',(-1.,1.224646799147E-16,0.));
#8165 = ADVANCED_FACE('',(#8166),#8172,.F.);
#8166 = FACE_BOUND('',#8167,.T.);
#8167 = EDGE_LOOP('',(#8168,#8169,#8170,#8171));
#8168 = ORIENTED_EDGE('',*,*,#8135,.F.);
#8169 = ORIENTED_EDGE('',*,*,#8104,.F.);
#8170 = ORIENTED_EDGE('',*,*,#8073,.F.);
#8171 = ORIENTED_EDGE('',*,*,#8033,.F.);
#8172 = PLANE('',#8173);
#8173 = AXIS2_PLACEMENT_3D('',#8174,#8175,#8176);
#8174 = CARTESIAN_POINT('',(0.,0.,0.));
#8175 = DIRECTION('',(0.,0.,1.));
#8176 = DIRECTION('',(-1.,1.224646799147E-16,0.));
#8177 = ( GEOMETRIC_REPRESENTATION_CONTEXT(3) 
GLOBAL_UNCERTAINTY_ASSIGNED_CONTEXT((#8181)) 
GLOBAL_UNIT_ASSIGNED_CONTEXT((#8178,#8179,#8180)) REPRESENTATION_CONTEXT
('Context #1','3D Context with UNIT and UNCERTAINTY') );
#8178 = ( LENGTH_UNIT() NAMED_UNIT(*) SI_UNIT(.MILLI.,.METRE.) );
#8179 = ( NAMED_UNIT(*) PLANE_ANGLE_UNIT() SI_UNIT($,.RADIAN.) );
#8180 = ( NAMED_UNIT(*) SI_UNIT($,.STERADIAN.) SOLID_ANGLE_UNIT() );
#8181 = UNCERTAINTY_MEASURE_WITH_UNIT(LENGTH_MEASURE(1.E-07),#8178,
  'distance_accuracy_value','confusion accuracy');
#8182 = CONTEXT_DEPENDENT_SHAPE_REPRESENTATION(#8183,#8185);
#8183 = ( REPRESENTATION_RELATIONSHIP('','',#8026,#10) 
REPRESENTATION_RELATIONSHIP_WITH_TRANSFORMATION(#8184) 
SHAPE_REPRESENTATION_RELATIONSHIP() );
#8184 = ITEM_DEFINED_TRANSFORMATION('','',#11,#151);
#8185 = PRODUCT_DEFINITION_SHAPE('Placement','Placement of an item',
  #8186);
#8186 = NEXT_ASSEMBLY_USAGE_OCCURRENCE('105',
  '\\X2\\0414043504420430043B044C\\X0\\040','',#5,#8021,$);
#8187 = PRODUCT_RELATED_PRODUCT_CATEGORY('part',$,(#8023));
#8188 = SHAPE_DEFINITION_REPRESENTATION(#6774,#8189);
#8189 = SHAPE_REPRESENTATION('',(#23),#6760);
#8190 = SHAPE_DEFINITION_REPRESENTATION(#6948,#8191);
#8191 = SHAPE_REPRESENTATION('',(#31),#6934);
#8192 = SHAPE_DEFINITION_REPRESENTATION(#6953,#8193);
#8193 = SHAPE_REPRESENTATION('',(#35),#6934);
#8194 = SHAPE_DEFINITION_REPRESENTATION(#6958,#8195);
#8195 = SHAPE_REPRESENTATION('',(#39),#6934);
#8196 = SHAPE_DEFINITION_REPRESENTATION(#6963,#8197);
#8197 = SHAPE_REPRESENTATION('',(#43),#6934);
#8198 = SHAPE_DEFINITION_REPRESENTATION(#6968,#8199);
#8199 = SHAPE_REPRESENTATION('',(#47),#6934);
#8200 = SHAPE_DEFINITION_REPRESENTATION(#6973,#8201);
#8201 = SHAPE_REPRESENTATION('',(#51),#6934);
#8202 = SHAPE_DEFINITION_REPRESENTATION(#6978,#8203);
#8203 = SHAPE_REPRESENTATION('',(#55),#6934);
#8204 = SHAPE_DEFINITION_REPRESENTATION(#6983,#8205);
#8205 = SHAPE_REPRESENTATION('',(#59),#6934);
#8206 = SHAPE_DEFINITION_REPRESENTATION(#6988,#8207);
#8207 = SHAPE_REPRESENTATION('',(#63),#6934);
#8208 = SHAPE_DEFINITION_REPRESENTATION(#6993,#8209);
#8209 = SHAPE_REPRESENTATION('',(#67),#6934);
#8210 = SHAPE_DEFINITION_REPRESENTATION(#6998,#8211);
#8211 = SHAPE_REPRESENTATION('',(#71),#6934);
#8212 = SHAPE_DEFINITION_REPRESENTATION(#7003,#8213);
#8213 = SHAPE_REPRESENTATION('',(#75),#6934);
#8214 = SHAPE_DEFINITION_REPRESENTATION(#7008,#8215);
#8215 = SHAPE_REPRESENTATION('',(#79),#6934);
#8216 = SHAPE_DEFINITION_REPRESENTATION(#7013,#8217);
#8217 = SHAPE_REPRESENTATION('',(#83),#6934);
#8218 = SHAPE_DEFINITION_REPRESENTATION(#7018,#8219);
#8219 = SHAPE_REPRESENTATION('',(#87),#6934);
#8220 = SHAPE_DEFINITION_REPRESENTATION(#7023,#8221);
#8221 = SHAPE_REPRESENTATION('',(#91),#6934);
#8222 = SHAPE_DEFINITION_REPRESENTATION(#7028,#8223);
#8223 = SHAPE_REPRESENTATION('',(#95),#6934);
#8224 = SHAPE_DEFINITION_REPRESENTATION(#7033,#8225);
#8225 = SHAPE_REPRESENTATION('',(#99),#6934);
#8226 = SHAPE_DEFINITION_REPRESENTATION(#7038,#8227);
#8227 = SHAPE_REPRESENTATION('',(#103),#6934);
#8228 = SHAPE_DEFINITION_REPRESENTATION(#7043,#8229);
#8229 = SHAPE_REPRESENTATION('',(#107),#6934);
#8230 = SHAPE_DEFINITION_REPRESENTATION(#7048,#8231);
#8231 = SHAPE_REPRESENTATION('',(#111),#6934);
#8232 = SHAPE_DEFINITION_REPRESENTATION(#7053,#8233);
#8233 = SHAPE_REPRESENTATION('',(#115),#6934);
#8234 = SHAPE_DEFINITION_REPRESENTATION(#7058,#8235);
#8235 = SHAPE_REPRESENTATION('',(#119),#6934);
#8236 = SHAPE_DEFINITION_REPRESENTATION(#7063,#8237);
#8237 = SHAPE_REPRESENTATION('',(#123),#6934);
#8238 = SHAPE_DEFINITION_REPRESENTATION(#7068,#8239);
#8239 = SHAPE_REPRESENTATION('',(#127),#6934);
#8240 = SHAPE_DEFINITION_REPRESENTATION(#7073,#8241);
#8241 = SHAPE_REPRESENTATION('',(#131),#6934);
#8242 = SHAPE_DEFINITION_REPRESENTATION(#7078,#8243);
#8243 = SHAPE_REPRESENTATION('',(#135),#6934);
#8244 = SHAPE_DEFINITION_REPRESENTATION(#7083,#8245);
#8245 = SHAPE_REPRESENTATION('',(#139),#6934);
#8246 = SHAPE_DEFINITION_REPRESENTATION(#7088,#8247);
#8247 = SHAPE_REPRESENTATION('',(#143),#6934);
#8248 = SHAPE_DEFINITION_REPRESENTATION(#6774,#8249);
#8249 = SHAPE_REPRESENTATION('',(#23),#6760);
#8250 = SHAPE_DEFINITION_REPRESENTATION(#6948,#8251);
#8251 = SHAPE_REPRESENTATION('',(#31),#6934);
#8252 = SHAPE_DEFINITION_REPRESENTATION(#6953,#8253);
#8253 = SHAPE_REPRESENTATION('',(#35),#6934);
#8254 = SHAPE_DEFINITION_REPRESENTATION(#6958,#8255);
#8255 = SHAPE_REPRESENTATION('',(#39),#6934);
#8256 = SHAPE_DEFINITION_REPRESENTATION(#6963,#8257);
#8257 = SHAPE_REPRESENTATION('',(#43),#6934);
#8258 = SHAPE_DEFINITION_REPRESENTATION(#6968,#8259);
#8259 = SHAPE_REPRESENTATION('',(#47),#6934);
#8260 = SHAPE_DEFINITION_REPRESENTATION(#6973,#8261);
#8261 = SHAPE_REPRESENTATION('',(#51),#6934);
#8262 = SHAPE_DEFINITION_REPRESENTATION(#6978,#8263);
#8263 = SHAPE_REPRESENTATION('',(#55),#6934);
#8264 = SHAPE_DEFINITION_REPRESENTATION(#6983,#8265);
#8265 = SHAPE_REPRESENTATION('',(#59),#6934);
#8266 = SHAPE_DEFINITION_REPRESENTATION(#6988,#8267);
#8267 = SHAPE_REPRESENTATION('',(#63),#6934);
#8268 = SHAPE_DEFINITION_REPRESENTATION(#6993,#8269);
#8269 = SHAPE_REPRESENTATION('',(#67),#6934);
#8270 = SHAPE_DEFINITION_REPRESENTATION(#6998,#8271);
#8271 = SHAPE_REPRESENTATION('',(#71),#6934);
#8272 = SHAPE_DEFINITION_REPRESENTATION(#7003,#8273);
#8273 = SHAPE_REPRESENTATION('',(#75),#6934);
#8274 = SHAPE_DEFINITION_REPRESENTATION(#7008,#8275);
#8275 = SHAPE_REPRESENTATION('',(#79),#6934);
#8276 = SHAPE_DEFINITION_REPRESENTATION(#7013,#8277);
#8277 = SHAPE_REPRESENTATION('',(#83),#6934);
#8278 = SHAPE_DEFINITION_REPRESENTATION(#7018,#8279);
#8279 = SHAPE_REPRESENTATION('',(#87),#6934);
#8280 = SHAPE_DEFINITION_REPRESENTATION(#7023,#8281);
#8281 = SHAPE_REPRESENTATION('',(#91),#6934);
#8282 = SHAPE_DEFINITION_REPRESENTATION(#7028,#8283);
#8283 = SHAPE_REPRESENTATION('',(#95),#6934);
#8284 = SHAPE_DEFINITION_REPRESENTATION(#7033,#8285);
#8285 = SHAPE_REPRESENTATION('',(#99),#6934);
#8286 = SHAPE_DEFINITION_REPRESENTATION(#7038,#8287);
#8287 = SHAPE_REPRESENTATION('',(#103),#6934);
#8288 = SHAPE_DEFINITION_REPRESENTATION(#7043,#8289);
#8289 = SHAPE_REPRESENTATION('',(#107),#6934);
#8290 = SHAPE_DEFINITION_REPRESENTATION(#7048,#8291);
#8291 = SHAPE_REPRESENTATION('',(#111),#6934);
#8292 = SHAPE_DEFINITION_REPRESENTATION(#7053,#8293);
#8293 = SHAPE_REPRESENTATION('',(#115),#6934);
#8294 = SHAPE_DEFINITION_REPRESENTATION(#7058,#8295);
#8295 = SHAPE_REPRESENTATION('',(#119),#6934);
#8296 = SHAPE_DEFINITION_REPRESENTATION(#7063,#8297);
#8297 = SHAPE_REPRESENTATION('',(#123),#6934);
#8298 = SHAPE_DEFINITION_REPRESENTATION(#7068,#8299);
#8299 = SHAPE_REPRESENTATION('',(#127),#6934);
#8300 = SHAPE_DEFINITION_REPRESENTATION(#7073,#8301);
#8301 = SHAPE_REPRESENTATION('',(#131),#6934);
#8302 = SHAPE_DEFINITION_REPRESENTATION(#7078,#8303);
#8303 = SHAPE_REPRESENTATION('',(#135),#6934);
#8304 = SHAPE_DEFINITION_REPRESENTATION(#7083,#8305);
#8305 = SHAPE_REPRESENTATION('',(#139),#6934);
#8306 = SHAPE_DEFINITION_REPRESENTATION(#7088,#8307);
#8307 = SHAPE_REPRESENTATION('',(#143),#6934);
#8308 = MECHANICAL_DESIGN_GEOMETRIC_PRESENTATION_REPRESENTATION('',(
    #8309,#8322,#8333),#6760);
#8309 = STYLED_ITEM('color',(#8310),#4570);
#8310 = PRESENTATION_STYLE_ASSIGNMENT((#8311,#8319));
#8311 = SURFACE_STYLE_USAGE(.BOTH.,#8312);
#8312 = SURFACE_SIDE_STYLE('',(#8313,#8317));
#8313 = SURFACE_STYLE_FILL_AREA(#8314);
#8314 = FILL_AREA_STYLE('',(#8315));
#8315 = FILL_AREA_STYLE_COLOUR('',#8316);
#8316 = COLOUR_RGB('',0.14117646027,0.14117646027,0.14117646027);
#8317 = SURFACE_STYLE_RENDERING_WITH_PROPERTIES(.NORMAL_SHADING.,#8316,(
    #8318));
#8318 = SURFACE_STYLE_TRANSPARENT(0.);
#8319 = CURVE_STYLE('',#8320,POSITIVE_LENGTH_MEASURE(0.1),#8321);
#8320 = DRAUGHTING_PRE_DEFINED_CURVE_FONT('continuous');
#8321 = COLOUR_RGB('',9.803921802644E-02,9.803921802644E-02,
  9.803921802644E-02);
#8322 = OVER_RIDING_STYLED_ITEM('overriding color',(#8323),#4570,#8309);
#8323 = PRESENTATION_STYLE_BY_CONTEXT((#8324,#8331),#8189);
#8324 = SURFACE_STYLE_USAGE(.BOTH.,#8325);
#8325 = SURFACE_SIDE_STYLE('',(#8326,#8329));
#8326 = SURFACE_STYLE_FILL_AREA(#8327);
#8327 = FILL_AREA_STYLE('',(#8328));
#8328 = FILL_AREA_STYLE_COLOUR('',#8316);
#8329 = SURFACE_STYLE_RENDERING_WITH_PROPERTIES(.NORMAL_SHADING.,#8316,(
    #8330));
#8330 = SURFACE_STYLE_TRANSPARENT(0.);
#8331 = CURVE_STYLE('',#8332,POSITIVE_LENGTH_MEASURE(0.1),#8321);
#8332 = DRAUGHTING_PRE_DEFINED_CURVE_FONT('continuous');
#8333 = OVER_RIDING_STYLED_ITEM('overriding color',(#8334),#4570,#8309);
#8334 = PRESENTATION_STYLE_BY_CONTEXT((#8335,#8343),#8249);
#8335 = SURFACE_STYLE_USAGE(.BOTH.,#8336);
#8336 = SURFACE_SIDE_STYLE('',(#8337,#8341));
#8337 = SURFACE_STYLE_FILL_AREA(#8338);
#8338 = FILL_AREA_STYLE('',(#8339));
#8339 = FILL_AREA_STYLE_COLOUR('',#8340);
#8340 = COLOUR_RGB('',0.14117646027,0.14117646027,0.14117646027);
#8341 = SURFACE_STYLE_RENDERING_WITH_PROPERTIES(.NORMAL_SHADING.,#8340,(
    #8342));
#8342 = SURFACE_STYLE_TRANSPARENT(0.);
#8343 = CURVE_STYLE('',#8344,POSITIVE_LENGTH_MEASURE(0.1),#8345);
#8344 = DRAUGHTING_PRE_DEFINED_CURVE_FONT('continuous');
#8345 = COLOUR_RGB('',9.803921802644E-02,9.803921802644E-02,
  9.803921802644E-02);
#8346 = MECHANICAL_DESIGN_GEOMETRIC_PRESENTATION_REPRESENTATION('',(
    #8347),#8008);
#8347 = STYLED_ITEM('color',(#8348),#7098);
#8348 = PRESENTATION_STYLE_ASSIGNMENT((#8349,#8357));
#8349 = SURFACE_STYLE_USAGE(.BOTH.,#8350);
#8350 = SURFACE_SIDE_STYLE('',(#8351,#8355));
#8351 = SURFACE_STYLE_FILL_AREA(#8352);
#8352 = FILL_AREA_STYLE('',(#8353));
#8353 = FILL_AREA_STYLE_COLOUR('',#8354);
#8354 = COLOUR_RGB('',0.705882360366,0.705882360366,0.705882360366);
#8355 = SURFACE_STYLE_RENDERING_WITH_PROPERTIES(.NORMAL_SHADING.,#8354,(
    #8356));
#8356 = SURFACE_STYLE_TRANSPARENT(0.);
#8357 = CURVE_STYLE('',#8358,POSITIVE_LENGTH_MEASURE(0.1),#8321);
#8358 = DRAUGHTING_PRE_DEFINED_CURVE_FONT('continuous');
#8359 = MECHANICAL_DESIGN_GEOMETRIC_PRESENTATION_REPRESENTATION('',(
    #8360,#8372,#8383,#8394,#8405,#8416,#8427,#8438,#8449,#8460,#8471,
    #8482,#8493,#8504,#8515,#8526,#8537,#8548,#8559,#8570,#8581,#8592,
    #8603,#8614,#8625,#8636,#8647,#8658,#8669,#8680,#8691,#8703,#8714,
    #8725,#8736,#8747,#8758,#8769,#8780,#8791,#8802,#8813,#8824,#8835,
    #8846,#8857,#8868,#8879,#8890,#8901,#8912,#8923,#8934,#8945,#8956,
    #8967,#8978,#8989,#9000),#6934);
#8360 = STYLED_ITEM('color',(#8361),#6784);
#8361 = PRESENTATION_STYLE_ASSIGNMENT((#8362,#8370));
#8362 = SURFACE_STYLE_USAGE(.BOTH.,#8363);
#8363 = SURFACE_SIDE_STYLE('',(#8364,#8368));
#8364 = SURFACE_STYLE_FILL_AREA(#8365);
#8365 = FILL_AREA_STYLE('',(#8366));
#8366 = FILL_AREA_STYLE_COLOUR('',#8367);
#8367 = COLOUR_RGB('',0.847058829703,0.847058829703,0.847058829703);
#8368 = SURFACE_STYLE_RENDERING_WITH_PROPERTIES(.NORMAL_SHADING.,#8367,(
    #8369));
#8369 = SURFACE_STYLE_TRANSPARENT(0.);
#8370 = CURVE_STYLE('',#8371,POSITIVE_LENGTH_MEASURE(0.1),#8321);
#8371 = DRAUGHTING_PRE_DEFINED_CURVE_FONT('continuous');
#8372 = OVER_RIDING_STYLED_ITEM('overriding color',(#8373),#6784,#8360);
#8373 = PRESENTATION_STYLE_BY_CONTEXT((#8374,#8381),#8191);
#8374 = SURFACE_STYLE_USAGE(.BOTH.,#8375);
#8375 = SURFACE_SIDE_STYLE('',(#8376,#8379));
#8376 = SURFACE_STYLE_FILL_AREA(#8377);
#8377 = FILL_AREA_STYLE('',(#8378));
#8378 = FILL_AREA_STYLE_COLOUR('',#8367);
#8379 = SURFACE_STYLE_RENDERING_WITH_PROPERTIES(.NORMAL_SHADING.,#8367,(
    #8380));
#8380 = SURFACE_STYLE_TRANSPARENT(0.);
#8381 = CURVE_STYLE('',#8382,POSITIVE_LENGTH_MEASURE(0.1),#8321);
#8382 = DRAUGHTING_PRE_DEFINED_CURVE_FONT('continuous');
#8383 = OVER_RIDING_STYLED_ITEM('overriding color',(#8384),#6784,#8360);
#8384 = PRESENTATION_STYLE_BY_CONTEXT((#8385,#8392),#8193);
#8385 = SURFACE_STYLE_USAGE(.BOTH.,#8386);
#8386 = SURFACE_SIDE_STYLE('',(#8387,#8390));
#8387 = SURFACE_STYLE_FILL_AREA(#8388);
#8388 = FILL_AREA_STYLE('',(#8389));
#8389 = FILL_AREA_STYLE_COLOUR('',#8367);
#8390 = SURFACE_STYLE_RENDERING_WITH_PROPERTIES(.NORMAL_SHADING.,#8367,(
    #8391));
#8391 = SURFACE_STYLE_TRANSPARENT(0.);
#8392 = CURVE_STYLE('',#8393,POSITIVE_LENGTH_MEASURE(0.1),#8321);
#8393 = DRAUGHTING_PRE_DEFINED_CURVE_FONT('continuous');
#8394 = OVER_RIDING_STYLED_ITEM('overriding color',(#8395),#6784,#8360);
#8395 = PRESENTATION_STYLE_BY_CONTEXT((#8396,#8403),#8195);
#8396 = SURFACE_STYLE_USAGE(.BOTH.,#8397);
#8397 = SURFACE_SIDE_STYLE('',(#8398,#8401));
#8398 = SURFACE_STYLE_FILL_AREA(#8399);
#8399 = FILL_AREA_STYLE('',(#8400));
#8400 = FILL_AREA_STYLE_COLOUR('',#8367);
#8401 = SURFACE_STYLE_RENDERING_WITH_PROPERTIES(.NORMAL_SHADING.,#8367,(
    #8402));
#8402 = SURFACE_STYLE_TRANSPARENT(0.);
#8403 = CURVE_STYLE('',#8404,POSITIVE_LENGTH_MEASURE(0.1),#8321);
#8404 = DRAUGHTING_PRE_DEFINED_CURVE_FONT('continuous');
#8405 = OVER_RIDING_STYLED_ITEM('overriding color',(#8406),#6784,#8360);
#8406 = PRESENTATION_STYLE_BY_CONTEXT((#8407,#8414),#8197);
#8407 = SURFACE_STYLE_USAGE(.BOTH.,#8408);
#8408 = SURFACE_SIDE_STYLE('',(#8409,#8412));
#8409 = SURFACE_STYLE_FILL_AREA(#8410);
#8410 = FILL_AREA_STYLE('',(#8411));
#8411 = FILL_AREA_STYLE_COLOUR('',#8367);
#8412 = SURFACE_STYLE_RENDERING_WITH_PROPERTIES(.NORMAL_SHADING.,#8367,(
    #8413));
#8413 = SURFACE_STYLE_TRANSPARENT(0.);
#8414 = CURVE_STYLE('',#8415,POSITIVE_LENGTH_MEASURE(0.1),#8321);
#8415 = DRAUGHTING_PRE_DEFINED_CURVE_FONT('continuous');
#8416 = OVER_RIDING_STYLED_ITEM('overriding color',(#8417),#6784,#8360);
#8417 = PRESENTATION_STYLE_BY_CONTEXT((#8418,#8425),#8199);
#8418 = SURFACE_STYLE_USAGE(.BOTH.,#8419);
#8419 = SURFACE_SIDE_STYLE('',(#8420,#8423));
#8420 = SURFACE_STYLE_FILL_AREA(#8421);
#8421 = FILL_AREA_STYLE('',(#8422));
#8422 = FILL_AREA_STYLE_COLOUR('',#8367);
#8423 = SURFACE_STYLE_RENDERING_WITH_PROPERTIES(.NORMAL_SHADING.,#8367,(
    #8424));
#8424 = SURFACE_STYLE_TRANSPARENT(0.);
#8425 = CURVE_STYLE('',#8426,POSITIVE_LENGTH_MEASURE(0.1),#8321);
#8426 = DRAUGHTING_PRE_DEFINED_CURVE_FONT('continuous');
#8427 = OVER_RIDING_STYLED_ITEM('overriding color',(#8428),#6784,#8360);
#8428 = PRESENTATION_STYLE_BY_CONTEXT((#8429,#8436),#8201);
#8429 = SURFACE_STYLE_USAGE(.BOTH.,#8430);
#8430 = SURFACE_SIDE_STYLE('',(#8431,#8434));
#8431 = SURFACE_STYLE_FILL_AREA(#8432);
#8432 = FILL_AREA_STYLE('',(#8433));
#8433 = FILL_AREA_STYLE_COLOUR('',#8367);
#8434 = SURFACE_STYLE_RENDERING_WITH_PROPERTIES(.NORMAL_SHADING.,#8367,(
    #8435));
#8435 = SURFACE_STYLE_TRANSPARENT(0.);
#8436 = CURVE_STYLE('',#8437,POSITIVE_LENGTH_MEASURE(0.1),#8321);
#8437 = DRAUGHTING_PRE_DEFINED_CURVE_FONT('continuous');
#8438 = OVER_RIDING_STYLED_ITEM('overriding color',(#8439),#6784,#8360);
#8439 = PRESENTATION_STYLE_BY_CONTEXT((#8440,#8447),#8203);
#8440 = SURFACE_STYLE_USAGE(.BOTH.,#8441);
#8441 = SURFACE_SIDE_STYLE('',(#8442,#8445));
#8442 = SURFACE_STYLE_FILL_AREA(#8443);
#8443 = FILL_AREA_STYLE('',(#8444));
#8444 = FILL_AREA_STYLE_COLOUR('',#8367);
#8445 = SURFACE_STYLE_RENDERING_WITH_PROPERTIES(.NORMAL_SHADING.,#8367,(
    #8446));
#8446 = SURFACE_STYLE_TRANSPARENT(0.);
#8447 = CURVE_STYLE('',#8448,POSITIVE_LENGTH_MEASURE(0.1),#8321);
#8448 = DRAUGHTING_PRE_DEFINED_CURVE_FONT('continuous');
#8449 = OVER_RIDING_STYLED_ITEM('overriding color',(#8450),#6784,#8360);
#8450 = PRESENTATION_STYLE_BY_CONTEXT((#8451,#8458),#8205);
#8451 = SURFACE_STYLE_USAGE(.BOTH.,#8452);
#8452 = SURFACE_SIDE_STYLE('',(#8453,#8456));
#8453 = SURFACE_STYLE_FILL_AREA(#8454);
#8454 = FILL_AREA_STYLE('',(#8455));
#8455 = FILL_AREA_STYLE_COLOUR('',#8367);
#8456 = SURFACE_STYLE_RENDERING_WITH_PROPERTIES(.NORMAL_SHADING.,#8367,(
    #8457));
#8457 = SURFACE_STYLE_TRANSPARENT(0.);
#8458 = CURVE_STYLE('',#8459,POSITIVE_LENGTH_MEASURE(0.1),#8321);
#8459 = DRAUGHTING_PRE_DEFINED_CURVE_FONT('continuous');
#8460 = OVER_RIDING_STYLED_ITEM('overriding color',(#8461),#6784,#8360);
#8461 = PRESENTATION_STYLE_BY_CONTEXT((#8462,#8469),#8207);
#8462 = SURFACE_STYLE_USAGE(.BOTH.,#8463);
#8463 = SURFACE_SIDE_STYLE('',(#8464,#8467));
#8464 = SURFACE_STYLE_FILL_AREA(#8465);
#8465 = FILL_AREA_STYLE('',(#8466));
#8466 = FILL_AREA_STYLE_COLOUR('',#8367);
#8467 = SURFACE_STYLE_RENDERING_WITH_PROPERTIES(.NORMAL_SHADING.,#8367,(
    #8468));
#8468 = SURFACE_STYLE_TRANSPARENT(0.);
#8469 = CURVE_STYLE('',#8470,POSITIVE_LENGTH_MEASURE(0.1),#8321);
#8470 = DRAUGHTING_PRE_DEFINED_CURVE_FONT('continuous');
#8471 = OVER_RIDING_STYLED_ITEM('overriding color',(#8472),#6784,#8360);
#8472 = PRESENTATION_STYLE_BY_CONTEXT((#8473,#8480),#8209);
#8473 = SURFACE_STYLE_USAGE(.BOTH.,#8474);
#8474 = SURFACE_SIDE_STYLE('',(#8475,#8478));
#8475 = SURFACE_STYLE_FILL_AREA(#8476);
#8476 = FILL_AREA_STYLE('',(#8477));
#8477 = FILL_AREA_STYLE_COLOUR('',#8367);
#8478 = SURFACE_STYLE_RENDERING_WITH_PROPERTIES(.NORMAL_SHADING.,#8367,(
    #8479));
#8479 = SURFACE_STYLE_TRANSPARENT(0.);
#8480 = CURVE_STYLE('',#8481,POSITIVE_LENGTH_MEASURE(0.1),#8321);
#8481 = DRAUGHTING_PRE_DEFINED_CURVE_FONT('continuous');
#8482 = OVER_RIDING_STYLED_ITEM('overriding color',(#8483),#6784,#8360);
#8483 = PRESENTATION_STYLE_BY_CONTEXT((#8484,#8491),#8211);
#8484 = SURFACE_STYLE_USAGE(.BOTH.,#8485);
#8485 = SURFACE_SIDE_STYLE('',(#8486,#8489));
#8486 = SURFACE_STYLE_FILL_AREA(#8487);
#8487 = FILL_AREA_STYLE('',(#8488));
#8488 = FILL_AREA_STYLE_COLOUR('',#8367);
#8489 = SURFACE_STYLE_RENDERING_WITH_PROPERTIES(.NORMAL_SHADING.,#8367,(
    #8490));
#8490 = SURFACE_STYLE_TRANSPARENT(0.);
#8491 = CURVE_STYLE('',#8492,POSITIVE_LENGTH_MEASURE(0.1),#8321);
#8492 = DRAUGHTING_PRE_DEFINED_CURVE_FONT('continuous');
#8493 = OVER_RIDING_STYLED_ITEM('overriding color',(#8494),#6784,#8360);
#8494 = PRESENTATION_STYLE_BY_CONTEXT((#8495,#8502),#8213);
#8495 = SURFACE_STYLE_USAGE(.BOTH.,#8496);
#8496 = SURFACE_SIDE_STYLE('',(#8497,#8500));
#8497 = SURFACE_STYLE_FILL_AREA(#8498);
#8498 = FILL_AREA_STYLE('',(#8499));
#8499 = FILL_AREA_STYLE_COLOUR('',#8367);
#8500 = SURFACE_STYLE_RENDERING_WITH_PROPERTIES(.NORMAL_SHADING.,#8367,(
    #8501));
#8501 = SURFACE_STYLE_TRANSPARENT(0.);
#8502 = CURVE_STYLE('',#8503,POSITIVE_LENGTH_MEASURE(0.1),#8321);
#8503 = DRAUGHTING_PRE_DEFINED_CURVE_FONT('continuous');
#8504 = OVER_RIDING_STYLED_ITEM('overriding color',(#8505),#6784,#8360);
#8505 = PRESENTATION_STYLE_BY_CONTEXT((#8506,#8513),#8215);
#8506 = SURFACE_STYLE_USAGE(.BOTH.,#8507);
#8507 = SURFACE_SIDE_STYLE('',(#8508,#8511));
#8508 = SURFACE_STYLE_FILL_AREA(#8509);
#8509 = FILL_AREA_STYLE('',(#8510));
#8510 = FILL_AREA_STYLE_COLOUR('',#8367);
#8511 = SURFACE_STYLE_RENDERING_WITH_PROPERTIES(.NORMAL_SHADING.,#8367,(
    #8512));
#8512 = SURFACE_STYLE_TRANSPARENT(0.);
#8513 = CURVE_STYLE('',#8514,POSITIVE_LENGTH_MEASURE(0.1),#8321);
#8514 = DRAUGHTING_PRE_DEFINED_CURVE_FONT('continuous');
#8515 = OVER_RIDING_STYLED_ITEM('overriding color',(#8516),#6784,#8360);
#8516 = PRESENTATION_STYLE_BY_CONTEXT((#8517,#8524),#8217);
#8517 = SURFACE_STYLE_USAGE(.BOTH.,#8518);
#8518 = SURFACE_SIDE_STYLE('',(#8519,#8522));
#8519 = SURFACE_STYLE_FILL_AREA(#8520);
#8520 = FILL_AREA_STYLE('',(#8521));
#8521 = FILL_AREA_STYLE_COLOUR('',#8367);
#8522 = SURFACE_STYLE_RENDERING_WITH_PROPERTIES(.NORMAL_SHADING.,#8367,(
    #8523));
#8523 = SURFACE_STYLE_TRANSPARENT(0.);
#8524 = CURVE_STYLE('',#8525,POSITIVE_LENGTH_MEASURE(0.1),#8321);
#8525 = DRAUGHTING_PRE_DEFINED_CURVE_FONT('continuous');
#8526 = OVER_RIDING_STYLED_ITEM('overriding color',(#8527),#6784,#8360);
#8527 = PRESENTATION_STYLE_BY_CONTEXT((#8528,#8535),#8219);
#8528 = SURFACE_STYLE_USAGE(.BOTH.,#8529);
#8529 = SURFACE_SIDE_STYLE('',(#8530,#8533));
#8530 = SURFACE_STYLE_FILL_AREA(#8531);
#8531 = FILL_AREA_STYLE('',(#8532));
#8532 = FILL_AREA_STYLE_COLOUR('',#8367);
#8533 = SURFACE_STYLE_RENDERING_WITH_PROPERTIES(.NORMAL_SHADING.,#8367,(
    #8534));
#8534 = SURFACE_STYLE_TRANSPARENT(0.);
#8535 = CURVE_STYLE('',#8536,POSITIVE_LENGTH_MEASURE(0.1),#8321);
#8536 = DRAUGHTING_PRE_DEFINED_CURVE_FONT('continuous');
#8537 = OVER_RIDING_STYLED_ITEM('overriding color',(#8538),#6784,#8360);
#8538 = PRESENTATION_STYLE_BY_CONTEXT((#8539,#8546),#8221);
#8539 = SURFACE_STYLE_USAGE(.BOTH.,#8540);
#8540 = SURFACE_SIDE_STYLE('',(#8541,#8544));
#8541 = SURFACE_STYLE_FILL_AREA(#8542);
#8542 = FILL_AREA_STYLE('',(#8543));
#8543 = FILL_AREA_STYLE_COLOUR('',#8367);
#8544 = SURFACE_STYLE_RENDERING_WITH_PROPERTIES(.NORMAL_SHADING.,#8367,(
    #8545));
#8545 = SURFACE_STYLE_TRANSPARENT(0.);
#8546 = CURVE_STYLE('',#8547,POSITIVE_LENGTH_MEASURE(0.1),#8321);
#8547 = DRAUGHTING_PRE_DEFINED_CURVE_FONT('continuous');
#8548 = OVER_RIDING_STYLED_ITEM('overriding color',(#8549),#6784,#8360);
#8549 = PRESENTATION_STYLE_BY_CONTEXT((#8550,#8557),#8223);
#8550 = SURFACE_STYLE_USAGE(.BOTH.,#8551);
#8551 = SURFACE_SIDE_STYLE('',(#8552,#8555));
#8552 = SURFACE_STYLE_FILL_AREA(#8553);
#8553 = FILL_AREA_STYLE('',(#8554));
#8554 = FILL_AREA_STYLE_COLOUR('',#8367);
#8555 = SURFACE_STYLE_RENDERING_WITH_PROPERTIES(.NORMAL_SHADING.,#8367,(
    #8556));
#8556 = SURFACE_STYLE_TRANSPARENT(0.);
#8557 = CURVE_STYLE('',#8558,POSITIVE_LENGTH_MEASURE(0.1),#8321);
#8558 = DRAUGHTING_PRE_DEFINED_CURVE_FONT('continuous');
#8559 = OVER_RIDING_STYLED_ITEM('overriding color',(#8560),#6784,#8360);
#8560 = PRESENTATION_STYLE_BY_CONTEXT((#8561,#8568),#8225);
#8561 = SURFACE_STYLE_USAGE(.BOTH.,#8562);
#8562 = SURFACE_SIDE_STYLE('',(#8563,#8566));
#8563 = SURFACE_STYLE_FILL_AREA(#8564);
#8564 = FILL_AREA_STYLE('',(#8565));
#8565 = FILL_AREA_STYLE_COLOUR('',#8367);
#8566 = SURFACE_STYLE_RENDERING_WITH_PROPERTIES(.NORMAL_SHADING.,#8367,(
    #8567));
#8567 = SURFACE_STYLE_TRANSPARENT(0.);
#8568 = CURVE_STYLE('',#8569,POSITIVE_LENGTH_MEASURE(0.1),#8321);
#8569 = DRAUGHTING_PRE_DEFINED_CURVE_FONT('continuous');
#8570 = OVER_RIDING_STYLED_ITEM('overriding color',(#8571),#6784,#8360);
#8571 = PRESENTATION_STYLE_BY_CONTEXT((#8572,#8579),#8227);
#8572 = SURFACE_STYLE_USAGE(.BOTH.,#8573);
#8573 = SURFACE_SIDE_STYLE('',(#8574,#8577));
#8574 = SURFACE_STYLE_FILL_AREA(#8575);
#8575 = FILL_AREA_STYLE('',(#8576));
#8576 = FILL_AREA_STYLE_COLOUR('',#8367);
#8577 = SURFACE_STYLE_RENDERING_WITH_PROPERTIES(.NORMAL_SHADING.,#8367,(
    #8578));
#8578 = SURFACE_STYLE_TRANSPARENT(0.);
#8579 = CURVE_STYLE('',#8580,POSITIVE_LENGTH_MEASURE(0.1),#8321);
#8580 = DRAUGHTING_PRE_DEFINED_CURVE_FONT('continuous');
#8581 = OVER_RIDING_STYLED_ITEM('overriding color',(#8582),#6784,#8360);
#8582 = PRESENTATION_STYLE_BY_CONTEXT((#8583,#8590),#8229);
#8583 = SURFACE_STYLE_USAGE(.BOTH.,#8584);
#8584 = SURFACE_SIDE_STYLE('',(#8585,#8588));
#8585 = SURFACE_STYLE_FILL_AREA(#8586);
#8586 = FILL_AREA_STYLE('',(#8587));
#8587 = FILL_AREA_STYLE_COLOUR('',#8367);
#8588 = SURFACE_STYLE_RENDERING_WITH_PROPERTIES(.NORMAL_SHADING.,#8367,(
    #8589));
#8589 = SURFACE_STYLE_TRANSPARENT(0.);
#8590 = CURVE_STYLE('',#8591,POSITIVE_LENGTH_MEASURE(0.1),#8321);
#8591 = DRAUGHTING_PRE_DEFINED_CURVE_FONT('continuous');
#8592 = OVER_RIDING_STYLED_ITEM('overriding color',(#8593),#6784,#8360);
#8593 = PRESENTATION_STYLE_BY_CONTEXT((#8594,#8601),#8231);
#8594 = SURFACE_STYLE_USAGE(.BOTH.,#8595);
#8595 = SURFACE_SIDE_STYLE('',(#8596,#8599));
#8596 = SURFACE_STYLE_FILL_AREA(#8597);
#8597 = FILL_AREA_STYLE('',(#8598));
#8598 = FILL_AREA_STYLE_COLOUR('',#8367);
#8599 = SURFACE_STYLE_RENDERING_WITH_PROPERTIES(.NORMAL_SHADING.,#8367,(
    #8600));
#8600 = SURFACE_STYLE_TRANSPARENT(0.);
#8601 = CURVE_STYLE('',#8602,POSITIVE_LENGTH_MEASURE(0.1),#8321);
#8602 = DRAUGHTING_PRE_DEFINED_CURVE_FONT('continuous');
#8603 = OVER_RIDING_STYLED_ITEM('overriding color',(#8604),#6784,#8360);
#8604 = PRESENTATION_STYLE_BY_CONTEXT((#8605,#8612),#8233);
#8605 = SURFACE_STYLE_USAGE(.BOTH.,#8606);
#8606 = SURFACE_SIDE_STYLE('',(#8607,#8610));
#8607 = SURFACE_STYLE_FILL_AREA(#8608);
#8608 = FILL_AREA_STYLE('',(#8609));
#8609 = FILL_AREA_STYLE_COLOUR('',#8367);
#8610 = SURFACE_STYLE_RENDERING_WITH_PROPERTIES(.NORMAL_SHADING.,#8367,(
    #8611));
#8611 = SURFACE_STYLE_TRANSPARENT(0.);
#8612 = CURVE_STYLE('',#8613,POSITIVE_LENGTH_MEASURE(0.1),#8321);
#8613 = DRAUGHTING_PRE_DEFINED_CURVE_FONT('continuous');
#8614 = OVER_RIDING_STYLED_ITEM('overriding color',(#8615),#6784,#8360);
#8615 = PRESENTATION_STYLE_BY_CONTEXT((#8616,#8623),#8235);
#8616 = SURFACE_STYLE_USAGE(.BOTH.,#8617);
#8617 = SURFACE_SIDE_STYLE('',(#8618,#8621));
#8618 = SURFACE_STYLE_FILL_AREA(#8619);
#8619 = FILL_AREA_STYLE('',(#8620));
#8620 = FILL_AREA_STYLE_COLOUR('',#8367);
#8621 = SURFACE_STYLE_RENDERING_WITH_PROPERTIES(.NORMAL_SHADING.,#8367,(
    #8622));
#8622 = SURFACE_STYLE_TRANSPARENT(0.);
#8623 = CURVE_STYLE('',#8624,POSITIVE_LENGTH_MEASURE(0.1),#8321);
#8624 = DRAUGHTING_PRE_DEFINED_CURVE_FONT('continuous');
#8625 = OVER_RIDING_STYLED_ITEM('overriding color',(#8626),#6784,#8360);
#8626 = PRESENTATION_STYLE_BY_CONTEXT((#8627,#8634),#8237);
#8627 = SURFACE_STYLE_USAGE(.BOTH.,#8628);
#8628 = SURFACE_SIDE_STYLE('',(#8629,#8632));
#8629 = SURFACE_STYLE_FILL_AREA(#8630);
#8630 = FILL_AREA_STYLE('',(#8631));
#8631 = FILL_AREA_STYLE_COLOUR('',#8367);
#8632 = SURFACE_STYLE_RENDERING_WITH_PROPERTIES(.NORMAL_SHADING.,#8367,(
    #8633));
#8633 = SURFACE_STYLE_TRANSPARENT(0.);
#8634 = CURVE_STYLE('',#8635,POSITIVE_LENGTH_MEASURE(0.1),#8321);
#8635 = DRAUGHTING_PRE_DEFINED_CURVE_FONT('continuous');
#8636 = OVER_RIDING_STYLED_ITEM('overriding color',(#8637),#6784,#8360);
#8637 = PRESENTATION_STYLE_BY_CONTEXT((#8638,#8645),#8239);
#8638 = SURFACE_STYLE_USAGE(.BOTH.,#8639);
#8639 = SURFACE_SIDE_STYLE('',(#8640,#8643));
#8640 = SURFACE_STYLE_FILL_AREA(#8641);
#8641 = FILL_AREA_STYLE('',(#8642));
#8642 = FILL_AREA_STYLE_COLOUR('',#8367);
#8643 = SURFACE_STYLE_RENDERING_WITH_PROPERTIES(.NORMAL_SHADING.,#8367,(
    #8644));
#8644 = SURFACE_STYLE_TRANSPARENT(0.);
#8645 = CURVE_STYLE('',#8646,POSITIVE_LENGTH_MEASURE(0.1),#8321);
#8646 = DRAUGHTING_PRE_DEFINED_CURVE_FONT('continuous');
#8647 = OVER_RIDING_STYLED_ITEM('overriding color',(#8648),#6784,#8360);
#8648 = PRESENTATION_STYLE_BY_CONTEXT((#8649,#8656),#8241);
#8649 = SURFACE_STYLE_USAGE(.BOTH.,#8650);
#8650 = SURFACE_SIDE_STYLE('',(#8651,#8654));
#8651 = SURFACE_STYLE_FILL_AREA(#8652);
#8652 = FILL_AREA_STYLE('',(#8653));
#8653 = FILL_AREA_STYLE_COLOUR('',#8367);
#8654 = SURFACE_STYLE_RENDERING_WITH_PROPERTIES(.NORMAL_SHADING.,#8367,(
    #8655));
#8655 = SURFACE_STYLE_TRANSPARENT(0.);
#8656 = CURVE_STYLE('',#8657,POSITIVE_LENGTH_MEASURE(0.1),#8321);
#8657 = DRAUGHTING_PRE_DEFINED_CURVE_FONT('continuous');
#8658 = OVER_RIDING_STYLED_ITEM('overriding color',(#8659),#6784,#8360);
#8659 = PRESENTATION_STYLE_BY_CONTEXT((#8660,#8667),#8243);
#8660 = SURFACE_STYLE_USAGE(.BOTH.,#8661);
#8661 = SURFACE_SIDE_STYLE('',(#8662,#8665));
#8662 = SURFACE_STYLE_FILL_AREA(#8663);
#8663 = FILL_AREA_STYLE('',(#8664));
#8664 = FILL_AREA_STYLE_COLOUR('',#8367);
#8665 = SURFACE_STYLE_RENDERING_WITH_PROPERTIES(.NORMAL_SHADING.,#8367,(
    #8666));
#8666 = SURFACE_STYLE_TRANSPARENT(0.);
#8667 = CURVE_STYLE('',#8668,POSITIVE_LENGTH_MEASURE(0.1),#8321);
#8668 = DRAUGHTING_PRE_DEFINED_CURVE_FONT('continuous');
#8669 = OVER_RIDING_STYLED_ITEM('overriding color',(#8670),#6784,#8360);
#8670 = PRESENTATION_STYLE_BY_CONTEXT((#8671,#8678),#8245);
#8671 = SURFACE_STYLE_USAGE(.BOTH.,#8672);
#8672 = SURFACE_SIDE_STYLE('',(#8673,#8676));
#8673 = SURFACE_STYLE_FILL_AREA(#8674);
#8674 = FILL_AREA_STYLE('',(#8675));
#8675 = FILL_AREA_STYLE_COLOUR('',#8367);
#8676 = SURFACE_STYLE_RENDERING_WITH_PROPERTIES(.NORMAL_SHADING.,#8367,(
    #8677));
#8677 = SURFACE_STYLE_TRANSPARENT(0.);
#8678 = CURVE_STYLE('',#8679,POSITIVE_LENGTH_MEASURE(0.1),#8321);
#8679 = DRAUGHTING_PRE_DEFINED_CURVE_FONT('continuous');
#8680 = OVER_RIDING_STYLED_ITEM('overriding color',(#8681),#6784,#8360);
#8681 = PRESENTATION_STYLE_BY_CONTEXT((#8682,#8689),#8247);
#8682 = SURFACE_STYLE_USAGE(.BOTH.,#8683);
#8683 = SURFACE_SIDE_STYLE('',(#8684,#8687));
#8684 = SURFACE_STYLE_FILL_AREA(#8685);
#8685 = FILL_AREA_STYLE('',(#8686));
#8686 = FILL_AREA_STYLE_COLOUR('',#8367);
#8687 = SURFACE_STYLE_RENDERING_WITH_PROPERTIES(.NORMAL_SHADING.,#8367,(
    #8688));
#8688 = SURFACE_STYLE_TRANSPARENT(0.);
#8689 = CURVE_STYLE('',#8690,POSITIVE_LENGTH_MEASURE(0.1),#8321);
#8690 = DRAUGHTING_PRE_DEFINED_CURVE_FONT('continuous');
#8691 = OVER_RIDING_STYLED_ITEM('overriding color',(#8692),#6784,#8360);
#8692 = PRESENTATION_STYLE_BY_CONTEXT((#8693,#8701),#8251);
#8693 = SURFACE_STYLE_USAGE(.BOTH.,#8694);
#8694 = SURFACE_SIDE_STYLE('',(#8695,#8699));
#8695 = SURFACE_STYLE_FILL_AREA(#8696);
#8696 = FILL_AREA_STYLE('',(#8697));
#8697 = FILL_AREA_STYLE_COLOUR('',#8698);
#8698 = COLOUR_RGB('',0.847058829703,0.847058829703,0.847058829703);
#8699 = SURFACE_STYLE_RENDERING_WITH_PROPERTIES(.NORMAL_SHADING.,#8698,(
    #8700));
#8700 = SURFACE_STYLE_TRANSPARENT(0.);
#8701 = CURVE_STYLE('',#8702,POSITIVE_LENGTH_MEASURE(0.1),#8345);
#8702 = DRAUGHTING_PRE_DEFINED_CURVE_FONT('continuous');
#8703 = OVER_RIDING_STYLED_ITEM('overriding color',(#8704),#6784,#8360);
#8704 = PRESENTATION_STYLE_BY_CONTEXT((#8705,#8712),#8253);
#8705 = SURFACE_STYLE_USAGE(.BOTH.,#8706);
#8706 = SURFACE_SIDE_STYLE('',(#8707,#8710));
#8707 = SURFACE_STYLE_FILL_AREA(#8708);
#8708 = FILL_AREA_STYLE('',(#8709));
#8709 = FILL_AREA_STYLE_COLOUR('',#8698);
#8710 = SURFACE_STYLE_RENDERING_WITH_PROPERTIES(.NORMAL_SHADING.,#8698,(
    #8711));
#8711 = SURFACE_STYLE_TRANSPARENT(0.);
#8712 = CURVE_STYLE('',#8713,POSITIVE_LENGTH_MEASURE(0.1),#8345);
#8713 = DRAUGHTING_PRE_DEFINED_CURVE_FONT('continuous');
#8714 = OVER_RIDING_STYLED_ITEM('overriding color',(#8715),#6784,#8360);
#8715 = PRESENTATION_STYLE_BY_CONTEXT((#8716,#8723),#8255);
#8716 = SURFACE_STYLE_USAGE(.BOTH.,#8717);
#8717 = SURFACE_SIDE_STYLE('',(#8718,#8721));
#8718 = SURFACE_STYLE_FILL_AREA(#8719);
#8719 = FILL_AREA_STYLE('',(#8720));
#8720 = FILL_AREA_STYLE_COLOUR('',#8698);
#8721 = SURFACE_STYLE_RENDERING_WITH_PROPERTIES(.NORMAL_SHADING.,#8698,(
    #8722));
#8722 = SURFACE_STYLE_TRANSPARENT(0.);
#8723 = CURVE_STYLE('',#8724,POSITIVE_LENGTH_MEASURE(0.1),#8345);
#8724 = DRAUGHTING_PRE_DEFINED_CURVE_FONT('continuous');
#8725 = OVER_RIDING_STYLED_ITEM('overriding color',(#8726),#6784,#8360);
#8726 = PRESENTATION_STYLE_BY_CONTEXT((#8727,#8734),#8257);
#8727 = SURFACE_STYLE_USAGE(.BOTH.,#8728);
#8728 = SURFACE_SIDE_STYLE('',(#8729,#8732));
#8729 = SURFACE_STYLE_FILL_AREA(#8730);
#8730 = FILL_AREA_STYLE('',(#8731));
#8731 = FILL_AREA_STYLE_COLOUR('',#8698);
#8732 = SURFACE_STYLE_RENDERING_WITH_PROPERTIES(.NORMAL_SHADING.,#8698,(
    #8733));
#8733 = SURFACE_STYLE_TRANSPARENT(0.);
#8734 = CURVE_STYLE('',#8735,POSITIVE_LENGTH_MEASURE(0.1),#8345);
#8735 = DRAUGHTING_PRE_DEFINED_CURVE_FONT('continuous');
#8736 = OVER_RIDING_STYLED_ITEM('overriding color',(#8737),#6784,#8360);
#8737 = PRESENTATION_STYLE_BY_CONTEXT((#8738,#8745),#8259);
#8738 = SURFACE_STYLE_USAGE(.BOTH.,#8739);
#8739 = SURFACE_SIDE_STYLE('',(#8740,#8743));
#8740 = SURFACE_STYLE_FILL_AREA(#8741);
#8741 = FILL_AREA_STYLE('',(#8742));
#8742 = FILL_AREA_STYLE_COLOUR('',#8698);
#8743 = SURFACE_STYLE_RENDERING_WITH_PROPERTIES(.NORMAL_SHADING.,#8698,(
    #8744));
#8744 = SURFACE_STYLE_TRANSPARENT(0.);
#8745 = CURVE_STYLE('',#8746,POSITIVE_LENGTH_MEASURE(0.1),#8345);
#8746 = DRAUGHTING_PRE_DEFINED_CURVE_FONT('continuous');
#8747 = OVER_RIDING_STYLED_ITEM('overriding color',(#8748),#6784,#8360);
#8748 = PRESENTATION_STYLE_BY_CONTEXT((#8749,#8756),#8261);
#8749 = SURFACE_STYLE_USAGE(.BOTH.,#8750);
#8750 = SURFACE_SIDE_STYLE('',(#8751,#8754));
#8751 = SURFACE_STYLE_FILL_AREA(#8752);
#8752 = FILL_AREA_STYLE('',(#8753));
#8753 = FILL_AREA_STYLE_COLOUR('',#8698);
#8754 = SURFACE_STYLE_RENDERING_WITH_PROPERTIES(.NORMAL_SHADING.,#8698,(
    #8755));
#8755 = SURFACE_STYLE_TRANSPARENT(0.);
#8756 = CURVE_STYLE('',#8757,POSITIVE_LENGTH_MEASURE(0.1),#8345);
#8757 = DRAUGHTING_PRE_DEFINED_CURVE_FONT('continuous');
#8758 = OVER_RIDING_STYLED_ITEM('overriding color',(#8759),#6784,#8360);
#8759 = PRESENTATION_STYLE_BY_CONTEXT((#8760,#8767),#8263);
#8760 = SURFACE_STYLE_USAGE(.BOTH.,#8761);
#8761 = SURFACE_SIDE_STYLE('',(#8762,#8765));
#8762 = SURFACE_STYLE_FILL_AREA(#8763);
#8763 = FILL_AREA_STYLE('',(#8764));
#8764 = FILL_AREA_STYLE_COLOUR('',#8698);
#8765 = SURFACE_STYLE_RENDERING_WITH_PROPERTIES(.NORMAL_SHADING.,#8698,(
    #8766));
#8766 = SURFACE_STYLE_TRANSPARENT(0.);
#8767 = CURVE_STYLE('',#8768,POSITIVE_LENGTH_MEASURE(0.1),#8345);
#8768 = DRAUGHTING_PRE_DEFINED_CURVE_FONT('continuous');
#8769 = OVER_RIDING_STYLED_ITEM('overriding color',(#8770),#6784,#8360);
#8770 = PRESENTATION_STYLE_BY_CONTEXT((#8771,#8778),#8265);
#8771 = SURFACE_STYLE_USAGE(.BOTH.,#8772);
#8772 = SURFACE_SIDE_STYLE('',(#8773,#8776));
#8773 = SURFACE_STYLE_FILL_AREA(#8774);
#8774 = FILL_AREA_STYLE('',(#8775));
#8775 = FILL_AREA_STYLE_COLOUR('',#8698);
#8776 = SURFACE_STYLE_RENDERING_WITH_PROPERTIES(.NORMAL_SHADING.,#8698,(
    #8777));
#8777 = SURFACE_STYLE_TRANSPARENT(0.);
#8778 = CURVE_STYLE('',#8779,POSITIVE_LENGTH_MEASURE(0.1),#8345);
#8779 = DRAUGHTING_PRE_DEFINED_CURVE_FONT('continuous');
#8780 = OVER_RIDING_STYLED_ITEM('overriding color',(#8781),#6784,#8360);
#8781 = PRESENTATION_STYLE_BY_CONTEXT((#8782,#8789),#8267);
#8782 = SURFACE_STYLE_USAGE(.BOTH.,#8783);
#8783 = SURFACE_SIDE_STYLE('',(#8784,#8787));
#8784 = SURFACE_STYLE_FILL_AREA(#8785);
#8785 = FILL_AREA_STYLE('',(#8786));
#8786 = FILL_AREA_STYLE_COLOUR('',#8698);
#8787 = SURFACE_STYLE_RENDERING_WITH_PROPERTIES(.NORMAL_SHADING.,#8698,(
    #8788));
#8788 = SURFACE_STYLE_TRANSPARENT(0.);
#8789 = CURVE_STYLE('',#8790,POSITIVE_LENGTH_MEASURE(0.1),#8345);
#8790 = DRAUGHTING_PRE_DEFINED_CURVE_FONT('continuous');
#8791 = OVER_RIDING_STYLED_ITEM('overriding color',(#8792),#6784,#8360);
#8792 = PRESENTATION_STYLE_BY_CONTEXT((#8793,#8800),#8269);
#8793 = SURFACE_STYLE_USAGE(.BOTH.,#8794);
#8794 = SURFACE_SIDE_STYLE('',(#8795,#8798));
#8795 = SURFACE_STYLE_FILL_AREA(#8796);
#8796 = FILL_AREA_STYLE('',(#8797));
#8797 = FILL_AREA_STYLE_COLOUR('',#8698);
#8798 = SURFACE_STYLE_RENDERING_WITH_PROPERTIES(.NORMAL_SHADING.,#8698,(
    #8799));
#8799 = SURFACE_STYLE_TRANSPARENT(0.);
#8800 = CURVE_STYLE('',#8801,POSITIVE_LENGTH_MEASURE(0.1),#8345);
#8801 = DRAUGHTING_PRE_DEFINED_CURVE_FONT('continuous');
#8802 = OVER_RIDING_STYLED_ITEM('overriding color',(#8803),#6784,#8360);
#8803 = PRESENTATION_STYLE_BY_CONTEXT((#8804,#8811),#8271);
#8804 = SURFACE_STYLE_USAGE(.BOTH.,#8805);
#8805 = SURFACE_SIDE_STYLE('',(#8806,#8809));
#8806 = SURFACE_STYLE_FILL_AREA(#8807);
#8807 = FILL_AREA_STYLE('',(#8808));
#8808 = FILL_AREA_STYLE_COLOUR('',#8698);
#8809 = SURFACE_STYLE_RENDERING_WITH_PROPERTIES(.NORMAL_SHADING.,#8698,(
    #8810));
#8810 = SURFACE_STYLE_TRANSPARENT(0.);
#8811 = CURVE_STYLE('',#8812,POSITIVE_LENGTH_MEASURE(0.1),#8345);
#8812 = DRAUGHTING_PRE_DEFINED_CURVE_FONT('continuous');
#8813 = OVER_RIDING_STYLED_ITEM('overriding color',(#8814),#6784,#8360);
#8814 = PRESENTATION_STYLE_BY_CONTEXT((#8815,#8822),#8273);
#8815 = SURFACE_STYLE_USAGE(.BOTH.,#8816);
#8816 = SURFACE_SIDE_STYLE('',(#8817,#8820));
#8817 = SURFACE_STYLE_FILL_AREA(#8818);
#8818 = FILL_AREA_STYLE('',(#8819));
#8819 = FILL_AREA_STYLE_COLOUR('',#8698);
#8820 = SURFACE_STYLE_RENDERING_WITH_PROPERTIES(.NORMAL_SHADING.,#8698,(
    #8821));
#8821 = SURFACE_STYLE_TRANSPARENT(0.);
#8822 = CURVE_STYLE('',#8823,POSITIVE_LENGTH_MEASURE(0.1),#8345);
#8823 = DRAUGHTING_PRE_DEFINED_CURVE_FONT('continuous');
#8824 = OVER_RIDING_STYLED_ITEM('overriding color',(#8825),#6784,#8360);
#8825 = PRESENTATION_STYLE_BY_CONTEXT((#8826,#8833),#8275);
#8826 = SURFACE_STYLE_USAGE(.BOTH.,#8827);
#8827 = SURFACE_SIDE_STYLE('',(#8828,#8831));
#8828 = SURFACE_STYLE_FILL_AREA(#8829);
#8829 = FILL_AREA_STYLE('',(#8830));
#8830 = FILL_AREA_STYLE_COLOUR('',#8698);
#8831 = SURFACE_STYLE_RENDERING_WITH_PROPERTIES(.NORMAL_SHADING.,#8698,(
    #8832));
#8832 = SURFACE_STYLE_TRANSPARENT(0.);
#8833 = CURVE_STYLE('',#8834,POSITIVE_LENGTH_MEASURE(0.1),#8345);
#8834 = DRAUGHTING_PRE_DEFINED_CURVE_FONT('continuous');
#8835 = OVER_RIDING_STYLED_ITEM('overriding color',(#8836),#6784,#8360);
#8836 = PRESENTATION_STYLE_BY_CONTEXT((#8837,#8844),#8277);
#8837 = SURFACE_STYLE_USAGE(.BOTH.,#8838);
#8838 = SURFACE_SIDE_STYLE('',(#8839,#8842));
#8839 = SURFACE_STYLE_FILL_AREA(#8840);
#8840 = FILL_AREA_STYLE('',(#8841));
#8841 = FILL_AREA_STYLE_COLOUR('',#8698);
#8842 = SURFACE_STYLE_RENDERING_WITH_PROPERTIES(.NORMAL_SHADING.,#8698,(
    #8843));
#8843 = SURFACE_STYLE_TRANSPARENT(0.);
#8844 = CURVE_STYLE('',#8845,POSITIVE_LENGTH_MEASURE(0.1),#8345);
#8845 = DRAUGHTING_PRE_DEFINED_CURVE_FONT('continuous');
#8846 = OVER_RIDING_STYLED_ITEM('overriding color',(#8847),#6784,#8360);
#8847 = PRESENTATION_STYLE_BY_CONTEXT((#8848,#8855),#8279);
#8848 = SURFACE_STYLE_USAGE(.BOTH.,#8849);
#8849 = SURFACE_SIDE_STYLE('',(#8850,#8853));
#8850 = SURFACE_STYLE_FILL_AREA(#8851);
#8851 = FILL_AREA_STYLE('',(#8852));
#8852 = FILL_AREA_STYLE_COLOUR('',#8698);
#8853 = SURFACE_STYLE_RENDERING_WITH_PROPERTIES(.NORMAL_SHADING.,#8698,(
    #8854));
#8854 = SURFACE_STYLE_TRANSPARENT(0.);
#8855 = CURVE_STYLE('',#8856,POSITIVE_LENGTH_MEASURE(0.1),#8345);
#8856 = DRAUGHTING_PRE_DEFINED_CURVE_FONT('continuous');
#8857 = OVER_RIDING_STYLED_ITEM('overriding color',(#8858),#6784,#8360);
#8858 = PRESENTATION_STYLE_BY_CONTEXT((#8859,#8866),#8281);
#8859 = SURFACE_STYLE_USAGE(.BOTH.,#8860);
#8860 = SURFACE_SIDE_STYLE('',(#8861,#8864));
#8861 = SURFACE_STYLE_FILL_AREA(#8862);
#8862 = FILL_AREA_STYLE('',(#8863));
#8863 = FILL_AREA_STYLE_COLOUR('',#8698);
#8864 = SURFACE_STYLE_RENDERING_WITH_PROPERTIES(.NORMAL_SHADING.,#8698,(
    #8865));
#8865 = SURFACE_STYLE_TRANSPARENT(0.);
#8866 = CURVE_STYLE('',#8867,POSITIVE_LENGTH_MEASURE(0.1),#8345);
#8867 = DRAUGHTING_PRE_DEFINED_CURVE_FONT('continuous');
#8868 = OVER_RIDING_STYLED_ITEM('overriding color',(#8869),#6784,#8360);
#8869 = PRESENTATION_STYLE_BY_CONTEXT((#8870,#8877),#8283);
#8870 = SURFACE_STYLE_USAGE(.BOTH.,#8871);
#8871 = SURFACE_SIDE_STYLE('',(#8872,#8875));
#8872 = SURFACE_STYLE_FILL_AREA(#8873);
#8873 = FILL_AREA_STYLE('',(#8874));
#8874 = FILL_AREA_STYLE_COLOUR('',#8698);
#8875 = SURFACE_STYLE_RENDERING_WITH_PROPERTIES(.NORMAL_SHADING.,#8698,(
    #8876));
#8876 = SURFACE_STYLE_TRANSPARENT(0.);
#8877 = CURVE_STYLE('',#8878,POSITIVE_LENGTH_MEASURE(0.1),#8345);
#8878 = DRAUGHTING_PRE_DEFINED_CURVE_FONT('continuous');
#8879 = OVER_RIDING_STYLED_ITEM('overriding color',(#8880),#6784,#8360);
#8880 = PRESENTATION_STYLE_BY_CONTEXT((#8881,#8888),#8285);
#8881 = SURFACE_STYLE_USAGE(.BOTH.,#8882);
#8882 = SURFACE_SIDE_STYLE('',(#8883,#8886));
#8883 = SURFACE_STYLE_FILL_AREA(#8884);
#8884 = FILL_AREA_STYLE('',(#8885));
#8885 = FILL_AREA_STYLE_COLOUR('',#8698);
#8886 = SURFACE_STYLE_RENDERING_WITH_PROPERTIES(.NORMAL_SHADING.,#8698,(
    #8887));
#8887 = SURFACE_STYLE_TRANSPARENT(0.);
#8888 = CURVE_STYLE('',#8889,POSITIVE_LENGTH_MEASURE(0.1),#8345);
#8889 = DRAUGHTING_PRE_DEFINED_CURVE_FONT('continuous');
#8890 = OVER_RIDING_STYLED_ITEM('overriding color',(#8891),#6784,#8360);
#8891 = PRESENTATION_STYLE_BY_CONTEXT((#8892,#8899),#8287);
#8892 = SURFACE_STYLE_USAGE(.BOTH.,#8893);
#8893 = SURFACE_SIDE_STYLE('',(#8894,#8897));
#8894 = SURFACE_STYLE_FILL_AREA(#8895);
#8895 = FILL_AREA_STYLE('',(#8896));
#8896 = FILL_AREA_STYLE_COLOUR('',#8698);
#8897 = SURFACE_STYLE_RENDERING_WITH_PROPERTIES(.NORMAL_SHADING.,#8698,(
    #8898));
#8898 = SURFACE_STYLE_TRANSPARENT(0.);
#8899 = CURVE_STYLE('',#8900,POSITIVE_LENGTH_MEASURE(0.1),#8345);
#8900 = DRAUGHTING_PRE_DEFINED_CURVE_FONT('continuous');
#8901 = OVER_RIDING_STYLED_ITEM('overriding color',(#8902),#6784,#8360);
#8902 = PRESENTATION_STYLE_BY_CONTEXT((#8903,#8910),#8289);
#8903 = SURFACE_STYLE_USAGE(.BOTH.,#8904);
#8904 = SURFACE_SIDE_STYLE('',(#8905,#8908));
#8905 = SURFACE_STYLE_FILL_AREA(#8906);
#8906 = FILL_AREA_STYLE('',(#8907));
#8907 = FILL_AREA_STYLE_COLOUR('',#8698);
#8908 = SURFACE_STYLE_RENDERING_WITH_PROPERTIES(.NORMAL_SHADING.,#8698,(
    #8909));
#8909 = SURFACE_STYLE_TRANSPARENT(0.);
#8910 = CURVE_STYLE('',#8911,POSITIVE_LENGTH_MEASURE(0.1),#8345);
#8911 = DRAUGHTING_PRE_DEFINED_CURVE_FONT('continuous');
#8912 = OVER_RIDING_STYLED_ITEM('overriding color',(#8913),#6784,#8360);
#8913 = PRESENTATION_STYLE_BY_CONTEXT((#8914,#8921),#8291);
#8914 = SURFACE_STYLE_USAGE(.BOTH.,#8915);
#8915 = SURFACE_SIDE_STYLE('',(#8916,#8919));
#8916 = SURFACE_STYLE_FILL_AREA(#8917);
#8917 = FILL_AREA_STYLE('',(#8918));
#8918 = FILL_AREA_STYLE_COLOUR('',#8698);
#8919 = SURFACE_STYLE_RENDERING_WITH_PROPERTIES(.NORMAL_SHADING.,#8698,(
    #8920));
#8920 = SURFACE_STYLE_TRANSPARENT(0.);
#8921 = CURVE_STYLE('',#8922,POSITIVE_LENGTH_MEASURE(0.1),#8345);
#8922 = DRAUGHTING_PRE_DEFINED_CURVE_FONT('continuous');
#8923 = OVER_RIDING_STYLED_ITEM('overriding color',(#8924),#6784,#8360);
#8924 = PRESENTATION_STYLE_BY_CONTEXT((#8925,#8932),#8293);
#8925 = SURFACE_STYLE_USAGE(.BOTH.,#8926);
#8926 = SURFACE_SIDE_STYLE('',(#8927,#8930));
#8927 = SURFACE_STYLE_FILL_AREA(#8928);
#8928 = FILL_AREA_STYLE('',(#8929));
#8929 = FILL_AREA_STYLE_COLOUR('',#8698);
#8930 = SURFACE_STYLE_RENDERING_WITH_PROPERTIES(.NORMAL_SHADING.,#8698,(
    #8931));
#8931 = SURFACE_STYLE_TRANSPARENT(0.);
#8932 = CURVE_STYLE('',#8933,POSITIVE_LENGTH_MEASURE(0.1),#8345);
#8933 = DRAUGHTING_PRE_DEFINED_CURVE_FONT('continuous');
#8934 = OVER_RIDING_STYLED_ITEM('overriding color',(#8935),#6784,#8360);
#8935 = PRESENTATION_STYLE_BY_CONTEXT((#8936,#8943),#8295);
#8936 = SURFACE_STYLE_USAGE(.BOTH.,#8937);
#8937 = SURFACE_SIDE_STYLE('',(#8938,#8941));
#8938 = SURFACE_STYLE_FILL_AREA(#8939);
#8939 = FILL_AREA_STYLE('',(#8940));
#8940 = FILL_AREA_STYLE_COLOUR('',#8698);
#8941 = SURFACE_STYLE_RENDERING_WITH_PROPERTIES(.NORMAL_SHADING.,#8698,(
    #8942));
#8942 = SURFACE_STYLE_TRANSPARENT(0.);
#8943 = CURVE_STYLE('',#8944,POSITIVE_LENGTH_MEASURE(0.1),#8345);
#8944 = DRAUGHTING_PRE_DEFINED_CURVE_FONT('continuous');
#8945 = OVER_RIDING_STYLED_ITEM('overriding color',(#8946),#6784,#8360);
#8946 = PRESENTATION_STYLE_BY_CONTEXT((#8947,#8954),#8297);
#8947 = SURFACE_STYLE_USAGE(.BOTH.,#8948);
#8948 = SURFACE_SIDE_STYLE('',(#8949,#8952));
#8949 = SURFACE_STYLE_FILL_AREA(#8950);
#8950 = FILL_AREA_STYLE('',(#8951));
#8951 = FILL_AREA_STYLE_COLOUR('',#8698);
#8952 = SURFACE_STYLE_RENDERING_WITH_PROPERTIES(.NORMAL_SHADING.,#8698,(
    #8953));
#8953 = SURFACE_STYLE_TRANSPARENT(0.);
#8954 = CURVE_STYLE('',#8955,POSITIVE_LENGTH_MEASURE(0.1),#8345);
#8955 = DRAUGHTING_PRE_DEFINED_CURVE_FONT('continuous');
#8956 = OVER_RIDING_STYLED_ITEM('overriding color',(#8957),#6784,#8360);
#8957 = PRESENTATION_STYLE_BY_CONTEXT((#8958,#8965),#8299);
#8958 = SURFACE_STYLE_USAGE(.BOTH.,#8959);
#8959 = SURFACE_SIDE_STYLE('',(#8960,#8963));
#8960 = SURFACE_STYLE_FILL_AREA(#8961);
#8961 = FILL_AREA_STYLE('',(#8962));
#8962 = FILL_AREA_STYLE_COLOUR('',#8698);
#8963 = SURFACE_STYLE_RENDERING_WITH_PROPERTIES(.NORMAL_SHADING.,#8698,(
    #8964));
#8964 = SURFACE_STYLE_TRANSPARENT(0.);
#8965 = CURVE_STYLE('',#8966,POSITIVE_LENGTH_MEASURE(0.1),#8345);
#8966 = DRAUGHTING_PRE_DEFINED_CURVE_FONT('continuous');
#8967 = OVER_RIDING_STYLED_ITEM('overriding color',(#8968),#6784,#8360);
#8968 = PRESENTATION_STYLE_BY_CONTEXT((#8969,#8976),#8301);
#8969 = SURFACE_STYLE_USAGE(.BOTH.,#8970);
#8970 = SURFACE_SIDE_STYLE('',(#8971,#8974));
#8971 = SURFACE_STYLE_FILL_AREA(#8972);
#8972 = FILL_AREA_STYLE('',(#8973));
#8973 = FILL_AREA_STYLE_COLOUR('',#8698);
#8974 = SURFACE_STYLE_RENDERING_WITH_PROPERTIES(.NORMAL_SHADING.,#8698,(
    #8975));
#8975 = SURFACE_STYLE_TRANSPARENT(0.);
#8976 = CURVE_STYLE('',#8977,POSITIVE_LENGTH_MEASURE(0.1),#8345);
#8977 = DRAUGHTING_PRE_DEFINED_CURVE_FONT('continuous');
#8978 = OVER_RIDING_STYLED_ITEM('overriding color',(#8979),#6784,#8360);
#8979 = PRESENTATION_STYLE_BY_CONTEXT((#8980,#8987),#8303);
#8980 = SURFACE_STYLE_USAGE(.BOTH.,#8981);
#8981 = SURFACE_SIDE_STYLE('',(#8982,#8985));
#8982 = SURFACE_STYLE_FILL_AREA(#8983);
#8983 = FILL_AREA_STYLE('',(#8984));
#8984 = FILL_AREA_STYLE_COLOUR('',#8698);
#8985 = SURFACE_STYLE_RENDERING_WITH_PROPERTIES(.NORMAL_SHADING.,#8698,(
    #8986));
#8986 = SURFACE_STYLE_TRANSPARENT(0.);
#8987 = CURVE_STYLE('',#8988,POSITIVE_LENGTH_MEASURE(0.1),#8345);
#8988 = DRAUGHTING_PRE_DEFINED_CURVE_FONT('continuous');
#8989 = OVER_RIDING_STYLED_ITEM('overriding color',(#8990),#6784,#8360);
#8990 = PRESENTATION_STYLE_BY_CONTEXT((#8991,#8998),#8305);
#8991 = SURFACE_STYLE_USAGE(.BOTH.,#8992);
#8992 = SURFACE_SIDE_STYLE('',(#8993,#8996));
#8993 = SURFACE_STYLE_FILL_AREA(#8994);
#8994 = FILL_AREA_STYLE('',(#8995));
#8995 = FILL_AREA_STYLE_COLOUR('',#8698);
#8996 = SURFACE_STYLE_RENDERING_WITH_PROPERTIES(.NORMAL_SHADING.,#8698,(
    #8997));
#8997 = SURFACE_STYLE_TRANSPARENT(0.);
#8998 = CURVE_STYLE('',#8999,POSITIVE_LENGTH_MEASURE(0.1),#8345);
#8999 = DRAUGHTING_PRE_DEFINED_CURVE_FONT('continuous');
#9000 = OVER_RIDING_STYLED_ITEM('overriding color',(#9001),#6784,#8360);
#9001 = PRESENTATION_STYLE_BY_CONTEXT((#9002,#9009),#8307);
#9002 = SURFACE_STYLE_USAGE(.BOTH.,#9003);
#9003 = SURFACE_SIDE_STYLE('',(#9004,#9007));
#9004 = SURFACE_STYLE_FILL_AREA(#9005);
#9005 = FILL_AREA_STYLE('',(#9006));
#9006 = FILL_AREA_STYLE_COLOUR('',#8698);
#9007 = SURFACE_STYLE_RENDERING_WITH_PROPERTIES(.NORMAL_SHADING.,#8698,(
    #9008));
#9008 = SURFACE_STYLE_TRANSPARENT(0.);
#9009 = CURVE_STYLE('',#9010,POSITIVE_LENGTH_MEASURE(0.1),#8345);
#9010 = DRAUGHTING_PRE_DEFINED_CURVE_FONT('continuous');
#9011 = MECHANICAL_DESIGN_GEOMETRIC_PRESENTATION_REPRESENTATION('',(
    #9012),#8177);
#9012 = STYLED_ITEM('color',(#9013),#8027);
#9013 = PRESENTATION_STYLE_ASSIGNMENT((#9014,#9021));
#9014 = SURFACE_STYLE_USAGE(.BOTH.,#9015);
#9015 = SURFACE_SIDE_STYLE('',(#9016,#9019));
#9016 = SURFACE_STYLE_FILL_AREA(#9017);
#9017 = FILL_AREA_STYLE('',(#9018));
#9018 = FILL_AREA_STYLE_COLOUR('',#8316);
#9019 = SURFACE_STYLE_RENDERING_WITH_PROPERTIES(.NORMAL_SHADING.,#8316,(
    #9020));
#9020 = SURFACE_STYLE_TRANSPARENT(0.);
#9021 = CURVE_STYLE('',#9022,POSITIVE_LENGTH_MEASURE(0.1),#8321);
#9022 = DRAUGHTING_PRE_DEFINED_CURVE_FONT('continuous');
#9023 = MECHANICAL_DESIGN_GEOMETRIC_PRESENTATION_REPRESENTATION('',(
    #9024),#4551);
#9024 = STYLED_ITEM('color',(#9025),#169);
#9025 = PRESENTATION_STYLE_ASSIGNMENT((#9026,#9034));
#9026 = SURFACE_STYLE_USAGE(.BOTH.,#9027);
#9027 = SURFACE_SIDE_STYLE('',(#9028,#9032));
#9028 = SURFACE_STYLE_FILL_AREA(#9029);
#9029 = FILL_AREA_STYLE('',(#9030));
#9030 = FILL_AREA_STYLE_COLOUR('',#9031);
#9031 = COLOUR_RGB('',0.,0.298039221799,0.600000020288);
#9032 = SURFACE_STYLE_RENDERING_WITH_PROPERTIES(.NORMAL_SHADING.,#9031,(
    #9033));
#9033 = SURFACE_STYLE_TRANSPARENT(0.);
#9034 = CURVE_STYLE('',#9035,POSITIVE_LENGTH_MEASURE(0.1),#8321);
#9035 = DRAUGHTING_PRE_DEFINED_CURVE_FONT('continuous');
ENDSEC;
END-ISO-10303-21;
